{
  "epoch": [
    1,
    2000,
    4000,
    6000,
    8000,
    10000,
    12000,
    14000,
    16000,
    18000,
    20000,
    22000,
    24000,
    26000,
    28000,
    30000,
    32000,
    34000,
    36000,
    38000,
    40000,
    42000,
    44000,
    46000,
    48000,
    50000,
    52000,
    54000,
    56000,
    58000,
    60000,
    62000,
    64000,
    66000,
    68000,
    70000,
    72000,
    74000,
    76000,
    78000,
    80000,
    82000,
    84000,
    86000,
    88000,
    90000,
    92000,
    94000,
    96000,
    98000,
    100000,
    102000,
    104000,
    106000,
    108000,
    110000,
    112000,
    114000,
    116000,
    118000,
    120000,
    122000,
    124000,
    126000,
    128000,
    130000,
    132000,
    134000,
    136000,
    138000,
    140000,
    142000,
    144000,
    146000,
    148000,
    150000,
    152000,
    154000,
    156000,
    158000,
    160000,
    162000,
    164000,
    166000,
    168000,
    170000,
    172000,
    174000,
    176000,
    178000,
    180000,
    182000,
    184000,
    186000,
    188000,
    190000,
    192000,
    194000,
    196000,
    198000,
    200000
  ],
  "loss": [
    4.575029706954956,
    0.2631892815165188,
    0.04796735742585734,
    0.04711107298946008,
    0.04646936176912859,
    0.04599033771697432,
    0.04566605329085142,
    0.045350511614978314,
    0.04511649649236351,
    0.04489769572587684,
    0.044625321506569164,
    0.04432939068088308,
    0.044015900756884364,
    0.04375222363835201,
    0.04355831343857571,
    0.04350546240722761,
    0.04346851147189736,
    0.043497055147215725,
    0.04351294511072338,
    0.04350232728365809,
    0.04353551337402314,
    0.043583821538090706,
    0.043582338684611026,
    0.04354420495843515,
    0.04353031593388878,
    0.043527427292848,
    0.04349790042140521,
    0.043502111413516106,
    0.04351744475127198,
    0.04348974954774603,
    0.04351205641105771,
    0.04349368611285463,
    0.04350570008819923,
    0.04352030080612749,
    0.04350943854730576,
    0.043506210628151895,
    0.04350766664096154,
    0.043509605873748664,
    0.043512142079416664,
    0.04349419872211292,
    0.043520732659194615,
    0.04352992219813168,
    0.04352064468087628,
    0.04351776606589556,
    0.043504595184419306,
    0.04349563197232783,
    0.04350086330594495,
    0.043530137781985105,
    0.043538823387306184,
    0.0435300884379074,
    0.04350647927923128,
    0.043479623566474765,
    0.043492001454997806,
    0.04346905376999639,
    0.04348507597800344,
    0.043509989524353296,
    0.043492148103751245,
    0.04346857161363587,
    0.0435097422670573,
    0.04350062734563835,
    0.04351850589942187,
    0.043495972018595785,
    0.04352264637975022,
    0.04351969866389409,
    0.04348404728155583,
    0.043450811492465435,
    0.043463210029993204,
    0.0434685687538702,
    0.043472052602190524,
    0.04347286510816775,
    0.043492867880221456,
    0.04349019262623042,
    0.04350588947348297,
    0.04351491142213344,
    0.04352665639119223,
    0.04350521268788725,
    0.04349380042431876,
    0.04347736202636734,
    0.04346050495104864,
    0.043483353018015626,
    0.04350910445367918,
    0.04350639395033941,
    0.043495327351242306,
    0.043476290406193586,
    0.04350668424014002,
    0.04348960729362443,
    0.043514258474949746,
    0.043493947223667055,
    0.04353565442259424,
    0.04352209169254638,
    0.043494591897632925,
    0.043494031541608275,
    0.043483759948937224,
    0.043492250031139705,
    0.04348713512858376,
    0.04348206087602302,
    0.04349168376317248,
    0.04347778989048675,
    0.043478217308036984,
    0.04345892218220979,
    0.04351722234394401
  ],
  "train_acc": [
    0.0182,
    0.9722,
    0.9722,
    0.9722,
    0.9722,
    0.9722,
    0.9722,
    0.9722,
    0.9722,
    0.9722,
    0.9722,
    0.9722,
    0.9722,
    0.9722,
    0.9722,
    0.9722,
    0.9722,
    0.9722,
    0.9722,
    0.9722,
    0.9722,
    0.9722,
    0.9722,
    0.9722,
    0.9722,
    0.9722,
    0.9722,
    0.9722,
    0.9722,
    0.9722,
    0.9722,
    0.9722,
    0.9722,
    0.9722,
    0.9722,
    0.9722,
    0.9722,
    0.9722,
    0.9722,
    0.9722,
    0.9722,
    0.9722,
    0.9722,
    0.9722,
    0.9722,
    0.9722,
    0.9722,
    0.9722,
    0.9722,
    0.9722,
    0.9722,
    0.9722,
    0.9722,
    0.9722,
    0.9722,
    0.9722,
    0.9722,
    0.9722,
    0.9722,
    0.9722,
    0.9722,
    0.9722,
    0.9722,
    0.9722,
    0.9722,
    0.9722,
    0.9722,
    0.9722,
    0.9722,
    0.9722,
    0.9722,
    0.9722,
    0.9722,
    0.9722,
    0.9722,
    0.9722,
    0.9722,
    0.9722,
    0.9722,
    0.9722,
    0.9722,
    0.9722,
    0.9722,
    0.9722,
    0.9722,
    0.9722,
    0.9722,
    0.9722,
    0.9722,
    0.9722,
    0.9722,
    0.9722,
    0.9722,
    0.9722,
    0.9722,
    0.9722,
    0.9722,
    0.9722,
    0.9722,
    0.9722,
    0.9722
  ],
  "test_acc": [
    0.010946965671165905,
    0.3870762036348177,
    0.3862259538739505,
    0.3866510787543841,
    0.3881390158359018,
    0.3870762036348177,
    0.38728876607503454,
    0.3871824848549261,
    0.3882452970560102,
    0.3870762036348177,
    0.3887767031565522,
    0.38856414071633544,
    0.38898926559676905,
    0.38760760973535974,
    0.3881390158359018,
    0.3871824848549261,
    0.38760760973535974,
    0.38739504729514296,
    0.388457859496227,
    0.38739504729514296,
    0.3864385163141673,
    0.3875013285152514,
    0.38909554681687747,
    0.38760760973535974,
    0.3883515782761186,
    0.38898926559676905,
    0.38760760973535974,
    0.3882452970560102,
    0.3881390158359018,
    0.3882452970560102,
    0.388457859496227,
    0.38909554681687747,
    0.38760760973535974,
    0.38760760973535974,
    0.3871824848549261,
    0.3882452970560102,
    0.3887767031565522,
    0.387926453395685,
    0.3882452970560102,
    0.3892018280369859,
    0.38728876607503454,
    0.38941439047720267,
    0.3881390158359018,
    0.38930810925709425,
    0.3887767031565522,
    0.3895206716973111,
    0.38909554681687747,
    0.39026464023806995,
    0.3895206716973111,
    0.38941439047720267,
    0.3896269529174195,
    0.39015835901796153,
    0.3897332341375279,
    0.3909023275587204,
    0.38930810925709425,
    0.391327452439154,
    0.3899457965777447,
    0.39143373365926243,
    0.3897332341375279,
    0.3898395153576363,
    0.3899457965777447,
    0.39026464023806995,
    0.3898395153576363,
    0.3895206716973111,
    0.3898395153576363,
    0.39015835901796153,
    0.39100860877882876,
    0.39058348389839515,
    0.3917525773195876,
    0.3912211712190456,
    0.3926028270804549,
    0.39345307684132214,
    0.39217770220002124,
    0.3912211712190456,
    0.39100860877882876,
    0.39196513975980446,
    0.3912211712190456,
    0.39143373365926243,
    0.390796046338612,
    0.3909023275587204,
    0.3917525773195876,
    0.391327452439154,
    0.390796046338612,
    0.3930279519608885,
    0.3932405144011053,
    0.3926028270804549,
    0.3930279519608885,
    0.3926028270804549,
    0.3930279519608885,
    0.3929216707407801,
    0.39366563928153897,
    0.39345307684132214,
    0.39345307684132214,
    0.3917525773195876,
    0.39185885853969604,
    0.3929216707407801,
    0.3912211712190456,
    0.3926028270804549,
    0.3944096078222978,
    0.3946221702625146,
    0.39355935806143055
  ]
}