{
  "epoch": [
    1,
    2000,
    4000,
    6000,
    8000,
    10000,
    12000,
    14000,
    16000,
    18000,
    20000,
    22000,
    24000,
    26000,
    28000,
    30000,
    32000,
    34000,
    36000,
    38000,
    40000,
    42000,
    44000,
    46000,
    48000,
    50000,
    52000,
    54000,
    56000,
    58000,
    60000
  ],
  "loss": [
    4.575210618972778,
    0.20627035979421687,
    9.638096188879785e-07,
    2.2060922968734076e-07,
    2.1001796449908737e-07,
    2.0843081207999604e-07,
    2.0866730633599674e-07,
    0.00015016322249464267,
    7.038649068022096e-07,
    0.0003421630656005874,
    0.00019677106588436715,
    4.9168931001368325e-06,
    0.0002827012461848568,
    3.2679820544913695e-06,
    0.0002816872827179971,
    0.00024104352474990805,
    2.2618497103223945e-06,
    0.00048082942240287423,
    0.000346441610814518,
    3.869935094750332e-06,
    0.0003707045921254441,
    0.0003065039260973002,
    2.9110412523621675e-06,
    0.00038187044701127774,
    0.00028487568769830816,
    0.00041012263197093404,
    5.50363192876091e-06,
    0.00044709640076624025,
    0.00020008305032483592,
    4.071243554720638e-06,
    0.0003484724251055162
  ],
  "train_acc": [
    0.0176,
    1.0,
    1.0,
    1.0,
    1.0,
    1.0,
    1.0,
    1.0,
    1.0,
    1.0,
    1.0,
    1.0,
    1.0,
    1.0,
    1.0,
    1.0,
    1.0,
    1.0,
    1.0,
    1.0,
    1.0,
    1.0,
    1.0,
    1.0,
    1.0,
    1.0,
    1.0,
    1.0,
    1.0,
    1.0,
    1.0
  ],
  "test_acc": [
    0.011690934211924752,
    0.4126899776809438,
    0.41385907110213627,
    0.4148156020831119,
    0.419279413327665,
    0.4393665639281539,
    0.49473907960463387,
    0.5620150919332554,
    0.6501222234031246,
    0.7144223615687109,
    0.7736210011690934,
    0.8345201402912106,
    0.8565203528536508,
    0.8806461898182592,
    0.9032840897013498,
    0.9115740248698055,
    0.9149750239132746,
    0.9278350515463918,
    0.9317674566904028,
    0.9343182059730045,
    0.9432458284621107,
    0.9451588904240621,
    0.9423955787012435,
    0.9508980763099161,
    0.9515357636305665,
    0.9174194919757679,
    0.9546179190137103,
    0.9552556063343607,
    0.9514294824104581,
    0.9567435434158784,
    0.9590817302582634
  ]
}