{
  "epoch": [
    1,
    2000,
    4000,
    6000,
    8000,
    10000,
    12000,
    14000,
    16000,
    18000,
    20000,
    22000,
    24000,
    26000,
    28000,
    30000,
    32000,
    34000,
    36000,
    38000,
    40000,
    42000,
    44000,
    46000,
    48000,
    50000,
    52000,
    54000,
    56000,
    58000,
    60000,
    62000,
    64000,
    66000,
    68000,
    70000,
    72000,
    74000,
    76000,
    78000,
    80000,
    82000,
    84000,
    86000,
    88000,
    90000,
    92000,
    94000,
    96000,
    98000,
    100000,
    102000,
    104000,
    106000,
    108000,
    110000,
    112000,
    114000,
    116000,
    118000,
    120000,
    122000,
    124000,
    126000,
    128000,
    130000,
    132000,
    134000,
    136000,
    138000,
    140000,
    142000,
    144000,
    146000,
    148000,
    150000,
    152000,
    154000,
    156000,
    158000,
    160000,
    162000,
    164000,
    166000,
    168000,
    170000,
    172000,
    174000,
    176000,
    178000,
    180000,
    182000,
    184000,
    186000,
    188000,
    190000,
    192000,
    194000,
    196000,
    198000,
    200000
  ],
  "loss": [
    4.576684522628784,
    0.26454854736504346,
    0.05474271531887352,
    0.053948892228864134,
    0.05341381919654086,
    0.053049079804029314,
    0.05275881370520219,
    0.052582096719089894,
    0.05238042977442965,
    0.05217675874317065,
    0.05195664712227881,
    0.05168925294028595,
    0.05146543266614899,
    0.051269038286060095,
    0.05117641530353576,
    0.05112382927872241,
    0.05109536514626816,
    0.05109044942073524,
    0.05109734428673983,
    0.051092987101897594,
    0.05108290952770039,
    0.05108460386879742,
    0.05109692616919056,
    0.05108165271468461,
    0.051080863804370165,
    0.051076234266348185,
    0.05107932664323598,
    0.0510749972904101,
    0.05108702355558053,
    0.05107542575504631,
    0.05108615630818531,
    0.05107053356962279,
    0.051061697902251034,
    0.05105786031950265,
    0.05105284017184749,
    0.05105574260428548,
    0.05104989845044911,
    0.05103776424881071,
    0.0510392967062071,
    0.05103806079337373,
    0.05103794294949621,
    0.051048987421765925,
    0.051038990662246944,
    0.05105533536747098,
    0.051046845296304676,
    0.05103635591538623,
    0.051038627771567556,
    0.05103727075941861,
    0.05105095274345949,
    0.05107802305510268,
    0.05106635568318889,
    0.051044017052743584,
    0.05104724317798391,
    0.05103778879344463,
    0.05104141260124743,
    0.05102777290865779,
    0.051026046669110654,
    0.051031350049190224,
    0.05105193474264815,
    0.05103316552024335,
    0.0510193018543534,
    0.051052749997097996,
    0.05104735776521265,
    0.051048704742453994,
    0.051038044121861456,
    0.05104488977622241,
    0.05103548077028245,
    0.05102917392142117,
    0.05103573331795633,
    0.05102970296521671,
    0.05103732302878052,
    0.05101807942064479,
    0.05103031825060025,
    0.051000228013005106,
    0.051016166614275424,
    0.05102065091105178,
    0.0510221109950915,
    0.05102653814135119,
    0.051010042929649356,
    0.05101424295324832,
    0.05101030419329181,
    0.05101843601176515,
    0.051011898803617804,
    0.05101210703216493,
    0.051015954991430044,
    0.051020445573236796,
    0.05100192000567913,
    0.051002785382978616,
    0.051007877871301024,
    0.05100875814007595,
    0.05100582479545847,
    0.05100764579530805,
    0.05099962594807148,
    0.05100442144079134,
    0.05101196103254333,
    0.05100949434535578,
    0.05101550238532945,
    0.0510060053601861,
    0.051015842120628804,
    0.05101267797900364,
    0.05099877711581066
  ],
  "train_acc": [
    0.0214,
    0.9662,
    0.9662,
    0.9662,
    0.9662,
    0.9662,
    0.9662,
    0.9662,
    0.9662,
    0.9662,
    0.9662,
    0.9662,
    0.9662,
    0.9662,
    0.9662,
    0.9662,
    0.9662,
    0.9662,
    0.9662,
    0.9662,
    0.9662,
    0.9662,
    0.9662,
    0.9662,
    0.9662,
    0.9662,
    0.9662,
    0.9662,
    0.9662,
    0.9662,
    0.9662,
    0.9662,
    0.9662,
    0.9662,
    0.9662,
    0.9662,
    0.9662,
    0.9662,
    0.9662,
    0.9662,
    0.9662,
    0.9662,
    0.9662,
    0.9662,
    0.9662,
    0.9662,
    0.9662,
    0.9662,
    0.9662,
    0.9662,
    0.9662,
    0.9662,
    0.9662,
    0.9662,
    0.9662,
    0.9662,
    0.9662,
    0.9662,
    0.9662,
    0.9662,
    0.9662,
    0.9662,
    0.9662,
    0.9662,
    0.9662,
    0.9662,
    0.9662,
    0.9662,
    0.9662,
    0.9662,
    0.9662,
    0.9662,
    0.9662,
    0.9662,
    0.9662,
    0.9662,
    0.9662,
    0.9662,
    0.9662,
    0.9662,
    0.9662,
    0.9662,
    0.9662,
    0.9662,
    0.9662,
    0.9662,
    0.9662,
    0.9662,
    0.9662,
    0.9662,
    0.9662,
    0.9662,
    0.9662,
    0.9662,
    0.9662,
    0.9662,
    0.9662,
    0.9662,
    0.9662,
    0.9662,
    0.9662
  ],
  "test_acc": [
    0.011903496652141566,
    0.36868955255606334,
    0.36922095865660537,
    0.3707088957381231,
    0.3698586459772558,
    0.37028377085768943,
    0.3694335210968222,
    0.37049633329790627,
    0.3707088957381231,
    0.3707088957381231,
    0.3710277393984483,
    0.3711340206185567,
    0.37049633329790627,
    0.37039005207779785,
    0.37124030183866513,
    0.3707088957381231,
    0.3713465830587735,
    0.37007120841747265,
    0.3698586459772558,
    0.3707088957381231,
    0.370177489637581,
    0.36996492719736424,
    0.3711340206185567,
    0.3707088957381231,
    0.3707088957381231,
    0.37028377085768943,
    0.3711340206185567,
    0.36996492719736424,
    0.3697523647571474,
    0.3706026145180147,
    0.37039005207779785,
    0.37155914549899033,
    0.3709214581783399,
    0.3709214581783399,
    0.3714528642788819,
    0.3707088957381231,
    0.3710277393984483,
    0.37049633329790627,
    0.3710277393984483,
    0.3707088957381231,
    0.3713465830587735,
    0.37049633329790627,
    0.370177489637581,
    0.3709214581783399,
    0.37049633329790627,
    0.37039005207779785,
    0.37039005207779785,
    0.3697523647571474,
    0.37028377085768943,
    0.36922095865660537,
    0.36922095865660537,
    0.3695398023169306,
    0.3707088957381231,
    0.3713465830587735,
    0.3711340206185567,
    0.370177489637581,
    0.3707088957381231,
    0.3714528642788819,
    0.37028377085768943,
    0.369646083537039,
    0.3709214581783399,
    0.3706026145180147,
    0.37124030183866513,
    0.37081517695823146,
    0.3711340206185567,
    0.3707088957381231,
    0.37124030183866513,
    0.37039005207779785,
    0.370177489637581,
    0.37039005207779785,
    0.3706026145180147,
    0.3707088957381231,
    0.37028377085768943,
    0.3718779891593155,
    0.37007120841747265,
    0.37028377085768943,
    0.3707088957381231,
    0.3706026145180147,
    0.3710277393984483,
    0.370177489637581,
    0.37081517695823146,
    0.3713465830587735,
    0.3713465830587735,
    0.3710277393984483,
    0.37166542671909875,
    0.3710277393984483,
    0.3721968328196408,
    0.3713465830587735,
    0.37198427037942394,
    0.3723031140397492,
    0.37166542671909875,
    0.3721968328196408,
    0.37177170793920716,
    0.3707088957381231,
    0.3706026145180147,
    0.3723031140397492,
    0.37166542671909875,
    0.373047082580508,
    0.37177170793920716,
    0.37155914549899033,
    0.37039005207779785
  ]
}