{
  "epoch": [
    1,
    2000,
    4000,
    6000,
    8000,
    10000,
    12000,
    14000,
    16000,
    18000,
    20000,
    22000,
    24000,
    26000,
    28000,
    30000,
    32000,
    34000,
    36000,
    38000,
    40000,
    42000,
    44000,
    46000,
    48000,
    50000,
    52000,
    54000,
    56000,
    58000,
    60000,
    62000,
    64000,
    66000,
    68000,
    70000,
    72000,
    74000,
    76000,
    78000,
    80000,
    82000,
    84000,
    86000,
    88000,
    90000,
    92000,
    94000,
    96000,
    98000,
    100000,
    102000,
    104000,
    106000,
    108000,
    110000,
    112000,
    114000,
    116000,
    118000,
    120000,
    122000,
    124000,
    126000,
    128000,
    130000,
    132000,
    134000,
    136000,
    138000,
    140000,
    142000,
    144000,
    146000,
    148000,
    150000,
    152000,
    154000,
    156000,
    158000,
    160000,
    162000,
    164000,
    166000,
    168000,
    170000,
    172000,
    174000,
    176000,
    178000,
    180000,
    182000,
    184000,
    186000,
    188000,
    190000,
    192000,
    194000,
    196000,
    198000,
    200000
  ],
  "loss": [
    4.576413965225219,
    0.23218105089121133,
    0.02580308608082123,
    0.02524077346266713,
    0.02490429127891548,
    0.02474755352641223,
    0.02465679612038657,
    0.024615807004016825,
    0.024581886032759213,
    0.024589501915103756,
    0.02456657160508912,
    0.024566734893852846,
    0.024557914091506972,
    0.024557483675680124,
    0.02455699284793809,
    0.024550161441741512,
    0.024546060158335603,
    0.024541319716954602,
    0.02453395470334217,
    0.02454037142659072,
    0.024537233021343127,
    0.024537238516029902,
    0.02452751610770356,
    0.024524897019099445,
    0.024525224216887728,
    0.02452839367541019,
    0.024537537072401028,
    0.02452492298334837,
    0.024532559995516203,
    0.024529941614344717,
    0.024525903412722982,
    0.02453912450566422,
    0.024525211371015758,
    0.02452696483351756,
    0.024525988268200308,
    0.024536459058476612,
    0.024523683615890333,
    0.024526396254613066,
    0.024527627466619014,
    0.02453561015755404,
    0.024528786229132675,
    0.024518462994811124,
    0.0245186676657293,
    0.024543282169103623,
    0.024531146385194734,
    0.024516698170127346,
    0.024519104289449752,
    0.02451958273195196,
    0.02450741198048927,
    0.024511305850651116,
    0.0245182566229254,
    0.024512955760234035,
    0.02451919393723365,
    0.024520867717341754,
    0.02452205511017237,
    0.024515912571852094,
    0.024525729884998872,
    0.02452396219773218,
    0.024520024247700348,
    0.024524237732333132,
    0.02452573666968383,
    0.024529517264524476,
    0.024524872637249062,
    0.024518793079000897,
    0.024519490400212816,
    0.0245320650550304,
    0.024532130729523486,
    0.02453995388711337,
    0.024530049232242165,
    0.024548361254693007,
    0.02453566299790982,
    0.02452983109294437,
    0.024536215398972855,
    0.024528359995619396,
    0.02453752421606332,
    0.024538563498365692,
    0.024543321021879092,
    0.024558682701422366,
    0.024559595897234977,
    0.02456045588729903,
    0.024547975632268935,
    0.024549416554206983,
    0.02453885943728965,
    0.024551043715141715,
    0.024545869094692172,
    0.02454573688779492,
    0.024554936763783917,
    0.024545591779146343,
    0.02455614286568016,
    0.02455993359463755,
    0.024564052925864235,
    0.024557524577248843,
    0.02455565965465503,
    0.024565486334706656,
    0.024552631984534674,
    0.024572575628058986,
    0.024582801699033006,
    0.024583123085950502,
    0.024570882392674683,
    0.02457398871121695,
    0.024571954974601976
  ],
  "train_acc": [
    0.0212,
    0.984,
    0.984,
    0.984,
    0.984,
    0.984,
    0.984,
    0.984,
    0.984,
    0.984,
    0.984,
    0.984,
    0.984,
    0.984,
    0.984,
    0.984,
    0.984,
    0.984,
    0.984,
    0.984,
    0.984,
    0.984,
    0.984,
    0.984,
    0.984,
    0.984,
    0.984,
    0.984,
    0.984,
    0.984,
    0.984,
    0.984,
    0.984,
    0.984,
    0.984,
    0.984,
    0.984,
    0.984,
    0.984,
    0.984,
    0.984,
    0.984,
    0.984,
    0.984,
    0.984,
    0.984,
    0.984,
    0.984,
    0.984,
    0.984,
    0.984,
    0.984,
    0.984,
    0.984,
    0.984,
    0.984,
    0.984,
    0.984,
    0.984,
    0.984,
    0.984,
    0.984,
    0.984,
    0.984,
    0.984,
    0.984,
    0.984,
    0.984,
    0.984,
    0.984,
    0.984,
    0.984,
    0.984,
    0.984,
    0.984,
    0.984,
    0.984,
    0.984,
    0.984,
    0.984,
    0.984,
    0.984,
    0.984,
    0.984,
    0.984,
    0.984,
    0.984,
    0.984,
    0.984,
    0.984,
    0.984,
    0.984,
    0.984,
    0.984,
    0.984,
    0.984,
    0.984,
    0.984,
    0.984,
    0.984,
    0.984
  ],
  "test_acc": [
    0.013072590073334042,
    0.3933467956212137,
    0.3933467956212137,
    0.3946221702625146,
    0.39398448294186417,
    0.3940907641619726,
    0.39345307684132214,
    0.3940907641619726,
    0.3940907641619726,
    0.39377192050164733,
    0.39547242002338184,
    0.39366563928153897,
    0.3940907641619726,
    0.3945158890424062,
    0.39472845148262303,
    0.39483473270273145,
    0.39483473270273145,
    0.39547242002338184,
    0.39504729514294823,
    0.39525985758316506,
    0.3956849824635987,
    0.39504729514294823,
    0.3962163885641407,
    0.3961101073440323,
    0.39674779466468274,
    0.3956849824635987,
    0.39653523222446596,
    0.3961101073440323,
    0.3969603571048996,
    0.3958975449038155,
    0.39600382612392393,
    0.3974917632054416,
    0.39812945052609205,
    0.399936231267935,
    0.3978106068657668,
    0.3987671378467425,
    0.400467637368477,
    0.4007864810288022,
    0.40089276224891063,
    0.4021681368902115,
    0.4018492932298863,
    0.4018492932298863,
    0.40099904346901905,
    0.4011053246891274,
    0.40099904346901905,
    0.4018492932298863,
    0.4040811988521628,
    0.4039749176320544,
    0.40344351153151237,
    0.40333723031140395,
    0.40418748007227123,
    0.4022744181103199,
    0.40429376129237965,
    0.40333723031140395,
    0.4040811988521628,
    0.4039749176320544,
    0.4052502922733553,
    0.4056754171537889,
    0.4056754171537889,
    0.4057816983738973,
    0.4093952598575832,
    0.41045807205866724,
    0.4093952598575832,
    0.4081198852162823,
    0.4102455096184504,
    0.41215857158040176,
    0.4109894781592093,
    0.4147093208630035,
    0.41407163354235305,
    0.41492188330322033,
    0.4144967584227867,
    0.4151344457434371,
    0.41789775746625574,
    0.42161760017004996,
    0.419810819428207,
    0.41832288234668935,
    0.41672866404506326,
    0.4177914762461473,
    0.4193856945477734,
    0.41906685088744816,
    0.41821660112658093,
    0.4217238813901584,
    0.4218301626102668,
    0.41906685088744816,
    0.4177914762461473,
    0.4193856945477734,
    0.4193856945477734,
    0.42002338186842386,
    0.41832288234668935,
    0.4172600701456053,
    0.4197045382080986,
    0.4210861940695079,
    0.4223615687108088,
    0.4225741311510256,
    0.42618769263471146,
    0.42693166117547027,
    0.4252311616537358,
    0.428419598256988,
    0.42778191093633755,
    0.4268253799553619,
    0.4262939738548199
  ]
}