{
  "epoch": [
    1,
    2000,
    4000,
    6000,
    8000,
    10000,
    12000,
    14000,
    16000,
    18000,
    20000,
    22000,
    24000,
    26000,
    28000,
    30000,
    32000,
    34000,
    36000,
    38000,
    40000,
    42000,
    44000,
    46000,
    48000,
    50000,
    52000,
    54000,
    56000,
    58000,
    60000,
    62000,
    64000,
    66000,
    68000,
    70000,
    72000,
    74000,
    76000,
    78000,
    80000,
    82000,
    84000,
    86000,
    88000,
    90000,
    92000,
    94000,
    96000,
    98000,
    100000,
    102000,
    104000,
    106000,
    108000,
    110000,
    112000,
    114000,
    116000,
    118000,
    120000,
    122000,
    124000,
    126000,
    128000,
    130000,
    132000,
    134000,
    136000,
    138000,
    140000,
    142000,
    144000,
    146000,
    148000,
    150000,
    152000,
    154000,
    156000,
    158000,
    160000,
    162000,
    164000,
    166000,
    168000,
    170000,
    172000,
    174000,
    176000,
    178000,
    180000,
    182000,
    184000,
    186000,
    188000,
    190000,
    192000,
    194000,
    196000,
    198000,
    200000
  ],
  "loss": [
    4.576273393630982,
    0.2700730927353757,
    0.05995784405050799,
    0.05916200102781877,
    0.05858538630977273,
    0.05823481507496908,
    0.057985852916073055,
    0.05777156539363787,
    0.057599526336509735,
    0.057470152736827734,
    0.05733624229868874,
    0.057189412689674646,
    0.05703993545984849,
    0.05683082993356511,
    0.05665911288354546,
    0.05644773257495835,
    0.056266550962626935,
    0.056065571201499555,
    0.055887024351302536,
    0.05582889143982902,
    0.055798959852661936,
    0.05578981989407912,
    0.05581640448439866,
    0.05581027181483805,
    0.055817097867745906,
    0.055824470400903374,
    0.055797519207652656,
    0.055809714188613,
    0.05578774159885943,
    0.055765396858379244,
    0.05577257662443444,
    0.05578243107059971,
    0.05575879341075197,
    0.05574367656698451,
    0.05574824001314119,
    0.055768766216747465,
    0.05576384602766484,
    0.05574321508193389,
    0.0557461112559773,
    0.05572922734301537,
    0.055741335085965696,
    0.05574958748249337,
    0.0557414291344583,
    0.05574470740733668,
    0.05574154132856056,
    0.05572711154595018,
    0.05573379745762795,
    0.05571607670364902,
    0.055731138771306726,
    0.05574268025383353,
    0.0557359659829177,
    0.05572233353825286,
    0.0557205795862712,
    0.0557209745391272,
    0.05572622765591368,
    0.0557146801601164,
    0.055722389739658686,
    0.055722062445897606,
    0.055730058922804894,
    0.055731260191928596,
    0.055712680424377325,
    0.05571208948139101,
    0.05574060169439763,
    0.055725722456071526,
    0.05572093201419338,
    0.05573270722581074,
    0.05570956474598497,
    0.05572851288821548,
    0.05571838989257812,
    0.05572774582868442,
    0.05573453137092292,
    0.05573274335050955,
    0.05570898572141304,
    0.05570984345972538,
    0.055711322052683684,
    0.055713559236750004,
    0.05569657051879913,
    0.0557148172271438,
    0.0556961659938097,
    0.05568947604428977,
    0.055709370039682835,
    0.05571056949365884,
    0.055718075951933864,
    0.055714881757739934,
    0.05570679584555328,
    0.055714270372781906,
    0.0557219534127973,
    0.05572006650492549,
    0.05572383076101541,
    0.05571281631439924,
    0.055724673102237283,
    0.05572651909580454,
    0.05572501988513395,
    0.055715424654632806,
    0.05572296934574843,
    0.05572448596097529,
    0.0557260308357887,
    0.05573024510880932,
    0.05573156471699476,
    0.05571514015905559,
    0.05571003916300833
  ],
  "train_acc": [
    0.0208,
    0.963,
    0.963,
    0.963,
    0.963,
    0.963,
    0.963,
    0.963,
    0.963,
    0.963,
    0.963,
    0.963,
    0.963,
    0.963,
    0.963,
    0.963,
    0.963,
    0.963,
    0.963,
    0.963,
    0.963,
    0.963,
    0.963,
    0.963,
    0.963,
    0.963,
    0.963,
    0.963,
    0.963,
    0.963,
    0.963,
    0.963,
    0.963,
    0.963,
    0.963,
    0.963,
    0.963,
    0.963,
    0.963,
    0.963,
    0.963,
    0.963,
    0.963,
    0.963,
    0.963,
    0.963,
    0.963,
    0.963,
    0.963,
    0.963,
    0.963,
    0.963,
    0.963,
    0.963,
    0.963,
    0.963,
    0.963,
    0.963,
    0.963,
    0.963,
    0.963,
    0.963,
    0.963,
    0.963,
    0.963,
    0.963,
    0.963,
    0.963,
    0.963,
    0.963,
    0.963,
    0.963,
    0.963,
    0.963,
    0.963,
    0.963,
    0.963,
    0.963,
    0.963,
    0.963,
    0.963,
    0.963,
    0.963,
    0.963,
    0.963,
    0.963,
    0.963,
    0.963,
    0.963,
    0.963,
    0.963,
    0.963,
    0.963,
    0.963,
    0.963,
    0.963,
    0.963,
    0.963,
    0.963,
    0.963,
    0.963
  ],
  "test_acc": [
    0.011690934211924752,
    0.3651822722924859,
    0.36571367839302793,
    0.36720161547454566,
    0.3661388032734616,
    0.36592624083324476,
    0.36581995961313635,
    0.36794558401530447,
    0.3673078966946541,
    0.3665639281538952,
    0.3669890530343288,
    0.3682644276756297,
    0.3665639281538952,
    0.3669890530343288,
    0.36677649059411205,
    0.3664576469337868,
    0.36720161547454566,
    0.36624508449356996,
    0.3663513657136784,
    0.36677649059411205,
    0.3668827718142204,
    0.3664576469337868,
    0.36741417791476244,
    0.3663513657136784,
    0.3663513657136784,
    0.3665639281538952,
    0.36794558401530447,
    0.3665639281538952,
    0.36507599107237754,
    0.3665639281538952,
    0.36592624083324476,
    0.3669890530343288,
    0.3661388032734616,
    0.3669890530343288,
    0.36709533425443724,
    0.36571367839302793,
    0.36677649059411205,
    0.3661388032734616,
    0.36592624083324476,
    0.36592624083324476,
    0.3665639281538952,
    0.36677649059411205,
    0.36677649059411205,
    0.36677649059411205,
    0.36624508449356996,
    0.36720161547454566,
    0.36720161547454566,
    0.36667020937400363,
    0.3660325220533532,
    0.3673078966946541,
    0.36709533425443724,
    0.3678393027951961,
    0.3664576469337868,
    0.36677649059411205,
    0.3676267403549793,
    0.36677649059411205,
    0.36592624083324476,
    0.36571367839302793,
    0.3664576469337868,
    0.3665639281538952,
    0.36709533425443724,
    0.36741417791476244,
    0.36677649059411205,
    0.36624508449356996,
    0.36741417791476244,
    0.36581995961313635,
    0.3673078966946541,
    0.3668827718142204,
    0.3661388032734616,
    0.3668827718142204,
    0.36581995961313635,
    0.36667020937400363,
    0.36592624083324476,
    0.36709533425443724,
    0.36550111595281115,
    0.3673078966946541,
    0.36709533425443724,
    0.3669890530343288,
    0.36741417791476244,
    0.3669890530343288,
    0.3669890530343288,
    0.3673078966946541,
    0.3677330215750877,
    0.3651822722924859,
    0.3676267403549793,
    0.36581995961313635,
    0.36741417791476244,
    0.3665639281538952,
    0.36560739717291957,
    0.36592624083324476,
    0.36550111595281115,
    0.36592624083324476,
    0.3663513657136784,
    0.36624508449356996,
    0.3660325220533532,
    0.36624508449356996,
    0.36624508449356996,
    0.3676267403549793,
    0.3661388032734616,
    0.36667020937400363,
    0.3661388032734616
  ]
}