{
  "epoch": [
    1,
    2000,
    4000,
    6000,
    8000,
    10000,
    12000,
    14000,
    16000,
    18000,
    20000,
    22000,
    24000,
    26000,
    28000,
    30000,
    32000,
    34000,
    36000,
    38000,
    40000,
    42000,
    44000,
    46000,
    48000,
    50000,
    52000,
    54000,
    56000,
    58000,
    60000,
    62000,
    64000,
    66000,
    68000,
    70000,
    72000,
    74000,
    76000,
    78000,
    80000,
    82000,
    84000,
    86000,
    88000,
    90000,
    92000,
    94000,
    96000,
    98000,
    100000,
    102000,
    104000,
    106000,
    108000,
    110000,
    112000,
    114000,
    116000,
    118000,
    120000,
    122000,
    124000,
    126000,
    128000,
    130000,
    132000,
    134000,
    136000,
    138000,
    140000,
    142000,
    144000,
    146000,
    148000,
    150000,
    152000,
    154000,
    156000,
    158000,
    160000,
    162000,
    164000,
    166000,
    168000,
    170000,
    172000,
    174000,
    176000,
    178000,
    180000,
    182000,
    184000,
    186000,
    188000,
    190000,
    192000,
    194000,
    196000,
    198000,
    200000
  ],
  "loss": [
    4.576081943511963,
    0.2537578528658443,
    0.04661102171391249,
    0.045808923022821545,
    0.04522772228056565,
    0.04476574896927923,
    0.044436952338181436,
    0.04415110900551081,
    0.043932112875860185,
    0.04366981097124517,
    0.04341218072529882,
    0.043139915373548866,
    0.04279614117993042,
    0.04247378597296774,
    0.042275414067227395,
    0.042157071498082954,
    0.04208693200852722,
    0.042065341180749234,
    0.04209026890899986,
    0.042087676494009796,
    0.042075149170681836,
    0.042059450798947365,
    0.04205714376419783,
    0.04208404915756546,
    0.04211598969670013,
    0.04211113123022951,
    0.0421011939542368,
    0.04212105924673378,
    0.04210577659057453,
    0.042105082872323694,
    0.04213001625970937,
    0.04214068952584639,
    0.04213994536502287,
    0.042144446976063774,
    0.04213527802806347,
    0.04211334863547236,
    0.042109548398992044,
    0.04210508701382205,
    0.042136991060804575,
    0.04212485742894933,
    0.042094129667524245,
    0.042093717849627135,
    0.04207854857165366,
    0.04212828614814207,
    0.04211890807412565,
    0.0421000118994154,
    0.04211067614695057,
    0.04209450288489461,
    0.042066954560019076,
    0.04211694518299773,
    0.042127075239177796,
    0.04212923199441284,
    0.04212518544066697,
    0.04212643673866987,
    0.042107794326636944,
    0.04211994267422706,
    0.04212766983141191,
    0.04209020437765867,
    0.04207473056325689,
    0.04209737401409075,
    0.042122810867987574,
    0.042106650812365115,
    0.04210459306882695,
    0.04208925702311098,
    0.04209547076425515,
    0.042105581787228584,
    0.04211499928236008,
    0.0421087235648185,
    0.04209336124355905,
    0.042080347927100956,
    0.04211673925924115,
    0.04212192137604579,
    0.04207999999951571,
    0.04207660110006109,
    0.04205958894640207,
    0.04209883102839813,
    0.04210435190713033,
    0.04211342890411615,
    0.04208700486603193,
    0.04208589640622958,
    0.042086210690950976,
    0.042061672251997514,
    0.04206858640443534,
    0.04206868204567581,
    0.04209406234426424,
    0.042071620602626356,
    0.04202823608806357,
    0.04206613954231143,
    0.04206117161707953,
    0.04205214336691424,
    0.0420721591450274,
    0.04207148243882693,
    0.042078486564569174,
    0.04203749297782779,
    0.0420442089532502,
    0.042064962795889005,
    0.04205704994052648,
    0.0420780604803469,
    0.04207949097510427,
    0.04210058671133593,
    0.042093418563064186
  ],
  "train_acc": [
    0.0196,
    0.9726,
    0.9726,
    0.9726,
    0.9726,
    0.9726,
    0.9726,
    0.9726,
    0.9726,
    0.9726,
    0.9726,
    0.9726,
    0.9726,
    0.9726,
    0.9726,
    0.9726,
    0.9726,
    0.9726,
    0.9726,
    0.9726,
    0.9726,
    0.9726,
    0.9726,
    0.9726,
    0.9726,
    0.9726,
    0.9726,
    0.9726,
    0.9726,
    0.9726,
    0.9726,
    0.9726,
    0.9726,
    0.9726,
    0.9726,
    0.9726,
    0.9726,
    0.9726,
    0.9726,
    0.9726,
    0.9726,
    0.9726,
    0.9726,
    0.9726,
    0.9726,
    0.9726,
    0.9726,
    0.9726,
    0.9726,
    0.9726,
    0.9726,
    0.9726,
    0.9726,
    0.9726,
    0.9726,
    0.9726,
    0.9726,
    0.9726,
    0.9726,
    0.9726,
    0.9726,
    0.9726,
    0.9726,
    0.9726,
    0.9726,
    0.9726,
    0.9726,
    0.9726,
    0.9726,
    0.9726,
    0.9726,
    0.9726,
    0.9726,
    0.9726,
    0.9726,
    0.9726,
    0.9726,
    0.9726,
    0.9726,
    0.9726,
    0.9726,
    0.9726,
    0.9726,
    0.9726,
    0.9726,
    0.9726,
    0.9726,
    0.9726,
    0.9726,
    0.9726,
    0.9726,
    0.9726,
    0.9726,
    0.9726,
    0.9726,
    0.9726,
    0.9726,
    0.9726,
    0.9726,
    0.9726,
    0.9726
  ],
  "test_acc": [
    0.012009777872249973,
    0.38441917313210755,
    0.3851631416728664,
    0.385056860452758,
    0.38569454777340845,
    0.3863322350940589,
    0.38558826655330003,
    0.3867573599744925,
    0.38611967265384206,
    0.38569454777340845,
    0.3864385163141673,
    0.3859071102136252,
    0.3862259538739505,
    0.3862259538739505,
    0.38601339143373364,
    0.385056860452758,
    0.3868636411946009,
    0.385056860452758,
    0.3849505792326496,
    0.38526942289297483,
    0.38601339143373364,
    0.3851631416728664,
    0.38558826655330003,
    0.3851631416728664,
    0.3853757041130832,
    0.3864385163141673,
    0.3870762036348177,
    0.3864385163141673,
    0.38739504729514296,
    0.38558826655330003,
    0.3865447975342757,
    0.385056860452758,
    0.385056860452758,
    0.3865447975342757,
    0.3863322350940589,
    0.3862259538739505,
    0.38580082899351686,
    0.3862259538739505,
    0.3859071102136252,
    0.3867573599744925,
    0.3863322350940589,
    0.38580082899351686,
    0.38782017217557657,
    0.3870762036348177,
    0.38771389095546815,
    0.38569454777340845,
    0.38580082899351686,
    0.3854819853331916,
    0.38558826655330003,
    0.38580082899351686,
    0.3862259538739505,
    0.3862259538739505,
    0.3871824848549261,
    0.38696992241470934,
    0.38558826655330003,
    0.38696992241470934,
    0.3867573599744925,
    0.38728876607503454,
    0.38728876607503454,
    0.38760760973535974,
    0.38856414071633544,
    0.3883515782761186,
    0.3871824848549261,
    0.38930810925709425,
    0.38930810925709425,
    0.388457859496227,
    0.3880327346157934,
    0.38941439047720267,
    0.39058348389839515,
    0.3896269529174195,
    0.38888298437666063,
    0.3892018280369859,
    0.39047720267828673,
    0.39026464023806995,
    0.390796046338612,
    0.38898926559676905,
    0.39068976511850356,
    0.3900520777978531,
    0.3912211712190456,
    0.3896269529174195,
    0.3911148899989372,
    0.3920714209799129,
    0.3895206716973111,
    0.3916462960994792,
    0.3917525773195876,
    0.3912211712190456,
    0.39015835901796153,
    0.3928153895206717,
    0.3932405144011053,
    0.39387820172175575,
    0.39355935806143055,
    0.39228398342012966,
    0.39185885853969604,
    0.39217770220002124,
    0.3926028270804549,
    0.39196513975980446,
    0.39217770220002124,
    0.3929216707407801,
    0.39398448294186417,
    0.3928153895206717,
    0.3932405144011053
  ]
}