{
  "epoch": [
    1,
    2000,
    4000,
    6000,
    8000,
    10000,
    12000,
    14000,
    16000,
    18000,
    20000,
    22000,
    24000,
    26000,
    28000,
    30000,
    32000,
    34000,
    36000,
    38000,
    40000,
    42000,
    44000,
    46000,
    48000,
    50000,
    52000,
    54000,
    56000,
    58000,
    60000,
    62000,
    64000,
    66000,
    68000,
    70000,
    72000,
    74000,
    76000,
    78000,
    80000,
    82000,
    84000,
    86000,
    88000,
    90000,
    92000,
    94000,
    96000,
    98000,
    100000,
    102000,
    104000,
    106000,
    108000,
    110000,
    112000,
    114000,
    116000,
    118000,
    120000,
    122000,
    124000,
    126000,
    128000,
    130000,
    132000,
    134000,
    136000,
    138000,
    140000,
    142000,
    144000,
    146000,
    148000,
    150000,
    152000,
    154000,
    156000,
    158000,
    160000,
    162000,
    164000,
    166000,
    168000,
    170000,
    172000,
    174000,
    176000,
    178000,
    180000,
    182000,
    184000,
    186000,
    188000,
    190000,
    192000,
    194000,
    196000,
    198000,
    200000
  ],
  "loss": [
    4.575905132293701,
    0.20879485847129373,
    0.005937426540968379,
    0.00576026364977243,
    0.005679979193982426,
    0.005662921667636185,
    0.005651401191775347,
    0.005642572799919695,
    0.005640647589477379,
    0.005637159760706327,
    0.0056321628653018445,
    0.005635192733987444,
    0.0056354952718890025,
    0.005636770347063838,
    0.005638916317125469,
    0.005641238169742335,
    0.0056473155841355325,
    0.0056468821623626144,
    0.005646591445360292,
    0.005648688758336094,
    0.005654249375453236,
    0.005653021009777382,
    0.005656138745095258,
    0.005653689623658971,
    0.005648034020924456,
    0.005644862340745708,
    0.005659838054818181,
    0.005656756184310993,
    0.005650203916083721,
    0.005651952466848184,
    0.005661261575764412,
    0.005655182238706518,
    0.0056549272942521015,
    0.005651083208878254,
    0.005650666573070636,
    0.005653860124746906,
    0.00564896505989644,
    0.0056529602772014236,
    0.005651597574272912,
    0.005649880940380134,
    0.005650428978267917,
    0.005643702228204267,
    0.005651330332363829,
    0.0056481991440179725,
    0.005654772118747874,
    0.005656954199952943,
    0.005646631773371769,
    0.005650347537618621,
    0.005647664234611906,
    0.005654813963265242,
    0.005646680177918217,
    0.0056495191777089,
    0.005653067711684402,
    0.005648535950734835,
    0.005652222585309705,
    0.005647831738711001,
    0.005646393126996463,
    0.005658043909174153,
    0.005653204671952281,
    0.005650940153473288,
    0.0056518892634193395,
    0.0056463759427636305,
    0.005643924260930971,
    0.005646702741678822,
    0.0056465935745733335,
    0.005642073161930028,
    0.005644821602382682,
    0.005646087255946752,
    0.005642171110878979,
    0.0056497730400806535,
    0.005648962519917713,
    0.005657583042086739,
    0.005658210836028065,
    0.0056478967593394415,
    0.00565181638434796,
    0.00565335350293438,
    0.005652148436585167,
    0.005643032216213583,
    0.0056442598073138004,
    0.005651914008527168,
    0.0056511959428249565,
    0.005647341699891039,
    0.00564439013430441,
    0.005649196361640023,
    0.00565626765228746,
    0.005651631156727214,
    0.0056509814064809195,
    0.0056471578890903845,
    0.0056508093035774415,
    0.005648235364461426,
    0.005652184347238731,
    0.005651648643601975,
    0.005650469132320198,
    0.005652366348677331,
    0.005656119411559191,
    0.0056601488114122415,
    0.0056570759365682476,
    0.0056508109269007845,
    0.005652699208966633,
    0.005658224423327843,
    0.005650468522781849
  ],
  "train_acc": [
    0.0152,
    0.9964,
    0.9964,
    0.9964,
    0.9964,
    0.9964,
    0.9964,
    0.9964,
    0.9964,
    0.9964,
    0.9964,
    0.9964,
    0.9964,
    0.9964,
    0.9964,
    0.9964,
    0.9964,
    0.9964,
    0.9964,
    0.9964,
    0.9964,
    0.9964,
    0.9964,
    0.9964,
    0.9964,
    0.9964,
    0.9964,
    0.9964,
    0.9964,
    0.9964,
    0.9964,
    0.9964,
    0.9964,
    0.9964,
    0.9964,
    0.9964,
    0.9964,
    0.9964,
    0.9964,
    0.9964,
    0.9964,
    0.9964,
    0.9964,
    0.9964,
    0.9964,
    0.9964,
    0.9964,
    0.9964,
    0.9964,
    0.9964,
    0.9964,
    0.9964,
    0.9964,
    0.9964,
    0.9964,
    0.9964,
    0.9964,
    0.9964,
    0.9964,
    0.9964,
    0.9964,
    0.9964,
    0.9964,
    0.9964,
    0.9964,
    0.9964,
    0.9964,
    0.9964,
    0.9964,
    0.9964,
    0.9964,
    0.9964,
    0.9964,
    0.9964,
    0.9964,
    0.9964,
    0.9964,
    0.9964,
    0.9964,
    0.9964,
    0.9964,
    0.9964,
    0.9964,
    0.9964,
    0.9964,
    0.9964,
    0.9964,
    0.9964,
    0.9964,
    0.9964,
    0.9964,
    0.9964,
    0.9964,
    0.9964,
    0.9964,
    0.9964,
    0.9964,
    0.9964,
    0.9964,
    0.9964,
    0.9964
  ],
  "test_acc": [
    0.011584652991816347,
    0.40886385375704115,
    0.40918269741736635,
    0.4109894781592093,
    0.4131151025613774,
    0.41417791476246146,
    0.4165161016048464,
    0.4205547879689659,
    0.42618769263471146,
    0.434158784142842,
    0.44308640663194815,
    0.45626527792539057,
    0.47029439897970027,
    0.484854926134552,
    0.5047295142948242,
    0.5232224465936869,
    0.5362950366670209,
    0.5460729089169943,
    0.5649909660962907,
    0.5765756190881072,
    0.5852906791369965,
    0.5935806143054523,
    0.6032522053353172,
    0.6124986714847487,
    0.6132426400255075,
    0.6164310766287597,
    0.6202572005526623,
    0.6236581995961313,
    0.6290785418216601,
    0.630353916462961,
    0.6347114464874056,
    0.6421511318949942,
    0.6445955999574875,
    0.6477840365607397,
    0.6534169412264853,
    0.6575619088107132,
    0.6570305027101712,
    0.6634073759166755,
    0.658837283452014,
    0.6636199383568924,
    0.6644701881177596,
    0.6620257200552663,
    0.6624508449356998,
    0.6575619088107132,
    0.6616005951748326,
    0.6594749707726645,
    0.6638325007971092,
    0.6648953129981933,
    0.6653204378786268,
    0.6675523435009034,
    0.6694654054628547,
    0.670847061324264,
    0.6725475608459985,
    0.674248060367733,
    0.678180465511744,
    0.6772239345307685,
    0.6790307152726114,
    0.6821128706557551,
    0.6866829631204167,
    0.6880646189818259,
    0.6863641194600913,
    0.6845573387182485,
    0.6876394941013922,
    0.6854075884791158,
    0.6855138696992241,
    0.6883834626421511,
    0.6860452757997662,
    0.6844510574981401,
    0.682856839196514,
    0.6840259326177065,
    0.6877457753215007,
    0.6850887448187906,
    0.6881709002019343,
    0.6855138696992241,
    0.6900839621638857,
    0.6904028058242109,
    0.690190243383994,
    0.6917844616856201,
    0.6884897438622596,
    0.6879583377617176,
    0.6888085875225848,
    0.6895525560633436,
    0.6917844616856201,
    0.6943352109682219,
    0.6918907429057286,
    0.6908279307046445,
    0.6898713997236688,
    0.6898713997236688,
    0.6863641194600913,
    0.6888085875225848,
    0.6911467743649697,
    0.6967796790307152,
    0.6939100860877883,
    0.693059836326921,
    0.6984801785524498,
    0.6966733978106069,
    0.6952917419491976,
    0.6881709002019343,
    0.6933786799872462,
    0.6981613348921245,
    0.7030502710171113
  ]
}