{
  "epoch": [
    1,
    2000,
    4000,
    6000,
    8000,
    10000,
    12000,
    14000,
    16000,
    18000,
    20000,
    22000,
    24000,
    26000,
    28000,
    30000,
    32000,
    34000,
    36000,
    38000,
    40000,
    42000,
    44000,
    46000,
    48000,
    50000,
    52000,
    54000,
    56000,
    58000,
    60000,
    62000,
    64000,
    66000,
    68000,
    70000,
    72000,
    74000,
    76000,
    78000,
    80000,
    82000,
    84000,
    86000,
    88000,
    90000,
    92000,
    94000,
    96000,
    98000,
    100000,
    102000,
    104000,
    106000,
    108000,
    110000,
    112000,
    114000,
    116000,
    118000,
    120000,
    122000,
    124000,
    126000,
    128000,
    130000,
    132000,
    134000,
    136000,
    138000,
    140000,
    142000,
    144000,
    146000,
    148000,
    150000,
    152000,
    154000,
    156000,
    158000,
    160000,
    162000,
    164000,
    166000,
    168000,
    170000,
    172000,
    174000,
    176000,
    178000,
    180000,
    182000,
    184000,
    186000,
    188000,
    190000,
    192000,
    194000,
    196000,
    198000,
    200000
  ],
  "loss": [
    4.576086854934692,
    0.2617022716174235,
    0.05101924749920145,
    0.050165512994397435,
    0.049485035665798933,
    0.048989761775452646,
    0.04863359531359747,
    0.0483503825574182,
    0.04810324535863474,
    0.04790752675179392,
    0.047732422023359686,
    0.04751349918572232,
    0.04732789399381727,
    0.047064665073156355,
    0.04680044682128355,
    0.0464936501281336,
    0.046241644822899254,
    0.0460018375877291,
    0.045850004095491025,
    0.045796068000327796,
    0.045779308971762654,
    0.04579629544364289,
    0.045820909508224573,
    0.0458317592734471,
    0.045823590192385015,
    0.04581555053414777,
    0.04580296469735913,
    0.04582937655430287,
    0.045818679105956106,
    0.04585658686654642,
    0.04586892472859472,
    0.0458817012688145,
    0.045886635153833774,
    0.04584619578393176,
    0.04583512811204418,
    0.04585438358709216,
    0.04584139197086915,
    0.045838128210697326,
    0.04582726724259555,
    0.04584036070862785,
    0.04585937172882259,
    0.045879855092428624,
    0.04583023584568873,
    0.04580793492728844,
    0.045830866950191555,
    0.04581651193220168,
    0.04585148669667542,
    0.045844472102820874,
    0.04582958629783243,
    0.04580020069014281,
    0.04582196535216644,
    0.04586162567362189,
    0.04587113468507305,
    0.04585975652942434,
    0.045803067085007206,
    0.04582339764814824,
    0.045881698174215856,
    0.045886182546895,
    0.04586836881926283,
    0.045877118901256474,
    0.04586000764919445,
    0.045860267278179524,
    0.045839113561529664,
    0.04579558228962123,
    0.045821846458222716,
    0.04584361084634438,
    0.04580735380845145,
    0.045834702809993175,
    0.04584224850451574,
    0.04583645828547887,
    0.04585481273252517,
    0.04582035420234315,
    0.045820197713095694,
    0.045817225541360675,
    0.0458245437245816,
    0.0458455118432641,
    0.045862212612573054,
    0.04589128206232563,
    0.04586784497946501,
    0.04585925964042544,
    0.045877986792102456,
    0.04589696259535849,
    0.045857517238054424,
    0.04582841026647948,
    0.04587590677300468,
    0.04586401157863438,
    0.04586732125021517,
    0.04584511120701209,
    0.045874710376374424,
    0.045886193992570046,
    0.04585552622238174,
    0.045838926577940586,
    0.045826984189171346,
    0.045859627661947164,
    0.04588041722569615,
    0.04583813149835914,
    0.045863231964595616,
    0.04585138487648219,
    0.04584263921780512,
    0.045826437276043,
    0.045824907195474954
  ],
  "train_acc": [
    0.017,
    0.97,
    0.97,
    0.97,
    0.97,
    0.97,
    0.97,
    0.97,
    0.97,
    0.97,
    0.97,
    0.97,
    0.97,
    0.97,
    0.97,
    0.97,
    0.97,
    0.97,
    0.97,
    0.97,
    0.97,
    0.97,
    0.97,
    0.97,
    0.97,
    0.97,
    0.97,
    0.97,
    0.97,
    0.97,
    0.97,
    0.97,
    0.97,
    0.97,
    0.97,
    0.97,
    0.97,
    0.97,
    0.97,
    0.97,
    0.97,
    0.97,
    0.97,
    0.97,
    0.97,
    0.97,
    0.97,
    0.97,
    0.97,
    0.97,
    0.97,
    0.97,
    0.97,
    0.97,
    0.97,
    0.97,
    0.97,
    0.97,
    0.97,
    0.97,
    0.97,
    0.97,
    0.97,
    0.97,
    0.97,
    0.97,
    0.97,
    0.97,
    0.97,
    0.97,
    0.97,
    0.97,
    0.97,
    0.97,
    0.97,
    0.97,
    0.97,
    0.97,
    0.97,
    0.97,
    0.97,
    0.97,
    0.97,
    0.97,
    0.97,
    0.97,
    0.97,
    0.97,
    0.97,
    0.97,
    0.97,
    0.97,
    0.97,
    0.97,
    0.97,
    0.97,
    0.97,
    0.97,
    0.97,
    0.97,
    0.97
  ],
  "test_acc": [
    0.011372090551599533,
    0.3854819853331916,
    0.3866510787543841,
    0.38601339143373364,
    0.387926453395685,
    0.3871824848549261,
    0.3864385163141673,
    0.38739504729514296,
    0.38771389095546815,
    0.38728876607503454,
    0.3865447975342757,
    0.3864385163141673,
    0.3883515782761186,
    0.3868636411946009,
    0.38760760973535974,
    0.3864385163141673,
    0.38728876607503454,
    0.38771389095546815,
    0.3881390158359018,
    0.38782017217557657,
    0.3870762036348177,
    0.38867042193644386,
    0.3881390158359018,
    0.38771389095546815,
    0.3865447975342757,
    0.3862259538739505,
    0.38782017217557657,
    0.3871824848549261,
    0.3863322350940589,
    0.38888298437666063,
    0.3881390158359018,
    0.38898926559676905,
    0.38760760973535974,
    0.3880327346157934,
    0.38739504729514296,
    0.3867573599744925,
    0.38771389095546815,
    0.3866510787543841,
    0.3880327346157934,
    0.38888298437666063,
    0.38856414071633544,
    0.3882452970560102,
    0.38909554681687747,
    0.38771389095546815,
    0.38856414071633544,
    0.3896269529174195,
    0.38941439047720267,
    0.39015835901796153,
    0.38930810925709425,
    0.39058348389839515,
    0.38941439047720267,
    0.38782017217557657,
    0.3881390158359018,
    0.38930810925709425,
    0.3898395153576363,
    0.39068976511850356,
    0.3883515782761186,
    0.388457859496227,
    0.39047720267828673,
    0.38888298437666063,
    0.3887767031565522,
    0.3880327346157934,
    0.390796046338612,
    0.3895206716973111,
    0.39026464023806995,
    0.39068976511850356,
    0.38941439047720267,
    0.3898395153576363,
    0.39037092145817837,
    0.3899457965777447,
    0.3909023275587204,
    0.39185885853969604,
    0.39185885853969604,
    0.390796046338612,
    0.3923902646402381,
    0.3932405144011053,
    0.39377192050164733,
    0.3923902646402381,
    0.3917525773195876,
    0.3926028270804549,
    0.3929216707407801,
    0.39345307684132214,
    0.394197045382081,
    0.3953661388032735,
    0.3940907641619726,
    0.3944096078222978,
    0.39557870124349026,
    0.394197045382081,
    0.3943033266021894,
    0.39642895100435754,
    0.39525985758316506,
    0.39398448294186417,
    0.3930279519608885,
    0.39515357636305665,
    0.3929216707407801,
    0.39398448294186417,
    0.3945158890424062,
    0.39547242002338184,
    0.3953661388032735,
    0.3958975449038155,
    0.3945158890424062
  ]
}