{
  "epoch": [
    1,
    2000,
    4000,
    6000,
    8000,
    10000,
    12000,
    14000,
    16000,
    18000,
    20000,
    22000,
    24000,
    26000,
    28000,
    30000,
    32000,
    34000,
    36000,
    38000,
    40000,
    42000,
    44000,
    46000,
    48000,
    50000,
    52000,
    54000,
    56000,
    58000,
    60000,
    62000,
    64000,
    66000,
    68000,
    70000,
    72000,
    74000,
    76000,
    78000,
    80000,
    82000,
    84000,
    86000,
    88000,
    90000,
    92000,
    94000,
    96000,
    98000,
    100000,
    102000,
    104000,
    106000,
    108000,
    110000,
    112000,
    114000,
    116000,
    118000,
    120000,
    122000,
    124000,
    126000,
    128000,
    130000,
    132000,
    134000,
    136000,
    138000,
    140000,
    142000,
    144000,
    146000,
    148000,
    150000,
    152000,
    154000,
    156000,
    158000,
    160000,
    162000,
    164000,
    166000,
    168000,
    170000,
    172000,
    174000,
    176000,
    178000,
    180000,
    182000,
    184000,
    186000,
    188000,
    190000,
    192000,
    194000,
    196000,
    198000,
    200000
  ],
  "loss": [
    4.575904369354248,
    0.20898657960342867,
    0.0051301203144941965,
    0.004971766784361992,
    0.004899154395144429,
    0.004871961002738858,
    0.004856851689100283,
    0.00485446715660052,
    0.0048577660898508675,
    0.00485543913991277,
    0.004855493113254853,
    0.004855391363136099,
    0.004859787918621175,
    0.0048610308583378285,
    0.004861131477209671,
    0.004866450732204969,
    0.004864330142981018,
    0.004860219337914831,
    0.004859059488347237,
    0.004860654143800868,
    0.004862952136056213,
    0.004865433813828878,
    0.0048618841241257265,
    0.004860968603150402,
    0.004861269913240745,
    0.004862203098534059,
    0.004862707504536562,
    0.004863112705658008,
    0.004865269268973065,
    0.004864085179250388,
    0.00486201842976584,
    0.00485796767971422,
    0.004861233464719921,
    0.004861120246769374,
    0.0048636697258814966,
    0.004867369580427756,
    0.00486355725978167,
    0.00486206425304146,
    0.004862947173360025,
    0.0048657038322247,
    0.004861254238586206,
    0.004863710036473298,
    0.004862628309752002,
    0.004860796050205393,
    0.004856760843367405,
    0.0048622414650853225,
    0.004867278544903029,
    0.004852701933033609,
    0.004856896413318419,
    0.004862921095224872,
    0.004859530396068205,
    0.004859552799068014,
    0.004858986052858636,
    0.004866668113301322,
    0.004865161934893873,
    0.0048655258902779,
    0.004866323203733403,
    0.004865828020918185,
    0.004862678960054118,
    0.004867416608768035,
    0.004865882343665445,
    0.004868084304961689,
    0.00486250024444119,
    0.004867923585918283,
    0.004862923961596523,
    0.004866173395160069,
    0.004860517762918573,
    0.004861213627154,
    0.004858052579568627,
    0.004862666489592923,
    0.004860149756763308,
    0.004857558366902501,
    0.004859361815475506,
    0.0048604035517688556,
    0.00486240543389767,
    0.004860494978682418,
    0.004864214787142824,
    0.004866094683488423,
    0.004862168011439956,
    0.004862229554671468,
    0.004864506998082606,
    0.004866917417866413,
    0.004867829761652915,
    0.004862232387239787,
    0.004862444588855582,
    0.004861050381154281,
    0.004869077457779326,
    0.004863992271168014,
    0.004866682587975591,
    0.004864504629050836,
    0.004860128409608136,
    0.00486275651483757,
    0.0048619173185369445,
    0.0048611175795276245,
    0.004860507474201183,
    0.004861946853444547,
    0.004865507002534438,
    0.00486191858197171,
    0.004862016701499979,
    0.004866292060552448,
    0.0048649632643006195
  ],
  "train_acc": [
    0.017,
    0.9968,
    0.9968,
    0.9968,
    0.9968,
    0.9968,
    0.9968,
    0.9968,
    0.9968,
    0.9968,
    0.9968,
    0.9968,
    0.9968,
    0.9968,
    0.9968,
    0.9968,
    0.9968,
    0.9968,
    0.9968,
    0.9968,
    0.9968,
    0.9968,
    0.9968,
    0.9968,
    0.9968,
    0.9968,
    0.9968,
    0.9968,
    0.9968,
    0.9968,
    0.9968,
    0.9968,
    0.9968,
    0.9968,
    0.9968,
    0.9968,
    0.9968,
    0.9968,
    0.9968,
    0.9968,
    0.9968,
    0.9968,
    0.9968,
    0.9968,
    0.9968,
    0.9968,
    0.9968,
    0.9968,
    0.9968,
    0.9968,
    0.9968,
    0.9968,
    0.9968,
    0.9968,
    0.9968,
    0.9968,
    0.9968,
    0.9968,
    0.9968,
    0.9968,
    0.9968,
    0.9968,
    0.9968,
    0.9968,
    0.9968,
    0.9968,
    0.9968,
    0.9968,
    0.9968,
    0.9968,
    0.9968,
    0.9968,
    0.9968,
    0.9968,
    0.9968,
    0.9968,
    0.9968,
    0.9968,
    0.9968,
    0.9968,
    0.9968,
    0.9968,
    0.9968,
    0.9968,
    0.9968,
    0.9968,
    0.9968,
    0.9968,
    0.9968,
    0.9968,
    0.9968,
    0.9968,
    0.9968,
    0.9968,
    0.9968,
    0.9968,
    0.9968,
    0.9968,
    0.9968,
    0.9968,
    0.9968
  ],
  "test_acc": [
    0.012009777872249973,
    0.4103517908385588,
    0.4109894781592093,
    0.4119460091401849,
    0.4143904772026783,
    0.4172600701456053,
    0.42119247528961634,
    0.4262939738548199,
    0.43362737804229995,
    0.44468062493357424,
    0.4598788394090764,
    0.47645870974598786,
    0.4952704857051759,
    0.5147199489850144,
    0.5336380061643108,
    0.5518120948028483,
    0.5630779041343394,
    0.5780635561696248,
    0.5903921777022,
    0.5976193006695717,
    0.6095227973217132,
    0.6191943883515783,
    0.6268466361993835,
    0.6343926028270804,
    0.6403443511531512,
    0.6458709745987884,
    0.6502285046232331,
    0.6574556275906047,
    0.6654267190987353,
    0.6670209374003614,
    0.6698905303432884,
    0.6733978106068658,
    0.6767988096503348,
    0.6780741842916357,
    0.6853013072590073,
    0.6847699011584653,
    0.6866829631204167,
    0.6914656180252949,
    0.6952917419491976,
    0.6996492719736422,
    0.6922095865660538,
    0.6939100860877883,
    0.6968859602508237,
    0.7020937400361356,
    0.7071952386013391,
    0.7061324264002551,
    0.705069614199171,
    0.7085768944627484,
    0.7060261451801466,
    0.7043256456584122,
    0.7026251461366777,
    0.7061324264002551,
    0.7077266447018812,
    0.7018811775959188,
    0.7007120841747263,
    0.7026251461366777,
    0.7020937400361356,
    0.704538208098629,
    0.7064512700605803,
    0.7085768944627484,
    0.7109150813051334,
    0.7139972366882772,
    0.713678393027952,
    0.7161228610904453,
    0.716016579870337,
    0.7130407057073015,
    0.7150600488893613,
    0.716547985970879,
    0.7180359230523966,
    0.7184610479328303,
    0.7196301413540227,
    0.7201615474545647,
    0.7190987352534807,
    0.72048039111489,
    0.7276012328621533,
    0.7281326389626953,
    0.7277075140822616,
    0.726750983101286,
    0.722818577957275,
    0.7254756084599852,
    0.7274949516420448,
    0.7207992347752152,
    0.717610798171963,
    0.7186736103730471,
    0.7211180784355404,
    0.7184610479328303,
    0.7215432033159741,
    0.7196301413540227,
    0.7226060155170582,
    0.7202678286746732,
    0.7260070145605272,
    0.7280263577425868,
    0.7269635455415028,
    0.7248379211393347,
    0.7268572643213944,
    0.7273886704219364,
    0.7260070145605272,
    0.7229248591773834,
    0.7273886704219364,
    0.7273886704219364,
    0.7259007333404187
  ]
}