{
  "epoch": [
    1,
    2000,
    4000,
    6000,
    8000,
    10000,
    12000,
    14000,
    16000,
    18000,
    20000,
    22000,
    24000,
    26000,
    28000,
    30000,
    32000,
    34000,
    36000,
    38000,
    40000,
    42000,
    44000,
    46000,
    48000,
    50000,
    52000,
    54000,
    56000,
    58000,
    60000,
    62000,
    64000,
    66000,
    68000,
    70000,
    72000,
    74000,
    76000,
    78000,
    80000,
    82000,
    84000,
    86000,
    88000,
    90000,
    92000,
    94000,
    96000,
    98000,
    100000,
    102000,
    104000,
    106000,
    108000,
    110000,
    112000,
    114000,
    116000,
    118000,
    120000,
    122000,
    124000,
    126000,
    128000,
    130000,
    132000,
    134000,
    136000,
    138000,
    140000,
    142000,
    144000,
    146000,
    148000,
    150000,
    152000,
    154000,
    156000,
    158000,
    160000,
    162000,
    164000,
    166000,
    168000,
    170000,
    172000,
    174000,
    176000,
    178000,
    180000,
    182000,
    184000,
    186000,
    188000,
    190000,
    192000,
    194000,
    196000,
    198000,
    200000
  ],
  "loss": [
    4.576254034042359,
    0.2050196049638653,
    0.005162720880333437,
    0.005017967469661112,
    0.0049414615202370985,
    0.004921905991826766,
    0.004906629895891861,
    0.0049020045781019775,
    0.004901099744821765,
    0.004900246072016188,
    0.00490072280760089,
    0.004896610620171998,
    0.004896318688998716,
    0.004896239613070123,
    0.004905092422623536,
    0.0049011237592850795,
    0.0048991255276667756,
    0.004908464074962927,
    0.004901320650071301,
    0.004902002071611229,
    0.00490402645721231,
    0.004903285494713189,
    0.004910538479973313,
    0.004913323221216726,
    0.004913857433819811,
    0.0049182848240217954,
    0.004909381469596343,
    0.004910202655994701,
    0.004913897986301845,
    0.004916255841610787,
    0.004919693094716643,
    0.0049251169252702304,
    0.004915483146988673,
    0.004916539641824862,
    0.004914763726202793,
    0.004918659947752475,
    0.004915181781603991,
    0.0049202422571186285,
    0.004915450648650218,
    0.004916408904791184,
    0.004916635993916116,
    0.004915405039183108,
    0.0049067395761039,
    0.004910879037479075,
    0.004912992010622894,
    0.00491557774912004,
    0.004916010342169205,
    0.004913038399036766,
    0.004915734153871258,
    0.004927078113872487,
    0.004918721750252113,
    0.0049217224725027695,
    0.00492356358238554,
    0.004919767957093302,
    0.004918404375756003,
    0.004912471301696142,
    0.004914757533291504,
    0.004917208506463235,
    0.004913159429322652,
    0.004911797987030907,
    0.004914459615399975,
    0.004917118369940603,
    0.004913216914131101,
    0.0049162158784747416,
    0.004916683229095418,
    0.004913570867675765,
    0.004917100752909622,
    0.004915844376189998,
    0.004918764842138224,
    0.004916502030211717,
    0.004914344575298812,
    0.00491552622727424,
    0.004917267002310337,
    0.004918402987232645,
    0.004912596439694529,
    0.00491893426790949,
    0.0049153804360920275,
    0.0049177510182583295,
    0.004922929912000465,
    0.004918085927669104,
    0.004919779233993721,
    0.004918873751369419,
    0.004916710091310455,
    0.004918892446986816,
    0.004919664798062058,
    0.004914025493523871,
    0.004918926086910768,
    0.0049194039497848455,
    0.0049135511595640256,
    0.004919583575630845,
    0.00492089315526094,
    0.004917777754202036,
    0.004915481618117969,
    0.004915277105193089,
    0.004913781686380774,
    0.004918211078691068,
    0.00491378790833046,
    0.004911829545680088,
    0.004912733866770924,
    0.004915476824199386,
    0.004914812768219007
  ],
  "train_acc": [
    0.0214,
    0.9968,
    0.9968,
    0.9968,
    0.9968,
    0.9968,
    0.9968,
    0.9968,
    0.9968,
    0.9968,
    0.9968,
    0.9968,
    0.9968,
    0.9968,
    0.9968,
    0.9968,
    0.9968,
    0.9968,
    0.9968,
    0.9968,
    0.9968,
    0.9968,
    0.9968,
    0.9968,
    0.9968,
    0.9968,
    0.9968,
    0.9968,
    0.9968,
    0.9968,
    0.9968,
    0.9968,
    0.9968,
    0.9968,
    0.9968,
    0.9968,
    0.9968,
    0.9968,
    0.9968,
    0.9968,
    0.9968,
    0.9968,
    0.9968,
    0.9968,
    0.9968,
    0.9968,
    0.9968,
    0.9968,
    0.9968,
    0.9968,
    0.9968,
    0.9968,
    0.9968,
    0.9968,
    0.9968,
    0.9968,
    0.9968,
    0.9968,
    0.9968,
    0.9968,
    0.9968,
    0.9968,
    0.9968,
    0.9968,
    0.9968,
    0.9968,
    0.9968,
    0.9968,
    0.9968,
    0.9968,
    0.9968,
    0.9968,
    0.9968,
    0.9968,
    0.9968,
    0.9968,
    0.9968,
    0.9968,
    0.9968,
    0.9968,
    0.9968,
    0.9968,
    0.9968,
    0.9968,
    0.9968,
    0.9968,
    0.9968,
    0.9968,
    0.9968,
    0.9968,
    0.9968,
    0.9968,
    0.9968,
    0.9968,
    0.9968,
    0.9968,
    0.9968,
    0.9968,
    0.9968,
    0.9968,
    0.9968
  ],
  "test_acc": [
    0.012328621532575194,
    0.40758847911574025,
    0.40886385375704115,
    0.4122648528005102,
    0.41534700818365394,
    0.4156658518439792,
    0.416409820384738,
    0.4205547879689659,
    0.42661281751514507,
    0.4349027526836008,
    0.4453183122542247,
    0.45732809012647463,
    0.4725263046019768,
    0.48995642469975553,
    0.5047295142948242,
    0.5206716973110851,
    0.5356573493463705,
    0.552768625783824,
    0.564246997555532,
    0.5814645552130938,
    0.5925178021043681,
    0.6020831119141248,
    0.60973535976193,
    0.62174513763418,
    0.629822510362419,
    0.6380061643107663,
    0.6433202253161866,
    0.6493782548623658,
    0.6534169412264853,
    0.6550111595281114,
    0.6589435646721225,
    0.6623445637155915,
    0.6712721862046976,
    0.6758422786693591,
    0.673716654267191,
    0.6750983101286003,
    0.6739292167074078,
    0.677649059411202,
    0.6741417791476246,
    0.6845573387182485,
    0.6929535551068127,
    0.6927409926665958,
    0.6934849612073547,
    0.6940163673078967,
    0.694866617068764,
    0.6998618344138591,
    0.7013497714953768,
    0.7053884578594962,
    0.7069826761611223,
    0.7029439897970029,
    0.7073015198214475,
    0.7091083005632904,
    0.7101711127643745,
    0.7112339249654586,
    0.7094271442236156,
    0.7107025188649165,
    0.714209799128494,
    0.7141035179083856,
    0.7119778935062174,
    0.7152726113295781,
    0.718886172813264,
    0.7172919545116377,
    0.7232437028377086,
    0.7202678286746732,
    0.7257944521203104,
    0.7236688277181422,
    0.7232437028377086,
    0.7248379211393347,
    0.7257944521203104,
    0.7293017323838877,
    0.7366351365713678,
    0.7373791051121267,
    0.7333404187480073,
    0.7318524816664895,
    0.7328090126474652,
    0.7334466999681156,
    0.7311085131257307,
    0.7317462004463812,
    0.7282389201828037,
    0.7278137953023701,
    0.7331278563077904,
    0.7362100116909343,
    0.7374853863322351,
    0.7448187905197151,
    0.7419491975767882,
    0.7380167924327772,
    0.7356786055903922,
    0.7366351365713678,
    0.7376979487724519,
    0.7427994473376555,
    0.7420554787968966,
    0.7370602614518015,
    0.7342969497289829,
    0.7318524816664895,
    0.7289828887235625,
    0.7339781060686577,
    0.7344032309490913,
    0.7374853863322351,
    0.7354660431501754,
    0.7351471994898502,
    0.7331278563077904
  ]
}