{
  "epoch": [
    1,
    2000,
    4000,
    6000,
    8000,
    10000,
    12000,
    14000,
    16000,
    18000,
    20000,
    22000,
    24000,
    26000,
    28000,
    30000,
    32000,
    34000,
    36000,
    38000,
    40000,
    42000,
    44000,
    46000,
    48000,
    50000,
    52000,
    54000,
    56000,
    58000,
    60000,
    62000,
    64000,
    66000,
    68000,
    70000,
    72000,
    74000,
    76000,
    78000,
    80000,
    82000,
    84000,
    86000,
    88000,
    90000,
    92000,
    94000,
    96000,
    98000,
    100000,
    102000,
    104000,
    106000,
    108000,
    110000,
    112000,
    114000,
    116000,
    118000,
    120000,
    122000,
    124000,
    126000,
    128000,
    130000,
    132000,
    134000,
    136000,
    138000,
    140000,
    142000,
    144000,
    146000,
    148000,
    150000,
    152000,
    154000,
    156000,
    158000,
    160000,
    162000,
    164000,
    166000,
    168000,
    170000,
    172000,
    174000,
    176000,
    178000,
    180000,
    182000,
    184000,
    186000,
    188000,
    190000,
    192000,
    194000,
    196000,
    198000,
    200000
  ],
  "loss": [
    4.576077175140381,
    0.2658469076586581,
    0.05731590595850721,
    0.0564211540684104,
    0.05572277353964746,
    0.0551650672852993,
    0.054764141278527675,
    0.05442289849566296,
    0.054175036419928074,
    0.05394197647171095,
    0.05378102389425039,
    0.05358709097830579,
    0.05339821658683941,
    0.053253363309521226,
    0.053082248913682996,
    0.05289907666984946,
    0.05269835223127157,
    0.05249511734135449,
    0.05227202360834926,
    0.051990491060260685,
    0.051689741376787425,
    0.05144960180204362,
    0.05124532720325515,
    0.05108505518306047,
    0.05102181145111099,
    0.051044965028297154,
    0.05103761320533231,
    0.05099240732314065,
    0.05106430548168719,
    0.0510503518817015,
    0.05101977290445939,
    0.05105864045927301,
    0.05104942072732374,
    0.05106157854832709,
    0.051061716691311446,
    0.05111563733341172,
    0.051140076731704176,
    0.051104724783916027,
    0.05107943679848686,
    0.05107898341128603,
    0.051083651150763035,
    0.05104491697382182,
    0.05102304937131703,
    0.0510631088770926,
    0.05103690236378461,
    0.05106242664400488,
    0.05107660303199664,
    0.051061835987586526,
    0.051086777194868774,
    0.051082977916952224,
    0.05108768258821219,
    0.05109890021104366,
    0.05105507312081754,
    0.05107995017077774,
    0.051109782662987706,
    0.051086314792558554,
    0.051070399227086456,
    0.05106836251979694,
    0.05105904775038361,
    0.05104880783827975,
    0.051037525833118706,
    0.051061744698509576,
    0.05106947467662394,
    0.05105339778382331,
    0.05108301812559366,
    0.051105024479795244,
    0.05110174044817686,
    0.05108342800606042,
    0.051099294284544884,
    0.051115518390946094,
    0.051075584033597264,
    0.05107762284949422,
    0.05107408276842907,
    0.0511014889171347,
    0.05109405336137861,
    0.0511186563199386,
    0.05108864020323381,
    0.051099408019613476,
    0.051090661205910146,
    0.051105619669985024,
    0.05109199539925903,
    0.05111560109462589,
    0.051062563109397885,
    0.05105523526165635,
    0.051034974150825294,
    0.05103654355974868,
    0.05103591400906444,
    0.051061614290624856,
    0.051102826816029845,
    0.05108208826109767,
    0.051079048922471705,
    0.0510769506986253,
    0.051092700863257054,
    0.05108806592877954,
    0.05109936520010233,
    0.05112037580274045,
    0.05109531581029296,
    0.051098620477039364,
    0.05107674505664036,
    0.05109412178415805,
    0.05112502964315936
  ],
  "train_acc": [
    0.0208,
    0.9668,
    0.9668,
    0.9668,
    0.9668,
    0.9668,
    0.9668,
    0.9668,
    0.9668,
    0.9668,
    0.9668,
    0.9668,
    0.9668,
    0.9668,
    0.9668,
    0.9668,
    0.9668,
    0.9668,
    0.9668,
    0.9668,
    0.9668,
    0.9668,
    0.9668,
    0.9668,
    0.9668,
    0.9668,
    0.9668,
    0.9668,
    0.9668,
    0.9668,
    0.9668,
    0.9668,
    0.9668,
    0.9668,
    0.9668,
    0.9668,
    0.9668,
    0.9668,
    0.9668,
    0.9668,
    0.9668,
    0.9668,
    0.9668,
    0.9668,
    0.9668,
    0.9668,
    0.9668,
    0.9668,
    0.9668,
    0.9668,
    0.9668,
    0.9668,
    0.9668,
    0.9668,
    0.9668,
    0.9668,
    0.9668,
    0.9668,
    0.9668,
    0.9668,
    0.9668,
    0.9668,
    0.9668,
    0.9668,
    0.9668,
    0.9668,
    0.9668,
    0.9668,
    0.9668,
    0.9668,
    0.9668,
    0.9668,
    0.9668,
    0.9668,
    0.9668,
    0.9668,
    0.9668,
    0.9668,
    0.9668,
    0.9668,
    0.9668,
    0.9668,
    0.9668,
    0.9668,
    0.9668,
    0.9668,
    0.9668,
    0.9668,
    0.9668,
    0.9668,
    0.9668,
    0.9668,
    0.9668,
    0.9668,
    0.9668,
    0.9668,
    0.9668,
    0.9668,
    0.9668,
    0.9668,
    0.9668
  ],
  "test_acc": [
    0.011797215432033159,
    0.37953023700712085,
    0.37825486236581995,
    0.37867998724625357,
    0.3792113933467956,
    0.37963651822722927,
    0.3792113933467956,
    0.3809118928685301,
    0.379317674566904,
    0.379317674566904,
    0.3792113933467956,
    0.379317674566904,
    0.37963651822722927,
    0.38069933042831333,
    0.37984908066744605,
    0.37953023700712085,
    0.3809118928685301,
    0.3789988309065788,
    0.3792113933467956,
    0.379317674566904,
    0.3805930492082049,
    0.379317674566904,
    0.37984908066744605,
    0.381655861409289,
    0.3803804867679881,
    0.37995536188755447,
    0.3805930492082049,
    0.37984908066744605,
    0.38069933042831333,
    0.379317674566904,
    0.3801679243277713,
    0.37963651822722927,
    0.3800616431076629,
    0.379317674566904,
    0.37963651822722927,
    0.38123073652885536,
    0.38027420554787966,
    0.38069933042831333,
    0.3803804867679881,
    0.37974279944733763,
    0.379317674566904,
    0.3801679243277713,
    0.38101817408863853,
    0.38101817408863853,
    0.38101817408863853,
    0.37974279944733763,
    0.3801679243277713,
    0.3809118928685301,
    0.38101817408863853,
    0.38027420554787966,
    0.37984908066744605,
    0.3785737060261452,
    0.3805930492082049,
    0.38080561164842175,
    0.38144329896907214,
    0.38144329896907214,
    0.3813370177489638,
    0.38123073652885536,
    0.38112445530874695,
    0.3813370177489638,
    0.3809118928685301,
    0.38080561164842175,
    0.3804867679880965,
    0.38154958018918056,
    0.3809118928685301,
    0.3805930492082049,
    0.37963651822722927,
    0.3819747050696142,
    0.3830375172706983,
    0.38144329896907214,
    0.3809118928685301,
    0.38123073652885536,
    0.3805930492082049,
    0.382187267509831,
    0.3818684238495058,
    0.3805930492082049,
    0.3822935487299394,
    0.382187267509831,
    0.38611967265384206,
    0.3819747050696142,
    0.3837814858114571,
    0.38399404825167394,
    0.38452545435221597,
    0.3842066106918907,
    0.3846317355723244,
    0.38441917313210755,
    0.3836752045913487,
    0.38410032947178235,
    0.3853757041130832,
    0.3853757041130832,
    0.3853757041130832,
    0.38484429801254116,
    0.3847380167924328,
    0.3847380167924328,
    0.3846317355723244,
    0.3871824848549261,
    0.3863322350940589,
    0.3853757041130832,
    0.38771389095546815,
    0.38782017217557657,
    0.38569454777340845
  ]
}