{
  "epoch": [
    1,
    2000,
    4000,
    6000,
    8000,
    10000,
    12000,
    14000,
    16000,
    18000,
    20000,
    22000,
    24000,
    26000,
    28000,
    30000,
    32000,
    34000,
    36000,
    38000,
    40000,
    42000,
    44000,
    46000,
    48000,
    50000,
    52000,
    54000,
    56000,
    58000,
    60000,
    62000,
    64000,
    66000,
    68000,
    70000,
    72000,
    74000,
    76000,
    78000,
    80000,
    82000,
    84000,
    86000,
    88000,
    90000,
    92000,
    94000,
    96000,
    98000,
    100000,
    102000,
    104000,
    106000,
    108000,
    110000,
    112000,
    114000,
    116000,
    118000,
    120000,
    122000,
    124000,
    126000,
    128000,
    130000,
    132000,
    134000,
    136000,
    138000,
    140000,
    142000,
    144000,
    146000,
    148000,
    150000,
    152000,
    154000,
    156000,
    158000,
    160000,
    162000,
    164000,
    166000,
    168000,
    170000,
    172000,
    174000,
    176000,
    178000,
    180000,
    182000,
    184000,
    186000,
    188000,
    190000,
    192000,
    194000,
    196000,
    198000,
    200000
  ],
  "loss": [
    4.576139307022094,
    0.2439263369999416,
    0.03801952462270856,
    0.037344726168271156,
    0.03692591653559357,
    0.03662561587127857,
    0.03638615813921206,
    0.036181270064739514,
    0.03601685331836343,
    0.03593386065964587,
    0.03589250350813381,
    0.03587794276517816,
    0.03586872351993807,
    0.035856170711806044,
    0.035844797753077,
    0.03582571546942927,
    0.03583745815609582,
    0.03584826740399003,
    0.0358466737546958,
    0.035830407576682044,
    0.03582433491847478,
    0.035843356126872825,
    0.03583080269307829,
    0.03582364600566216,
    0.035822407002840194,
    0.03579978010845371,
    0.035806753194658085,
    0.03578698336998932,
    0.03580744132585824,
    0.0358194801852107,
    0.0358075433826074,
    0.03579998990269378,
    0.035808403190597894,
    0.03580149037116207,
    0.035806859182054174,
    0.03580529004130512,
    0.03579495155578479,
    0.035787865288089964,
    0.03578340652356855,
    0.03579486071434803,
    0.035780825780984016,
    0.03579962175982073,
    0.035796364471688866,
    0.035772787131788206,
    0.03576440827692859,
    0.03576936451592483,
    0.035774114995682615,
    0.035768190614134075,
    0.03576845677564852,
    0.03577651527975686,
    0.03579728877749294,
    0.035786463357741015,
    0.03579999890918843,
    0.0357949600642547,
    0.035801420182501896,
    0.03578349340427667,
    0.03578073102114722,
    0.035781495218910275,
    0.03580397794339806,
    0.035792744110850615,
    0.03578721366073005,
    0.035789356927131304,
    0.03578570071747526,
    0.03579489952791482,
    0.035798981423443184,
    0.03578770668222569,
    0.035793501355079936,
    0.035801278850249946,
    0.03581997881741263,
    0.035790965815773235,
    0.03579743497036397,
    0.035805083894636484,
    0.03580868502496742,
    0.03580053992504254,
    0.03580224176007323,
    0.03580119053409435,
    0.03580142526566051,
    0.03579570855814963,
    0.03579079409381375,
    0.03577524034222588,
    0.035766513270512224,
    0.03575948218358681,
    0.03576733676400035,
    0.0357851546606049,
    0.03577549924929626,
    0.03579773277034983,
    0.03579580572699197,
    0.03578566527664662,
    0.03580109873255715,
    0.03578598349690437,
    0.035784688750188795,
    0.03579650137973949,
    0.03579170111832209,
    0.03577450122595765,
    0.03578038744716905,
    0.035797585666459054,
    0.03578341061687097,
    0.035783095297822726,
    0.035782446164637806,
    0.035772844642889684,
    0.035792172595206645
  ],
  "train_acc": [
    0.024,
    0.9766,
    0.9766,
    0.9764,
    0.9766,
    0.9766,
    0.9766,
    0.9766,
    0.9766,
    0.9766,
    0.9766,
    0.9766,
    0.9766,
    0.9766,
    0.9766,
    0.9766,
    0.9766,
    0.9766,
    0.9766,
    0.9766,
    0.9766,
    0.9766,
    0.9766,
    0.9766,
    0.9766,
    0.9766,
    0.9766,
    0.9766,
    0.9766,
    0.9766,
    0.9766,
    0.9766,
    0.9766,
    0.9766,
    0.9766,
    0.9766,
    0.9766,
    0.9766,
    0.9766,
    0.9766,
    0.9766,
    0.9766,
    0.9766,
    0.9764,
    0.9766,
    0.9766,
    0.9766,
    0.9766,
    0.9766,
    0.9766,
    0.9766,
    0.9766,
    0.9766,
    0.9766,
    0.9766,
    0.9766,
    0.9766,
    0.9766,
    0.9766,
    0.9766,
    0.9766,
    0.9766,
    0.9766,
    0.9766,
    0.9766,
    0.9766,
    0.9766,
    0.9766,
    0.9766,
    0.9766,
    0.9766,
    0.9766,
    0.9766,
    0.9766,
    0.9766,
    0.9766,
    0.9766,
    0.9766,
    0.9766,
    0.9766,
    0.9766,
    0.9766,
    0.9766,
    0.9766,
    0.9766,
    0.9766,
    0.9766,
    0.9766,
    0.9766,
    0.9766,
    0.9766,
    0.9766,
    0.9766,
    0.9766,
    0.9766,
    0.9766,
    0.9766,
    0.9766,
    0.9766,
    0.9766,
    0.9766
  ],
  "test_acc": [
    0.011903496652141566,
    0.38239982995004784,
    0.3838877670315655,
    0.3838877670315655,
    0.38441917313210755,
    0.3854819853331916,
    0.3847380167924328,
    0.3835689233712403,
    0.38314379849080665,
    0.38399404825167394,
    0.38282495483048146,
    0.3842066106918907,
    0.3833563609310235,
    0.38452545435221597,
    0.38325007971091507,
    0.38325007971091507,
    0.3826123923902646,
    0.38314379849080665,
    0.38431289191199913,
    0.3837814858114571,
    0.3838877670315655,
    0.38399404825167394,
    0.3833563609310235,
    0.38282495483048146,
    0.3826123923902646,
    0.3834626421511319,
    0.3833563609310235,
    0.3836752045913487,
    0.38239982995004784,
    0.3830375172706983,
    0.3829312360505899,
    0.38250611117015626,
    0.38410032947178235,
    0.38431289191199913,
    0.38271867361037304,
    0.38282495483048146,
    0.38282495483048146,
    0.3837814858114571,
    0.38410032947178235,
    0.3836752045913487,
    0.3836752045913487,
    0.38399404825167394,
    0.38399404825167394,
    0.3833563609310235,
    0.3829312360505899,
    0.38314379849080665,
    0.38452545435221597,
    0.3837814858114571,
    0.38399404825167394,
    0.38441917313210755,
    0.385056860452758,
    0.3837814858114571,
    0.38399404825167394,
    0.3859071102136252,
    0.38452545435221597,
    0.38611967265384206,
    0.3859071102136252,
    0.3847380167924328,
    0.38558826655330003,
    0.3853757041130832,
    0.38399404825167394,
    0.3851631416728664,
    0.38441917313210755,
    0.38569454777340845,
    0.3847380167924328,
    0.38526942289297483,
    0.38452545435221597,
    0.38484429801254116,
    0.3846317355723244,
    0.38611967265384206,
    0.3863322350940589,
    0.3851631416728664,
    0.3863322350940589,
    0.3862259538739505,
    0.38569454777340845,
    0.3859071102136252,
    0.38569454777340845,
    0.3849505792326496,
    0.3854819853331916,
    0.38601339143373364,
    0.38441917313210755,
    0.3864385163141673,
    0.3863322350940589,
    0.3865447975342757,
    0.38601339143373364,
    0.38601339143373364,
    0.3851631416728664,
    0.3867573599744925,
    0.3859071102136252,
    0.3862259538739505,
    0.3865447975342757,
    0.38580082899351686,
    0.3862259538739505,
    0.3867573599744925,
    0.3867573599744925,
    0.38771389095546815,
    0.3866510787543841,
    0.38771389095546815,
    0.3862259538739505,
    0.38728876607503454,
    0.3868636411946009
  ]
}