{
  "epoch": [
    1,
    2000,
    4000,
    6000,
    8000,
    10000,
    12000,
    14000,
    16000,
    18000,
    20000,
    22000,
    24000,
    26000,
    28000,
    30000,
    32000,
    34000,
    36000,
    38000,
    40000,
    42000,
    44000,
    46000,
    48000,
    50000,
    52000,
    54000,
    56000,
    58000,
    60000,
    62000,
    64000,
    66000,
    68000,
    70000,
    72000,
    74000,
    76000,
    78000,
    80000,
    82000,
    84000,
    86000,
    88000,
    90000,
    92000,
    94000,
    96000,
    98000,
    100000,
    102000,
    104000,
    106000,
    108000,
    110000,
    112000,
    114000,
    116000,
    118000,
    120000,
    122000,
    124000,
    126000,
    128000,
    130000,
    132000,
    134000,
    136000,
    138000,
    140000,
    142000,
    144000,
    146000,
    148000,
    150000,
    152000,
    154000,
    156000,
    158000,
    160000,
    162000,
    164000,
    166000,
    168000,
    170000,
    172000,
    174000,
    176000,
    178000,
    180000,
    182000,
    184000,
    186000,
    188000,
    190000,
    192000,
    194000,
    196000,
    198000,
    200000
  ],
  "loss": [
    4.576148128509521,
    0.22145889927692508,
    0.017831764166580978,
    0.01738990018534241,
    0.01718922607813729,
    0.01714373182495474,
    0.017106066988158274,
    0.017069435477798107,
    0.017060466932924463,
    0.017039382321678568,
    0.017035594066925112,
    0.017027681323181606,
    0.01703240587265767,
    0.017028220783837606,
    0.017033605912752683,
    0.01701841180769261,
    0.017013496183697133,
    0.01701957519581483,
    0.017013928462174924,
    0.01701675051598577,
    0.017021496453281725,
    0.017009879735298456,
    0.01701713635183405,
    0.01702038687339518,
    0.017009116543643177,
    0.017005962538917084,
    0.017014234599057817,
    0.017012921502557583,
    0.017020566921973488,
    0.017025421827851096,
    0.01702191006192006,
    0.017019011868658708,
    0.017015670582221355,
    0.01703074176236987,
    0.01701899856107775,
    0.01702903807774128,
    0.017031589304975933,
    0.017028008634694437,
    0.017022025785961886,
    0.017028476957126986,
    0.01702601796653471,
    0.017021144236571854,
    0.017024268830867367,
    0.017032310739997773,
    0.017042679348675302,
    0.017036804851237684,
    0.017042938643996603,
    0.01705306793060341,
    0.01705096392756095,
    0.017054680120458944,
    0.01705229884128785,
    0.01703725770150777,
    0.017048708213085774,
    0.017049772617733105,
    0.01704489987309789,
    0.01705390644606083,
    0.017054042398813182,
    0.017051658751920332,
    0.017055245454033138,
    0.01705942194366362,
    0.01705116137362784,
    0.017050440008781153,
    0.017036339575378225,
    0.017047642425028608,
    0.0170581733195344,
    0.017044592281902443,
    0.017041153758642832,
    0.01704993223695783,
    0.017041469631227664,
    0.017058410577703034,
    0.017058157154644142,
    0.01706114175543771,
    0.017057384829723743,
    0.01706082809357322,
    0.017052627110737375,
    0.01705287993160751,
    0.017053023588191718,
    0.017061228398652747,
    0.01706497706742836,
    0.017067021518555704,
    0.017047634791274323,
    0.017047701472684276,
    0.017052410576259718,
    0.017060571784054627,
    0.017061612396273993,
    0.01706587944677445,
    0.017058906159119216,
    0.01706075210108538,
    0.017061882750922814,
    0.017065326048451242,
    0.017049184243479978,
    0.01705298763734172,
    0.017049921716959217,
    0.01705629508224083,
    0.017054470669737202,
    0.017046023206424434,
    0.017053046185342827,
    0.017066439645893952,
    0.017054688931106718,
    0.01705449307546951,
    0.017048234912223414
  ],
  "train_acc": [
    0.0222,
    0.9892,
    0.9892,
    0.9892,
    0.9892,
    0.9892,
    0.9892,
    0.9892,
    0.9892,
    0.9892,
    0.9892,
    0.9892,
    0.9892,
    0.9892,
    0.9892,
    0.9892,
    0.9892,
    0.9892,
    0.9892,
    0.9892,
    0.9892,
    0.9892,
    0.9892,
    0.9892,
    0.9892,
    0.9892,
    0.9892,
    0.9892,
    0.9892,
    0.9892,
    0.9892,
    0.9892,
    0.9892,
    0.9892,
    0.9892,
    0.9892,
    0.9892,
    0.9892,
    0.9892,
    0.9892,
    0.9892,
    0.9892,
    0.9892,
    0.9892,
    0.9892,
    0.9892,
    0.9892,
    0.9892,
    0.9892,
    0.9892,
    0.9892,
    0.9892,
    0.9892,
    0.9892,
    0.9892,
    0.9892,
    0.9892,
    0.9892,
    0.9892,
    0.9892,
    0.9892,
    0.9892,
    0.9892,
    0.9892,
    0.9892,
    0.9892,
    0.9892,
    0.9892,
    0.9892,
    0.9892,
    0.9892,
    0.9892,
    0.9892,
    0.9892,
    0.9892,
    0.9892,
    0.9892,
    0.9892,
    0.9892,
    0.9892,
    0.9892,
    0.9892,
    0.9892,
    0.9892,
    0.9892,
    0.9892,
    0.9892,
    0.9892,
    0.9892,
    0.9892,
    0.9892,
    0.9892,
    0.9892,
    0.9892,
    0.9892,
    0.9892,
    0.9892,
    0.9892,
    0.9892,
    0.9892,
    0.9892
  ],
  "test_acc": [
    0.012860027633117228,
    0.3987671378467425,
    0.39972366882771815,
    0.4003613561483686,
    0.4005739185885854,
    0.4015304495695611,
    0.400467637368477,
    0.399936231267935,
    0.400467637368477,
    0.40004251248804334,
    0.40014879370815176,
    0.4006801998086938,
    0.40089276224891063,
    0.4011053246891274,
    0.4012116059092358,
    0.4019555744499947,
    0.4021681368902115,
    0.40269954299075356,
    0.40291210543097034,
    0.40301838665107875,
    0.40386863641194604,
    0.4035497927516208,
    0.4036560739717292,
    0.40599426081411416,
    0.40716335423530664,
    0.40801360399617387,
    0.40748219789563184,
    0.40918269741736635,
    0.4119460091401849,
    0.4126899776809438,
    0.4115208842597513,
    0.4139653523222447,
    0.41492188330322033,
    0.4148156020831119,
    0.41672866404506326,
    0.4159846955043044,
    0.4176851950260389,
    0.419279413327665,
    0.42119247528961634,
    0.4225741311510256,
    0.4237432245722181,
    0.4258688489743862,
    0.42778191093633755,
    0.4286321606972048,
    0.4301200977787225,
    0.434690190243384,
    0.43426506536295034,
    0.4364969709852269,
    0.4351153151238176,
    0.4357530024444681,
    0.434690190243384,
    0.4378786268466362,
    0.4411733446699968,
    0.44064193856945477,
    0.4425550005314061,
    0.4456371559145499,
    0.4494632798384525,
    0.44967584227866936,
    0.4515889042406207,
    0.4539270910830056,
    0.45573387182484854,
    0.45881602720799236,
    0.4614730577107025,
    0.463173557232437,
    0.46370496333297906,
    0.4642363694335211,
    0.4676373684769901,
    0.4675310872568817,
    0.46827505579764056,
    0.468912743118291,
    0.4753958975449038,
    0.47688383462642153,
    0.4782654904878308,
    0.4808162397704326,
    0.481453927091083,
    0.4820916144117334,
    0.48389839515357636,
    0.48559889467531087,
    0.4842172388139016,
    0.48474864491444364,
    0.48719311297693696,
    0.487724519077479,
    0.4849612073546604,
    0.484854926134552,
    0.4858114571155277,
    0.4846423636943352,
    0.487724519077479,
    0.48963758103943034,
    0.4886810500584547,
    0.4902752683600808,
    0.48836220639812944,
    0.4878308002975874,
    0.48995642469975553,
    0.4922946115421405,
    0.49261345520246574,
    0.49622701668615155,
    0.49760867254756086,
    0.5019662025720055,
    0.5010096715910298,
    0.5019662025720055,
    0.5073865447975343
  ]
}