{
  "epoch": [
    1,
    2000,
    4000,
    6000,
    8000,
    10000,
    12000,
    14000,
    16000,
    18000,
    20000,
    22000,
    24000,
    26000,
    28000,
    30000,
    32000,
    34000,
    36000,
    38000,
    40000,
    42000,
    44000,
    46000,
    48000,
    50000,
    52000,
    54000,
    56000,
    58000,
    60000,
    62000,
    64000,
    66000,
    68000,
    70000,
    72000,
    74000,
    76000,
    78000,
    80000,
    82000,
    84000,
    86000,
    88000,
    90000,
    92000,
    94000,
    96000,
    98000,
    100000,
    102000,
    104000,
    106000,
    108000,
    110000,
    112000,
    114000,
    116000,
    118000,
    120000,
    122000,
    124000,
    126000,
    128000,
    130000,
    132000,
    134000,
    136000,
    138000,
    140000,
    142000,
    144000,
    146000,
    148000,
    150000,
    152000,
    154000,
    156000,
    158000,
    160000,
    162000,
    164000,
    166000,
    168000,
    170000,
    172000,
    174000,
    176000,
    178000,
    180000,
    182000,
    184000,
    186000,
    188000,
    190000,
    192000,
    194000,
    196000,
    198000,
    200000
  ],
  "loss": [
    4.576262617111206,
    0.2013456769010903,
    1.0031717867427402e-06,
    2.4431852581088264e-07,
    2.2884836054970492e-07,
    2.204421443380511e-07,
    2.1928204624259706e-07,
    2.2252064070116263e-07,
    2.2972169601516158e-07,
    2.3553521840682378e-07,
    0.0001167803724210735,
    5.471320663588131e-07,
    0.00019909962280918947,
    2.118411978651835e-06,
    0.00023318169587780915,
    1.2447972230539506e-06,
    0.0001655452600399954,
    0.00014866998062913837,
    4.829597369722904e-06,
    0.00028233152082260204,
    5.867300496115035e-06,
    0.00022706020225811657,
    0.0001628001146051119,
    5.2218895308200785e-06,
    0.0002274495597341243,
    4.8853044321973015e-06,
    0.00027185927782282204,
    0.0001370931464860014,
    4.531789764770622e-06,
    0.00014951551359736328,
    9.950215341209727e-05,
    4.2172078167880045e-06,
    0.00012080022098302692,
    2.407550343658471e-06,
    0.00017978371914297071,
    0.00015500112354507677,
    4.1823794578427e-06,
    0.00020444275043340597,
    0.0002665182305139382,
    5.789073887855523e-06,
    0.00035524806419922256,
    4.530235055312914e-06,
    0.0001698109667919553,
    0.0002621087264933571,
    5.271853265196569e-06,
    0.00018392291375523583,
    0.0001380469411039904,
    3.845808286937568e-06,
    0.00027820889206851406,
    0.0002077312802799824,
    5.513581041247307e-06,
    0.0002501038605024647,
    0.00016291667403489925,
    4.983209549472889e-06,
    0.0001830803071739048,
    0.00015128886755705936,
    4.594632365540008e-06,
    0.00012038361055496552,
    0.000121586728934264,
    4.106131998474183e-06,
    9.351882086772249e-05,
    0.0001540730891284902,
    3.377218466788179e-06,
    0.00027195496123241867,
    0.00012990863754461942,
    3.4614187570319642e-06,
    0.0002157710661358614,
    0.00015232344164033124,
    4.275868993725851e-06,
    0.00018688045865868829,
    0.00018334780311515572,
    4.1766828294377945e-06,
    0.00012675837135245303,
    0.00023448708759752322,
    4.442967382049546e-06,
    0.00012193740417079439,
    0.00016513553341754276,
    2.552345196314576e-06,
    0.0001651667942566732,
    0.0001742839604554156,
    3.1170763186672447e-06,
    0.0002551662373128977,
    0.00010735719670054422,
    0.00013849362048424396,
    4.5566800155718565e-06,
    0.00018622923936009457,
    0.00018151588986458194,
    4.703655237156568e-06,
    0.00020436190142437524,
    2.0582422218737405e-06,
    0.0003221026774080123,
    0.00017324618586979384,
    2.6416833811282457e-06,
    0.00018539699138050452,
    0.00025707907364555993,
    3.125807261154989e-06,
    0.00020312901411748214,
    0.00015568049119742895,
    2.595780880911036e-06,
    0.00018521616166418511,
    0.00011014829542647676
  ],
  "train_acc": [
    0.0212,
    1.0,
    1.0,
    1.0,
    1.0,
    1.0,
    1.0,
    1.0,
    1.0,
    1.0,
    1.0,
    1.0,
    1.0,
    1.0,
    1.0,
    1.0,
    1.0,
    1.0,
    1.0,
    1.0,
    1.0,
    1.0,
    1.0,
    1.0,
    1.0,
    1.0,
    1.0,
    1.0,
    1.0,
    1.0,
    1.0,
    1.0,
    1.0,
    1.0,
    1.0,
    1.0,
    1.0,
    1.0,
    1.0,
    1.0,
    1.0,
    1.0,
    1.0,
    1.0,
    1.0,
    1.0,
    1.0,
    1.0,
    1.0,
    1.0,
    1.0,
    1.0,
    1.0,
    1.0,
    1.0,
    1.0,
    1.0,
    1.0,
    1.0,
    1.0,
    1.0,
    1.0,
    1.0,
    1.0,
    1.0,
    1.0,
    1.0,
    1.0,
    1.0,
    1.0,
    1.0,
    1.0,
    1.0,
    1.0,
    1.0,
    1.0,
    1.0,
    1.0,
    1.0,
    1.0,
    1.0,
    1.0,
    1.0,
    1.0,
    1.0,
    1.0,
    1.0,
    1.0,
    1.0,
    1.0,
    1.0,
    1.0,
    1.0,
    1.0,
    1.0,
    1.0,
    1.0,
    1.0,
    1.0,
    1.0,
    1.0
  ],
  "test_acc": [
    0.012328621532575194,
    0.37527898820278455,
    0.3757041130832182,
    0.376448081623977,
    0.3776171750451695,
    0.3784674248060368,
    0.3817621426293974,
    0.388457859496227,
    0.39823573174620047,
    0.4142841959825699,
    0.428419598256988,
    0.44808162397704326,
    0.4623233074715698,
    0.4732702731427357,
    0.4886810500584547,
    0.5046232330747157,
    0.519608885110001,
    0.531087256881709,
    0.5403337230311404,
    0.5524497821234988,
    0.565309809756616,
    0.5793389308109257,
    0.564246997555532,
    0.600063768732065,
    0.6021893931342331,
    0.6054841109575938,
    0.6197257944521203,
    0.6200446381124455,
    0.6283345732809013,
    0.6396003826123924,
    0.6263152300988415,
    0.649165692422149,
    0.6576681900308216,
    0.6507599107237751,
    0.6671272186204698,
    0.6699968115633967,
    0.6659581251992773,
    0.6740354979275162,
    0.6614943139547242,
    0.6844510574981401,
    0.6855138696992241,
    0.686789244340525,
    0.6926347114464874,
    0.6963545541502817,
    0.695929429269848,
    0.7039005207779785,
    0.7041130832181953,
    0.7001806780741843,
    0.7091083005632904,
    0.7088957381230736,
    0.7103836752045913,
    0.7154851737697949,
    0.711340206185567,
    0.7154851737697949,
    0.7221808906366245,
    0.7156977362100116,
    0.7236688277181422,
    0.7273886704219364,
    0.7261132957806355,
    0.7243065150387926,
    0.7304708258050803,
    0.7338718248485493,
    0.7291954511637794,
    0.7419491975767882,
    0.7427994473376555,
    0.7333404187480073,
    0.742693166117547,
    0.7406738229354873,
    0.7395047295142948,
    0.7467318524816665,
    0.7477946646827506,
    0.7420554787968966,
    0.7472632585822085,
    0.7533212881283877,
    0.7475821022425337,
    0.7520459134870868,
    0.7574662557126156,
    0.746625571261558,
    0.758635349133808,
    0.7598044425550006,
    0.7522584759273037,
    0.7617175045169519,
    0.7613986608566267,
    0.7524710383675205,
    0.7610798171963015,
    0.7678818152832394,
    0.7433308534381975,
    0.7657561908810713,
    0.7692634711446488,
    0.7601232862153258,
    0.7691571899245403,
    0.772983313848443,
    0.7623551918376023,
    0.7720267828674673,
    0.7717079392071421,
    0.7623551918376023,
    0.7746838133701774,
    0.77585290679137,
    0.7617175045169519,
    0.7707514082261664,
    0.772983313848443
  ]
}