{
  "epoch": [
    1,
    2000,
    4000,
    6000,
    8000,
    10000,
    12000,
    14000,
    16000,
    18000,
    20000,
    22000,
    24000,
    26000,
    28000,
    30000,
    32000,
    34000,
    36000,
    38000,
    40000,
    42000,
    44000,
    46000,
    48000,
    50000,
    52000,
    54000,
    56000,
    58000,
    60000,
    62000,
    64000,
    66000,
    68000,
    70000,
    72000,
    74000,
    76000,
    78000,
    80000,
    82000,
    84000,
    86000,
    88000,
    90000,
    92000,
    94000,
    96000,
    98000,
    100000,
    102000,
    104000,
    106000,
    108000,
    110000,
    112000,
    114000,
    116000,
    118000,
    120000,
    122000,
    124000,
    126000,
    128000,
    130000,
    132000,
    134000,
    136000,
    138000,
    140000,
    142000,
    144000,
    146000,
    148000,
    150000,
    152000,
    154000,
    156000,
    158000,
    160000,
    162000,
    164000,
    166000,
    168000,
    170000,
    172000,
    174000,
    176000,
    178000,
    180000,
    182000,
    184000,
    186000,
    188000,
    190000,
    192000,
    194000,
    196000,
    198000,
    200000
  ],
  "loss": [
    4.576222896575928,
    0.262691397653737,
    0.05162240368081257,
    0.050758516686968506,
    0.05007448113402352,
    0.04955341158388182,
    0.049161302510648965,
    0.048861757212411615,
    0.04861621797094121,
    0.04839150392636657,
    0.04818827954120934,
    0.04803020842885598,
    0.047832702440395954,
    0.047649148303363476,
    0.04739372160034254,
    0.047123722519818695,
    0.04682409317633137,
    0.04663925957418978,
    0.046471230220329014,
    0.04636090898951516,
    0.046330206628516314,
    0.04628633641982451,
    0.046277519560977816,
    0.046322446547541765,
    0.04635737999426201,
    0.04636036835061386,
    0.04635872973632067,
    0.046377857623249294,
    0.04638328442713246,
    0.04639747693138197,
    0.04638230892531574,
    0.04638221329636872,
    0.04635705881062895,
    0.04638129717931151,
    0.0463886305520311,
    0.04634676089836284,
    0.046316043405327946,
    0.04635931910928339,
    0.046369603322353216,
    0.04638358541112393,
    0.046357993611693384,
    0.0463277782805264,
    0.04632886299621314,
    0.046350475356075914,
    0.04632891851365566,
    0.04633512445287779,
    0.046353465462243185,
    0.04633232086505741,
    0.046330353753780945,
    0.04631070840293541,
    0.04629065023008734,
    0.046325140306260434,
    0.04633288725689053,
    0.046310408082138745,
    0.04631473072823137,
    0.04627435680245981,
    0.046308652932476255,
    0.04632061362443492,
    0.0463581929913722,
    0.046304262062348424,
    0.04631692178342491,
    0.04629869778072462,
    0.046290483885118736,
    0.04624991937037557,
    0.046275138350948694,
    0.046293247135914865,
    0.046303434920031576,
    0.04634054827541113,
    0.04633821161556989,
    0.04631262213047594,
    0.04631255262084305,
    0.04631771869836375,
    0.04632333357990719,
    0.04629390214346349,
    0.04627692302167415,
    0.04629330840846524,
    0.04628893622914329,
    0.04628921469543129,
    0.046296017221733925,
    0.046307967344485224,
    0.046294731561932714,
    0.046328176957927646,
    0.04631167222647928,
    0.04628205847600475,
    0.0463180381427519,
    0.04633170832544565,
    0.04632894850755111,
    0.04630863195536658,
    0.046344815723598005,
    0.046346611915528774,
    0.04634964766688645,
    0.046332887843158095,
    0.046301446004398165,
    0.04631843838030472,
    0.04634148486945778,
    0.046337121376860885,
    0.04634985763439908,
    0.046335316031146795,
    0.04628266111863777,
    0.04624487012866885,
    0.04629292573062703
  ],
  "train_acc": [
    0.0176,
    0.9698,
    0.9698,
    0.9698,
    0.9698,
    0.9698,
    0.9698,
    0.9698,
    0.9698,
    0.9698,
    0.9698,
    0.9698,
    0.9698,
    0.9698,
    0.9698,
    0.9698,
    0.9698,
    0.9698,
    0.9698,
    0.9698,
    0.9698,
    0.9698,
    0.9698,
    0.9698,
    0.9698,
    0.9698,
    0.9698,
    0.9698,
    0.9698,
    0.9698,
    0.9698,
    0.9698,
    0.9698,
    0.9698,
    0.9698,
    0.9698,
    0.9698,
    0.9698,
    0.9698,
    0.9698,
    0.9698,
    0.9698,
    0.9698,
    0.9698,
    0.9698,
    0.9698,
    0.9698,
    0.9698,
    0.9698,
    0.9698,
    0.9698,
    0.9698,
    0.9698,
    0.9698,
    0.9698,
    0.9698,
    0.9698,
    0.9698,
    0.9698,
    0.9698,
    0.9698,
    0.9698,
    0.9698,
    0.9698,
    0.9698,
    0.9698,
    0.9698,
    0.9698,
    0.9698,
    0.9698,
    0.9698,
    0.9698,
    0.9698,
    0.9698,
    0.9698,
    0.9698,
    0.9698,
    0.9698,
    0.9698,
    0.9698,
    0.9698,
    0.9698,
    0.9698,
    0.9698,
    0.9698,
    0.9698,
    0.9698,
    0.9698,
    0.9698,
    0.9698,
    0.9698,
    0.9698,
    0.9698,
    0.9698,
    0.9698,
    0.9698,
    0.9698,
    0.9698,
    0.9698,
    0.9698,
    0.9698
  ],
  "test_acc": [
    0.01115952811138272,
    0.38696992241470934,
    0.3870762036348177,
    0.38728876607503454,
    0.38739504729514296,
    0.38760760973535974,
    0.3875013285152514,
    0.3867573599744925,
    0.3881390158359018,
    0.38760760973535974,
    0.3867573599744925,
    0.3865447975342757,
    0.3871824848549261,
    0.3875013285152514,
    0.38696992241470934,
    0.3870762036348177,
    0.3867573599744925,
    0.38760760973535974,
    0.38771389095546815,
    0.38760760973535974,
    0.38696992241470934,
    0.38760760973535974,
    0.3866510787543841,
    0.38739504729514296,
    0.3866510787543841,
    0.3868636411946009,
    0.38728876607503454,
    0.3864385163141673,
    0.38856414071633544,
    0.38888298437666063,
    0.38760760973535974,
    0.38867042193644386,
    0.38739504729514296,
    0.3881390158359018,
    0.38771389095546815,
    0.3875013285152514,
    0.38739504729514296,
    0.38771389095546815,
    0.38856414071633544,
    0.38867042193644386,
    0.3887767031565522,
    0.38888298437666063,
    0.3895206716973111,
    0.388457859496227,
    0.3883515782761186,
    0.38941439047720267,
    0.3880327346157934,
    0.3897332341375279,
    0.3880327346157934,
    0.3892018280369859,
    0.3887767031565522,
    0.388457859496227,
    0.3887767031565522,
    0.3899457965777447,
    0.38856414071633544,
    0.39037092145817837,
    0.38782017217557657,
    0.38739504729514296,
    0.3897332341375279,
    0.39026464023806995,
    0.38909554681687747,
    0.3915400148793708,
    0.391327452439154,
    0.3896269529174195,
    0.39047720267828673,
    0.3911148899989372,
    0.38930810925709425,
    0.39015835901796153,
    0.39058348389839515,
    0.39355935806143055,
    0.3926028270804549,
    0.39270910830056327,
    0.3928153895206717,
    0.3916462960994792,
    0.39270910830056327,
    0.39228398342012966,
    0.3945158890424062,
    0.3924965458603465,
    0.3930279519608885,
    0.3928153895206717,
    0.39196513975980446,
    0.39366563928153897,
    0.39345307684132214,
    0.3926028270804549,
    0.3940907641619726,
    0.39398448294186417,
    0.3946221702625146,
    0.3945158890424062,
    0.3940907641619726,
    0.3953661388032735,
    0.39345307684132214,
    0.39483473270273145,
    0.3956849824635987,
    0.3958975449038155,
    0.39547242002338184,
    0.39802316930598364,
    0.3979168880858752,
    0.39642895100435754,
    0.39929854394728453,
    0.39717291954511635,
    0.397066638325008
  ]
}