{
  "epoch": [
    1,
    2000,
    4000,
    6000,
    8000,
    10000,
    12000,
    14000,
    16000,
    18000,
    20000,
    22000,
    24000,
    26000,
    28000,
    30000,
    32000,
    34000,
    36000,
    38000,
    40000,
    42000,
    44000,
    46000,
    48000,
    50000,
    52000,
    54000,
    56000,
    58000,
    60000,
    62000,
    64000,
    66000,
    68000,
    70000,
    72000,
    74000,
    76000,
    78000,
    80000,
    82000,
    84000,
    86000,
    88000,
    90000,
    92000,
    94000,
    96000,
    98000,
    100000,
    102000,
    104000,
    106000,
    108000,
    110000,
    112000,
    114000,
    116000,
    118000,
    120000,
    122000,
    124000,
    126000,
    128000,
    130000,
    132000,
    134000,
    136000,
    138000,
    140000,
    142000,
    144000,
    146000,
    148000,
    150000,
    152000,
    154000,
    156000,
    158000,
    160000,
    162000,
    164000,
    166000,
    168000,
    170000,
    172000,
    174000,
    176000,
    178000,
    180000,
    182000,
    184000,
    186000,
    188000,
    190000,
    192000,
    194000,
    196000,
    198000,
    200000
  ],
  "loss": [
    4.576419830322266,
    0.23030214468420218,
    0.023177147841686382,
    0.022666974046290853,
    0.02234796487984713,
    0.022159904763125814,
    0.022090388797142077,
    0.02205903231832199,
    0.02202974372156896,
    0.02200363750162069,
    0.022005711684812558,
    0.02201575357064139,
    0.021999681919277647,
    0.022007243577146438,
    0.02200008748747641,
    0.021997381191363092,
    0.021992395251779817,
    0.02199159409585991,
    0.02197051663105376,
    0.02197204971718602,
    0.021984176189126448,
    0.021969821838720236,
    0.02197830245440127,
    0.02198606749542523,
    0.021992955550318584,
    0.0219949048246257,
    0.021977175133000126,
    0.021975610152748414,
    0.02196546880286187,
    0.021972324156679678,
    0.02198043957455084,
    0.021976149165316018,
    0.0219696331521729,
    0.02196993001450319,
    0.021964346688962542,
    0.021975265706935896,
    0.02198098908603424,
    0.021969032134476582,
    0.02195858182194643,
    0.021967029802297474,
    0.021966444911016153,
    0.021976474969508126,
    0.021976861851569267,
    0.02196458451380022,
    0.02196622112855548,
    0.02196802100620698,
    0.021977947946439962,
    0.021973590237810276,
    0.02197654208666645,
    0.02197386253089644,
    0.021980775054497644,
    0.021981215615343535,
    0.021995707536139525,
    0.021986577026615852,
    0.02197826898889616,
    0.02196966379804071,
    0.02197251038751565,
    0.02198468328511808,
    0.02199102170786355,
    0.02197946375665488,
    0.021974468723265455,
    0.021975711046066135,
    0.02198265828595031,
    0.02197960186644923,
    0.021992372124339455,
    0.021999801313632633,
    0.021986877099028787,
    0.022001424614829013,
    0.02201520889813546,
    0.021998688020941334,
    0.021999013386736623,
    0.021991321409947705,
    0.02199054764000466,
    0.02199889974393882,
    0.02200454285314772,
    0.021993338365119415,
    0.022005139382940252,
    0.02199792672013864,
    0.02201064917347394,
    0.02200582253986504,
    0.02200906589711085,
    0.022012817216548138,
    0.022035435401287395,
    0.02202947669753339,
    0.022028127905447035,
    0.022012944031390362,
    0.02201685316974763,
    0.022000894159497693,
    0.0220176012635231,
    0.022010019784013277,
    0.022012101407768204,
    0.022016837375692558,
    0.022013780487980694,
    0.022027468961081466,
    0.022027602494042366,
    0.022003798850683962,
    0.022011486774776132,
    0.022020150474610273,
    0.022003594808268828,
    0.02200975704875309,
    0.022013816450187004
  ],
  "train_acc": [
    0.019,
    0.9854,
    0.9854,
    0.9854,
    0.9854,
    0.9854,
    0.9854,
    0.9854,
    0.9854,
    0.9854,
    0.9854,
    0.9854,
    0.9854,
    0.9854,
    0.9854,
    0.9854,
    0.9854,
    0.9854,
    0.9854,
    0.9854,
    0.9854,
    0.9854,
    0.9854,
    0.9854,
    0.9854,
    0.9854,
    0.9854,
    0.9854,
    0.9854,
    0.9854,
    0.9854,
    0.9854,
    0.9854,
    0.9854,
    0.9854,
    0.9854,
    0.9854,
    0.9854,
    0.9854,
    0.9854,
    0.9854,
    0.9854,
    0.9854,
    0.9854,
    0.9854,
    0.9854,
    0.9854,
    0.9854,
    0.9854,
    0.9854,
    0.9854,
    0.9854,
    0.9854,
    0.9854,
    0.9854,
    0.9854,
    0.9854,
    0.9854,
    0.9854,
    0.9854,
    0.9854,
    0.9854,
    0.9854,
    0.9854,
    0.9854,
    0.9854,
    0.9854,
    0.9854,
    0.9854,
    0.9854,
    0.9854,
    0.9854,
    0.9854,
    0.9854,
    0.9854,
    0.9854,
    0.9854,
    0.9854,
    0.9854,
    0.9854,
    0.9854,
    0.9854,
    0.9854,
    0.9854,
    0.9854,
    0.9854,
    0.9854,
    0.9854,
    0.9854,
    0.9854,
    0.9854,
    0.9854,
    0.9854,
    0.9854,
    0.9854,
    0.9854,
    0.9854,
    0.9854,
    0.9854,
    0.9854,
    0.9854
  ],
  "test_acc": [
    0.011372090551599533,
    0.39727920076522477,
    0.39802316930598364,
    0.3990859815070677,
    0.39844829418641725,
    0.39844829418641725,
    0.39802316930598364,
    0.39759804442555,
    0.39759804442555,
    0.3978106068657668,
    0.39759804442555,
    0.3977043256456584,
    0.39823573174620047,
    0.39972366882771815,
    0.39982995004782657,
    0.3990859815070677,
    0.3986608566266341,
    0.39855457540652567,
    0.39961738760760973,
    0.3989797002869593,
    0.39812945052609205,
    0.40004251248804334,
    0.39982995004782657,
    0.3994048251673929,
    0.4005739185885854,
    0.4015304495695611,
    0.40099904346901905,
    0.4007864810288022,
    0.40099904346901905,
    0.4018492932298863,
    0.4039749176320544,
    0.4022744181103199,
    0.4021681368902115,
    0.4035497927516208,
    0.40333723031140395,
    0.4037623551918376,
    0.40312466787118717,
    0.4039749176320544,
    0.40450632373259643,
    0.4061005420342226,
    0.4049314486130301,
    0.40429376129237965,
    0.40503772983313846,
    0.4052502922733553,
    0.4049314486130301,
    0.407269635455415,
    0.40546285471357213,
    0.4064193856945478,
    0.4082261664363907,
    0.40769476033584867,
    0.4097141035179084,
    0.40758847911574025,
    0.4086512913168243,
    0.4089701349771495,
    0.40928897863747477,
    0.4098203847380168,
    0.4109894781592093,
    0.41120204059942606,
    0.4114146030396429,
    0.41375278988202785,
    0.41332766500159424,
    0.4139653523222447,
    0.41534700818365394,
    0.41492188330322033,
    0.4163035391646296,
    0.4191731321075566,
    0.41949197576788183,
    0.4189605696673398,
    0.41747263258582207,
    0.4176851950260389,
    0.419279413327665,
    0.42023594430864064,
    0.419279413327665,
    0.4214050377298331,
    0.42151131894994154,
    0.4242746306727601,
    0.4253374428738442,
    0.428419598256988,
    0.4267190987352535,
    0.4279944733765544,
    0.4292698480178552,
    0.42810075459666275,
    0.4301200977787225,
    0.4316080348602402,
    0.43235200340099905,
    0.43394622170262515,
    0.4329896907216495,
    0.4363906897651185,
    0.4367095334254437,
    0.43883515782761184,
    0.44138590711021364,
    0.4383037517270698,
    0.44021681368902116,
    0.44149218833032206,
    0.4415984695504304,
    0.44138590711021364,
    0.4428738441917313,
    0.4423424380911893,
    0.4408545010096716,
    0.43851631416728665,
    0.44149218833032206
  ]
}