{
  "epoch": [
    1,
    2000,
    4000,
    6000,
    8000,
    10000,
    12000,
    14000,
    16000,
    18000,
    20000,
    22000,
    24000,
    26000,
    28000,
    30000,
    32000,
    34000,
    36000,
    38000,
    40000,
    42000,
    44000,
    46000,
    48000,
    50000,
    52000,
    54000,
    56000,
    58000,
    60000,
    62000,
    64000,
    66000,
    68000,
    70000,
    72000,
    74000,
    76000,
    78000,
    80000,
    82000,
    84000,
    86000,
    88000,
    90000,
    92000,
    94000,
    96000,
    98000,
    100000,
    102000,
    104000,
    106000,
    108000,
    110000,
    112000,
    114000,
    116000,
    118000,
    120000,
    122000,
    124000,
    126000,
    128000,
    130000,
    132000,
    134000,
    136000,
    138000,
    140000,
    142000,
    144000,
    146000,
    148000,
    150000,
    152000,
    154000,
    156000,
    158000,
    160000,
    162000,
    164000,
    166000,
    168000,
    170000,
    172000,
    174000,
    176000,
    178000,
    180000,
    182000,
    184000,
    186000,
    188000,
    190000,
    192000,
    194000,
    196000,
    198000,
    200000
  ],
  "loss": [
    4.574870967864991,
    0.20620702678985975,
    1.070002353258559e-06,
    2.49726562477548e-07,
    2.3443719894160608e-07,
    2.2037144355948612e-07,
    2.1941656565545032e-07,
    2.1953428917669272e-07,
    2.1911603198958573e-07,
    2.2328590312881147e-07,
    0.0001673167665542536,
    5.914582478078501e-06,
    6.733825819926907e-05,
    9.412175319937432e-07,
    0.00015402706566551246,
    1.5100665738316366e-06,
    0.00014887856289178174,
    0.00020479079528958692,
    5.370388322859299e-06,
    0.00017888368571668495,
    4.0886013926972e-06,
    0.0003172046374558178,
    0.00018916789535773618,
    4.945976888333803e-06,
    0.0002531477565139944,
    2.629156730895232e-06,
    0.0002743944501630331,
    0.00022137558244886434,
    3.990234242129986e-06,
    0.000259786372841252,
    0.00016728087962383,
    3.599026219425383e-06,
    0.00015002029381140574,
    0.00022902798850898875,
    4.086457428839196e-06,
    0.0002214898314573972,
    0.0002932722456547189,
    4.951909912567487e-06,
    0.00015516756019831916,
    0.00016299112594124167,
    2.736008096904641e-06,
    0.0002519345359956475,
    0.0001772580886147246,
    0.0002310291174182744,
    5.048465195683605e-06,
    0.00015368290895066962,
    0.00011010784995281923,
    3.3968527498210223e-06,
    0.00028598051175652016,
    0.00015486684713218537,
    4.086378176405248e-06,
    0.00019579530503956733,
    0.00015874315870392834,
    0.00014625702782391413,
    4.427778475832156e-06,
    0.00020502382525292405,
    0.0002535370385339192,
    5.09238888657535e-06,
    0.00014208714353494543,
    0.00014846130582288168,
    3.974405709026741e-06,
    0.0002389603810152643,
    0.0001329228527070306,
    2.2351975457326036e-06,
    0.00027216698482607384,
    0.00017822224582796976,
    0.00018242644219131207,
    4.853528707312194e-06,
    0.00016283298776615851,
    0.00019546638549505674,
    4.762749357085738e-06,
    0.0002602461161386557,
    0.0001734000938919742,
    4.142409414967574e-06,
    0.00011986452258428883,
    0.00014004452986025341,
    0.00019399952283744498,
    4.8279239765506075e-06,
    0.0001443922579331918,
    0.00024347087679085604,
    5.0645092840646555e-06,
    0.00014005596668177915,
    0.00023288187409484777,
    4.647656400680233e-06,
    0.00034196984884790355,
    0.0002069018478894371,
    4.117043870086689e-06,
    0.00018938815797938134,
    0.00019508188738748017,
    2.82874440513865e-06,
    0.000302552621456482,
    0.00020680961723741048,
    0.00019965821363621928,
    4.806579562081481e-06,
    0.00013807668581255044,
    0.00031306728855593635,
    5.326658942506413e-06,
    0.00018467254961804897,
    0.00020097659783000453,
    4.3583273840695826e-06,
    0.00012510907365025474
  ],
  "train_acc": [
    0.02,
    1.0,
    1.0,
    1.0,
    1.0,
    1.0,
    1.0,
    1.0,
    1.0,
    1.0,
    1.0,
    1.0,
    1.0,
    1.0,
    1.0,
    1.0,
    1.0,
    1.0,
    1.0,
    1.0,
    1.0,
    1.0,
    1.0,
    1.0,
    1.0,
    1.0,
    1.0,
    1.0,
    1.0,
    1.0,
    1.0,
    1.0,
    1.0,
    1.0,
    1.0,
    1.0,
    1.0,
    1.0,
    1.0,
    1.0,
    1.0,
    1.0,
    1.0,
    1.0,
    1.0,
    1.0,
    1.0,
    1.0,
    1.0,
    1.0,
    1.0,
    1.0,
    1.0,
    1.0,
    1.0,
    1.0,
    1.0,
    1.0,
    1.0,
    1.0,
    1.0,
    1.0,
    1.0,
    1.0,
    1.0,
    1.0,
    1.0,
    1.0,
    1.0,
    1.0,
    1.0,
    1.0,
    1.0,
    1.0,
    1.0,
    1.0,
    1.0,
    1.0,
    1.0,
    1.0,
    1.0,
    1.0,
    1.0,
    1.0,
    1.0,
    1.0,
    1.0,
    1.0,
    1.0,
    1.0,
    1.0,
    1.0,
    1.0,
    1.0,
    1.0,
    1.0,
    1.0,
    1.0,
    1.0,
    1.0,
    1.0
  ],
  "test_acc": [
    0.011690934211924752,
    0.39037092145817837,
    0.39068976511850356,
    0.3911148899989372,
    0.3915400148793708,
    0.3932405144011053,
    0.39642895100435754,
    0.4021681368902115,
    0.4126899776809438,
    0.4302263789988309,
    0.44956956105856094,
    0.4836858327133596,
    0.5079179508980763,
    0.5374641300882134,
    0.5690296524604103,
    0.6015517058135827,
    0.6323732596450208,
    0.6546923158677862,
    0.6772239345307685,
    0.6931661175470294,
    0.7067701137209055,
    0.7264321394409607,
    0.7305771070251886,
    0.7492826017642683,
    0.7611860984164098,
    0.7603358486555426,
    0.7814858114571155,
    0.7861621851418854,
    0.7871187161228611,
    0.8042299925603146,
    0.8098628972260602,
    0.8026357742586885,
    0.8141141460303964,
    0.8204910192369008,
    0.8161334892124562,
    0.829950047826549,
    0.8336698905303432,
    0.8301626102667659,
    0.8369646083537039,
    0.8406844510574981,
    0.8276118609841641,
    0.8473801679243278,
    0.850037198427038,
    0.8132638962695292,
    0.8522691040493144,
    0.8564140716335423,
    0.8567329152938675,
    0.8457859496227017,
    0.8593899457965778,
    0.8605590392177702,
    0.8579020087150601,
    0.8641726007014561,
    0.8666170687639494,
    0.8489743862259539,
    0.8645977255818896,
    0.8726750983101286,
    0.8574768838346264,
    0.8696992241470932,
    0.8750132851525135,
    0.8732065044106706,
    0.8641726007014561,
    0.8706557551280689,
    0.875650972473164,
    0.8641726007014561,
    0.8744818790519715,
    0.8772451907747901,
    0.836220639812945,
    0.8775640344351153,
    0.8801147837177171,
    0.8615155701987459,
    0.8807524710383675,
    0.8828780954405356,
    0.8844723137421617,
    0.8771389095546817,
    0.8809650334785843,
    0.8851100010628122,
    0.857370602614518,
    0.8839409076416197,
    0.8848974386225954,
    0.8800085024976086,
    0.8844723137421617,
    0.8839409076416197,
    0.8863853757041131,
    0.8856414071633543,
    0.8876607503454139,
    0.8905303432883409,
    0.8808587522584759,
    0.8882984376660644,
    0.8920182803698586,
    0.8824529705601021,
    0.8905303432883409,
    0.8939313423318099,
    0.8744818790519715,
    0.8910617493888829,
    0.8902114996280157,
    0.8720374109894782,
    0.8879795940057392,
    0.8878733127856308,
    0.8905303432883409,
    0.8844723137421617,
    0.8897863747475822
  ]
}