{
  "epoch": [
    1,
    2000,
    4000,
    6000,
    8000,
    10000,
    12000,
    14000,
    16000,
    18000,
    20000,
    22000,
    24000,
    26000,
    28000,
    30000,
    32000,
    34000,
    36000,
    38000,
    40000,
    42000,
    44000,
    46000,
    48000,
    50000,
    52000,
    54000,
    56000,
    58000,
    60000,
    62000,
    64000,
    66000,
    68000,
    70000,
    72000,
    74000,
    76000,
    78000,
    80000,
    82000,
    84000,
    86000,
    88000,
    90000,
    92000,
    94000,
    96000,
    98000,
    100000,
    102000,
    104000,
    106000,
    108000,
    110000,
    112000,
    114000,
    116000,
    118000,
    120000,
    122000,
    124000,
    126000,
    128000,
    130000,
    132000,
    134000,
    136000,
    138000,
    140000,
    142000,
    144000,
    146000,
    148000,
    150000,
    152000,
    154000,
    156000,
    158000,
    160000,
    162000,
    164000,
    166000,
    168000,
    170000,
    172000,
    174000,
    176000,
    178000,
    180000,
    182000,
    184000,
    186000,
    188000,
    190000,
    192000,
    194000,
    196000,
    198000,
    200000
  ],
  "loss": [
    4.57595419883728,
    0.2038446354573636,
    1.0251963099861427e-06,
    2.4250977096826886e-07,
    2.232970642012333e-07,
    2.1862878013507726e-07,
    2.1948596422731727e-07,
    2.2170428370884564e-07,
    2.2630766251481306e-07,
    0.00020252860986323996,
    5.039554363101217e-07,
    0.00025890260158555663,
    0.00010524729280081005,
    4.4510390588961e-06,
    0.0002277981091977125,
    4.773501541286862e-06,
    0.00037552479721430885,
    0.00022114665293963682,
    5.167648001693692e-06,
    0.00017551872765073925,
    0.0001006912263733021,
    3.7588671749198e-06,
    0.00020276542426943606,
    0.0002748416462510455,
    5.382118272920877e-06,
    0.00022996451425009355,
    0.00017525426346692613,
    4.454992721588979e-06,
    0.0001462121478130598,
    0.00022113520674751612,
    4.478564153039599e-06,
    0.00017474110849770028,
    0.0001919780977396748,
    0.00025210494619300406,
    5.645280168776878e-06,
    0.00030073387690571565,
    3.2163009268508346e-06,
    0.00019942002020431672,
    0.00022797649811765624,
    0.00017537097893920902,
    4.701110138495324e-06,
    0.0001517404833933078,
    0.00022123784229157267,
    4.569669876713789e-06,
    0.00026630494384122797,
    0.0002788771645230469,
    4.201299566560834e-06,
    0.00022855933265232976,
    0.00013919582029826144,
    0.00030310094405027995,
    5.810617552441499e-06,
    0.0001375417046990826,
    0.00010646056782830726,
    2.8386526467329533e-06,
    0.00030567949944679143,
    0.00015454541897684778,
    0.00021353368818669553,
    5.106460924108092e-06,
    0.00024255122382298424,
    0.00030498107297613687,
    5.362916958729614e-06,
    0.00015290717578899873,
    0.0002435326068760702,
    4.194187995241805e-06,
    0.00017855330663722597,
    0.00035458844667267115,
    0.00038369864795070467,
    6.313347593136598e-06,
    0.0001563464743769373,
    0.0001468191337815739,
    3.946580129264987e-06,
    0.00015184621065511764,
    0.0002738711016343977,
    0.00016306478017128113,
    4.658201026069264e-06,
    8.025464918500944e-05,
    0.00011196089039358057,
    2.3175497650889552e-06,
    0.00023787648507690023,
    0.000330826172297742,
    0.00020382368507159754,
    4.533747202700767e-06,
    0.00026445339601921346,
    0.00019198782632736595,
    4.470428127125103e-06,
    0.0002093957200832506,
    0.00022824288696572453,
    0.00018682927769210806,
    4.726556513962521e-06,
    0.00014069977823036127,
    0.00022153550938326276,
    4.583447357917691e-06,
    0.00024818595082994716,
    0.00017210832180214694,
    2.1527169235412204e-06,
    0.00035678127246593976,
    0.00027668846559455177,
    0.00024172666251264587,
    4.801524118299483e-06,
    0.00030488223674367916,
    0.00033163128635114205
  ],
  "train_acc": [
    0.017,
    1.0,
    1.0,
    1.0,
    1.0,
    1.0,
    1.0,
    1.0,
    1.0,
    1.0,
    1.0,
    1.0,
    1.0,
    1.0,
    1.0,
    1.0,
    1.0,
    1.0,
    1.0,
    1.0,
    1.0,
    1.0,
    1.0,
    1.0,
    1.0,
    1.0,
    1.0,
    1.0,
    1.0,
    1.0,
    1.0,
    1.0,
    1.0,
    1.0,
    1.0,
    1.0,
    1.0,
    1.0,
    1.0,
    1.0,
    1.0,
    1.0,
    1.0,
    1.0,
    1.0,
    1.0,
    1.0,
    1.0,
    1.0,
    1.0,
    1.0,
    1.0,
    1.0,
    1.0,
    1.0,
    1.0,
    1.0,
    1.0,
    1.0,
    1.0,
    1.0,
    1.0,
    1.0,
    1.0,
    1.0,
    1.0,
    1.0,
    1.0,
    1.0,
    1.0,
    1.0,
    1.0,
    1.0,
    1.0,
    1.0,
    1.0,
    1.0,
    1.0,
    1.0,
    1.0,
    1.0,
    1.0,
    1.0,
    1.0,
    1.0,
    1.0,
    1.0,
    1.0,
    1.0,
    1.0,
    1.0,
    1.0,
    1.0,
    1.0,
    1.0,
    1.0,
    1.0,
    1.0,
    1.0,
    1.0,
    1.0
  ],
  "test_acc": [
    0.011797215432033159,
    0.3930279519608885,
    0.3933467956212137,
    0.39377192050164733,
    0.39483473270273145,
    0.3973854819853332,
    0.40471888617281326,
    0.41672866404506326,
    0.44319268785205657,
    0.4709320863003507,
    0.5044106706344988,
    0.5393771920501648,
    0.5737060261451802,
    0.6043150175364013,
    0.6231267934955893,
    0.648634286321607,
    0.6727601232862154,
    0.6783930279519609,
    0.7124030183866511,
    0.7231374216176002,
    0.7346157933893082,
    0.736422574131151,
    0.7548092252099055,
    0.7459878839409076,
    0.770645127006058,
    0.7757466255712615,
    0.7780848124136465,
    0.7795727494951642,
    0.7890317780848124,
    0.7903071527261133,
    0.7924327771282814,
    0.8047613986608566,
    0.8094377723456265,
    0.7567222871718567,
    0.8166648953129982,
    0.8181528323945159,
    0.8089063662450845,
    0.8254862365819959,
    0.8282495483048146,
    0.827080454883622,
    0.8256987990222128,
    0.8313317036879584,
    0.8300563290466575,
    0.8283558295249229,
    0.8369646083537039,
    0.8422786693591242,
    0.8353703900520778,
    0.8450419810819428,
    0.8463173557232437,
    0.804336273780423,
    0.8521628228292061,
    0.8517376979487724,
    0.852906791369965,
    0.8436603252205336,
    0.8558826655330003,
    0.8592836645764693,
    0.8314379849080668,
    0.8586459772558189,
    0.8639600382612392,
    0.8600276331172282,
    0.8626846636199383,
    0.8640663194813476,
    0.8667233499840579,
    0.8608778828780954,
    0.869380380486768,
    0.8708683175682856,
    0.820278456796684,
    0.8728876607503454,
    0.8767137846742481,
    0.8741630353916463,
    0.8696992241470932,
    0.8763949410139228,
    0.8788394090764162,
    0.8637474758210224,
    0.8780954405356574,
    0.8782017217557657,
    0.8808587522584759,
    0.8726750983101286,
    0.8824529705601021,
    0.8827718142204273,
    0.8737379105112126,
    0.8831969391008608,
    0.8875544691253056,
    0.8867042193644383,
    0.8828780954405356,
    0.8861728132638963,
    0.8913805930492082,
    0.8537570411308322,
    0.8895738123073653,
    0.8897863747475822,
    0.8911680306089914,
    0.8879795940057392,
    0.8922308428100755,
    0.8930810925709427,
    0.8841534700818365,
    0.8936124986714847,
    0.8953129981932193,
    0.8825592517802104,
    0.8897863747475822,
    0.8956318418535445,
    0.8959506855138697
  ]
}