{
  "epoch": [
    1,
    2000,
    4000,
    6000,
    8000,
    10000,
    12000,
    14000,
    16000,
    18000,
    20000,
    22000,
    24000,
    26000,
    28000,
    30000,
    32000,
    34000,
    36000,
    38000,
    40000,
    42000,
    44000,
    46000,
    48000,
    50000,
    52000,
    54000,
    56000,
    58000,
    60000,
    62000,
    64000,
    66000,
    68000,
    70000,
    72000,
    74000,
    76000,
    78000,
    80000,
    82000,
    84000,
    86000,
    88000,
    90000,
    92000,
    94000,
    96000,
    98000,
    100000,
    102000,
    104000,
    106000,
    108000,
    110000,
    112000,
    114000,
    116000,
    118000,
    120000,
    122000,
    124000,
    126000,
    128000,
    130000,
    132000,
    134000,
    136000,
    138000,
    140000,
    142000,
    144000,
    146000,
    148000,
    150000,
    152000,
    154000,
    156000,
    158000,
    160000,
    162000,
    164000,
    166000,
    168000,
    170000,
    172000,
    174000,
    176000,
    178000,
    180000,
    182000,
    184000,
    186000,
    188000,
    190000,
    192000,
    194000,
    196000,
    198000,
    200000
  ],
  "loss": [
    4.576359128952026,
    0.27454100458763014,
    0.06275254749478772,
    0.06190258229896426,
    0.06130368289295584,
    0.06089096551425755,
    0.06058733117869124,
    0.06038098057592288,
    0.0602093083598651,
    0.060047893175948414,
    0.05991492429831997,
    0.059766312960907814,
    0.05962956042848527,
    0.05945807139920071,
    0.05932722805906087,
    0.05919435569355264,
    0.05894547457266599,
    0.05872074181307107,
    0.05843018820770085,
    0.05822499109711498,
    0.05810193037046119,
    0.05803631047364324,
    0.05800095961382613,
    0.05798433819236234,
    0.057991465734131636,
    0.05798527520811185,
    0.05798493727557361,
    0.05800250433618203,
    0.05798827042616904,
    0.05797541437745094,
    0.05799225674476474,
    0.05797079652464017,
    0.05797287413924933,
    0.05797729641702026,
    0.05797269533406943,
    0.05798720172140747,
    0.05796128067243844,
    0.057952880014386025,
    0.0579477878337726,
    0.05794973216429353,
    0.05792676269216463,
    0.05796289777811617,
    0.057956155719701204,
    0.05793906451025978,
    0.057937997174263,
    0.05794351171003655,
    0.057925585944298655,
    0.05792272397028282,
    0.057949170566350225,
    0.05791809132369235,
    0.057931317648198456,
    0.05792420695433393,
    0.05791789673380554,
    0.05794734341362491,
    0.05793910461012274,
    0.05790880449619144,
    0.05792224643491208,
    0.05792230937546119,
    0.05791892170393839,
    0.057921635483019054,
    0.057924838583171365,
    0.057938326546736064,
    0.05793194960113615,
    0.0579297799969092,
    0.05792367578446865,
    0.057928921005968005,
    0.05792774759316817,
    0.05790980811137706,
    0.057918960770964624,
    0.05789738128399476,
    0.05792104903338477,
    0.057919501307047906,
    0.057915140597336,
    0.057923692312277855,
    0.05791952343899757,
    0.0579084712928161,
    0.057920396851934494,
    0.05791427873754874,
    0.05790089575573802,
    0.05789862101525068,
    0.05791742612654343,
    0.05792601463329047,
    0.05791269012987613,
    0.057910994852893055,
    0.05791790455002338,
    0.05792181413425133,
    0.0579153942852281,
    0.057907909318897874,
    0.05791617047386244,
    0.05789602456847206,
    0.05789941095784307,
    0.05792263745898381,
    0.057897757201269266,
    0.05790923806102946,
    0.05790012050028891,
    0.05789532891968265,
    0.05788891809461638,
    0.05790481237657368,
    0.05790544271152467,
    0.057897395366989075,
    0.05790995259145275
  ],
  "train_acc": [
    0.0178,
    0.961,
    0.961,
    0.961,
    0.961,
    0.961,
    0.961,
    0.961,
    0.961,
    0.961,
    0.961,
    0.961,
    0.961,
    0.961,
    0.961,
    0.961,
    0.961,
    0.961,
    0.961,
    0.961,
    0.961,
    0.961,
    0.961,
    0.961,
    0.961,
    0.961,
    0.961,
    0.961,
    0.961,
    0.961,
    0.961,
    0.961,
    0.961,
    0.961,
    0.961,
    0.961,
    0.961,
    0.961,
    0.961,
    0.961,
    0.961,
    0.961,
    0.961,
    0.961,
    0.961,
    0.961,
    0.961,
    0.961,
    0.961,
    0.961,
    0.961,
    0.961,
    0.961,
    0.961,
    0.961,
    0.961,
    0.961,
    0.961,
    0.961,
    0.961,
    0.961,
    0.961,
    0.961,
    0.961,
    0.961,
    0.961,
    0.961,
    0.961,
    0.961,
    0.961,
    0.961,
    0.961,
    0.961,
    0.961,
    0.961,
    0.961,
    0.961,
    0.961,
    0.961,
    0.961,
    0.961,
    0.961,
    0.961,
    0.961,
    0.961,
    0.961,
    0.961,
    0.961,
    0.961,
    0.961,
    0.961,
    0.961,
    0.961,
    0.961,
    0.961,
    0.961,
    0.961,
    0.961,
    0.961,
    0.961,
    0.961
  ],
  "test_acc": [
    0.010734403230949091,
    0.3631629291104262,
    0.36422574131151025,
    0.3624189605696673,
    0.36507599107237754,
    0.3635880539908598,
    0.36433202253161867,
    0.36433202253161867,
    0.3647571474120523,
    0.36433202253161867,
    0.3636943352109682,
    0.3634817727707514,
    0.3634817727707514,
    0.3644383037517271,
    0.36454458497183545,
    0.3636943352109682,
    0.36380061643107664,
    0.36560739717291957,
    0.3652885535125943,
    0.36390689765118506,
    0.3635880539908598,
    0.36454458497183545,
    0.363375491550643,
    0.363375491550643,
    0.36507599107237754,
    0.3649697098522691,
    0.36454458497183545,
    0.3632692103305346,
    0.3640131788712934,
    0.36507599107237754,
    0.3632692103305346,
    0.36411946009140184,
    0.3636943352109682,
    0.36454458497183545,
    0.36411946009140184,
    0.36465086619194387,
    0.3652885535125943,
    0.36380061643107664,
    0.3651822722924859,
    0.36454458497183545,
    0.36454458497183545,
    0.36433202253161867,
    0.36454458497183545,
    0.36560739717291957,
    0.3635880539908598,
    0.36433202253161867,
    0.36411946009140184,
    0.36411946009140184,
    0.3635880539908598,
    0.3635880539908598,
    0.36390689765118506,
    0.36433202253161867,
    0.3644383037517271,
    0.36411946009140184,
    0.36411946009140184,
    0.36390689765118506,
    0.3640131788712934,
    0.3644383037517271,
    0.36390689765118506,
    0.3640131788712934,
    0.36539483473270273,
    0.36507599107237754,
    0.36422574131151025,
    0.36550111595281115,
    0.36422574131151025,
    0.3644383037517271,
    0.36411946009140184,
    0.3651822722924859,
    0.36433202253161867,
    0.3652885535125943,
    0.36507599107237754,
    0.36422574131151025,
    0.3647571474120523,
    0.36390689765118506,
    0.3651822722924859,
    0.36411946009140184,
    0.36539483473270273,
    0.36433202253161867,
    0.3647571474120523,
    0.3649697098522691,
    0.36422574131151025,
    0.36433202253161867,
    0.36571367839302793,
    0.3648634286321607,
    0.3647571474120523,
    0.36380061643107664,
    0.36465086619194387,
    0.3648634286321607,
    0.36539483473270273,
    0.36454458497183545,
    0.3651822722924859,
    0.3648634286321607,
    0.36390689765118506,
    0.3636943352109682,
    0.36560739717291957,
    0.3648634286321607,
    0.36592624083324476,
    0.36539483473270273,
    0.36454458497183545,
    0.36571367839302793,
    0.36380061643107664
  ]
}