{
  "epoch": [
    1,
    2000,
    4000,
    6000,
    8000,
    10000,
    12000,
    14000,
    16000,
    18000,
    20000,
    22000,
    24000,
    26000,
    28000,
    30000,
    32000,
    34000,
    36000,
    38000,
    40000,
    42000,
    44000,
    46000,
    48000,
    50000,
    52000,
    54000,
    56000,
    58000,
    60000,
    62000,
    64000,
    66000,
    68000,
    70000,
    72000,
    74000,
    76000,
    78000,
    80000,
    82000,
    84000,
    86000,
    88000,
    90000,
    92000,
    94000,
    96000,
    98000,
    100000,
    102000,
    104000,
    106000,
    108000,
    110000,
    112000,
    114000,
    116000,
    118000,
    120000,
    122000,
    124000,
    126000,
    128000,
    130000,
    132000,
    134000,
    136000,
    138000,
    140000,
    142000,
    144000,
    146000,
    148000,
    150000,
    152000,
    154000,
    156000,
    158000,
    160000,
    162000,
    164000,
    166000,
    168000,
    170000,
    172000,
    174000,
    176000,
    178000,
    180000,
    182000,
    184000,
    186000,
    188000,
    190000,
    192000,
    194000,
    196000,
    198000,
    200000
  ],
  "loss": [
    4.575304317474365,
    0.2582688227878243,
    0.044829470187891275,
    0.0440551183055155,
    0.043591336225904526,
    0.04323791884109378,
    0.04298224590551108,
    0.04274615792026743,
    0.042516876249480993,
    0.04228422091025859,
    0.04211569091277197,
    0.04198129416028969,
    0.04194153723232448,
    0.04190609369445592,
    0.041889028234127906,
    0.04190119093791582,
    0.04191814004248008,
    0.041898146873060614,
    0.041891506105940786,
    0.04189589425516315,
    0.04190205777920782,
    0.04190882259141654,
    0.04191667665690184,
    0.041891875968221574,
    0.04187843245049007,
    0.04186965665826574,
    0.041872872813232244,
    0.04186877085492015,
    0.04185160793932155,
    0.04185915992045775,
    0.04185919834128581,
    0.04187392014604993,
    0.04186226366991177,
    0.041850612455280496,
    0.041841770087229085,
    0.041851504352502525,
    0.04184589600386098,
    0.04184766979669221,
    0.04185079673510045,
    0.041838211823254826,
    0.04186416712985374,
    0.04184187153903767,
    0.04183205595007166,
    0.04183787521100603,
    0.04182814335068688,
    0.04183961986461654,
    0.041848419091571123,
    0.041844003618508575,
    0.04184156290986575,
    0.04184199480814859,
    0.04184209707896225,
    0.04186194807011634,
    0.04185116079649888,
    0.0418432824509684,
    0.04185322374622338,
    0.041844351024134085,
    0.0418428515332751,
    0.04185073937657289,
    0.041857077816966924,
    0.04184246892752126,
    0.04184541668379679,
    0.04185327314366587,
    0.04183589168395847,
    0.041819066635519264,
    0.04183110607676208,
    0.0418517600920517,
    0.0418334872587584,
    0.04183220564415678,
    0.04183669969439507,
    0.04182784866718575,
    0.0418121819077991,
    0.04183600227246061,
    0.04182345207892358,
    0.0418419000769034,
    0.041829922496713697,
    0.04184253693809733,
    0.041835191573295745,
    0.04183567935540341,
    0.0418113183176145,
    0.04182440000073984,
    0.04183775975322351,
    0.04184279144820757,
    0.0418420942791272,
    0.04182733242637478,
    0.04183493466912769,
    0.04185211093602702,
    0.04185033491468057,
    0.041857118667662147,
    0.04185113727664575,
    0.04181900523426011,
    0.0418333801147528,
    0.041826800820045175,
    0.04182175011718646,
    0.04181200592098758,
    0.041828023409098386,
    0.04184446767466143,
    0.041841377186775205,
    0.041828730374574664,
    0.04184696027128957,
    0.04183235871642828,
    0.04183602829077281
  ],
  "train_acc": [
    0.0194,
    0.9722,
    0.9722,
    0.9722,
    0.9722,
    0.9722,
    0.9722,
    0.9722,
    0.972,
    0.9722,
    0.9722,
    0.9722,
    0.9722,
    0.9722,
    0.9722,
    0.9722,
    0.9722,
    0.9722,
    0.9722,
    0.9722,
    0.9722,
    0.9722,
    0.9722,
    0.9722,
    0.9722,
    0.9722,
    0.9722,
    0.9722,
    0.9722,
    0.9722,
    0.9722,
    0.9722,
    0.9722,
    0.9722,
    0.9722,
    0.9722,
    0.9722,
    0.9722,
    0.9722,
    0.9722,
    0.9722,
    0.9722,
    0.9722,
    0.9722,
    0.9722,
    0.9722,
    0.9722,
    0.9722,
    0.9722,
    0.9722,
    0.9722,
    0.9722,
    0.9722,
    0.9722,
    0.9722,
    0.9722,
    0.9722,
    0.9722,
    0.9722,
    0.9722,
    0.9722,
    0.9722,
    0.9722,
    0.9722,
    0.9722,
    0.9722,
    0.9722,
    0.9722,
    0.9722,
    0.9722,
    0.9722,
    0.9722,
    0.9722,
    0.9722,
    0.9722,
    0.9722,
    0.9722,
    0.9722,
    0.9722,
    0.9722,
    0.9722,
    0.9722,
    0.9722,
    0.9722,
    0.9722,
    0.9722,
    0.9722,
    0.9722,
    0.9722,
    0.9722,
    0.9722,
    0.9722,
    0.9722,
    0.9722,
    0.9722,
    0.9722,
    0.9722,
    0.9722,
    0.9722,
    0.9722,
    0.9722
  ],
  "test_acc": [
    0.011053246891274312,
    0.3867573599744925,
    0.3865447975342757,
    0.38782017217557657,
    0.38696992241470934,
    0.3862259538739505,
    0.3866510787543841,
    0.3865447975342757,
    0.38760760973535974,
    0.38611967265384206,
    0.38696992241470934,
    0.3880327346157934,
    0.3867573599744925,
    0.3871824848549261,
    0.3881390158359018,
    0.3882452970560102,
    0.3867573599744925,
    0.3871824848549261,
    0.3867573599744925,
    0.3862259538739505,
    0.3863322350940589,
    0.38760760973535974,
    0.3875013285152514,
    0.38782017217557657,
    0.38601339143373364,
    0.38739504729514296,
    0.38569454777340845,
    0.3862259538739505,
    0.38696992241470934,
    0.3864385163141673,
    0.3871824848549261,
    0.38782017217557657,
    0.38782017217557657,
    0.3867573599744925,
    0.38739504729514296,
    0.38771389095546815,
    0.38728876607503454,
    0.38760760973535974,
    0.38739504729514296,
    0.3875013285152514,
    0.38739504729514296,
    0.38782017217557657,
    0.3863322350940589,
    0.3875013285152514,
    0.38739504729514296,
    0.38760760973535974,
    0.38771389095546815,
    0.38739504729514296,
    0.38856414071633544,
    0.38898926559676905,
    0.3883515782761186,
    0.3882452970560102,
    0.38888298437666063,
    0.3880327346157934,
    0.3881390158359018,
    0.3882452970560102,
    0.3895206716973111,
    0.3871824848549261,
    0.38728876607503454,
    0.38760760973535974,
    0.38888298437666063,
    0.38856414071633544,
    0.3882452970560102,
    0.38782017217557657,
    0.38728876607503454,
    0.38867042193644386,
    0.3881390158359018,
    0.3881390158359018,
    0.3865447975342757,
    0.3882452970560102,
    0.38760760973535974,
    0.38771389095546815,
    0.3881390158359018,
    0.387926453395685,
    0.388457859496227,
    0.3887767031565522,
    0.38888298437666063,
    0.38867042193644386,
    0.388457859496227,
    0.38888298437666063,
    0.38941439047720267,
    0.38771389095546815,
    0.3882452970560102,
    0.38856414071633544,
    0.38856414071633544,
    0.38930810925709425,
    0.38909554681687747,
    0.3895206716973111,
    0.3880327346157934,
    0.3892018280369859,
    0.3896269529174195,
    0.3883515782761186,
    0.38941439047720267,
    0.3887767031565522,
    0.3887767031565522,
    0.38941439047720267,
    0.38909554681687747,
    0.38930810925709425,
    0.3882452970560102,
    0.388457859496227,
    0.38909554681687747
  ]
}