{
  "epoch": [
    1,
    2000,
    4000,
    6000,
    8000,
    10000,
    12000,
    14000,
    16000,
    18000,
    20000,
    22000,
    24000,
    26000,
    28000,
    30000,
    32000,
    34000,
    36000,
    38000,
    40000,
    42000,
    44000,
    46000,
    48000,
    50000,
    52000,
    54000,
    56000,
    58000,
    60000,
    62000,
    64000,
    66000,
    68000,
    70000,
    72000,
    74000,
    76000,
    78000,
    80000,
    82000,
    84000,
    86000,
    88000,
    90000,
    92000,
    94000,
    96000,
    98000,
    100000,
    102000,
    104000,
    106000,
    108000,
    110000,
    112000,
    114000,
    116000,
    118000,
    120000,
    122000,
    124000,
    126000,
    128000,
    130000,
    132000,
    134000,
    136000,
    138000,
    140000,
    142000,
    144000,
    146000,
    148000,
    150000,
    152000,
    154000,
    156000,
    158000,
    160000,
    162000,
    164000,
    166000,
    168000,
    170000,
    172000,
    174000,
    176000,
    178000,
    180000,
    182000,
    184000,
    186000,
    188000,
    190000,
    192000,
    194000,
    196000,
    198000,
    200000
  ],
  "loss": [
    4.575122308731079,
    0.2826091368403612,
    0.06681469556819647,
    0.06577747645936906,
    0.0649508429499343,
    0.0643684712025337,
    0.06388549463767558,
    0.06349538885056973,
    0.06321272526318207,
    0.06296840430153534,
    0.06275676323818043,
    0.0625266712270677,
    0.06237347265854478,
    0.06222948958482593,
    0.062096409741882234,
    0.06196594080198556,
    0.06186252793399617,
    0.061761445352062586,
    0.061652045731619,
    0.0615671579003334,
    0.06146211587470025,
    0.06136665578167885,
    0.06124110845774412,
    0.0611515171058476,
    0.0610428237773478,
    0.06092313733799383,
    0.06076394721819088,
    0.0605905192008242,
    0.06036042194338515,
    0.06016497724475339,
    0.059878027173131704,
    0.059625528780836615,
    0.05935383241614327,
    0.059115344364661725,
    0.05898728039748967,
    0.058875458328891545,
    0.05883084146464244,
    0.05881424225075171,
    0.058812678729090836,
    0.05883244065176695,
    0.058874973301775754,
    0.058883943846076724,
    0.05886991152819246,
    0.058860444737691434,
    0.058853477948345244,
    0.058828856178652494,
    0.05881647591739893,
    0.058835962923336774,
    0.058829721747711304,
    0.05883448528470472,
    0.05884493546085432,
    0.05886574562843889,
    0.05889864731682465,
    0.05891293370462954,
    0.05891778805665672,
    0.05891785547127947,
    0.058907461279165,
    0.05888840695302933,
    0.058895146793033926,
    0.05889847759446129,
    0.05889396266117692,
    0.05891773807648569,
    0.05889080406092107,
    0.05890315725458786,
    0.05887780869789422,
    0.05889372510975227,
    0.058872951123304665,
    0.05885963612589985,
    0.05886939869709313,
    0.058855159884132445,
    0.05885371457291767,
    0.058890730367414656,
    0.058856242084410045,
    0.058863613727502526,
    0.05884068041015417,
    0.05883759317314252,
    0.05882649970781058,
    0.05880399304060265,
    0.05884346651779488,
    0.05882935325400904,
    0.05889269346948713,
    0.05885109103284776,
    0.05884762778924778,
    0.05888895227015018,
    0.05886724143875763,
    0.05888570219045505,
    0.05887973699728027,
    0.05883351180860773,
    0.05890567939979956,
    0.05886695813713595,
    0.05884180675642565,
    0.0588394239384681,
    0.05886138442084193,
    0.05884694181587547,
    0.05884195197904483,
    0.05888931899517775,
    0.05887271157093346,
    0.058856627258006486,
    0.058853810551669446,
    0.05883935095863417,
    0.05886346470071003
  ],
  "train_acc": [
    0.0194,
    0.962,
    0.962,
    0.962,
    0.962,
    0.962,
    0.962,
    0.962,
    0.962,
    0.962,
    0.962,
    0.962,
    0.962,
    0.962,
    0.962,
    0.962,
    0.962,
    0.962,
    0.962,
    0.962,
    0.962,
    0.962,
    0.962,
    0.962,
    0.962,
    0.962,
    0.962,
    0.962,
    0.9618,
    0.962,
    0.962,
    0.962,
    0.962,
    0.962,
    0.962,
    0.962,
    0.962,
    0.962,
    0.962,
    0.962,
    0.962,
    0.962,
    0.962,
    0.962,
    0.962,
    0.962,
    0.962,
    0.962,
    0.962,
    0.962,
    0.962,
    0.962,
    0.962,
    0.962,
    0.962,
    0.962,
    0.962,
    0.962,
    0.962,
    0.962,
    0.962,
    0.962,
    0.962,
    0.962,
    0.962,
    0.962,
    0.962,
    0.962,
    0.962,
    0.962,
    0.962,
    0.962,
    0.962,
    0.962,
    0.962,
    0.962,
    0.962,
    0.962,
    0.962,
    0.962,
    0.962,
    0.962,
    0.962,
    0.962,
    0.962,
    0.962,
    0.962,
    0.962,
    0.962,
    0.962,
    0.962,
    0.962,
    0.962,
    0.962,
    0.962,
    0.962,
    0.962,
    0.962,
    0.962,
    0.962,
    0.962
  ],
  "test_acc": [
    0.010946965671165905,
    0.36911467743649695,
    0.36911467743649695,
    0.3694335210968222,
    0.3682644276756297,
    0.36922095865660537,
    0.370177489637581,
    0.369646083537039,
    0.3711340206185567,
    0.3698586459772558,
    0.3697523647571474,
    0.3706026145180147,
    0.3695398023169306,
    0.37124030183866513,
    0.37155914549899033,
    0.372515676479966,
    0.37155914549899033,
    0.3694335210968222,
    0.37081517695823146,
    0.37049633329790627,
    0.3709214581783399,
    0.37049633329790627,
    0.37049633329790627,
    0.37039005207779785,
    0.3697523647571474,
    0.3714528642788819,
    0.37049633329790627,
    0.3697523647571474,
    0.3698586459772558,
    0.3711340206185567,
    0.37155914549899033,
    0.37049633329790627,
    0.3713465830587735,
    0.37124030183866513,
    0.3697523647571474,
    0.37039005207779785,
    0.3695398023169306,
    0.3714528642788819,
    0.3709214581783399,
    0.3721968328196408,
    0.37081517695823146,
    0.3707088957381231,
    0.3710277393984483,
    0.3706026145180147,
    0.3706026145180147,
    0.3713465830587735,
    0.37039005207779785,
    0.37007120841747265,
    0.3713465830587735,
    0.36996492719736424,
    0.3713465830587735,
    0.37081517695823146,
    0.3713465830587735,
    0.3698586459772558,
    0.37049633329790627,
    0.37039005207779785,
    0.3710277393984483,
    0.3710277393984483,
    0.37039005207779785,
    0.3706026145180147,
    0.37124030183866513,
    0.3711340206185567,
    0.37028377085768943,
    0.37028377085768943,
    0.3707088957381231,
    0.3713465830587735,
    0.37007120841747265,
    0.3718779891593155,
    0.37049633329790627,
    0.37155914549899033,
    0.3694335210968222,
    0.37177170793920716,
    0.3707088957381231,
    0.37081517695823146,
    0.3711340206185567,
    0.37124030183866513,
    0.3718779891593155,
    0.3709214581783399,
    0.3697523647571474,
    0.37155914549899033,
    0.37209055159953236,
    0.3706026145180147,
    0.3709214581783399,
    0.3707088957381231,
    0.37028377085768943,
    0.369646083537039,
    0.37028377085768943,
    0.3723031140397492,
    0.3709214581783399,
    0.3714528642788819,
    0.3721968328196408,
    0.3711340206185567,
    0.37166542671909875,
    0.372515676479966,
    0.37209055159953236,
    0.3728345201402912,
    0.3721968328196408,
    0.3723031140397492,
    0.3723031140397492,
    0.37155914549899033,
    0.3727282389201828
  ]
}