{
  "epoch": [
    1,
    2000,
    4000,
    6000,
    8000,
    10000,
    12000,
    14000,
    16000,
    18000,
    20000,
    22000,
    24000,
    26000,
    28000,
    30000,
    32000,
    34000,
    36000,
    38000,
    40000,
    42000,
    44000,
    46000,
    48000,
    50000,
    52000,
    54000,
    56000,
    58000,
    60000,
    62000,
    64000,
    66000,
    68000,
    70000,
    72000,
    74000,
    76000,
    78000,
    80000,
    82000,
    84000,
    86000,
    88000,
    90000,
    92000,
    94000,
    96000,
    98000,
    100000,
    102000,
    104000,
    106000,
    108000,
    110000,
    112000,
    114000,
    116000,
    118000,
    120000,
    122000,
    124000,
    126000,
    128000,
    130000,
    132000,
    134000,
    136000,
    138000,
    140000,
    142000,
    144000,
    146000,
    148000,
    150000,
    152000,
    154000,
    156000,
    158000,
    160000,
    162000,
    164000,
    166000,
    168000,
    170000,
    172000,
    174000,
    176000,
    178000,
    180000,
    182000,
    184000,
    186000,
    188000,
    190000,
    192000,
    194000,
    196000,
    198000,
    200000
  ],
  "loss": [
    4.575243854522705,
    0.26291288228070975,
    0.0484739611052908,
    0.047725790248811246,
    0.047219037141744045,
    0.04689689344773069,
    0.046656206669006495,
    0.04643192125717178,
    0.04621695872861892,
    0.0459667021529749,
    0.045743473130464556,
    0.04553744572335854,
    0.04539530034540221,
    0.04531347886361182,
    0.045278468772489575,
    0.04527379173152149,
    0.04525859823962673,
    0.045264516540337356,
    0.04525909780617803,
    0.04528558779079467,
    0.04525402447907254,
    0.045272926782257854,
    0.04526713936906308,
    0.04526783917946741,
    0.04524789958656766,
    0.04524012918304652,
    0.045237651217821986,
    0.04525087080122903,
    0.045220310225244614,
    0.04523245381824672,
    0.045227713286224755,
    0.04524134768107906,
    0.045237949591409414,
    0.04522746346155181,
    0.045220236332528294,
    0.04522849594755098,
    0.045235283649247136,
    0.04522707876367495,
    0.0452175355498679,
    0.04521345448801294,
    0.04521835844060406,
    0.045221607399266214,
    0.045219477679114786,
    0.04520267616705969,
    0.04519509583124891,
    0.04519890864873305,
    0.045212164159491655,
    0.04522434556563385,
    0.04522180684553459,
    0.04521323472196236,
    0.04519276168285869,
    0.04520407992918044,
    0.045191791907791046,
    0.04518010250409134,
    0.04519362362693064,
    0.045200827552052215,
    0.04519438464213163,
    0.04519868155606091,
    0.04519858604213223,
    0.0452049606426619,
    0.045198713003471495,
    0.045201992090884595,
    0.045200518325529994,
    0.04519579273611307,
    0.04521605747137219,
    0.04520919530484825,
    0.04518955692918971,
    0.045222427801787854,
    0.04522390739293769,
    0.04520352357886732,
    0.045205804657470434,
    0.04520948850559071,
    0.04520064173927531,
    0.04520046410802752,
    0.04519778514588252,
    0.045188919111341236,
    0.045200564506370576,
    0.04519450252493844,
    0.04518398970356211,
    0.04520077863894403,
    0.04522699808757752,
    0.04522208215254359,
    0.045232149204146116,
    0.04522439164067619,
    0.04521784888990223,
    0.04521333503667265,
    0.04522450400348753,
    0.0452405461625196,
    0.045221334672532976,
    0.04519971304321661,
    0.045198199660144746,
    0.04518709309240803,
    0.04517898190217093,
    0.04518276628395543,
    0.045196455114660784,
    0.04520365670826286,
    0.04520498091774061,
    0.045197853741422295,
    0.04520490837022662,
    0.04519693983849138,
    0.045206979361502454
  ],
  "train_acc": [
    0.018,
    0.97,
    0.97,
    0.97,
    0.97,
    0.97,
    0.97,
    0.97,
    0.97,
    0.97,
    0.97,
    0.97,
    0.97,
    0.97,
    0.97,
    0.97,
    0.97,
    0.97,
    0.97,
    0.97,
    0.97,
    0.97,
    0.97,
    0.97,
    0.97,
    0.97,
    0.97,
    0.97,
    0.97,
    0.97,
    0.97,
    0.97,
    0.97,
    0.97,
    0.97,
    0.97,
    0.97,
    0.97,
    0.97,
    0.97,
    0.97,
    0.97,
    0.97,
    0.97,
    0.97,
    0.97,
    0.97,
    0.97,
    0.97,
    0.97,
    0.97,
    0.97,
    0.97,
    0.97,
    0.97,
    0.97,
    0.97,
    0.97,
    0.97,
    0.97,
    0.97,
    0.97,
    0.97,
    0.97,
    0.97,
    0.97,
    0.97,
    0.97,
    0.97,
    0.97,
    0.97,
    0.97,
    0.97,
    0.97,
    0.97,
    0.97,
    0.97,
    0.97,
    0.97,
    0.97,
    0.97,
    0.97,
    0.97,
    0.97,
    0.97,
    0.97,
    0.97,
    0.97,
    0.97,
    0.97,
    0.97,
    0.97,
    0.97,
    0.97,
    0.97,
    0.97,
    0.97,
    0.97,
    0.97,
    0.97,
    0.97
  ],
  "test_acc": [
    0.010840684451057498,
    0.38410032947178235,
    0.38410032947178235,
    0.3849505792326496,
    0.3851631416728664,
    0.38431289191199913,
    0.3847380167924328,
    0.3849505792326496,
    0.3849505792326496,
    0.3847380167924328,
    0.3847380167924328,
    0.3854819853331916,
    0.3846317355723244,
    0.3846317355723244,
    0.385056860452758,
    0.38441917313210755,
    0.3842066106918907,
    0.385056860452758,
    0.3847380167924328,
    0.3847380167924328,
    0.38452545435221597,
    0.3849505792326496,
    0.3851631416728664,
    0.3837814858114571,
    0.38325007971091507,
    0.38452545435221597,
    0.3835689233712403,
    0.3853757041130832,
    0.38452545435221597,
    0.3847380167924328,
    0.38441917313210755,
    0.38569454777340845,
    0.38484429801254116,
    0.3842066106918907,
    0.3842066106918907,
    0.3835689233712403,
    0.3851631416728664,
    0.3849505792326496,
    0.3835689233712403,
    0.38441917313210755,
    0.3842066106918907,
    0.38452545435221597,
    0.38484429801254116,
    0.38452545435221597,
    0.3842066106918907,
    0.3846317355723244,
    0.38431289191199913,
    0.38431289191199913,
    0.3834626421511319,
    0.38399404825167394,
    0.38399404825167394,
    0.38441917313210755,
    0.38452545435221597,
    0.38399404825167394,
    0.38399404825167394,
    0.3842066106918907,
    0.3851631416728664,
    0.3838877670315655,
    0.38452545435221597,
    0.38526942289297483,
    0.3847380167924328,
    0.385056860452758,
    0.3853757041130832,
    0.3834626421511319,
    0.3846317355723244,
    0.38452545435221597,
    0.38441917313210755,
    0.38410032947178235,
    0.3842066106918907,
    0.3854819853331916,
    0.3854819853331916,
    0.3847380167924328,
    0.38601339143373364,
    0.3862259538739505,
    0.38569454777340845,
    0.38441917313210755,
    0.38580082899351686,
    0.38526942289297483,
    0.38484429801254116,
    0.3859071102136252,
    0.38452545435221597,
    0.3846317355723244,
    0.3851631416728664,
    0.3849505792326496,
    0.38431289191199913,
    0.3854819853331916,
    0.38484429801254116,
    0.38484429801254116,
    0.385056860452758,
    0.3854819853331916,
    0.3859071102136252,
    0.38441917313210755,
    0.3853757041130832,
    0.3859071102136252,
    0.3853757041130832,
    0.38569454777340845,
    0.3859071102136252,
    0.38526942289297483,
    0.38611967265384206,
    0.38558826655330003,
    0.38728876607503454
  ]
}