{
  "epoch": [
    1,
    2000,
    4000,
    6000,
    8000,
    10000,
    12000,
    14000,
    16000,
    18000,
    20000,
    22000,
    24000,
    26000,
    28000,
    30000,
    32000,
    34000,
    36000,
    38000,
    40000,
    42000,
    44000,
    46000,
    48000,
    50000,
    52000,
    54000,
    56000,
    58000,
    60000,
    62000,
    64000,
    66000,
    68000,
    70000,
    72000,
    74000,
    76000,
    78000,
    80000,
    82000,
    84000,
    86000,
    88000,
    90000,
    92000,
    94000,
    96000,
    98000,
    100000,
    102000,
    104000,
    106000,
    108000,
    110000,
    112000,
    114000,
    116000,
    118000,
    120000,
    122000,
    124000,
    126000,
    128000,
    130000,
    132000,
    134000,
    136000,
    138000,
    140000,
    142000,
    144000,
    146000,
    148000,
    150000,
    152000,
    154000,
    156000,
    158000,
    160000,
    162000,
    164000,
    166000,
    168000,
    170000,
    172000,
    174000,
    176000,
    178000,
    180000,
    182000,
    184000,
    186000,
    188000,
    190000,
    192000,
    194000,
    196000,
    198000,
    200000
  ],
  "loss": [
    4.575189399719238,
    0.20482983949237965,
    9.818386598240635e-07,
    2.3489049114786552e-07,
    2.203798786560185e-07,
    2.1767512486832174e-07,
    2.150701371512298e-07,
    2.1849394642430298e-07,
    2.239532053707194e-07,
    0.00013753333453393494,
    1.358045238961836e-06,
    0.00020715100939428267,
    1.0504496183287415e-06,
    0.00022610661893706735,
    6.213593797028238e-07,
    0.00023570633360196994,
    0.00016619490132319185,
    3.949664110776041e-06,
    0.00012365101075622391,
    0.0003014029258357617,
    5.7959604230276795e-06,
    0.00012820490198175278,
    0.0002240964926418407,
    5.066456672184927e-06,
    0.0003974387195795337,
    3.3777785721206042e-06,
    0.00018598914288183436,
    0.00015793590628702603,
    1.298962223507516e-06,
    0.00029982278966702935,
    0.00020526277988274587,
    0.00018654620568674858,
    4.4387297085577874e-06,
    0.00031607320173809795,
    0.00015196540324522302,
    0.0001685738807862691,
    0.00023660541959175276,
    0.00019200370401918718,
    4.830240438516853e-06,
    0.00013520818031343679,
    0.00024570708770661656,
    4.538545568293273e-06,
    0.0001195483858980836,
    0.00016415869047434626,
    0.00013575228661973782,
    4.050196832061203e-06,
    0.0002099318766584709,
    0.00017444557700861197,
    4.379819196926605e-06,
    0.0002216972230833065,
    0.0002834044192185395,
    5.028358499730956e-06,
    0.0003742409534650427,
    0.0001654309096206603,
    0.0001344308034726872,
    4.177894121357184e-06,
    0.00016557267171630913,
    0.0001064898866066173,
    2.9705274468000197e-06,
    0.00016780670193408583,
    0.0003148425727320323,
    0.0001335770339698783,
    3.908258326825375e-06,
    0.0002761442848294486,
    0.00025507092813878884,
    4.764326670454011e-06,
    0.0002800985856736986,
    0.00014790695239248706,
    3.286746693366638e-06,
    0.0001713000651602016,
    0.00027496625052537667,
    3.629755016572034e-06,
    0.00034291338582093545,
    0.00012132998826472203,
    0.000441838491246439,
    5.630982884706271e-06,
    0.00024946268456954427,
    0.0001472265630478411,
    3.2239703740529534e-06,
    0.000126733544045382,
    0.00022225171280631386,
    0.0002555026061862982,
    5.020248604445498e-06,
    0.0001536385670643398,
    0.0002793915675536752,
    4.732832384294738e-06,
    0.0002713065475442441,
    0.0001413191852043546,
    0.0001700838537295425,
    4.321704993833464e-06,
    0.0002183243179249132,
    0.00020555106248982966,
    4.206520394643576e-06,
    0.00034505408230073797,
    0.00019517137873076393,
    3.505999603428478e-06,
    0.00015699181063778838,
    0.00012662081264813024,
    0.00031226629557762776,
    4.844045969249322e-06,
    0.00021636582593608083
  ],
  "train_acc": [
    0.0192,
    1.0,
    1.0,
    1.0,
    1.0,
    1.0,
    1.0,
    1.0,
    1.0,
    1.0,
    1.0,
    1.0,
    1.0,
    1.0,
    1.0,
    1.0,
    1.0,
    1.0,
    1.0,
    1.0,
    1.0,
    1.0,
    1.0,
    1.0,
    1.0,
    1.0,
    1.0,
    1.0,
    1.0,
    1.0,
    1.0,
    1.0,
    1.0,
    1.0,
    0.9578,
    1.0,
    1.0,
    1.0,
    1.0,
    1.0,
    1.0,
    1.0,
    1.0,
    1.0,
    1.0,
    1.0,
    1.0,
    1.0,
    1.0,
    1.0,
    1.0,
    1.0,
    1.0,
    1.0,
    1.0,
    1.0,
    1.0,
    1.0,
    1.0,
    1.0,
    1.0,
    1.0,
    1.0,
    1.0,
    1.0,
    1.0,
    1.0,
    1.0,
    1.0,
    1.0,
    1.0,
    1.0,
    1.0,
    1.0,
    1.0,
    1.0,
    1.0,
    1.0,
    1.0,
    1.0,
    1.0,
    1.0,
    1.0,
    1.0,
    1.0,
    1.0,
    1.0,
    1.0,
    1.0,
    1.0,
    1.0,
    1.0,
    1.0,
    1.0,
    1.0,
    1.0,
    1.0,
    1.0,
    1.0,
    1.0,
    1.0
  ],
  "test_acc": [
    0.011584652991816347,
    0.39855457540652567,
    0.3990859815070677,
    0.40004251248804334,
    0.40131788712934424,
    0.4048251673929217,
    0.4122648528005102,
    0.4279944733765544,
    0.4486130300775853,
    0.47146349240089275,
    0.5123817621426294,
    0.5461791901371028,
    0.5852906791369965,
    0.618344138590711,
    0.6407694760335849,
    0.6796684025932618,
    0.6890211499628016,
    0.7053884578594962,
    0.7254756084599852,
    0.7209055159953236,
    0.7583165054734828,
    0.7688383462642151,
    0.754171537889255,
    0.794133276650016,
    0.8016792432777128,
    0.7989159315548943,
    0.8190030821553831,
    0.8258050802423211,
    0.8191093633754916,
    0.8412158571580401,
    0.8452545435221597,
    0.8233606121798278,
    0.8541821660112658,
    0.860771601657987,
    0.6299287915825273,
    0.8723562546498034,
    0.8750132851525135,
    0.841428419598257,
    0.8769263471144648,
    0.8808587522584759,
    0.8829843766606441,
    0.8809650334785843,
    0.8843660325220534,
    0.8851100010628122,
    0.8796896588372835,
    0.8841534700818365,
    0.8886172813263896,
    0.8882984376660644,
    0.8857476883834626,
    0.8919119991497503,
    0.8908491869486662,
    0.8947815920926773,
    0.8986077160165798,
    0.8991391221171219,
    0.892124561589967,
    0.900733340418748,
    0.9066850887448188,
    0.906472526304602,
    0.898926559676905,
    0.904134339462217,
    0.9054097141035179,
    0.9054097141035179,
    0.9040280582421086,
    0.9090232755872037,
    0.8998830906578807,
    0.9095546816877458,
    0.9097672441279626,
    0.9100860877882878,
    0.903602933361675,
    0.9105112126687215,
    0.913805930492082,
    0.9083855882665532,
    0.9136996492719737,
    0.9139122117121905,
    0.8880858752258476,
    0.9167818046551175,
    0.9193325539377192,
    0.9212456158996706,
    0.9135933680518652,
    0.916675523435009,
    0.9207142097991285,
    0.9031778084812414,
    0.9196513975980444,
    0.919545116377936,
    0.9203953661388032,
    0.9185885853969603,
    0.9231586778616219,
    0.9237963651822723,
    0.9043469019024338,
    0.9203953661388032,
    0.9240089276224891,
    0.922946115421405,
    0.9205016473589117,
    0.9214581783398873,
    0.9241152088425975,
    0.9167818046551175,
    0.9215644595599958,
    0.9208204910192369,
    0.9219895844404293,
    0.9225209905409714,
    0.9222021468806462
  ]
}