{
  "epoch": [
    1,
    2000,
    4000,
    6000,
    8000,
    10000,
    12000,
    14000,
    16000,
    18000,
    20000,
    22000,
    24000,
    26000,
    28000,
    30000,
    32000,
    34000,
    36000,
    38000,
    40000,
    42000,
    44000,
    46000,
    48000,
    50000,
    52000,
    54000,
    56000,
    58000,
    60000,
    62000,
    64000,
    66000,
    68000,
    70000,
    72000,
    74000,
    76000,
    78000,
    80000,
    82000,
    84000,
    86000,
    88000,
    90000,
    92000,
    94000,
    96000,
    98000,
    100000,
    102000,
    104000,
    106000,
    108000,
    110000,
    112000,
    114000,
    116000,
    118000,
    120000,
    122000,
    124000,
    126000,
    128000,
    130000,
    132000,
    134000,
    136000,
    138000,
    140000,
    142000,
    144000,
    146000,
    148000,
    150000,
    152000,
    154000,
    156000,
    158000,
    160000,
    162000,
    164000,
    166000,
    168000,
    170000,
    172000,
    174000,
    176000,
    178000,
    180000,
    182000,
    184000,
    186000,
    188000,
    190000,
    192000,
    194000,
    196000,
    198000,
    200000
  ],
  "loss": [
    4.576494121551514,
    0.29632233617144293,
    0.08345975865274667,
    0.0823547216873616,
    0.08153251818157732,
    0.08088363803569228,
    0.08040131805278361,
    0.07996575547736139,
    0.07963713544681668,
    0.07938023819383233,
    0.07914376621190458,
    0.07897741482723504,
    0.07878119709379972,
    0.07863256718646736,
    0.07851676589045674,
    0.07837966316808015,
    0.07827535507213325,
    0.07819631564691663,
    0.07807558068092912,
    0.07802902816478163,
    0.07794069113265722,
    0.07787001520749182,
    0.07784027869440616,
    0.0777856841230765,
    0.07773340614270419,
    0.07769215459376573,
    0.07766909392550587,
    0.07760984013024717,
    0.07755216148439795,
    0.0775243347370997,
    0.07747279401049018,
    0.07743424718454481,
    0.07740394581444561,
    0.07737921805270016,
    0.0773042672008276,
    0.0772908985255286,
    0.07723484186362475,
    0.0772026807628572,
    0.07713918110616505,
    0.07709078259523958,
    0.07705674287341535,
    0.07706221626102924,
    0.07700406356006861,
    0.07694528209529818,
    0.07694063854925334,
    0.07692803546972572,
    0.07690114571042359,
    0.07687117195148022,
    0.07686802822761238,
    0.07679642375521362,
    0.07675693988464773,
    0.07670960529800505,
    0.07671875136420131,
    0.07666628289483488,
    0.07660148597937078,
    0.07656603567954152,
    0.07653050352428109,
    0.07649485390800982,
    0.07647131721526385,
    0.07648761866167188,
    0.07649271113667637,
    0.076504535077326,
    0.07647433631550521,
    0.07643630280923099,
    0.07635532816220075,
    0.07634277814477682,
    0.07624819291178137,
    0.07622677666712552,
    0.07619680355414749,
    0.07616595893409103,
    0.07610130342915654,
    0.07600901803728193,
    0.07595468092225492,
    0.07584126423746347,
    0.0757838716622442,
    0.07568980509787798,
    0.07563646858669817,
    0.0755494885072112,
    0.07546144299376756,
    0.07541828198432922,
    0.07529168737027794,
    0.07510816646236926,
    0.07498080442305655,
    0.07482736108079553,
    0.07466658686362207,
    0.07448077197503299,
    0.07433223601467907,
    0.07419353123046457,
    0.07405738438367844,
    0.07397663175892084,
    0.07381852080076932,
    0.07373693842329085,
    0.07364721557814628,
    0.07360691806189716,
    0.0735636063799262,
    0.07350799916181713,
    0.07350783943142741,
    0.0735166692558676,
    0.0734924304191023,
    0.07348394672516734,
    0.07353488825634122
  ],
  "train_acc": [
    0.02,
    0.952,
    0.952,
    0.952,
    0.952,
    0.952,
    0.952,
    0.952,
    0.952,
    0.952,
    0.952,
    0.952,
    0.952,
    0.952,
    0.952,
    0.952,
    0.952,
    0.952,
    0.952,
    0.952,
    0.952,
    0.952,
    0.952,
    0.952,
    0.952,
    0.952,
    0.952,
    0.952,
    0.952,
    0.952,
    0.952,
    0.952,
    0.952,
    0.952,
    0.952,
    0.952,
    0.952,
    0.952,
    0.952,
    0.952,
    0.952,
    0.952,
    0.952,
    0.952,
    0.952,
    0.952,
    0.952,
    0.952,
    0.952,
    0.952,
    0.952,
    0.952,
    0.952,
    0.9518,
    0.952,
    0.952,
    0.952,
    0.952,
    0.952,
    0.952,
    0.952,
    0.952,
    0.952,
    0.952,
    0.952,
    0.952,
    0.952,
    0.952,
    0.952,
    0.952,
    0.952,
    0.952,
    0.952,
    0.952,
    0.952,
    0.952,
    0.952,
    0.952,
    0.952,
    0.952,
    0.952,
    0.952,
    0.952,
    0.952,
    0.952,
    0.952,
    0.952,
    0.952,
    0.952,
    0.952,
    0.952,
    0.952,
    0.952,
    0.952,
    0.952,
    0.952,
    0.952,
    0.952,
    0.952,
    0.952,
    0.952
  ],
  "test_acc": [
    0.012009777872249973,
    0.36422574131151025,
    0.36592624083324476,
    0.3660325220533532,
    0.36571367839302793,
    0.3665639281538952,
    0.36539483473270273,
    0.36550111595281115,
    0.36539483473270273,
    0.36550111595281115,
    0.3660325220533532,
    0.3651822722924859,
    0.36465086619194387,
    0.36571367839302793,
    0.3665639281538952,
    0.36709533425443724,
    0.3652885535125943,
    0.3661388032734616,
    0.3644383037517271,
    0.3647571474120523,
    0.36560739717291957,
    0.3647571474120523,
    0.36794558401530447,
    0.3665639281538952,
    0.3652885535125943,
    0.36667020937400363,
    0.36571367839302793,
    0.36571367839302793,
    0.36550111595281115,
    0.36592624083324476,
    0.36550111595281115,
    0.3647571474120523,
    0.3678393027951961,
    0.36550111595281115,
    0.3652885535125943,
    0.3661388032734616,
    0.36454458497183545,
    0.3651822722924859,
    0.3651822722924859,
    0.3651822722924859,
    0.36581995961313635,
    0.36709533425443724,
    0.36539483473270273,
    0.3664576469337868,
    0.36433202253161867,
    0.36560739717291957,
    0.36581995961313635,
    0.36539483473270273,
    0.36741417791476244,
    0.36581995961313635,
    0.36794558401530447,
    0.36560739717291957,
    0.3664576469337868,
    0.3669890530343288,
    0.3681581464555213,
    0.36571367839302793,
    0.3660325220533532,
    0.3682644276756297,
    0.36720161547454566,
    0.36624508449356996,
    0.36560739717291957,
    0.36560739717291957,
    0.36560739717291957,
    0.3649697098522691,
    0.36560739717291957,
    0.36571367839302793,
    0.36624508449356996,
    0.36550111595281115,
    0.36624508449356996,
    0.36560739717291957,
    0.36592624083324476,
    0.3663513657136784,
    0.3663513657136784,
    0.36571367839302793,
    0.3676267403549793,
    0.36581995961313635,
    0.3661388032734616,
    0.3651822722924859,
    0.3668827718142204,
    0.3668827718142204,
    0.3663513657136784,
    0.36624508449356996,
    0.3669890530343288,
    0.36624508449356996,
    0.3668827718142204,
    0.36624508449356996,
    0.36539483473270273,
    0.3673078966946541,
    0.36741417791476244,
    0.36667020937400363,
    0.3669890530343288,
    0.36560739717291957,
    0.36592624083324476,
    0.36667020937400363,
    0.3651822722924859,
    0.36592624083324476,
    0.36677649059411205,
    0.36592624083324476,
    0.3649697098522691,
    0.36550111595281115,
    0.3665639281538952
  ]
}