{
  "epoch": [
    1,
    2000,
    4000,
    6000,
    8000,
    10000,
    12000,
    14000,
    16000,
    18000,
    20000,
    22000,
    24000,
    26000,
    28000,
    30000,
    32000,
    34000,
    36000,
    38000,
    40000,
    42000,
    44000,
    46000,
    48000,
    50000,
    52000,
    54000,
    56000,
    58000,
    60000,
    62000,
    64000,
    66000,
    68000,
    70000,
    72000,
    74000,
    76000,
    78000,
    80000,
    82000,
    84000,
    86000,
    88000,
    90000,
    92000,
    94000,
    96000,
    98000,
    100000,
    102000,
    104000,
    106000,
    108000,
    110000,
    112000,
    114000,
    116000,
    118000,
    120000,
    122000,
    124000,
    126000,
    128000,
    130000,
    132000,
    134000,
    136000,
    138000,
    140000,
    142000,
    144000,
    146000,
    148000,
    150000,
    152000,
    154000,
    156000,
    158000,
    160000,
    162000,
    164000,
    166000,
    168000,
    170000,
    172000,
    174000,
    176000,
    178000,
    180000,
    182000,
    184000,
    186000,
    188000,
    190000,
    192000,
    194000,
    196000,
    198000,
    200000
  ],
  "loss": [
    4.576333618164062,
    0.28453041094431225,
    0.07219039835017174,
    0.071121185098961,
    0.07035096010249108,
    0.06977973311599343,
    0.06930895967110992,
    0.06892844346258789,
    0.06864353902116418,
    0.06842095247060061,
    0.06821508329678327,
    0.06802558571761474,
    0.06786059466674924,
    0.06773031113203615,
    0.06760242424830794,
    0.06750266006253659,
    0.0673512258128263,
    0.06725784586183726,
    0.067180553381145,
    0.06709752757940442,
    0.06703206791076809,
    0.06692629562094808,
    0.06686463598459959,
    0.0667809594757855,
    0.06669838111661375,
    0.06662668037712574,
    0.06657225253861397,
    0.06645933369640261,
    0.0663552868722938,
    0.0662880676915869,
    0.06617796025248245,
    0.06610321822687984,
    0.06598787370147184,
    0.06589536742940545,
    0.06577948751617223,
    0.06566824367884547,
    0.06553311962075531,
    0.06541107388399542,
    0.06525311252912507,
    0.06503125078156591,
    0.06482691791113467,
    0.06463456188105046,
    0.06437988637723029,
    0.06421093574687839,
    0.06402978273667395,
    0.06395318670356646,
    0.06379671275904403,
    0.06373765824977308,
    0.06369019632227718,
    0.06367998153232038,
    0.06371689440067857,
    0.0636878752913326,
    0.06371208818228916,
    0.06363623118046671,
    0.06365433514341712,
    0.06365021493136883,
    0.06367845998210832,
    0.06370662950044498,
    0.063734119831305,
    0.06375087279193103,
    0.06370715642329305,
    0.06375012023644522,
    0.06376160895517095,
    0.06375818137824535,
    0.06375459947194904,
    0.06377369798840955,
    0.06376250864509493,
    0.06376542072184384,
    0.06375267642466352,
    0.06375512526314706,
    0.06372076639439911,
    0.06373225318295882,
    0.0637453058566898,
    0.06375724078193307,
    0.06375581366587431,
    0.06372870152443648,
    0.0637190779292956,
    0.06367950768563896,
    0.0636928054089658,
    0.06370019463300705,
    0.0636774613021873,
    0.06371789557961748,
    0.06374483264293522,
    0.06378594197649509,
    0.06377514679804444,
    0.06378328663008287,
    0.06377941374452785,
    0.06375818014778196,
    0.06373711222968996,
    0.06372630489692092,
    0.06376231555789709,
    0.06375069849891588,
    0.06373859792770818,
    0.06373766153967007,
    0.06375241297120228,
    0.06376288013271987,
    0.06372546352501958,
    0.06371102487528697,
    0.06367424089172855,
    0.06369905613102018,
    0.06375206875298173
  ],
  "train_acc": [
    0.0196,
    0.9586,
    0.9586,
    0.9586,
    0.9586,
    0.9586,
    0.9586,
    0.9586,
    0.9586,
    0.9586,
    0.9586,
    0.9586,
    0.9586,
    0.9586,
    0.9586,
    0.9586,
    0.9586,
    0.9586,
    0.9586,
    0.9586,
    0.9586,
    0.9586,
    0.9586,
    0.9586,
    0.9586,
    0.9586,
    0.9586,
    0.9586,
    0.9586,
    0.9586,
    0.9586,
    0.9586,
    0.9586,
    0.9586,
    0.9586,
    0.9586,
    0.9586,
    0.9586,
    0.9586,
    0.9586,
    0.9586,
    0.9586,
    0.9586,
    0.9586,
    0.9586,
    0.9586,
    0.9586,
    0.9586,
    0.9586,
    0.9586,
    0.9586,
    0.9586,
    0.9586,
    0.9586,
    0.9586,
    0.9586,
    0.9586,
    0.9586,
    0.9586,
    0.9586,
    0.9586,
    0.9586,
    0.9586,
    0.9586,
    0.9586,
    0.9586,
    0.9586,
    0.9586,
    0.9586,
    0.9586,
    0.9586,
    0.9586,
    0.9586,
    0.9586,
    0.9586,
    0.9586,
    0.9586,
    0.9586,
    0.9586,
    0.9586,
    0.9586,
    0.9586,
    0.9586,
    0.9586,
    0.9586,
    0.9586,
    0.9586,
    0.9586,
    0.9586,
    0.9586,
    0.9586,
    0.9586,
    0.9586,
    0.9586,
    0.9586,
    0.9586,
    0.9586,
    0.9586,
    0.9586,
    0.9586,
    0.9586
  ],
  "test_acc": [
    0.011903496652141566,
    0.37294080136039964,
    0.3740036135614837,
    0.37464130088213415,
    0.37464130088213415,
    0.37527898820278455,
    0.37485386332235093,
    0.37357848868105004,
    0.37368476990115845,
    0.3747475821022425,
    0.37538526942289296,
    0.37453501966202574,
    0.37410989478159207,
    0.37453501966202574,
    0.37538526942289296,
    0.3758103943033266,
    0.3740036135614837,
    0.3747475821022425,
    0.3731533638006164,
    0.3731533638006164,
    0.37336592624083326,
    0.37368476990115845,
    0.3751727069826762,
    0.3751727069826762,
    0.3743224572218089,
    0.37464130088213415,
    0.3743224572218089,
    0.37496014454245935,
    0.37357848868105004,
    0.37368476990115845,
    0.37368476990115845,
    0.37368476990115845,
    0.3757041130832182,
    0.3747475821022425,
    0.3743224572218089,
    0.37485386332235093,
    0.3743224572218089,
    0.3744287384419173,
    0.3743224572218089,
    0.37485386332235093,
    0.37464130088213415,
    0.37623551918376025,
    0.37464130088213415,
    0.37506642576256777,
    0.3731533638006164,
    0.37453501966202574,
    0.3744287384419173,
    0.37379105112126687,
    0.3754915506430014,
    0.3744287384419173,
    0.3751727069826762,
    0.3747475821022425,
    0.3747475821022425,
    0.3744287384419173,
    0.37410989478159207,
    0.37527898820278455,
    0.37506642576256777,
    0.37612923796365183,
    0.3742161760017005,
    0.37655436284408544,
    0.37496014454245935,
    0.37612923796365183,
    0.37453501966202574,
    0.37464130088213415,
    0.37453501966202574,
    0.3740036135614837,
    0.37453501966202574,
    0.37506642576256777,
    0.37538526942289296,
    0.37506642576256777,
    0.3751727069826762,
    0.3751727069826762,
    0.37506642576256777,
    0.3754915506430014,
    0.37506642576256777,
    0.3751727069826762,
    0.37612923796365183,
    0.3755978318631098,
    0.37538526942289296,
    0.375916675523435,
    0.37527898820278455,
    0.37527898820278455,
    0.3755978318631098,
    0.37538526942289296,
    0.37485386332235093,
    0.3758103943033266,
    0.37506642576256777,
    0.3775108938250611,
    0.37612923796365183,
    0.3767669252843023,
    0.37612923796365183,
    0.3751727069826762,
    0.37623551918376025,
    0.3767669252843023,
    0.3767669252843023,
    0.3776171750451695,
    0.3763418004038686,
    0.3760229567435434,
    0.37527898820278455,
    0.3760229567435434,
    0.3772983313848443
  ]
}