{
  "epoch": [
    1,
    2000,
    4000,
    6000,
    8000,
    10000,
    12000,
    14000,
    16000,
    18000,
    20000,
    22000,
    24000,
    26000,
    28000,
    30000,
    32000,
    34000,
    36000,
    38000,
    40000,
    42000,
    44000,
    46000,
    48000,
    50000,
    52000,
    54000
  ],
  "loss": [
    4.575875377655029,
    0.20167172513248194,
    8.673737477117527e-07,
    2.1294864665790669e-07,
    2.096618911686221e-07,
    2.10391072418048e-07,
    2.1389789772285895e-07,
    0.0001771012321074096,
    7.304832913476389e-07,
    0.0001937452057914932,
    0.0003876685731932291,
    6.212340880347255e-06,
    0.00011903864335496337,
    0.00024115948313272142,
    4.896961113107068e-06,
    0.000415429924469543,
    0.00021827382969760123,
    4.4006785333579045e-06,
    0.000274909734761048,
    0.0001934622179243398,
    4.1270622945248196e-06,
    0.00025868876861261754,
    0.00026981043482260814,
    4.299975542080148e-06,
    0.00041379972945135534,
    0.0005169121545157548,
    5.19182331298893e-06,
    0.0005559320375457542
  ],
  "train_acc": [
    0.0178,
    1.0,
    1.0,
    1.0,
    1.0,
    1.0,
    1.0,
    1.0,
    1.0,
    1.0,
    1.0,
    1.0,
    1.0,
    1.0,
    1.0,
    1.0,
    1.0,
    1.0,
    1.0,
    1.0,
    1.0,
    1.0,
    1.0,
    1.0,
    1.0,
    1.0,
    1.0,
    1.0
  ],
  "test_acc": [
    0.0124349027526836,
    0.41056435327877566,
    0.4114146030396429,
    0.4143904772026783,
    0.42129875650972476,
    0.4444680624933574,
    0.4865554256562865,
    0.5326814751833351,
    0.6014454245934744,
    0.6672334998405781,
    0.6876394941013922,
    0.7776596875332129,
    0.803804867679881,
    0.8002975874163035,
    0.8668296312041662,
    0.8805399085981507,
    0.8838346264215113,
    0.9143373365926241,
    0.9226272717610798,
    0.9222021468806462,
    0.9399511106387501,
    0.9452651716441705,
    0.9495164204485067,
    0.950366670209374,
    0.9569561058560953,
    0.9578063556169625,
    0.9614199171006483,
    0.9641832288234669
  ]
}