{
  "epoch": [
    1,
    2000,
    4000,
    6000,
    8000,
    10000,
    12000,
    14000,
    16000,
    18000,
    20000,
    22000,
    24000,
    26000,
    28000,
    30000,
    32000,
    34000,
    36000,
    38000,
    40000,
    42000,
    44000,
    46000,
    48000,
    50000,
    52000,
    54000,
    56000,
    58000,
    60000,
    62000,
    64000,
    66000,
    68000,
    70000,
    72000,
    74000,
    76000,
    78000,
    80000,
    82000,
    84000,
    86000,
    88000,
    90000,
    92000,
    94000,
    96000,
    98000,
    100000,
    102000,
    104000,
    106000,
    108000,
    110000,
    112000,
    114000,
    116000,
    118000,
    120000,
    122000,
    124000,
    126000,
    128000,
    130000,
    132000,
    134000,
    136000,
    138000,
    140000,
    142000,
    144000,
    146000,
    148000,
    150000,
    152000,
    154000,
    156000,
    158000,
    160000,
    162000,
    164000,
    166000,
    168000,
    170000,
    172000,
    174000,
    176000,
    178000,
    180000,
    182000,
    184000,
    186000,
    188000,
    190000,
    192000,
    194000,
    196000,
    198000,
    200000
  ],
  "loss": [
    4.575734329223633,
    0.2862622059320751,
    0.07516850827634335,
    0.07414993993006647,
    0.07334956843741239,
    0.07274472189694643,
    0.07227252971250564,
    0.07190537300314755,
    0.07161942319031805,
    0.07137850433271378,
    0.0711596985232085,
    0.07100531052406878,
    0.07082858640365303,
    0.07073110859319567,
    0.0706167992323637,
    0.07052265923824161,
    0.07045820900090038,
    0.07035086159501225,
    0.07025306060314178,
    0.07016273295432329,
    0.07009739940147847,
    0.07000193604622036,
    0.06994748915992677,
    0.06990795294437557,
    0.0698310566296801,
    0.0697329635746777,
    0.06968682763613761,
    0.06965557904839516,
    0.06953661952000112,
    0.06949693101607263,
    0.06943851023167372,
    0.06936562958909198,
    0.0692798917690292,
    0.06922706317864358,
    0.0691829127350822,
    0.06911231963466853,
    0.06898390715643764,
    0.06892142693568021,
    0.06881720943450928,
    0.06872565009798855,
    0.06861771698147058,
    0.06847714000856504,
    0.06833414357230068,
    0.06815621246173978,
    0.06797077540624887,
    0.06773546293284743,
    0.06761088201049716,
    0.06738098619915545,
    0.06723990323459729,
    0.06708262249883264,
    0.06695195249672979,
    0.06689117550998926,
    0.06680419404003769,
    0.06680421292074025,
    0.06678165113236754,
    0.06677002574317158,
    0.06675226063318551,
    0.06676771742776036,
    0.06676413943096995,
    0.06674915292412043,
    0.06673485052641481,
    0.06676207665819675,
    0.06677738853860646,
    0.06674761979784817,
    0.06673424798808993,
    0.06672992713470012,
    0.06673334211856127,
    0.06678302622567862,
    0.06678409544248134,
    0.06678621609080583,
    0.06678497002851218,
    0.0667605729367584,
    0.06675917547009885,
    0.06676729984618723,
    0.06671559405382722,
    0.0667431882077828,
    0.06676873508337886,
    0.06679622273482383,
    0.06675769669041037,
    0.0667415528330952,
    0.06671505088955164,
    0.06673912547901273,
    0.06672070354316384,
    0.0667502397403121,
    0.06671089925151319,
    0.06671695951633155,
    0.06673966817278415,
    0.06673207015413792,
    0.06672549219466746,
    0.06669811039939523,
    0.06673154796399176,
    0.06674434093255549,
    0.06675609906930477,
    0.06673905933517962,
    0.06671157305594534,
    0.06671294423006476,
    0.06672133905747905,
    0.06668938784953207,
    0.06671928600668907,
    0.06673810405191034,
    0.0667206091016531
  ],
  "train_acc": [
    0.0164,
    0.9566,
    0.9566,
    0.9566,
    0.9566,
    0.9566,
    0.9566,
    0.9566,
    0.9566,
    0.9566,
    0.9566,
    0.9566,
    0.9566,
    0.9566,
    0.9566,
    0.9566,
    0.9566,
    0.9566,
    0.9566,
    0.9566,
    0.9566,
    0.9566,
    0.9566,
    0.9566,
    0.9566,
    0.9566,
    0.9566,
    0.9566,
    0.9566,
    0.9566,
    0.9566,
    0.9566,
    0.9566,
    0.9566,
    0.9566,
    0.9566,
    0.9566,
    0.9566,
    0.9566,
    0.9566,
    0.9566,
    0.9566,
    0.9566,
    0.9566,
    0.9566,
    0.9566,
    0.9566,
    0.9566,
    0.9566,
    0.9566,
    0.9566,
    0.9566,
    0.9566,
    0.9566,
    0.9566,
    0.9566,
    0.9566,
    0.9566,
    0.9566,
    0.9566,
    0.9566,
    0.9566,
    0.9566,
    0.9566,
    0.9566,
    0.9566,
    0.9566,
    0.9566,
    0.9566,
    0.9566,
    0.9566,
    0.9566,
    0.9566,
    0.9566,
    0.9566,
    0.9566,
    0.9566,
    0.9566,
    0.9566,
    0.9566,
    0.9566,
    0.9566,
    0.9566,
    0.9566,
    0.9566,
    0.9566,
    0.9566,
    0.9566,
    0.9566,
    0.9566,
    0.9566,
    0.9566,
    0.9566,
    0.9566,
    0.9566,
    0.9566,
    0.9566,
    0.9566,
    0.9566,
    0.9566,
    0.9566
  ],
  "test_acc": [
    0.01041555957062387,
    0.36741417791476244,
    0.36624508449356996,
    0.3678393027951961,
    0.3677330215750877,
    0.36752045913487086,
    0.36879583377617176,
    0.3669890530343288,
    0.36794558401530447,
    0.3684769901158465,
    0.3673078966946541,
    0.3693272398767138,
    0.36879583377617176,
    0.36752045913487086,
    0.36837070889573814,
    0.3694335210968222,
    0.369646083537039,
    0.3690083962163886,
    0.3685832713359549,
    0.3676267403549793,
    0.3678393027951961,
    0.36752045913487086,
    0.36922095865660537,
    0.3677330215750877,
    0.36868955255606334,
    0.3689021149962802,
    0.3678393027951961,
    0.3676267403549793,
    0.36741417791476244,
    0.36741417791476244,
    0.3685832713359549,
    0.36794558401530447,
    0.3685832713359549,
    0.36720161547454566,
    0.36677649059411205,
    0.3676267403549793,
    0.3689021149962802,
    0.3668827718142204,
    0.36879583377617176,
    0.3684769901158465,
    0.3676267403549793,
    0.3680518652354129,
    0.36868955255606334,
    0.3685832713359549,
    0.3673078966946541,
    0.36752045913487086,
    0.3684769901158465,
    0.36794558401530447,
    0.36794558401530447,
    0.36922095865660537,
    0.3693272398767138,
    0.3694335210968222,
    0.36837070889573814,
    0.3685832713359549,
    0.3680518652354129,
    0.3677330215750877,
    0.3690083962163886,
    0.3694335210968222,
    0.3677330215750877,
    0.37007120841747265,
    0.3682644276756297,
    0.3681581464555213,
    0.3689021149962802,
    0.36794558401530447,
    0.36837070889573814,
    0.36752045913487086,
    0.36837070889573814,
    0.3695398023169306,
    0.3684769901158465,
    0.3669890530343288,
    0.36879583377617176,
    0.36868955255606334,
    0.3673078966946541,
    0.3681581464555213,
    0.3681581464555213,
    0.36837070889573814,
    0.3684769901158465,
    0.3689021149962802,
    0.3693272398767138,
    0.3682644276756297,
    0.3681581464555213,
    0.36794558401530447,
    0.36911467743649695,
    0.3684769901158465,
    0.3695398023169306,
    0.3689021149962802,
    0.36879583377617176,
    0.36879583377617176,
    0.3681581464555213,
    0.3689021149962802,
    0.3682644276756297,
    0.3677330215750877,
    0.3695398023169306,
    0.36911467743649695,
    0.36922095865660537,
    0.36868955255606334,
    0.36922095865660537,
    0.3698586459772558,
    0.3681581464555213,
    0.36752045913487086,
    0.36996492719736424
  ]
}