{
  "epoch": [
    1,
    2000,
    4000,
    6000,
    8000,
    10000,
    12000,
    14000,
    16000,
    18000,
    20000,
    22000,
    24000,
    26000,
    28000,
    30000,
    32000,
    34000,
    36000,
    38000,
    40000,
    42000,
    44000,
    46000,
    48000,
    50000,
    52000,
    54000,
    56000
  ],
  "loss": [
    4.575940656661987,
    0.20145813223964337,
    8.593342193229602e-07,
    2.1177796638056633e-07,
    2.0927087654598608e-07,
    2.0876430269254341e-07,
    2.110649831863043e-07,
    0.00024185014146376176,
    0.00019616891480902653,
    5.386223795635914e-06,
    0.00024669360651294596,
    4.662050982125265e-06,
    0.00018643517637181403,
    0.00031130100724248704,
    4.762983163111301e-06,
    0.0003942788177296151,
    0.0004369191153333716,
    5.334223144126326e-06,
    0.00046631842558631507,
    0.000333735681517603,
    4.770771994220268e-06,
    0.000371393076032377,
    0.00036076752263546936,
    4.942167299014954e-06,
    0.0003791778393517362,
    0.00032430976051728565,
    4.319026445475061e-06,
    0.0002441787356090288,
    0.0003355983508432608
  ],
  "train_acc": [
    0.0178,
    1.0,
    1.0,
    1.0,
    1.0,
    1.0,
    1.0,
    1.0,
    1.0,
    1.0,
    1.0,
    1.0,
    1.0,
    1.0,
    1.0,
    1.0,
    1.0,
    1.0,
    1.0,
    1.0,
    1.0,
    1.0,
    1.0,
    1.0,
    1.0,
    1.0,
    1.0,
    1.0,
    1.0
  ],
  "test_acc": [
    0.012222340312466787,
    0.4115208842597513,
    0.4126899776809438,
    0.4159846955043044,
    0.42650653629503665,
    0.45084493569986184,
    0.5067488574768838,
    0.565309809756616,
    0.6270591986396004,
    0.7080454883622064,
    0.7463067276012328,
    0.8128387713890955,
    0.8515251355085557,
    0.8661919438835158,
    0.8994579657774471,
    0.913805930492082,
    0.8954192794133277,
    0.9341056435327878,
    0.9381443298969072,
    0.9303858008289935,
    0.9426081411414603,
    0.9445212031034116,
    0.941226485280051,
    0.94930385800829,
    0.9515357636305665,
    0.9505792326495908,
    0.9536613880327346,
    0.9539802316930598,
    0.9567435434158784
  ]
}