{
  "epoch": [
    1,
    2000,
    4000,
    6000,
    8000,
    10000,
    12000,
    14000,
    16000,
    18000,
    20000,
    22000,
    24000,
    26000,
    28000,
    30000,
    32000,
    34000,
    36000,
    38000,
    40000,
    42000,
    44000,
    46000,
    48000,
    50000,
    52000,
    54000,
    56000,
    58000,
    60000,
    62000,
    64000,
    66000,
    68000,
    70000,
    72000,
    74000,
    76000,
    78000,
    80000,
    82000,
    84000,
    86000,
    88000,
    90000,
    92000,
    94000,
    96000,
    98000,
    100000,
    102000,
    104000,
    106000,
    108000,
    110000,
    112000,
    114000,
    116000,
    118000,
    120000,
    122000,
    124000,
    126000,
    128000,
    130000,
    132000,
    134000,
    136000,
    138000,
    140000,
    142000,
    144000,
    146000,
    148000,
    150000,
    152000,
    154000,
    156000,
    158000,
    160000,
    162000,
    164000,
    166000,
    168000,
    170000,
    172000,
    174000,
    176000,
    178000,
    180000,
    182000,
    184000,
    186000,
    188000,
    190000,
    192000,
    194000,
    196000,
    198000,
    200000
  ],
  "loss": [
    4.57605504989624,
    0.2534981426119007,
    0.046006251994427295,
    0.045232468510977925,
    0.044722220011986794,
    0.04440863505005836,
    0.0441431002353318,
    0.043926112541463225,
    0.04370669199456461,
    0.04346200493997894,
    0.04327093192967586,
    0.04315939160520211,
    0.04314385312898084,
    0.04312249479661696,
    0.04311949983732775,
    0.04312987116039731,
    0.04314025953006931,
    0.04312992208842188,
    0.043114646234782415,
    0.04313050417965278,
    0.04311347822211683,
    0.04310745462169871,
    0.04309041722384281,
    0.04309434219095856,
    0.043091060737334194,
    0.043085235680127516,
    0.04309070136211812,
    0.043074757045926525,
    0.043098077896423635,
    0.04308118339544162,
    0.043082503141555935,
    0.04306240485589951,
    0.04305556910159066,
    0.04306672644368373,
    0.04305245234412141,
    0.04305934160808101,
    0.04307212075870484,
    0.04306419785656035,
    0.043063321566302326,
    0.04307640082137659,
    0.043049139562807974,
    0.043064471605280416,
    0.043061791806761174,
    0.04305581124331802,
    0.043056369091477247,
    0.04305909278057515,
    0.04303993003387004,
    0.04303623526841402,
    0.043025707332324234,
    0.04302506056157872,
    0.04304897322170436,
    0.04303935332540423,
    0.04303440982783213,
    0.043026841749623415,
    0.043035947596561167,
    0.04302197115821764,
    0.043020655407803136,
    0.04301135642407462,
    0.04302647556532174,
    0.04303786609712988,
    0.04302321120551787,
    0.04302955306591466,
    0.04303271980988793,
    0.043030647317972036,
    0.04303300670934841,
    0.04303030400578864,
    0.043026587372180077,
    0.04303933369750157,
    0.04304285144321621,
    0.043049601836502555,
    0.0430696956589818,
    0.043071014369651675,
    0.043060017892578614,
    0.04305192163325846,
    0.043027225020434705,
    0.04306037199581042,
    0.043056945335306226,
    0.043056312243174764,
    0.04305954849962145,
    0.04305826090811752,
    0.043045588437980044,
    0.04304412012323737,
    0.04303986069737002,
    0.04304476077891886,
    0.043050483996141704,
    0.04307178999148309,
    0.04307229480845854,
    0.043051462139654904,
    0.043051326331775636,
    0.04304705506931059,
    0.043054067866038534,
    0.043052979662641884,
    0.04304941142629832,
    0.04305015961332247,
    0.043048910598130895,
    0.0430499365165364,
    0.043059894836694,
    0.0430497980277054,
    0.043050279305316505,
    0.043052521238056946,
    0.043055559802614156
  ],
  "train_acc": [
    0.0232,
    0.9718,
    0.9718,
    0.9718,
    0.9718,
    0.9718,
    0.9718,
    0.9718,
    0.9718,
    0.9718,
    0.9718,
    0.9718,
    0.9718,
    0.9718,
    0.9718,
    0.9718,
    0.9718,
    0.9718,
    0.9718,
    0.9718,
    0.9718,
    0.9718,
    0.9718,
    0.9718,
    0.9718,
    0.9718,
    0.9718,
    0.9718,
    0.9718,
    0.9718,
    0.9718,
    0.9718,
    0.9718,
    0.9718,
    0.9718,
    0.9718,
    0.9718,
    0.9718,
    0.9718,
    0.9718,
    0.9718,
    0.9718,
    0.9718,
    0.9718,
    0.9718,
    0.9718,
    0.9718,
    0.9718,
    0.9718,
    0.9718,
    0.9718,
    0.9718,
    0.9718,
    0.9718,
    0.9718,
    0.9718,
    0.9718,
    0.9718,
    0.9718,
    0.9718,
    0.9718,
    0.9718,
    0.9718,
    0.9718,
    0.9718,
    0.9718,
    0.9718,
    0.9718,
    0.9718,
    0.9718,
    0.9718,
    0.9718,
    0.9718,
    0.9718,
    0.9718,
    0.9718,
    0.9718,
    0.9718,
    0.9718,
    0.9718,
    0.9718,
    0.9718,
    0.9718,
    0.9718,
    0.9718,
    0.9718,
    0.9718,
    0.9718,
    0.9718,
    0.9718,
    0.9718,
    0.9718,
    0.9718,
    0.9718,
    0.9718,
    0.9718,
    0.9718,
    0.9718,
    0.9718,
    0.9718,
    0.9718
  ],
  "test_acc": [
    0.012753746413008821,
    0.37697948772451906,
    0.3784674248060368,
    0.37782973748538634,
    0.37942395578701243,
    0.3788925496864704,
    0.37867998724625357,
    0.37867998724625357,
    0.3783611435859284,
    0.37867998724625357,
    0.37825486236581995,
    0.3784674248060368,
    0.37867998724625357,
    0.37910511212668724,
    0.3788925496864704,
    0.3780422999256031,
    0.3784674248060368,
    0.37910511212668724,
    0.37825486236581995,
    0.3777234562652779,
    0.37814858114571154,
    0.378786268466362,
    0.3783611435859284,
    0.3780422999256031,
    0.37825486236581995,
    0.3785737060261452,
    0.3775108938250611,
    0.3788925496864704,
    0.37814858114571154,
    0.3780422999256031,
    0.3783611435859284,
    0.3772983313848443,
    0.3789988309065788,
    0.37974279944733763,
    0.37825486236581995,
    0.3783611435859284,
    0.3774046126049527,
    0.37814858114571154,
    0.3780422999256031,
    0.3780422999256031,
    0.37942395578701243,
    0.37825486236581995,
    0.378786268466362,
    0.3785737060261452,
    0.379317674566904,
    0.37793601870549476,
    0.37974279944733763,
    0.37867998724625357,
    0.37910511212668724,
    0.3789988309065788,
    0.37953023700712085,
    0.37910511212668724,
    0.3788925496864704,
    0.3784674248060368,
    0.379317674566904,
    0.3777234562652779,
    0.3788925496864704,
    0.378786268466362,
    0.3788925496864704,
    0.3804867679880965,
    0.3792113933467956,
    0.3800616431076629,
    0.37825486236581995,
    0.37942395578701243,
    0.379317674566904,
    0.3784674248060368,
    0.37974279944733763,
    0.3784674248060368,
    0.37867998724625357,
    0.37942395578701243,
    0.3792113933467956,
    0.37995536188755447,
    0.3792113933467956,
    0.37910511212668724,
    0.3780422999256031,
    0.3789988309065788,
    0.37995536188755447,
    0.37995536188755447,
    0.379317674566904,
    0.3792113933467956,
    0.3783611435859284,
    0.3805930492082049,
    0.37910511212668724,
    0.3803804867679881,
    0.3805930492082049,
    0.37984908066744605,
    0.3804867679880965,
    0.37942395578701243,
    0.3804867679880965,
    0.37984908066744605,
    0.3800616431076629,
    0.37910511212668724,
    0.3792113933467956,
    0.3800616431076629,
    0.37953023700712085,
    0.38101817408863853,
    0.37963651822722927,
    0.38101817408863853,
    0.3800616431076629,
    0.38112445530874695,
    0.3804867679880965
  ]
}