{
  "epoch": [
    1,
    2000,
    4000,
    6000,
    8000,
    10000,
    12000,
    14000,
    16000,
    18000,
    20000,
    22000,
    24000,
    26000,
    28000,
    30000,
    32000,
    34000,
    36000,
    38000,
    40000,
    42000,
    44000,
    46000,
    48000,
    50000,
    52000,
    54000,
    56000,
    58000,
    60000,
    62000,
    64000,
    66000,
    68000,
    70000,
    72000,
    74000,
    76000,
    78000,
    80000,
    82000,
    84000,
    86000,
    88000,
    90000,
    92000,
    94000,
    96000,
    98000,
    100000,
    102000,
    104000,
    106000,
    108000,
    110000,
    112000,
    114000,
    116000,
    118000,
    120000,
    122000,
    124000,
    126000,
    128000,
    130000,
    132000,
    134000,
    136000,
    138000,
    140000,
    142000,
    144000,
    146000,
    148000,
    150000,
    152000,
    154000,
    156000,
    158000,
    160000,
    162000,
    164000,
    166000,
    168000,
    170000,
    172000,
    174000,
    176000,
    178000,
    180000,
    182000,
    184000,
    186000,
    188000,
    190000,
    192000,
    194000,
    196000,
    198000,
    200000
  ],
  "loss": [
    4.575008583068848,
    0.20670007390226028,
    1.0789192815849446e-06,
    2.5006396428892684e-07,
    2.3292046118683628e-07,
    2.191096918593871e-07,
    2.1648333524950657e-07,
    2.156310385871052e-07,
    2.1647797340165198e-07,
    2.2070957532207559e-07,
    0.00014448191763696556,
    1.1268074374598315e-06,
    9.564912821792788e-05,
    0.00017733734467467315,
    5.212112094812227e-06,
    0.00013057974577136805,
    3.9272515875723e-06,
    0.0001786560444347593,
    0.00020288990421843422,
    5.2313714463934955e-06,
    0.00023827299289615097,
    3.1729615581149064e-06,
    0.00025632848802259575,
    0.000272434390938281,
    5.285862988242229e-06,
    0.00020704705180593877,
    0.00025217154790214453,
    5.2051496809014e-06,
    0.00023974918857424258,
    2.3453474730580124e-06,
    0.00039751078403851636,
    0.0001639261302187208,
    2.768135478410727e-06,
    0.0003086044137904864,
    0.0003234106574653836,
    5.023563186755098e-06,
    0.00028733837600040745,
    0.00026526814819386997,
    4.830577945934778e-06,
    0.00014855040127103577,
    0.00010985475003402883,
    1.8375043304587279e-06,
    0.00027302873872211324,
    0.00026991317256042324,
    0.00011068744181216843,
    3.864867771908109e-06,
    0.00019785856158976856,
    0.0002094472957933455,
    4.621659220551066e-06,
    0.00032595655322470164,
    2.9122303523706703e-06,
    0.0003146668766097953,
    0.0002658043924520733,
    0.0001313288242589195,
    3.840811386450582e-06,
    0.00015266942938503973,
    0.00025156728558295785,
    4.597133944469078e-06,
    0.0002064722469585405,
    0.0003325671563394614,
    4.883276234421175e-06,
    0.00015183722639717202,
    0.00022470388909172242,
    3.5988315514423163e-06,
    0.0002638051853671058,
    0.00025600034178436317,
    3.5607226375468317e-06,
    0.00020946516935470215,
    0.0001760340101756654,
    0.0001114038000083184,
    3.440854835091045e-06,
    0.00019738395989549957,
    0.00023763297278878284,
    4.363725518685868e-06,
    0.00026193437850015685,
    0.00023568264115146674,
    3.4943080463776254e-06,
    0.000387604116440756,
    0.00016253037014752678,
    1.9395085615485642e-06,
    0.0002885982871207283,
    0.00023809226255843398,
    0.00022236024594063296,
    4.871479003811175e-06,
    0.00023282484613440673,
    0.00014530599474726956,
    3.985611227241037e-06,
    0.00025751846443541665,
    0.00021242765165885942,
    4.565774478603401e-06,
    0.00024768993271620374,
    0.00025303082144223266,
    4.4281005154466865e-06,
    0.0002536557532948599,
    0.00017026796188145853,
    1.7474574659097186e-06,
    0.00023912677889361048,
    0.0001847841401719549,
    0.0002227053141002216,
    4.797673328304342e-06,
    0.00017508968534686603
  ],
  "train_acc": [
    0.0188,
    1.0,
    1.0,
    1.0,
    1.0,
    1.0,
    1.0,
    1.0,
    1.0,
    1.0,
    1.0,
    1.0,
    1.0,
    1.0,
    1.0,
    1.0,
    1.0,
    1.0,
    1.0,
    1.0,
    1.0,
    1.0,
    1.0,
    1.0,
    1.0,
    1.0,
    1.0,
    1.0,
    1.0,
    1.0,
    1.0,
    1.0,
    1.0,
    1.0,
    1.0,
    1.0,
    1.0,
    1.0,
    1.0,
    1.0,
    1.0,
    1.0,
    1.0,
    1.0,
    1.0,
    1.0,
    1.0,
    1.0,
    1.0,
    1.0,
    1.0,
    1.0,
    1.0,
    1.0,
    1.0,
    1.0,
    1.0,
    1.0,
    1.0,
    1.0,
    1.0,
    1.0,
    1.0,
    1.0,
    1.0,
    1.0,
    1.0,
    1.0,
    1.0,
    1.0,
    1.0,
    1.0,
    1.0,
    1.0,
    1.0,
    1.0,
    1.0,
    1.0,
    1.0,
    1.0,
    1.0,
    1.0,
    1.0,
    1.0,
    1.0,
    1.0,
    1.0,
    1.0,
    1.0,
    1.0,
    1.0,
    1.0,
    1.0,
    1.0,
    1.0,
    1.0,
    1.0,
    1.0,
    1.0,
    1.0,
    1.0
  ],
  "test_acc": [
    0.011372090551599533,
    0.3932405144011053,
    0.39345307684132214,
    0.39387820172175575,
    0.39398448294186417,
    0.3958975449038155,
    0.39982995004782657,
    0.4084387288766075,
    0.4252311616537358,
    0.44999468593899455,
    0.4769901158465299,
    0.5136571367839303,
    0.5508555638218727,
    0.5723243702837708,
    0.6070783292592199,
    0.627484323520034,
    0.6547985970878946,
    0.6861515570198746,
    0.671909873525348,
    0.7264321394409607,
    0.7401424168349453,
    0.7505579764055691,
    0.7762780316718036,
    0.7869061536826443,
    0.7958337761717504,
    0.8079498352641088,
    0.7910511212668722,
    0.8212349877776597,
    0.8258050802423211,
    0.8203847380167925,
    0.8413221383781486,
    0.8395153576363057,
    0.8327133595493676,
    0.8478052928047614,
    0.8489743862259539,
    0.8457859496227017,
    0.8524816664895313,
    0.8532256350302901,
    0.8499309172069295,
    0.8547135721118079,
    0.8585396960357105,
    0.8495057923264959,
    0.8610904453183122,
    0.8626846636199383,
    0.8286746731852481,
    0.8628972260601552,
    0.8653416941226485,
    0.86257838239983,
    0.8672547560845999,
    0.8707620363481773,
    0.8628972260601552,
    0.875650972473164,
    0.8763949410139228,
    0.8802210649378255,
    0.872249973429695,
    0.8796896588372835,
    0.8805399085981507,
    0.877457753215007,
    0.8823466893399936,
    0.8827718142204273,
    0.8767137846742481,
    0.8824529705601021,
    0.8855351259432458,
    0.8799022212775003,
    0.8876607503454139,
    0.888723562546498,
    0.8811775959188012,
    0.8872356254649804,
    0.8886172813263896,
    0.888192156445956,
    0.8836220639812945,
    0.8895738123073653,
    0.8909554681687746,
    0.8841534700818365,
    0.8908491869486662,
    0.8903177808481242,
    0.8811775959188012,
    0.8897863747475822,
    0.8936124986714847,
    0.8861728132638963,
    0.8954192794133277,
    0.8943564672122436,
    0.8797959400573918,
    0.8898926559676905,
    0.8927622489106175,
    0.8931873737910512,
    0.8890424062068233,
    0.8961632479540865,
    0.8994579657774471,
    0.8918057179296418,
    0.8927622489106175,
    0.8952067169731108,
    0.8879795940057392,
    0.8956318418535445,
    0.8971197789350622,
    0.8875544691253056,
    0.8941439047720268,
    0.8954192794133277,
    0.8863853757041131,
    0.8941439047720268,
    0.8941439047720268
  ]
}