{
  "epoch": [
    1,
    2000,
    4000,
    6000,
    8000,
    10000,
    12000,
    14000,
    16000,
    18000,
    20000,
    22000,
    24000,
    26000,
    28000,
    30000,
    32000,
    34000,
    36000,
    38000,
    40000,
    42000,
    44000,
    46000,
    48000,
    50000,
    52000,
    54000,
    56000,
    58000,
    60000,
    62000,
    64000,
    66000,
    68000,
    70000,
    72000,
    74000,
    76000,
    78000,
    80000,
    82000,
    84000,
    86000,
    88000,
    90000,
    92000,
    94000,
    96000,
    98000,
    100000,
    102000,
    104000,
    106000,
    108000,
    110000,
    112000,
    114000,
    116000,
    118000,
    120000,
    122000,
    124000,
    126000,
    128000,
    130000,
    132000,
    134000,
    136000,
    138000,
    140000,
    142000,
    144000,
    146000,
    148000,
    150000,
    152000,
    154000,
    156000,
    158000,
    160000,
    162000,
    164000,
    166000,
    168000,
    170000,
    172000,
    174000,
    176000,
    178000,
    180000,
    182000,
    184000,
    186000,
    188000,
    190000,
    192000,
    194000,
    196000,
    198000,
    200000
  ],
  "loss": [
    4.576181221008301,
    0.27373251215214206,
    0.061589232379198076,
    0.06063671807069331,
    0.05990374556556344,
    0.05936234293291345,
    0.05892196268634871,
    0.0585761852835305,
    0.05827453142059967,
    0.05802084622569382,
    0.05782450177548453,
    0.05766303405016661,
    0.057516145662404594,
    0.05740096625946462,
    0.05727692822897807,
    0.05718145008618012,
    0.057107894554827364,
    0.05701670803893358,
    0.05692194734672085,
    0.05680026107998565,
    0.05668397052455693,
    0.05655008370885625,
    0.05643563613202423,
    0.056314463289547714,
    0.05615141108287498,
    0.055922641637083145,
    0.05568347527915612,
    0.05537800209913403,
    0.05510135741699487,
    0.05491451069302857,
    0.05476882558576763,
    0.05463826807057485,
    0.05460796741619706,
    0.054598115985374895,
    0.05457566949306056,
    0.05456692528659478,
    0.05453191654430702,
    0.05456323954956606,
    0.05459667282886803,
    0.05456729551702738,
    0.054617444800306114,
    0.05464714696258306,
    0.05460298050204292,
    0.05459585959389806,
    0.054608576882444325,
    0.05460387197677046,
    0.054616855166200545,
    0.054588125355634835,
    0.05458278378918767,
    0.05463808736596257,
    0.05461789834238589,
    0.05464618142331019,
    0.05463258745307103,
    0.05457804543096572,
    0.054549103154987094,
    0.05457643246110529,
    0.05459012902425602,
    0.054642881529126316,
    0.05461932226680219,
    0.054601819027774036,
    0.05460118047539145,
    0.05460272838640958,
    0.05461450240332633,
    0.05462693305676803,
    0.05459701774036512,
    0.05459140230417252,
    0.0545939078961499,
    0.05459215766116977,
    0.05455931615466252,
    0.0546027416032739,
    0.05462750221034512,
    0.05461064980523661,
    0.05458702938035131,
    0.05459138038102537,
    0.054603106574341656,
    0.05465060925716534,
    0.05461636892389506,
    0.05461661643562839,
    0.05458156675985083,
    0.05459581527961418,
    0.05464563506729901,
    0.05461375034814701,
    0.05460251042498276,
    0.054613675875775515,
    0.05463350371960551,
    0.0545749787081033,
    0.05456803719885647,
    0.05458196093495935,
    0.05461548055242747,
    0.05462882766723633,
    0.05466220812452957,
    0.05464494539583102,
    0.05461341858869419,
    0.05463248431151733,
    0.05459877730794251,
    0.054620351039990786,
    0.05464345383448526,
    0.05463675242261961,
    0.05463278937805444,
    0.05460005270242691,
    0.054616628284938636
  ],
  "train_acc": [
    0.0178,
    0.9642,
    0.9642,
    0.9642,
    0.9642,
    0.9642,
    0.9642,
    0.9642,
    0.9642,
    0.9642,
    0.9642,
    0.9642,
    0.9642,
    0.9642,
    0.9642,
    0.9642,
    0.9642,
    0.9642,
    0.9642,
    0.9642,
    0.9642,
    0.9642,
    0.9642,
    0.9642,
    0.9642,
    0.9642,
    0.9642,
    0.9642,
    0.9642,
    0.9642,
    0.9642,
    0.9642,
    0.9642,
    0.9642,
    0.9642,
    0.9642,
    0.9642,
    0.9642,
    0.9642,
    0.9642,
    0.9642,
    0.9642,
    0.9642,
    0.9642,
    0.9642,
    0.9642,
    0.9642,
    0.9642,
    0.9642,
    0.9642,
    0.9642,
    0.9642,
    0.9642,
    0.9642,
    0.9642,
    0.9642,
    0.9642,
    0.9642,
    0.9642,
    0.9642,
    0.9642,
    0.9642,
    0.9642,
    0.9642,
    0.9642,
    0.9642,
    0.9642,
    0.9642,
    0.9642,
    0.9642,
    0.9642,
    0.9642,
    0.9642,
    0.9642,
    0.9642,
    0.9642,
    0.9642,
    0.9642,
    0.9642,
    0.9642,
    0.9642,
    0.9642,
    0.9642,
    0.9642,
    0.9642,
    0.9642,
    0.9642,
    0.9642,
    0.9642,
    0.9642,
    0.9642,
    0.9642,
    0.9642,
    0.9642,
    0.9642,
    0.9642,
    0.9642,
    0.9642,
    0.9642,
    0.9642,
    0.9642
  ],
  "test_acc": [
    0.01147837177170794,
    0.3818684238495058,
    0.381655861409289,
    0.3820809862897226,
    0.3833563609310235,
    0.3826123923902646,
    0.3819747050696142,
    0.3820809862897226,
    0.38314379849080665,
    0.38239982995004784,
    0.3817621426293974,
    0.381655861409289,
    0.3826123923902646,
    0.38271867361037304,
    0.3830375172706983,
    0.3817621426293974,
    0.3826123923902646,
    0.38325007971091507,
    0.3829312360505899,
    0.38271867361037304,
    0.38271867361037304,
    0.38250611117015626,
    0.38250611117015626,
    0.38239982995004784,
    0.3834626421511319,
    0.3820809862897226,
    0.38282495483048146,
    0.38250611117015626,
    0.3829312360505899,
    0.3833563609310235,
    0.38325007971091507,
    0.38282495483048146,
    0.3817621426293974,
    0.38314379849080665,
    0.3834626421511319,
    0.3838877670315655,
    0.3829312360505899,
    0.38325007971091507,
    0.38410032947178235,
    0.38314379849080665,
    0.3835689233712403,
    0.38484429801254116,
    0.38325007971091507,
    0.382187267509831,
    0.38271867361037304,
    0.3837814858114571,
    0.38271867361037304,
    0.38282495483048146,
    0.3830375172706983,
    0.3835689233712403,
    0.38410032947178235,
    0.3822935487299394,
    0.3829312360505899,
    0.38431289191199913,
    0.3842066106918907,
    0.38452545435221597,
    0.3836752045913487,
    0.3830375172706983,
    0.3838877670315655,
    0.382187267509831,
    0.38399404825167394,
    0.38282495483048146,
    0.385056860452758,
    0.3829312360505899,
    0.3833563609310235,
    0.38399404825167394,
    0.38325007971091507,
    0.3829312360505899,
    0.3834626421511319,
    0.385056860452758,
    0.38526942289297483,
    0.3849505792326496,
    0.38569454777340845,
    0.385056860452758,
    0.3854819853331916,
    0.38611967265384206,
    0.3849505792326496,
    0.38441917313210755,
    0.38452545435221597,
    0.38452545435221597,
    0.38484429801254116,
    0.38558826655330003,
    0.38526942289297483,
    0.38580082899351686,
    0.3864385163141673,
    0.38569454777340845,
    0.3864385163141673,
    0.38558826655330003,
    0.38601339143373364,
    0.38856414071633544,
    0.38782017217557657,
    0.38760760973535974,
    0.3851631416728664,
    0.3866510787543841,
    0.3851631416728664,
    0.385056860452758,
    0.3864385163141673,
    0.38580082899351686,
    0.38739504729514296,
    0.38696992241470934,
    0.38696992241470934
  ]
}