{
  "epoch": [
    1,
    2000,
    4000,
    6000,
    8000,
    10000,
    12000,
    14000,
    16000,
    18000,
    20000,
    22000,
    24000,
    26000,
    28000,
    30000,
    32000,
    34000,
    36000,
    38000,
    40000,
    42000,
    44000,
    46000,
    48000,
    50000,
    52000,
    54000,
    56000,
    58000,
    60000,
    62000,
    64000,
    66000,
    68000,
    70000,
    72000,
    74000,
    76000,
    78000,
    80000,
    82000,
    84000,
    86000,
    88000,
    90000,
    92000,
    94000,
    96000,
    98000,
    100000,
    102000,
    104000,
    106000,
    108000,
    110000,
    112000,
    114000,
    116000,
    118000,
    120000,
    122000,
    124000,
    126000,
    128000,
    130000,
    132000,
    134000,
    136000,
    138000,
    140000,
    142000,
    144000,
    146000,
    148000,
    150000,
    152000,
    154000,
    156000,
    158000,
    160000,
    162000,
    164000,
    166000,
    168000,
    170000,
    172000,
    174000,
    176000,
    178000,
    180000,
    182000,
    184000,
    186000,
    188000,
    190000,
    192000,
    194000,
    196000,
    198000,
    200000
  ],
  "loss": [
    4.57512354850769,
    0.20536531954202764,
    1.0161601281915011e-06,
    2.3745566883306423e-07,
    2.213813344091875e-07,
    2.18934539770288e-07,
    2.175538409730393e-07,
    2.208346960429708e-07,
    0.00010984875339451393,
    5.1061735686047885e-06,
    2.232265517413623e-07,
    0.00018138914314534205,
    0.00011020207659079375,
    4.454906368886213e-06,
    0.00018912997060910826,
    2.5928431024283325e-06,
    0.00027314724656006317,
    0.00010100958942360237,
    3.617856410952669e-06,
    0.0001505909358971543,
    0.00022721625876178847,
    5.16577849642772e-06,
    0.00014304215812295523,
    0.00017063166201070388,
    4.753079648193648e-06,
    0.00014598478916906217,
    0.00024318408799288207,
    5.157825548830886e-06,
    0.00010353296558524861,
    0.00018209778082486992,
    4.463734200177783e-06,
    0.00022393902643304172,
    0.00023564703047922392,
    4.7149860995709504e-06,
    0.00014131219222668037,
    0.0002136620160670283,
    4.382884739667503e-06,
    0.00019041715429569096,
    0.0003105843959764655,
    4.891200275024943e-06,
    0.0002981878110633687,
    0.00015693327548832342,
    8.671193496684708e-05,
    3.2122864735143253e-06,
    0.00019585330601566185,
    0.00010239816725228153,
    3.2522980579429372e-06,
    0.0001225763461296111,
    9.697676002394146e-05,
    1.5580907363485609e-06,
    0.0002580281701839773,
    0.00019332133649972364,
    0.00020640485184758716,
    4.789143665330187e-06,
    0.0001306876163775307,
    0.00017093818895127271,
    0.00013138970678446284,
    4.103818243977742e-06,
    0.00017453952508588558,
    0.00024932667608948834,
    4.8597817026973185e-06,
    0.00031751884727616685,
    0.00014644235609922375,
    4.166174295159664e-06,
    0.00026532970235236346,
    0.00019067152537142391,
    3.6563876193071108e-06,
    0.00020551456714248815,
    0.00016459584939429632,
    0.00018026790504488375,
    4.4297240125843015e-06,
    0.00022996912789484297,
    0.00011397098155014121,
    3.2095851059835922e-06,
    0.00022463211861825769,
    0.00016933934671373052,
    3.0299923990853016e-06,
    0.0002181165868728577,
    0.00019020816445456106,
    0.00018828435311901614,
    4.4329235693837176e-06,
    0.00031994993448904337,
    0.00030434069785245226,
    5.0288904658529536e-06,
    0.00023042323635919857,
    0.0002508783476184171,
    4.937273312468449e-06,
    0.00021435576492388576,
    0.00026685505965286536,
    4.690977121558149e-06,
    0.00026891841361620193,
    0.0002752852482751514,
    4.347447269427107e-06,
    0.00033975486316009337,
    0.00011873714086563894,
    1.9369916999927738e-06,
    0.00031756851145736106,
    0.00021143616810519745,
    0.00022587046136262714,
    4.898471846877328e-06,
    0.0002855207653987648
  ],
  "train_acc": [
    0.0204,
    1.0,
    1.0,
    1.0,
    1.0,
    1.0,
    1.0,
    1.0,
    1.0,
    1.0,
    1.0,
    1.0,
    1.0,
    1.0,
    1.0,
    1.0,
    1.0,
    1.0,
    1.0,
    1.0,
    1.0,
    1.0,
    1.0,
    1.0,
    1.0,
    1.0,
    1.0,
    1.0,
    1.0,
    1.0,
    1.0,
    1.0,
    1.0,
    1.0,
    1.0,
    1.0,
    1.0,
    1.0,
    1.0,
    1.0,
    1.0,
    1.0,
    1.0,
    1.0,
    1.0,
    1.0,
    1.0,
    1.0,
    1.0,
    1.0,
    1.0,
    1.0,
    1.0,
    1.0,
    1.0,
    1.0,
    1.0,
    1.0,
    1.0,
    1.0,
    1.0,
    1.0,
    1.0,
    1.0,
    1.0,
    1.0,
    1.0,
    1.0,
    1.0,
    1.0,
    1.0,
    1.0,
    1.0,
    1.0,
    1.0,
    1.0,
    1.0,
    1.0,
    1.0,
    1.0,
    1.0,
    1.0,
    1.0,
    1.0,
    1.0,
    1.0,
    1.0,
    1.0,
    1.0,
    1.0,
    1.0,
    1.0,
    1.0,
    1.0,
    1.0,
    1.0,
    1.0,
    1.0,
    1.0,
    1.0,
    1.0
  ],
  "test_acc": [
    0.011265809331491126,
    0.39472845148262303,
    0.39504729514294823,
    0.3956849824635987,
    0.39727920076522477,
    0.4003613561483686,
    0.41003294717823363,
    0.4259751301944946,
    0.4498884047188862,
    0.48878733127856305,
    0.5197151663301095,
    0.5654160909767244,
    0.5925178021043681,
    0.630885322563503,
    0.6560739717291955,
    0.6798809650334786,
    0.7092145817833989,
    0.7311085131257307,
    0.7436496970985227,
    0.7674566904028058,
    0.7641619725794452,
    0.7940269954299075,
    0.8025294930385801,
    0.7982782442342438,
    0.8233606121798278,
    0.8334573280901265,
    0.8224040811988521,
    0.8434477627803167,
    0.8459985120629184,
    0.8452545435221597,
    0.8579020087150601,
    0.8667233499840579,
    0.8670421936443831,
    0.8752258475927304,
    0.8792645339568498,
    0.8826655330003188,
    0.8862790944840047,
    0.8893612498671485,
    0.8947815920926773,
    0.8924434052502923,
    0.897332341375279,
    0.8991391221171219,
    0.877457753215007,
    0.896056966733978,
    0.9034966521415666,
    0.9029652460410246,
    0.8987139972366883,
    0.903602933361675,
    0.9071102136252525,
    0.9006270591986396,
    0.9058348389839516,
    0.9092358380274206,
    0.9009459028589648,
    0.9073227760654692,
    0.9063662450844936,
    0.910936337549155,
    0.8429163566797747,
    0.9068976511850356,
    0.9106174938888298,
    0.8817090020193432,
    0.9089169943670954,
    0.9125305558507811,
    0.9140184929322989,
    0.9063662450844936,
    0.9106174938888298,
    0.9131682431714316,
    0.9051971516633011,
    0.9128493995111064,
    0.915612711233925,
    0.8962695291741949,
    0.9135933680518652,
    0.9155064300138166,
    0.9163566797746838,
    0.9094484004676374,
    0.9158252736741418,
    0.9165692422149007,
    0.9102986502285046,
    0.9135933680518652,
    0.9188011478371771,
    0.9002019343182059,
    0.9152938675735998,
    0.9182697417366351,
    0.9006270591986396,
    0.9188011478371771,
    0.9201828036985864,
    0.9026464023806994,
    0.9176320544159847,
    0.9174194919757679,
    0.9193325539377192,
    0.9167818046551175,
    0.9180571792964183,
    0.9193325539377192,
    0.9150813051333829,
    0.9192262727176108,
    0.9219895844404293,
    0.9155064300138166,
    0.9214581783398873,
    0.9215644595599958,
    0.875119566372622,
    0.9192262727176108,
    0.9207142097991285
  ]
}