{
  "epoch": [
    1,
    2000,
    4000,
    6000,
    8000,
    10000,
    12000,
    14000,
    16000,
    18000,
    20000,
    22000,
    24000,
    26000,
    28000,
    30000,
    32000,
    34000,
    36000,
    38000,
    40000,
    42000,
    44000,
    46000,
    48000,
    50000,
    52000,
    54000,
    56000,
    58000,
    60000,
    62000,
    64000,
    66000,
    68000,
    70000,
    72000,
    74000,
    76000,
    78000,
    80000,
    82000,
    84000,
    86000,
    88000,
    90000,
    92000,
    94000,
    96000,
    98000,
    100000,
    102000,
    104000,
    106000,
    108000,
    110000,
    112000,
    114000,
    116000,
    118000,
    120000,
    122000,
    124000,
    126000,
    128000,
    130000,
    132000,
    134000,
    136000,
    138000,
    140000,
    142000,
    144000,
    146000,
    148000,
    150000,
    152000,
    154000,
    156000,
    158000,
    160000,
    162000,
    164000,
    166000,
    168000,
    170000,
    172000,
    174000,
    176000,
    178000,
    180000,
    182000,
    184000,
    186000,
    188000,
    190000,
    192000,
    194000,
    196000,
    198000,
    200000
  ],
  "loss": [
    4.575735712051392,
    0.20343294818866325,
    0.002381950191139856,
    0.00230147518001812,
    0.0022580338900368064,
    0.002241668816015534,
    0.0022365063627230925,
    0.0022349281089081986,
    0.0022348482178991117,
    0.002235435758722096,
    0.002231730765081266,
    0.002236141150620201,
    0.0022361619650258908,
    0.002243019856825867,
    0.0022396797566349605,
    0.0022379979526578465,
    0.0022401834979888812,
    0.002240572833875862,
    0.0022407813530575475,
    0.0022391223247258106,
    0.002244035907833224,
    0.002244389221776909,
    0.002238544903329187,
    0.0022426895292869866,
    0.002241837871533882,
    0.002240712622952033,
    0.0022421490988295645,
    0.0022439795379263485,
    0.0022452394911674474,
    0.002247639123668722,
    0.0022449888988376266,
    0.002243541958385426,
    0.0022445400737759703,
    0.002242353574395574,
    0.0022401639330765343,
    0.002240577058265064,
    0.0022428652716206116,
    0.002244769413288438,
    0.0022430121439557015,
    0.0022454762228802075,
    0.002244753043482387,
    0.0022457428867156204,
    0.002242376980847046,
    0.0022436403796253146,
    0.0022435554806386343,
    0.002241631401663682,
    0.0022428568942107277,
    0.002241718330363097,
    0.0022412662952534385,
    0.0022431482028650216,
    0.0022393146218599256,
    0.0022474337793319805,
    0.0022441017993674044,
    0.0022445182759203795,
    0.002242046141138316,
    0.0022477359581407866,
    0.002242998414178555,
    0.002241662847271297,
    0.0022404024439122944,
    0.0022414300606352832,
    0.002238399422674008,
    0.002241266603997262,
    0.002240908098917437,
    0.0022406394044167262,
    0.002241217689353855,
    0.002240960220417898,
    0.002240240774259319,
    0.0022418441924285204,
    0.0022402065558246825,
    0.002243117860460913,
    0.0022432399091705944,
    0.0022442295674595363,
    0.0022454106787447125,
    0.0022420912624968397,
    0.002241534631866539,
    0.0022443562418373963,
    0.0022409111910443235,
    0.0022440903738151965,
    0.002241782640393513,
    0.0022429724831781526,
    0.002240889236329335,
    0.002238730349941119,
    0.0022409083634850908,
    0.002242469274740557,
    0.0022391968275214504,
    0.002238078663141771,
    0.002236356220427378,
    0.002240807072906881,
    0.0022446258171374025,
    0.0022450468698514883,
    0.0022421341926916853,
    0.0022449160960753573,
    0.0022427506009358887,
    0.00223947217948595,
    0.0022356903569336977,
    0.002241345467871867,
    0.002240159333009887,
    0.002239936594700417,
    0.002238362743162363,
    0.0022411679708010316,
    0.0022435387210696226
  ],
  "train_acc": [
    0.0224,
    0.9984,
    0.9984,
    0.9984,
    0.9984,
    0.9984,
    0.9984,
    0.9984,
    0.9984,
    0.9984,
    0.9984,
    0.9984,
    0.9984,
    0.9984,
    0.9984,
    0.9984,
    0.9984,
    0.9984,
    0.9984,
    0.9984,
    0.9984,
    0.9984,
    0.9984,
    0.9984,
    0.9984,
    0.9984,
    0.9984,
    0.9984,
    0.9984,
    0.9984,
    0.9984,
    0.9984,
    0.9984,
    0.9984,
    0.9984,
    0.9984,
    0.9984,
    0.9984,
    0.9984,
    0.9984,
    0.9984,
    0.9984,
    0.9984,
    0.9984,
    0.9984,
    0.9984,
    0.9984,
    0.9984,
    0.9984,
    0.9984,
    0.9984,
    0.9984,
    0.9984,
    0.9984,
    0.9984,
    0.9984,
    0.9984,
    0.9984,
    0.9984,
    0.9984,
    0.9984,
    0.9984,
    0.9984,
    0.9984,
    0.9984,
    0.9984,
    0.9984,
    0.9984,
    0.9984,
    0.9984,
    0.9984,
    0.9984,
    0.9984,
    0.9984,
    0.9984,
    0.9984,
    0.9984,
    0.9984,
    0.9984,
    0.9984,
    0.9984,
    0.9984,
    0.9984,
    0.9984,
    0.9984,
    0.9984,
    0.9984,
    0.9984,
    0.9984,
    0.9984,
    0.9984,
    0.9984,
    0.9984,
    0.9984,
    0.9984,
    0.9984,
    0.9984,
    0.9984,
    0.9984,
    0.9984,
    0.9984
  ],
  "test_acc": [
    0.012222340312466787,
    0.3721968328196408,
    0.3726219577000744,
    0.37336592624083326,
    0.37410989478159207,
    0.37538526942289296,
    0.37666064406419386,
    0.37814858114571154,
    0.38069933042831333,
    0.3847380167924328,
    0.3900520777978531,
    0.39653523222446596,
    0.4049314486130301,
    0.4109894781592093,
    0.419810819428207,
    0.42905728557763845,
    0.43851631416728665,
    0.4473376554362844,
    0.45785949622701666,
    0.46976299287915824,
    0.4795408651291317,
    0.4865554256562865,
    0.4924008927622489,
    0.4999468593899458,
    0.5081305133382932,
    0.51567647996599,
    0.5225847592730365,
    0.5283239451588905,
    0.5322563503029015,
    0.5335317249442023,
    0.5353385056860452,
    0.5443724093952599,
    0.5496864704006802,
    0.5540440004251249,
    0.5553193750664258,
    0.5582952492294612,
    0.5656286534169412,
    0.5703050271017112,
    0.5711552768625784,
    0.5737060261451802,
    0.5757253693272398,
    0.5731746200446382,
    0.5746625571261558,
    0.5822085237538527,
    0.585184397916888,
    0.5881602720799235,
    0.5887979594005739,
    0.5920926772239345,
    0.596131363588054,
    0.5997449250717398,
    0.6019768306940164,
    0.6060155170581358,
    0.6051652672972686,
    0.6030396428951005,
    0.6037836114358592,
    0.6035710489956425,
    0.6042087363162929,
    0.6050589860771601,
    0.6020831119141248,
    0.6010202997130407,
    0.6025082367945584,
    0.605271548517377,
    0.609203953661388,
    0.60973535976193,
    0.60973535976193,
    0.6066532043787862,
    0.6075034541396536,
    0.608672547560846,
    0.6083537039005208,
    0.608141141460304,
    0.6083537039005208,
    0.611542140503773,
    0.6106918907429058,
    0.6099479222021469,
    0.6116484217238813,
    0.6148368583271336,
    0.6152619832075672,
    0.6195132320119034,
    0.6220639812945052,
    0.6239770432564565,
    0.624083324476565,
    0.624614730577107,
    0.624083324476565,
    0.6251461366776491,
    0.6204697629928791,
    0.6265277925390583,
    0.6304601976830694,
    0.6317355723243703,
    0.6335423530662132,
    0.633223509405888,
    0.63375491550643,
    0.6324795408651291,
    0.6325858220852375,
    0.6313104474439366,
    0.6342863216069721,
    0.6346051652672973,
    0.6349240089276225,
    0.6343926028270804,
    0.6351365713678393,
    0.6357742586884897,
    0.6351365713678393
  ]
}