{
  "epoch": [
    1,
    2000,
    4000,
    6000,
    8000,
    10000,
    12000,
    14000,
    16000,
    18000,
    20000,
    22000,
    24000,
    26000,
    28000,
    30000,
    32000,
    34000,
    36000,
    38000,
    40000,
    42000,
    44000,
    46000,
    48000,
    50000,
    52000,
    54000,
    56000,
    58000,
    60000,
    62000
  ],
  "loss": [
    4.575200939178467,
    0.20633530377928824,
    9.659363669385357e-07,
    2.211712457146575e-07,
    2.0837841986889317e-07,
    2.0958480013320014e-07,
    2.1072055566975223e-07,
    8.904533256439606e-05,
    1.5952197026564362e-06,
    0.00020885092615757016,
    0.00021239346619506208,
    5.29859019109864e-06,
    0.0003086084053790614,
    0.00012835260728963577,
    4.094987412570106e-06,
    0.00031136567823462897,
    2.67783909568422e-06,
    0.0004302904576192219,
    0.00022765287013319053,
    0.00024117883967049992,
    4.519695048269767e-06,
    0.0002702678328536791,
    0.00031529405373285257,
    4.824348251025867e-06,
    0.00036310089367623066,
    0.0004369223051169776,
    5.6583938502299705e-06,
    0.0003577087708155645,
    0.000509653514334127,
    5.5728070176492395e-06,
    0.0003665007382834318,
    0.00041506181131672977
  ],
  "train_acc": [
    0.0172,
    1.0,
    1.0,
    1.0,
    1.0,
    1.0,
    1.0,
    1.0,
    1.0,
    1.0,
    1.0,
    1.0,
    1.0,
    1.0,
    1.0,
    1.0,
    1.0,
    1.0,
    1.0,
    1.0,
    1.0,
    1.0,
    1.0,
    1.0,
    1.0,
    1.0,
    1.0,
    1.0,
    1.0,
    1.0,
    1.0,
    1.0
  ],
  "test_acc": [
    0.01147837177170794,
    0.41237113402061853,
    0.41290254012116057,
    0.4143904772026783,
    0.41853544478690613,
    0.43522159634392604,
    0.47922202146880644,
    0.5333191625039856,
    0.6189818259113614,
    0.6823254330959719,
    0.7195238601339143,
    0.7928579020087151,
    0.8162397704325646,
    0.829418641726007,
    0.8694866617068764,
    0.8801147837177171,
    0.8962695291741949,
    0.9130619619513232,
    0.919545116377936,
    0.9134870868317568,
    0.9316611754702944,
    0.9365501115952811,
    0.9393134233180996,
    0.9429269848017855,
    0.947497077266447,
    0.9467531087256882,
    0.9496227016686152,
    0.9536613880327346,
    0.9553618875544692,
    0.9567435434158784,
    0.9596131363588054,
    0.9613136358805399
  ]
}