{
  "epoch": [
    1,
    2000,
    4000,
    6000,
    8000,
    10000,
    12000,
    14000,
    16000,
    18000,
    20000,
    22000,
    24000,
    26000,
    28000,
    30000,
    32000,
    34000,
    36000,
    38000,
    40000,
    42000,
    44000,
    46000,
    48000,
    50000,
    52000,
    54000,
    56000,
    58000,
    60000,
    62000,
    64000,
    66000,
    68000,
    70000,
    72000,
    74000,
    76000,
    78000,
    80000,
    82000,
    84000,
    86000,
    88000,
    90000,
    92000,
    94000,
    96000,
    98000,
    100000,
    102000,
    104000,
    106000,
    108000,
    110000,
    112000,
    114000,
    116000,
    118000,
    120000,
    122000,
    124000,
    126000,
    128000,
    130000,
    132000,
    134000,
    136000,
    138000,
    140000,
    142000,
    144000,
    146000,
    148000,
    150000,
    152000,
    154000,
    156000,
    158000,
    160000,
    162000,
    164000,
    166000,
    168000,
    170000,
    172000,
    174000,
    176000,
    178000,
    180000,
    182000,
    184000,
    186000,
    188000,
    190000,
    192000,
    194000,
    196000,
    198000,
    200000
  ],
  "loss": [
    4.575319051742554,
    0.2627090716383244,
    0.04977533404938877,
    0.04899093676507473,
    0.04844278487693519,
    0.0480805074502714,
    0.047792241140361874,
    0.047532501755282286,
    0.04732295471830294,
    0.04710528365699574,
    0.046862500691320745,
    0.04668073487663642,
    0.04652764397347346,
    0.046478390061855314,
    0.04642062074244022,
    0.04642198639223352,
    0.04641632331330329,
    0.04643719914872199,
    0.046410261536436154,
    0.04643352447799407,
    0.04644295934783295,
    0.04644796428885311,
    0.046413883536681536,
    0.046414003866910934,
    0.04640414281571284,
    0.04638575672870502,
    0.04640280703017488,
    0.0463668580208905,
    0.04635557353878394,
    0.046367835710104555,
    0.046347812701854854,
    0.046355965575482695,
    0.04635414499286562,
    0.04636417298959568,
    0.04636130591500551,
    0.04637822428303771,
    0.046366600456135346,
    0.046346670896280556,
    0.04636702584708109,
    0.04636619134517386,
    0.04635595680903643,
    0.046355045789387074,
    0.04636858904091641,
    0.046362726946827026,
    0.0463517054178752,
    0.04636037008035928,
    0.046333499457873406,
    0.04634433323452249,
    0.046373835460748525,
    0.04636887879176065,
    0.04635096175065264,
    0.04636905975509435,
    0.0463527797347866,
    0.0463703480578959,
    0.04635538779785857,
    0.046324659791775046,
    0.04634513601213694,
    0.04635304296948016,
    0.04635341756893322,
    0.046343551977258174,
    0.046358729372452945,
    0.046343402069993316,
    0.0463382429507561,
    0.04635160522852093,
    0.04636360682211816,
    0.04634972246158868,
    0.04633780290503055,
    0.04635185398189351,
    0.046337726928759364,
    0.04635121566145681,
    0.04636404809821397,
    0.046365998799912635,
    0.046352396986447275,
    0.046351510882098226,
    0.04635285889413208,
    0.04634816882312298,
    0.04634555010972544,
    0.04634274090891704,
    0.04635461688768119,
    0.04634400208611041,
    0.04634370851488784,
    0.046379494328796865,
    0.04635870817992836,
    0.046334691610373555,
    0.046332576960977166,
    0.046335421454813334,
    0.04633332833265886,
    0.04634747666753829,
    0.04635204226225614,
    0.046339027518685905,
    0.04633241403289139,
    0.046334806850273164,
    0.046351804784685376,
    0.046318319612182676,
    0.04631161179058254,
    0.04632161903642118,
    0.046348286849353465,
    0.046333637607470154,
    0.046327404179982844,
    0.04633018307322636,
    0.04634740473795682
  ],
  "train_acc": [
    0.0158,
    0.9696,
    0.9696,
    0.9696,
    0.9696,
    0.9696,
    0.9696,
    0.9696,
    0.9696,
    0.9696,
    0.9696,
    0.9696,
    0.9696,
    0.9696,
    0.9696,
    0.9696,
    0.9696,
    0.9696,
    0.9696,
    0.9696,
    0.9696,
    0.9696,
    0.9696,
    0.9696,
    0.9696,
    0.9696,
    0.9696,
    0.9696,
    0.9696,
    0.9696,
    0.9696,
    0.9696,
    0.9696,
    0.9696,
    0.9696,
    0.9696,
    0.9696,
    0.9696,
    0.9696,
    0.9696,
    0.9696,
    0.9696,
    0.9696,
    0.9696,
    0.9696,
    0.9696,
    0.9696,
    0.9696,
    0.9696,
    0.9696,
    0.9696,
    0.9696,
    0.9696,
    0.9696,
    0.9696,
    0.9696,
    0.9696,
    0.9696,
    0.9696,
    0.9696,
    0.9696,
    0.9696,
    0.9696,
    0.9696,
    0.9696,
    0.9696,
    0.9696,
    0.9696,
    0.9696,
    0.9696,
    0.9696,
    0.9696,
    0.9696,
    0.9696,
    0.9696,
    0.9696,
    0.9696,
    0.9696,
    0.9696,
    0.9696,
    0.9696,
    0.9696,
    0.9696,
    0.9696,
    0.9696,
    0.9696,
    0.9696,
    0.9696,
    0.9696,
    0.9696,
    0.9696,
    0.9696,
    0.9696,
    0.9696,
    0.9696,
    0.9696,
    0.9696,
    0.9696,
    0.9696,
    0.9696,
    0.9696
  ],
  "test_acc": [
    0.010309278350515464,
    0.3836752045913487,
    0.38282495483048146,
    0.3838877670315655,
    0.3842066106918907,
    0.38410032947178235,
    0.3829312360505899,
    0.3833563609310235,
    0.3820809862897226,
    0.3822935487299394,
    0.38239982995004784,
    0.3836752045913487,
    0.3835689233712403,
    0.38144329896907214,
    0.3829312360505899,
    0.3826123923902646,
    0.3822935487299394,
    0.3830375172706983,
    0.38314379849080665,
    0.38314379849080665,
    0.3829312360505899,
    0.38250611117015626,
    0.38282495483048146,
    0.382187267509831,
    0.3833563609310235,
    0.38314379849080665,
    0.3826123923902646,
    0.3837814858114571,
    0.38282495483048146,
    0.38271867361037304,
    0.3822935487299394,
    0.38282495483048146,
    0.3833563609310235,
    0.3830375172706983,
    0.38282495483048146,
    0.3833563609310235,
    0.3830375172706983,
    0.3830375172706983,
    0.38282495483048146,
    0.38282495483048146,
    0.3819747050696142,
    0.3819747050696142,
    0.38239982995004784,
    0.3820809862897226,
    0.3834626421511319,
    0.3819747050696142,
    0.3835689233712403,
    0.3835689233712403,
    0.38250611117015626,
    0.38282495483048146,
    0.38250611117015626,
    0.38325007971091507,
    0.3835689233712403,
    0.3829312360505899,
    0.3834626421511319,
    0.3830375172706983,
    0.3822935487299394,
    0.3818684238495058,
    0.3820809862897226,
    0.38325007971091507,
    0.3834626421511319,
    0.3830375172706983,
    0.38271867361037304,
    0.3830375172706983,
    0.38325007971091507,
    0.38325007971091507,
    0.38250611117015626,
    0.38282495483048146,
    0.38314379849080665,
    0.3836752045913487,
    0.3842066106918907,
    0.3834626421511319,
    0.38282495483048146,
    0.38325007971091507,
    0.38325007971091507,
    0.3833563609310235,
    0.3836752045913487,
    0.3849505792326496,
    0.38325007971091507,
    0.3842066106918907,
    0.38314379849080665,
    0.38282495483048146,
    0.38271867361037304,
    0.3833563609310235,
    0.38410032947178235,
    0.3837814858114571,
    0.3835689233712403,
    0.3838877670315655,
    0.3838877670315655,
    0.3835689233712403,
    0.38410032947178235,
    0.3826123923902646,
    0.38239982995004784,
    0.38325007971091507,
    0.3836752045913487,
    0.38325007971091507,
    0.38282495483048146,
    0.38314379849080665,
    0.3842066106918907,
    0.38399404825167394,
    0.3838877670315655
  ]
}