{
  "epoch": [
    1,
    2000,
    4000,
    6000,
    8000,
    10000,
    12000,
    14000,
    16000,
    18000,
    20000,
    22000,
    24000,
    26000,
    28000,
    30000,
    32000,
    34000,
    36000,
    38000,
    40000,
    42000,
    44000,
    46000,
    48000,
    50000,
    52000,
    54000,
    56000,
    58000,
    60000,
    62000,
    64000,
    66000,
    68000
  ],
  "loss": [
    4.576260137557983,
    0.1986803416467724,
    8.196910578064375e-07,
    2.0963768779012071e-07,
    2.0545589733487192e-07,
    2.0277049331269836e-07,
    2.027022917381771e-07,
    0.00011112187445189789,
    9.042282678686107e-05,
    3.2296185120863184e-06,
    0.0002834647709477906,
    2.822767663343484e-06,
    0.00016372552931607346,
    0.0003234090888670224,
    4.509703373453533e-06,
    0.00014370540483594924,
    0.00016026180328658485,
    0.00022359644403069866,
    4.348894832310179e-06,
    0.0005818779468883428,
    0.0002831670695807091,
    4.830441718819145e-06,
    0.00024413773376150515,
    0.0006400953423061054,
    5.7122993515335454e-06,
    0.00044998606263336213,
    0.00034404483296876693,
    5.006879969104716e-06,
    0.0004378583162226164,
    0.00029693140160768933,
    4.718062135531653e-06,
    0.0006285581132907318,
    3.025591046303333e-06,
    0.0006508012076805784,
    0.0003549357265095168
  ],
  "train_acc": [
    0.0212,
    1.0,
    1.0,
    1.0,
    1.0,
    1.0,
    1.0,
    1.0,
    1.0,
    1.0,
    1.0,
    1.0,
    1.0,
    1.0,
    1.0,
    1.0,
    1.0,
    1.0,
    1.0,
    1.0,
    1.0,
    1.0,
    1.0,
    1.0,
    1.0,
    1.0,
    1.0,
    1.0,
    1.0,
    1.0,
    1.0,
    1.0,
    1.0,
    1.0,
    1.0
  ],
  "test_acc": [
    0.012753746413008821,
    0.4085450100967159,
    0.4098203847380168,
    0.4131151025613774,
    0.4238495057923265,
    0.454033372303114,
    0.513869699224147,
    0.5805080242321182,
    0.6464023806993304,
    0.7133595493676267,
    0.7576788181528324,
    0.8083749601445425,
    0.8480178552449782,
    0.8618344138590711,
    0.8935062174513764,
    0.910404931448613,
    0.9208204910192369,
    0.915612711233925,
    0.9366563928153895,
    0.9410139228398342,
    0.9335742374322458,
    0.9499415453289404,
    0.9528111382718674,
    0.9051971516633011,
    0.9583377617175045,
    0.9602508236794558,
    0.9443086406631949,
    0.9621638856414072,
    0.9631204166223828,
    0.9460091401849293,
    0.9618450419810819,
    0.9626952917419492,
    0.9577000743968541,
    0.9628015729620576,
    0.9630141354022744
  ]
}