{
  "epoch": [
    1,
    2000,
    4000,
    6000,
    8000,
    10000,
    12000,
    14000,
    16000,
    18000,
    20000,
    22000,
    24000,
    26000,
    28000,
    30000,
    32000,
    34000,
    36000,
    38000,
    40000,
    42000,
    44000,
    46000,
    48000,
    50000,
    52000,
    54000,
    56000,
    58000,
    60000,
    62000,
    64000,
    66000,
    68000,
    70000,
    72000,
    74000,
    76000,
    78000,
    80000,
    82000,
    84000,
    86000,
    88000,
    90000,
    92000,
    94000,
    96000,
    98000,
    100000,
    102000,
    104000,
    106000,
    108000,
    110000,
    112000,
    114000,
    116000,
    118000,
    120000,
    122000,
    124000,
    126000,
    128000,
    130000,
    132000,
    134000,
    136000,
    138000,
    140000,
    142000,
    144000,
    146000,
    148000,
    150000,
    152000,
    154000,
    156000,
    158000,
    160000,
    162000,
    164000,
    166000,
    168000,
    170000,
    172000,
    174000,
    176000,
    178000,
    180000,
    182000,
    184000,
    186000,
    188000,
    190000,
    192000,
    194000,
    196000,
    198000,
    200000
  ],
  "loss": [
    4.575890254974365,
    0.20828999408942692,
    0.005461321335512326,
    0.005298677247770081,
    0.005230744215354922,
    0.005199434464695403,
    0.005184934767724817,
    0.0051766002624722245,
    0.0051836094892111885,
    0.0051817776401551306,
    0.005181299982627641,
    0.0051857371891127985,
    0.005183891327099008,
    0.005182654437241349,
    0.0051886176825592795,
    0.0051901289009601455,
    0.005193540775159042,
    0.005195769511726117,
    0.0051977267655841436,
    0.005194382533754419,
    0.0052024203563109505,
    0.005199439660792089,
    0.00519815095337016,
    0.005193787749000282,
    0.005198496976240571,
    0.005198268390792556,
    0.005197116495078028,
    0.005192820593494531,
    0.005199750715246729,
    0.005195143253681883,
    0.0051964339753963,
    0.005195265830573854,
    0.005198108340092621,
    0.005195978063964333,
    0.0051939815273523045,
    0.005203276359377931,
    0.005194542643571784,
    0.005196736966362008,
    0.005193767904127824,
    0.005192994376512754,
    0.005202780240047465,
    0.0052039892612646904,
    0.005194472724376019,
    0.0051859670232388645,
    0.005192534147794712,
    0.005190937335586769,
    0.005193250661433131,
    0.0051945414652844885,
    0.005196142221895175,
    0.00519783299299708,
    0.005192959543521631,
    0.005192092198848821,
    0.005196139320676408,
    0.00520150773953062,
    0.005201169671771853,
    0.005191676130744064,
    0.005193905153732127,
    0.005189878256974082,
    0.005191252672163972,
    0.005198371926363192,
    0.005193165702347005,
    0.005189951060783608,
    0.005191718234745192,
    0.005192764734371945,
    0.005190638822178495,
    0.005187168406203011,
    0.005187092990744411,
    0.005189066130011291,
    0.005192913242151625,
    0.005196443122496982,
    0.005199421211071593,
    0.005196533372147472,
    0.005202352446983145,
    0.005197821914359958,
    0.005196862534202874,
    0.0051904035816244636,
    0.005193073753194461,
    0.00519009881787342,
    0.005190438167129152,
    0.005189602893445505,
    0.005190592658241503,
    0.005193070988887778,
    0.005190704203610942,
    0.00518952926441938,
    0.005188481055982737,
    0.0051876608682584644,
    0.005189624962889823,
    0.0051916348119417565,
    0.005193820182615475,
    0.005192845083130564,
    0.0051886151427995575,
    0.005188308082025298,
    0.005188003189829473,
    0.005195331965759573,
    0.0051924237875678545,
    0.005196596831413592,
    0.005195611996445808,
    0.005194116949208624,
    0.00519067015263187,
    0.00518928274343362,
    0.005187948277951022
  ],
  "train_acc": [
    0.0162,
    0.9966,
    0.9966,
    0.9966,
    0.9966,
    0.9966,
    0.9966,
    0.9966,
    0.9966,
    0.9966,
    0.9966,
    0.9966,
    0.9966,
    0.9966,
    0.9966,
    0.9966,
    0.9966,
    0.9966,
    0.9966,
    0.9966,
    0.9966,
    0.9966,
    0.9966,
    0.9966,
    0.9966,
    0.9966,
    0.9966,
    0.9966,
    0.9966,
    0.9966,
    0.9966,
    0.9966,
    0.9966,
    0.9966,
    0.9966,
    0.9966,
    0.9966,
    0.9966,
    0.9966,
    0.9966,
    0.9966,
    0.9966,
    0.9966,
    0.9966,
    0.9966,
    0.9966,
    0.9966,
    0.9966,
    0.9966,
    0.9966,
    0.9966,
    0.9966,
    0.9966,
    0.9966,
    0.9966,
    0.9966,
    0.9966,
    0.9966,
    0.9966,
    0.9966,
    0.9966,
    0.9966,
    0.9966,
    0.9966,
    0.9966,
    0.9966,
    0.9966,
    0.9966,
    0.9966,
    0.9966,
    0.9966,
    0.9966,
    0.9966,
    0.9966,
    0.9966,
    0.9966,
    0.9966,
    0.9966,
    0.9966,
    0.9966,
    0.9966,
    0.9966,
    0.9966,
    0.9966,
    0.9966,
    0.9966,
    0.9966,
    0.9966,
    0.9966,
    0.9966,
    0.9966,
    0.9966,
    0.9966,
    0.9966,
    0.9966,
    0.9966,
    0.9966,
    0.9966,
    0.9966,
    0.9966,
    0.9966
  ],
  "test_acc": [
    0.012222340312466787,
    0.40950154107769154,
    0.41045807205866724,
    0.41258369646083537,
    0.41417791476246146,
    0.41407163354235305,
    0.41704750770538845,
    0.4201296630885323,
    0.42491231799341056,
    0.43245828462110747,
    0.44499946859389944,
    0.45902858964820914,
    0.47943458390902327,
    0.5004782654904878,
    0.5203528536507599,
    0.5435221596343927,
    0.561377404612605,
    0.5789138059304921,
    0.5936868955255606,
    0.6028270804548836,
    0.6090976724412797,
    0.617281326389627,
    0.6250398554575407,
    0.6312041662238282,
    0.6335423530662132,
    0.6432139440960782,
    0.6466149431395473,
    0.6487405675417154,
    0.6508661919438835,
    0.6535232224465937,
    0.6542671909873525,
    0.6561802529493038,
    0.6604315017536402,
    0.6650015942183016,
    0.671378467424806,
    0.6712721862046976,
    0.6782867467318525,
    0.6827505579764056,
    0.6825379955361888,
    0.6926347114464874,
    0.6933786799872462,
    0.689658837283452,
    0.6880646189818259,
    0.689658837283452,
    0.6905090870443192,
    0.694866617068764,
    0.6938038048676799,
    0.6945477734084388,
    0.6938038048676799,
    0.6957168668296312,
    0.6999681156339674,
    0.7002869592942927,
    0.7057073015198214,
    0.7018811775959188,
    0.7006058029546179,
    0.7033691146774365,
    0.7070889573812308,
    0.7033691146774365,
    0.7069826761611223,
    0.7064512700605803,
    0.7048570517589542,
    0.7036879583377618,
    0.7054947390796046,
    0.7083643320225316,
    0.7086831756828569,
    0.7090020193431821,
    0.7111276437453502,
    0.7104899564246998,
    0.7076203634817728,
    0.7096397066638325,
    0.7078329259219895,
    0.7069826761611223,
    0.7053884578594962,
    0.7081517695823148,
    0.7061324264002551,
    0.7054947390796046,
    0.7026251461366777,
    0.7041130832181953,
    0.6999681156339674,
    0.6986927409926666,
    0.70113720905516,
    0.7014560527154852,
    0.7029439897970029,
    0.7025188649165692,
    0.7035816771176533,
    0.7069826761611223,
    0.7121904559464343,
    0.7096397066638325,
    0.7097459878839409,
    0.7097459878839409,
    0.7105962376448082,
    0.7091083005632904,
    0.7110213625252418,
    0.7114464874056754,
    0.7119778935062174,
    0.707939207142098,
    0.7109150813051334,
    0.7114464874056754,
    0.7085768944627484,
    0.707407801041556,
    0.7091083005632904
  ]
}