{
  "epoch": [
    1,
    2000,
    4000,
    6000,
    8000,
    10000,
    12000,
    14000,
    16000,
    18000,
    20000,
    22000,
    24000,
    26000,
    28000,
    30000,
    32000,
    34000,
    36000,
    38000,
    40000,
    42000,
    44000,
    46000,
    48000,
    50000,
    52000,
    54000,
    56000,
    58000,
    60000,
    62000,
    64000,
    66000,
    68000,
    70000,
    72000,
    74000,
    76000,
    78000,
    80000,
    82000,
    84000,
    86000,
    88000,
    90000,
    92000,
    94000,
    96000,
    98000,
    100000,
    102000,
    104000,
    106000,
    108000,
    110000,
    112000,
    114000,
    116000,
    118000,
    120000,
    122000,
    124000,
    126000,
    128000,
    130000,
    132000,
    134000,
    136000,
    138000,
    140000,
    142000,
    144000,
    146000,
    148000,
    150000,
    152000,
    154000,
    156000,
    158000,
    160000,
    162000,
    164000,
    166000,
    168000,
    170000,
    172000,
    174000,
    176000,
    178000,
    180000,
    182000,
    184000,
    186000,
    188000,
    190000,
    192000,
    194000,
    196000,
    198000,
    200000
  ],
  "loss": [
    4.574951982498169,
    0.26979510639908316,
    0.05447928246902302,
    0.053560047174617646,
    0.05286060120640323,
    0.052340184728149323,
    0.05195406406195834,
    0.051627945985924455,
    0.051389187172800305,
    0.051162418237980456,
    0.05097790195038542,
    0.050824205023329704,
    0.050619222096633165,
    0.05039074571058154,
    0.05016829782379791,
    0.0499202544583939,
    0.049621970377583056,
    0.049327291367203,
    0.04902279322808609,
    0.04883724543144927,
    0.04876898622112349,
    0.04871912522222847,
    0.04870626745941117,
    0.04872636399297044,
    0.048756008309777825,
    0.048801203475147485,
    0.04878359358627349,
    0.04878493374567479,
    0.048806002955324945,
    0.04882391962101683,
    0.04879335405435413,
    0.04878499213214964,
    0.048752386969979855,
    0.048740643493179234,
    0.04876099879248068,
    0.04876618432858959,
    0.04880549756037071,
    0.04878333494719118,
    0.04878540271474049,
    0.048759532610699534,
    0.048769428699743,
    0.04873676535319537,
    0.0487388255212456,
    0.04877319562342018,
    0.048777435141149905,
    0.048743786812014876,
    0.04871618241639808,
    0.04872652935348451,
    0.048738393896725025,
    0.04876358962105587,
    0.048759380573034285,
    0.04875531136356294,
    0.0487581461458467,
    0.04877331511517986,
    0.04877814922658726,
    0.04878858622079715,
    0.048760872337315235,
    0.04876296378802508,
    0.048795674729160965,
    0.04877610264830291,
    0.048769324948173015,
    0.04877171450778842,
    0.048824535007029775,
    0.04879495041966438,
    0.0487831737626344,
    0.04877061740513891,
    0.048727968152426186,
    0.0487221720257774,
    0.048712529356451706,
    0.048751416511461136,
    0.04877183081330731,
    0.04879439628962427,
    0.04879367776839062,
    0.04878749899091199,
    0.04878228016346693,
    0.04874866695813835,
    0.04875489657744765,
    0.04874585118582472,
    0.04873555228989571,
    0.04877573553090915,
    0.048775787882693114,
    0.04875159955983981,
    0.04874678799789399,
    0.04878486792808399,
    0.04878688121493906,
    0.0487462845960632,
    0.04876149186491966,
    0.048769325769227,
    0.04877900292221457,
    0.048792306582722815,
    0.04879952063523233,
    0.04878899816321209,
    0.048772262468189,
    0.04875473603112623,
    0.04872476730234921,
    0.04875286236498505,
    0.04876544401422143,
    0.04873016645591706,
    0.04874198419079184,
    0.04875721385590732,
    0.04877102886345237
  ],
  "train_acc": [
    0.0182,
    0.969,
    0.969,
    0.969,
    0.969,
    0.969,
    0.969,
    0.969,
    0.969,
    0.969,
    0.969,
    0.969,
    0.969,
    0.969,
    0.969,
    0.969,
    0.969,
    0.969,
    0.969,
    0.969,
    0.969,
    0.969,
    0.969,
    0.969,
    0.969,
    0.969,
    0.969,
    0.969,
    0.969,
    0.969,
    0.969,
    0.969,
    0.969,
    0.969,
    0.969,
    0.969,
    0.969,
    0.969,
    0.969,
    0.969,
    0.969,
    0.969,
    0.969,
    0.969,
    0.969,
    0.969,
    0.969,
    0.969,
    0.969,
    0.969,
    0.969,
    0.969,
    0.969,
    0.969,
    0.969,
    0.969,
    0.969,
    0.969,
    0.969,
    0.969,
    0.969,
    0.969,
    0.969,
    0.969,
    0.969,
    0.969,
    0.969,
    0.969,
    0.969,
    0.969,
    0.969,
    0.969,
    0.969,
    0.969,
    0.969,
    0.969,
    0.969,
    0.969,
    0.969,
    0.969,
    0.969,
    0.969,
    0.969,
    0.969,
    0.969,
    0.969,
    0.969,
    0.969,
    0.969,
    0.969,
    0.969,
    0.969,
    0.969,
    0.969,
    0.969,
    0.969,
    0.969,
    0.969,
    0.969,
    0.969,
    0.969
  ],
  "test_acc": [
    0.011372090551599533,
    0.38431289191199913,
    0.38325007971091507,
    0.38314379849080665,
    0.38431289191199913,
    0.3837814858114571,
    0.38399404825167394,
    0.3838877670315655,
    0.385056860452758,
    0.3842066106918907,
    0.3854819853331916,
    0.38452545435221597,
    0.3846317355723244,
    0.38484429801254116,
    0.38452545435221597,
    0.38484429801254116,
    0.38441917313210755,
    0.3851631416728664,
    0.38558826655330003,
    0.3849505792326496,
    0.38410032947178235,
    0.3849505792326496,
    0.3859071102136252,
    0.38452545435221597,
    0.3854819853331916,
    0.3847380167924328,
    0.38452545435221597,
    0.38558826655330003,
    0.38431289191199913,
    0.3859071102136252,
    0.3853757041130832,
    0.38558826655330003,
    0.3847380167924328,
    0.38431289191199913,
    0.3836752045913487,
    0.3835689233712403,
    0.3847380167924328,
    0.3847380167924328,
    0.38526942289297483,
    0.38526942289297483,
    0.38431289191199913,
    0.3864385163141673,
    0.3849505792326496,
    0.38569454777340845,
    0.38452545435221597,
    0.38569454777340845,
    0.385056860452758,
    0.38558826655330003,
    0.38569454777340845,
    0.3862259538739505,
    0.3851631416728664,
    0.3865447975342757,
    0.38611967265384206,
    0.3864385163141673,
    0.385056860452758,
    0.3859071102136252,
    0.3875013285152514,
    0.3862259538739505,
    0.38739504729514296,
    0.3871824848549261,
    0.3862259538739505,
    0.3870762036348177,
    0.3864385163141673,
    0.3867573599744925,
    0.3880327346157934,
    0.3865447975342757,
    0.3868636411946009,
    0.3871824848549261,
    0.38696992241470934,
    0.3871824848549261,
    0.38760760973535974,
    0.3871824848549261,
    0.3871824848549261,
    0.38696992241470934,
    0.38856414071633544,
    0.3882452970560102,
    0.38728876607503454,
    0.3870762036348177,
    0.3887767031565522,
    0.38867042193644386,
    0.38909554681687747,
    0.3898395153576363,
    0.38888298437666063,
    0.3900520777978531,
    0.3899457965777447,
    0.38941439047720267,
    0.39047720267828673,
    0.38941439047720267,
    0.38888298437666063,
    0.38941439047720267,
    0.39058348389839515,
    0.3909023275587204,
    0.3920714209799129,
    0.391327452439154,
    0.39228398342012966,
    0.39196513975980446,
    0.388457859496227,
    0.39058348389839515,
    0.3917525773195876,
    0.3917525773195876,
    0.39185885853969604
  ]
}