{
  "epoch": [
    1,
    2000,
    4000,
    6000,
    8000,
    10000,
    12000,
    14000,
    16000,
    18000,
    20000,
    22000,
    24000,
    26000,
    28000,
    30000,
    32000,
    34000,
    36000,
    38000,
    40000,
    42000,
    44000,
    46000,
    48000,
    50000,
    52000,
    54000,
    56000,
    58000,
    60000,
    62000,
    64000,
    66000,
    68000,
    70000,
    72000,
    74000,
    76000,
    78000,
    80000,
    82000,
    84000,
    86000,
    88000,
    90000,
    92000,
    94000,
    96000,
    98000,
    100000,
    102000,
    104000,
    106000,
    108000,
    110000,
    112000,
    114000,
    116000,
    118000,
    120000,
    122000,
    124000,
    126000,
    128000,
    130000,
    132000,
    134000,
    136000,
    138000,
    140000,
    142000,
    144000,
    146000,
    148000,
    150000,
    152000,
    154000,
    156000,
    158000,
    160000,
    162000,
    164000,
    166000,
    168000,
    170000,
    172000,
    174000,
    176000,
    178000,
    180000,
    182000,
    184000,
    186000,
    188000,
    190000,
    192000,
    194000,
    196000,
    198000,
    200000
  ],
  "loss": [
    4.575797128677368,
    0.1988767802941981,
    9.389794515080041e-07,
    2.3706816373803008e-07,
    2.2206913469133838e-07,
    2.173781922316209e-07,
    2.1698267563863282e-07,
    2.1733315177172586e-07,
    2.1896836393651142e-07,
    0.0001624769371757793,
    5.721340417117915e-06,
    0.0001267469837191591,
    5.079693520672635e-06,
    0.0001112027948817996,
    2.6087760429220454e-06,
    0.0002879312661697348,
    4.31594448519661e-06,
    0.00013912935684921876,
    4.6340591201641247e-07,
    0.0002452959449588512,
    8.387080024277936e-05,
    2.6000554891361107e-06,
    0.0002458434523224902,
    0.000140971171276081,
    4.556824878740429e-06,
    9.78135487491599e-05,
    0.00011912999631932238,
    4.182643011052534e-06,
    0.0002577987278913085,
    4.348808594210851e-06,
    0.00021647306474523731,
    0.0003416228925901613,
    5.6586147561276335e-06,
    0.00014392333121628623,
    0.00012437606326553237,
    3.859070893641814e-06,
    0.0002654458429976202,
    0.00018828163677843507,
    4.620036791492055e-06,
    0.0001721764463077136,
    0.00016378304224226383,
    4.400883507976516e-06,
    0.00024350618918658144,
    1.7474607312699676e-06,
    0.00029334105906791025,
    0.00016305570371315242,
    0.00013962306307401207,
    4.1560622159586555e-06,
    0.00011939735020391709,
    0.0002434532917462569,
    5.0296920191541975e-06,
    0.0001748072328626236,
    0.00019355995097281492,
    4.13974972433806e-06,
    0.00023844715713699287,
    0.00023735143981007596,
    4.784784021822475e-06,
    0.00034562193369986504,
    9.989393523055839e-05,
    3.3880016024419035e-06,
    0.0004244396631924772,
    2.042089898975519e-06,
    0.0004063322967675255,
    0.00019497315847991173,
    0.00018937235746928848,
    4.538148654530971e-06,
    0.00028980992094382714,
    0.00015537511394820953,
    4.149949067353731e-06,
    0.00012339284794365995,
    0.00014206782414807293,
    3.763995930574282e-06,
    0.00013421621504293172,
    0.000273811630860574,
    4.322393291958093e-06,
    0.0002590482402462449,
    0.0002889236332650661,
    4.745259090116605e-06,
    0.0002712508026860057,
    0.00026433140111367377,
    4.556428677339142e-06,
    0.00016979730047891764,
    0.00017702765718665886,
    0.00011305089568005329,
    3.6704715565555545e-06,
    0.0002776633968506836,
    0.00021003106731140022,
    4.507176754209041e-06,
    0.00018947459383945856,
    0.0002299895784226692,
    4.6671796859499185e-06,
    0.00027608869732562055,
    0.00017393637644950955,
    4.353391958487407e-06,
    0.00030150659778711456,
    0.00023553486230635273,
    4.925063737013602e-06,
    0.00025201268123695115,
    1.2398231264157289e-06,
    0.0005503395888104428,
    0.00022984983268041647
  ],
  "train_acc": [
    0.0204,
    1.0,
    1.0,
    1.0,
    1.0,
    1.0,
    1.0,
    1.0,
    1.0,
    1.0,
    1.0,
    1.0,
    1.0,
    1.0,
    1.0,
    1.0,
    1.0,
    1.0,
    1.0,
    1.0,
    1.0,
    1.0,
    1.0,
    1.0,
    1.0,
    1.0,
    1.0,
    1.0,
    1.0,
    1.0,
    1.0,
    1.0,
    1.0,
    1.0,
    1.0,
    1.0,
    1.0,
    1.0,
    1.0,
    1.0,
    1.0,
    1.0,
    1.0,
    1.0,
    1.0,
    1.0,
    1.0,
    1.0,
    1.0,
    1.0,
    1.0,
    1.0,
    1.0,
    1.0,
    1.0,
    1.0,
    1.0,
    1.0,
    1.0,
    1.0,
    1.0,
    1.0,
    1.0,
    1.0,
    1.0,
    1.0,
    1.0,
    1.0,
    1.0,
    1.0,
    1.0,
    1.0,
    1.0,
    1.0,
    1.0,
    1.0,
    1.0,
    1.0,
    1.0,
    1.0,
    1.0,
    1.0,
    1.0,
    1.0,
    1.0,
    1.0,
    1.0,
    1.0,
    1.0,
    1.0,
    1.0,
    1.0,
    1.0,
    1.0,
    1.0,
    1.0,
    1.0,
    1.0,
    1.0,
    1.0,
    1.0
  ],
  "test_acc": [
    0.011903496652141566,
    0.3864385163141673,
    0.3871824848549261,
    0.387926453395685,
    0.38930810925709425,
    0.39228398342012966,
    0.39759804442555,
    0.40875757253693273,
    0.425550005314061,
    0.44553087469444147,
    0.47943458390902327,
    0.49920289084918695,
    0.5289616324795409,
    0.5467105962376448,
    0.5693484961207355,
    0.5848655542565628,
    0.608672547560846,
    0.6273780422999256,
    0.6410883196939101,
    0.6652141566585185,
    0.6830694016367308,
    0.686257838239983,
    0.7044319268785205,
    0.7029439897970029,
    0.7291954511637794,
    0.7420554787968966,
    0.7408863853757041,
    0.7565097247316399,
    0.7655436284408546,
    0.7705388457859497,
    0.7833988734190669,
    0.7837177170793921,
    0.7961526198320756,
    0.8024232118184716,
    0.8079498352641088,
    0.8072058667233499,
    0.8222977999787437,
    0.8131576150494207,
    0.8271867361037305,
    0.8315442661281751,
    0.8220852375385269,
    0.8350515463917526,
    0.8418535444786907,
    0.8337761717504517,
    0.8469550430438941,
    0.8499309172069295,
    0.8343075778509937,
    0.8525879477096397,
    0.8577957274949516,
    0.8416409820384738,
    0.8598150706770114,
    0.8614092889786374,
    0.8679987246253587,
    0.8624721011797215,
    0.8703369114677436,
    0.8423849505792327,
    0.8687426931661175,
    0.8740567541715379,
    0.8749070039324052,
    0.8657668190030822,
    0.8750132851525135,
    0.8679987246253587,
    0.8791582527367414,
    0.8810713146986927,
    0.8547135721118079,
    0.8786268466361994,
    0.8823466893399936,
    0.8782017217557657,
    0.8755446912530556,
    0.8797959400573918,
    0.8833032203209693,
    0.8777765968753322,
    0.8831969391008608,
    0.8845785949622702,
    0.8795833776171751,
    0.8862790944840047,
    0.8867042193644383,
    0.8833032203209693,
    0.8869167818046552,
    0.8905303432883409,
    0.8812838771389095,
    0.8863853757041131,
    0.8888298437666065,
    0.8780954405356574,
    0.8867042193644383,
    0.8904240620682325,
    0.8771389095546817,
    0.8895738123073653,
    0.8927622489106175,
    0.8763949410139228,
    0.8898926559676905,
    0.8956318418535445,
    0.892124561589967,
    0.8882984376660644,
    0.8945690296524604,
    0.8836220639812945,
    0.8911680306089914,
    0.8945690296524604,
    0.8825592517802104,
    0.8963758103943034,
    0.8962695291741949
  ]
}