{
  "epoch": [
    1,
    2000,
    4000,
    6000,
    8000,
    10000,
    12000,
    14000,
    16000,
    18000,
    20000,
    22000,
    24000,
    26000,
    28000,
    30000,
    32000,
    34000,
    36000,
    38000,
    40000,
    42000,
    44000,
    46000,
    48000,
    50000,
    52000,
    54000,
    56000,
    58000,
    60000,
    62000,
    64000,
    66000,
    68000,
    70000,
    72000,
    74000,
    76000,
    78000,
    80000,
    82000,
    84000,
    86000,
    88000,
    90000,
    92000,
    94000,
    96000,
    98000,
    100000,
    102000,
    104000,
    106000,
    108000,
    110000,
    112000,
    114000,
    116000,
    118000,
    120000,
    122000,
    124000,
    126000,
    128000,
    130000,
    132000,
    134000,
    136000,
    138000,
    140000,
    142000,
    144000,
    146000,
    148000,
    150000,
    152000,
    154000,
    156000,
    158000,
    160000,
    162000,
    164000,
    166000,
    168000,
    170000,
    172000,
    174000,
    176000,
    178000,
    180000,
    182000,
    184000,
    186000,
    188000,
    190000,
    192000,
    194000,
    196000,
    198000,
    200000
  ],
  "loss": [
    4.576253414154053,
    0.20746162857384393,
    0.007260088649359125,
    0.007064774214734728,
    0.006970937184272196,
    0.006960999147793366,
    0.006935797278707205,
    0.0069289945566385625,
    0.006921527258324772,
    0.006918639952903731,
    0.0069160933737016424,
    0.006922221525482839,
    0.006916422213874502,
    0.00691643763813547,
    0.006923871490808938,
    0.0069331951844881674,
    0.0069290150802059965,
    0.006931097613882307,
    0.006932012370210227,
    0.006932326735158217,
    0.006936553354091897,
    0.006934556579140158,
    0.006941323773899693,
    0.006938231435174286,
    0.006951159056110234,
    0.006956147513569853,
    0.0069544596247738,
    0.006963106510147853,
    0.006960027675422255,
    0.006953823118837103,
    0.006953484770851574,
    0.00697168231033388,
    0.0069725578277751695,
    0.006972078035120098,
    0.0069655871794977375,
    0.006969283198182231,
    0.006968388496394546,
    0.006963808358662302,
    0.00696438857925468,
    0.006964161613663143,
    0.0069717517467243265,
    0.006967312078228819,
    0.00697104579352232,
    0.006963471764513113,
    0.006962583409488973,
    0.0069535866854028225,
    0.006955014112326582,
    0.006956650081018371,
    0.006955790152364242,
    0.006961103700977425,
    0.006957784016740674,
    0.006961823933783286,
    0.006969543784352973,
    0.006960247835474469,
    0.006960070289846853,
    0.006959912603113401,
    0.006962623941254807,
    0.006959396810893155,
    0.006955701498408064,
    0.006962760681524179,
    0.006962928341032525,
    0.006961277715890928,
    0.006956729784735427,
    0.006955558270815608,
    0.006958563936802432,
    0.006965453135139442,
    0.006959895300539529,
    0.006959488611077779,
    0.006966178688182585,
    0.006969094741929907,
    0.00697170547982505,
    0.00696630602914535,
    0.006967237333108459,
    0.006965077167426074,
    0.006965306475440237,
    0.006967522102483747,
    0.006967891721389887,
    0.006969670870221392,
    0.00697519837786036,
    0.0069799146692803545,
    0.006975367212358162,
    0.0069641653204631695,
    0.006964855584960806,
    0.0069628150477059735,
    0.006968498136802766,
    0.006960091678843011,
    0.0069565558010330234,
    0.006959382979957884,
    0.006964831325040828,
    0.006965534340031016,
    0.006955826349483451,
    0.0069690386809027885,
    0.006970156883217638,
    0.006965819557900292,
    0.006963033608829234,
    0.006963412885609694,
    0.006962460803494878,
    0.006963712248172658,
    0.006960879255338487,
    0.006960996431095167,
    0.006951409861796716
  ],
  "train_acc": [
    0.0222,
    0.9956,
    0.9956,
    0.9956,
    0.9956,
    0.9956,
    0.9956,
    0.9956,
    0.9956,
    0.9956,
    0.9956,
    0.9956,
    0.9956,
    0.9956,
    0.9956,
    0.9956,
    0.9956,
    0.9956,
    0.9956,
    0.9956,
    0.9956,
    0.9956,
    0.9956,
    0.9956,
    0.9956,
    0.9956,
    0.9956,
    0.9956,
    0.9956,
    0.9956,
    0.9956,
    0.9956,
    0.9956,
    0.9956,
    0.9956,
    0.9956,
    0.9956,
    0.9956,
    0.9956,
    0.9956,
    0.9956,
    0.9956,
    0.9956,
    0.9956,
    0.9956,
    0.9956,
    0.9956,
    0.9956,
    0.9956,
    0.9956,
    0.9956,
    0.9956,
    0.9956,
    0.9956,
    0.9956,
    0.9956,
    0.9956,
    0.9956,
    0.9956,
    0.9956,
    0.9956,
    0.9956,
    0.9956,
    0.9956,
    0.9956,
    0.9956,
    0.9956,
    0.9956,
    0.9956,
    0.9956,
    0.9956,
    0.9956,
    0.9956,
    0.9956,
    0.9956,
    0.9956,
    0.9956,
    0.9956,
    0.9956,
    0.9956,
    0.9956,
    0.9956,
    0.9956,
    0.9956,
    0.9956,
    0.9956,
    0.9956,
    0.9956,
    0.9956,
    0.9956,
    0.9956,
    0.9956,
    0.9956,
    0.9956,
    0.9956,
    0.9956,
    0.9956,
    0.9956,
    0.9956,
    0.9956,
    0.9956
  ],
  "test_acc": [
    0.012860027633117228,
    0.40769476033584867,
    0.40875757253693273,
    0.41045807205866724,
    0.41247741524072695,
    0.41247741524072695,
    0.4131151025613774,
    0.4127962589010522,
    0.4165161016048464,
    0.4189605696673398,
    0.42363694335210966,
    0.42916356679774686,
    0.4354341587841428,
    0.4437240939525986,
    0.4519077479009459,
    0.4630672760123286,
    0.47688383462642153,
    0.4938888298437666,
    0.5060048889361249,
    0.5202465724306515,
    0.532150069082793,
    0.5479859708789457,
    0.5519183760229568,
    0.5643532787756403,
    0.5733871824848549,
    0.585184397916888,
    0.5891168030608991,
    0.5967690509087045,
    0.6044212987565097,
    0.6111170156233393,
    0.6166436390689765,
    0.6177064512700606,
    0.6232330747156978,
    0.62642151131895,
    0.6336486342863216,
    0.6364119460091402,
    0.6382187267509831,
    0.6443830375172707,
    0.6468275055797641,
    0.6482091614411734,
    0.6496970985226911,
    0.6552237219683282,
    0.655436284408545,
    0.6574556275906047,
    0.6604315017536402,
    0.6603252205335317,
    0.6595812519927728,
    0.6699968115633967,
    0.6715910298650228,
    0.674248060367733,
    0.674248060367733,
    0.6783930279519609,
    0.6760548411095759,
    0.6709533425443724,
    0.673716654267191,
    0.6760548411095759,
    0.674779466468275,
    0.675310872568817,
    0.6797746838133701,
    0.6824317143160803,
    0.6789244340525029,
    0.680518652354129,
    0.6865766819003082,
    0.6842384950579232,
    0.6811563396747795,
    0.6824317143160803,
    0.6791369964927197,
    0.6762674035497928,
    0.6782867467318525,
    0.6796684025932618,
    0.6815814645552131,
    0.6830694016367308,
    0.6829631204166224,
    0.6856201509193326,
    0.6831756828568392,
    0.6831756828568392,
    0.6812626208948879,
    0.6787118716122861,
    0.6788181528323946,
    0.6782867467318525,
    0.6807312147943458,
    0.6797746838133701,
    0.6827505579764056,
    0.6856201509193326,
    0.6906153682644277,
    0.6866829631204167,
    0.6868955255606335,
    0.687320650441067,
    0.691997024125837,
    0.6912530555850781,
    0.6922095865660538,
    0.6940163673078967,
    0.6965671165904984,
    0.6913593368051866,
    0.6840259326177065,
    0.6841322138378149,
    0.688596025082368,
    0.68912743118291,
    0.6874269316611755,
    0.6883834626421511,
    0.6884897438622596
  ]
}