{
  "epoch": [
    1,
    2000,
    4000,
    6000,
    8000,
    10000,
    12000,
    14000,
    16000,
    18000,
    20000,
    22000,
    24000,
    26000,
    28000,
    30000,
    32000,
    34000,
    36000,
    38000,
    40000,
    42000,
    44000,
    46000,
    48000,
    50000,
    52000,
    54000,
    56000,
    58000,
    60000,
    62000,
    64000,
    66000,
    68000,
    70000,
    72000,
    74000,
    76000,
    78000,
    80000,
    82000,
    84000,
    86000,
    88000,
    90000,
    92000,
    94000,
    96000,
    98000,
    100000,
    102000,
    104000,
    106000,
    108000,
    110000,
    112000,
    114000,
    116000,
    118000,
    120000,
    122000,
    124000,
    126000,
    128000,
    130000,
    132000,
    134000,
    136000,
    138000,
    140000,
    142000,
    144000,
    146000,
    148000,
    150000,
    152000,
    154000,
    156000,
    158000,
    160000,
    162000,
    164000,
    166000,
    168000,
    170000,
    172000,
    174000,
    176000,
    178000,
    180000,
    182000,
    184000,
    186000,
    188000,
    190000,
    192000,
    194000,
    196000,
    198000,
    200000
  ],
  "loss": [
    4.576299476623535,
    0.20451922246720336,
    0.005313880749189302,
    0.0051730202151614845,
    0.005106595135681161,
    0.005100609448433883,
    0.005088410999277303,
    0.005080430338212874,
    0.005072034747008154,
    0.005070988691783657,
    0.0050641639207941605,
    0.0050705657927160724,
    0.005075374014681871,
    0.005071212536746391,
    0.005074285101730615,
    0.0050786297174379635,
    0.005078944970865748,
    0.005084631091799359,
    0.005085626980748148,
    0.005089279482025984,
    0.005093120020973252,
    0.005090913869733775,
    0.005093376396849744,
    0.005091122330598953,
    0.005089367248106931,
    0.005090479234192632,
    0.0050981673085595414,
    0.0050910996831113695,
    0.005097608104782265,
    0.00509746282259986,
    0.005093057103657229,
    0.005095457256053016,
    0.005100380192091232,
    0.005104215105081513,
    0.005101765792203642,
    0.005099040238308009,
    0.005095719420117553,
    0.005091226169657736,
    0.005096221426793845,
    0.005091228349888311,
    0.005089241875776934,
    0.00509749993937032,
    0.005099775950921608,
    0.005095965818186164,
    0.00510946940734351,
    0.00510107119364409,
    0.005101586711678543,
    0.0050972431181371,
    0.005093555860621946,
    0.00510158481054101,
    0.005101616712752249,
    0.0050911205029678,
    0.0050944006858408735,
    0.005095112960615946,
    0.005093393974100962,
    0.005097998783142427,
    0.005096795029857487,
    0.00508854549010742,
    0.005100645864287475,
    0.005096441877603419,
    0.0051009358766446414,
    0.005097561968364926,
    0.005102540942783161,
    0.005095112737309918,
    0.005101244786629457,
    0.005101907512069093,
    0.005093277908629039,
    0.005090354722147655,
    0.0050977168673980635,
    0.0051001896890663844,
    0.005095288951004233,
    0.00509340654086612,
    0.005095910723123422,
    0.0050936766041468655,
    0.005091584714582526,
    0.005085392057897524,
    0.0050885148850924496,
    0.00508848659606713,
    0.0050880188753302386,
    0.0050920276266568495,
    0.005103552629455579,
    0.005095649056331252,
    0.00509484984789624,
    0.005097802854735257,
    0.005094965784329929,
    0.005087377687679942,
    0.005092518744136299,
    0.005095727808670883,
    0.005105822447462757,
    0.005102973540973695,
    0.005097210109884702,
    0.005097766097642262,
    0.005091627595199103,
    0.00510191668325596,
    0.005098732502529023,
    0.005092060664990508,
    0.005100851864413862,
    0.005103272862972334,
    0.005097062948184702,
    0.005097250887099247,
    0.005093191282440809
  ],
  "train_acc": [
    0.0212,
    0.997,
    0.997,
    0.997,
    0.997,
    0.997,
    0.997,
    0.997,
    0.997,
    0.997,
    0.997,
    0.997,
    0.997,
    0.997,
    0.997,
    0.997,
    0.997,
    0.997,
    0.997,
    0.997,
    0.997,
    0.997,
    0.997,
    0.997,
    0.997,
    0.997,
    0.997,
    0.997,
    0.997,
    0.997,
    0.997,
    0.997,
    0.997,
    0.997,
    0.997,
    0.997,
    0.997,
    0.997,
    0.997,
    0.997,
    0.997,
    0.997,
    0.997,
    0.997,
    0.997,
    0.997,
    0.997,
    0.997,
    0.997,
    0.997,
    0.997,
    0.997,
    0.997,
    0.997,
    0.997,
    0.997,
    0.997,
    0.997,
    0.997,
    0.997,
    0.997,
    0.997,
    0.997,
    0.997,
    0.997,
    0.997,
    0.997,
    0.997,
    0.997,
    0.997,
    0.997,
    0.997,
    0.997,
    0.997,
    0.997,
    0.997,
    0.997,
    0.997,
    0.997,
    0.997,
    0.997,
    0.997,
    0.997,
    0.997,
    0.997,
    0.997,
    0.997,
    0.997,
    0.997,
    0.997,
    0.997,
    0.997,
    0.997,
    0.997,
    0.997,
    0.997,
    0.997,
    0.997,
    0.997,
    0.997,
    0.997
  ],
  "test_acc": [
    0.012647465192900414,
    0.40801360399617387,
    0.40928897863747477,
    0.41247741524072695,
    0.41492188330322033,
    0.41694122648528004,
    0.41842916356679777,
    0.4204485067488575,
    0.42576256775427784,
    0.4332022531618663,
    0.44308640663194815,
    0.454033372303114,
    0.4688064618981826,
    0.4825167392921671,
    0.5026038898926559,
    0.5237538526942289,
    0.53969603571049,
    0.5575512806887023,
    0.5707301519821447,
    0.5896482091614412,
    0.6010202997130407,
    0.6155808268678924,
    0.6251461366776491,
    0.6414071633542353,
    0.6439579126368371,
    0.6527792539058348,
    0.6566053778297375,
    0.6613880327346158,
    0.6726538420661069,
    0.6721224359655649,
    0.6748857476883835,
    0.6778616218514188,
    0.6807312147943458,
    0.6834945265171645,
    0.6850887448187906,
    0.6821128706557551,
    0.6863641194600913,
    0.6895525560633436,
    0.6915718992454033,
    0.6915718992454033,
    0.7003932405144011,
    0.7000743968540759,
    0.695929429269848,
    0.698267616112233,
    0.7036879583377618,
    0.7067701137209055,
    0.7067701137209055,
    0.7054947390796046,
    0.7091083005632904,
    0.7076203634817728,
    0.7126155808268679,
    0.7163354235306622,
    0.7172919545116377,
    0.72048039111489,
    0.718886172813264,
    0.7149537676692529,
    0.7119778935062174,
    0.7189924540333723,
    0.7180359230523966,
    0.7186736103730471,
    0.7126155808268679,
    0.7161228610904453,
    0.7133595493676267,
    0.7143160803486024,
    0.7139972366882772,
    0.7168668296312042,
    0.7118716122861091,
    0.7175045169518546,
    0.7206929535551068,
    0.7197364225741312,
    0.7189924540333723,
    0.7180359230523966,
    0.7238813901583591,
    0.7206929535551068,
    0.7192050164735891,
    0.716016579870337,
    0.7177170793920714,
    0.7200552662344564,
    0.7223934530768413,
    0.7218620469762993,
    0.7243065150387926,
    0.7247316399192263,
    0.7284514826230205,
    0.7303645445849718,
    0.7266447018811776,
    0.7273886704219364,
    0.7276012328621533,
    0.7261132957806355,
    0.726219577000744,
    0.718886172813264,
    0.7243065150387926,
    0.7261132957806355,
    0.7248379211393347,
    0.7255818896800935,
    0.723349984057817,
    0.7271761079817196,
    0.7289828887235625,
    0.7280263577425868,
    0.7333404187480073,
    0.7329152938675736,
    0.7347220746094165
  ]
}