{
  "epoch": [
    1,
    2000,
    4000,
    6000,
    8000,
    10000,
    12000,
    14000,
    16000,
    18000,
    20000,
    22000,
    24000,
    26000,
    28000,
    30000,
    32000,
    34000,
    36000,
    38000,
    40000,
    42000,
    44000,
    46000,
    48000,
    50000,
    52000,
    54000,
    56000,
    58000,
    60000,
    62000,
    64000,
    66000,
    68000,
    70000,
    72000,
    74000,
    76000,
    78000,
    80000,
    82000,
    84000,
    86000,
    88000,
    90000,
    92000,
    94000,
    96000,
    98000,
    100000,
    102000,
    104000,
    106000,
    108000,
    110000,
    112000,
    114000,
    116000,
    118000,
    120000,
    122000,
    124000,
    126000,
    128000,
    130000,
    132000,
    134000,
    136000,
    138000,
    140000,
    142000,
    144000,
    146000,
    148000,
    150000,
    152000,
    154000,
    156000,
    158000,
    160000,
    162000,
    164000,
    166000,
    168000,
    170000,
    172000,
    174000,
    176000,
    178000,
    180000,
    182000,
    184000,
    186000,
    188000,
    190000,
    192000,
    194000,
    196000,
    198000,
    200000
  ],
  "loss": [
    4.576126623153686,
    0.20058996709770424,
    9.726414591149535e-07,
    2.4090612008791367e-07,
    2.2563775375488148e-07,
    2.1897688103535985e-07,
    2.179121488062208e-07,
    2.1745012334122294e-07,
    2.1859997861497505e-07,
    2.2178129318106697e-07,
    2.278012554000952e-07,
    0.00021679468518633128,
    2.6285459439066016e-07,
    0.00019561866470473176,
    0.00010043643161926496,
    4.667291621468905e-06,
    0.00019514594355931722,
    5.9169153559494705e-06,
    0.00015859758836948075,
    5.154085532830522e-06,
    0.00021591943169892717,
    5.176717053184632e-06,
    0.00018499866248467426,
    3.1366648846478994e-06,
    0.00030550160099763346,
    0.00013073816248160454,
    4.888177404913563e-06,
    0.00015127076032365991,
    4.124594414844296e-06,
    0.00018119304993715203,
    6.523052492326542e-07,
    0.0002693860041515563,
    0.00021097569548948913,
    5.398661204793598e-06,
    0.00011623271184460791,
    0.00013109041238393786,
    4.469531373960933e-06,
    0.0002219293699043675,
    2.2652582062633543e-06,
    0.0001871615132135112,
    0.00023518399948800023,
    4.7667906452808495e-06,
    0.00020064196108708713,
    0.00016578564157463164,
    4.71736897158479e-06,
    0.00020876830460660116,
    1.691123849124665e-06,
    0.00018570964308766235,
    0.00010855990106586689,
    0.00014314810580062768,
    4.7851858877493214e-06,
    0.0002612362752089524,
    5.242356330353459e-06,
    0.00028049439031723226,
    0.00010228904047089031,
    3.766315640023521e-06,
    0.00015769494329124497,
    0.00015555515917282746,
    4.45326995431401e-06,
    0.00013861148314763197,
    0.00020511448444327697,
    5.206235778840096e-06,
    0.00024169736751066537,
    2.6212450816522903e-06,
    0.0001642538587037599,
    0.00021900201786188945,
    5.015262908056428e-06,
    0.00019924121370292839,
    0.00016977976507432616,
    4.56860496067506e-06,
    0.00026837226383481506,
    0.00013083307449421398,
    4.062129652913171e-06,
    0.00011692168794176042,
    8.792056862386701e-05,
    1.647094644374647e-06,
    0.00023551602364551273,
    0.00021045642560200904,
    5.0310878273080566e-06,
    0.0002837836542437266,
    0.00012142643197880077,
    4.318505228937397e-06,
    0.0002716516265356461,
    2.793549553908292e-06,
    0.0002785699390062241,
    0.00014491637172464494,
    2.4934938109637983e-06,
    0.00019263184300249918,
    0.00010147407822882926,
    1.407970063461761e-06,
    0.0001504645833908377,
    0.000235621840765139,
    3.5039994290691825e-06,
    0.0002433841897931849,
    0.0003576300594291872,
    5.8535936318676815e-06,
    0.00020854933930689938,
    0.0002465690265180328,
    5.171623720286789e-06,
    0.00022766597684201244,
    0.00020688407368921844
  ],
  "train_acc": [
    0.0214,
    1.0,
    1.0,
    1.0,
    1.0,
    1.0,
    1.0,
    1.0,
    1.0,
    1.0,
    1.0,
    1.0,
    1.0,
    1.0,
    1.0,
    1.0,
    1.0,
    1.0,
    1.0,
    1.0,
    1.0,
    1.0,
    1.0,
    1.0,
    1.0,
    1.0,
    1.0,
    1.0,
    1.0,
    1.0,
    1.0,
    1.0,
    1.0,
    1.0,
    1.0,
    1.0,
    1.0,
    1.0,
    1.0,
    1.0,
    1.0,
    1.0,
    1.0,
    1.0,
    1.0,
    1.0,
    1.0,
    1.0,
    1.0,
    1.0,
    1.0,
    1.0,
    1.0,
    1.0,
    1.0,
    1.0,
    1.0,
    1.0,
    1.0,
    1.0,
    1.0,
    1.0,
    1.0,
    1.0,
    1.0,
    1.0,
    1.0,
    1.0,
    1.0,
    1.0,
    1.0,
    1.0,
    1.0,
    1.0,
    1.0,
    1.0,
    1.0,
    1.0,
    1.0,
    1.0,
    1.0,
    1.0,
    1.0,
    1.0,
    1.0,
    1.0,
    1.0,
    1.0,
    1.0,
    1.0,
    1.0,
    1.0,
    1.0,
    1.0,
    1.0,
    1.0,
    1.0,
    1.0,
    1.0,
    1.0,
    1.0
  ],
  "test_acc": [
    0.012328621532575194,
    0.3734722074609417,
    0.3742161760017005,
    0.37496014454245935,
    0.37655436284408544,
    0.37867998724625357,
    0.38271867361037304,
    0.3882452970560102,
    0.39855457540652567,
    0.4118397279200765,
    0.42618769263471146,
    0.4460622807949835,
    0.45669040280582424,
    0.47741524072696356,
    0.4935699861834414,
    0.5111063875013285,
    0.5103624189605697,
    0.5351259432458285,
    0.5409714103517909,
    0.5541502816452333,
    0.5655223721968328,
    0.5782761186098416,
    0.5927303645445849,
    0.5948559889467531,
    0.6124986714847487,
    0.600063768732065,
    0.6348177277075141,
    0.6378998830906579,
    0.6435327877564034,
    0.658305877351472,
    0.6567116590498459,
    0.6762674035497928,
    0.6764799659900096,
    0.6854075884791158,
    0.6909342119247529,
    0.6936975236475714,
    0.6926347114464874,
    0.7065575512806888,
    0.7001806780741843,
    0.7134658305877352,
    0.7137846742480604,
    0.7111276437453502,
    0.7203741098947816,
    0.7158040174301201,
    0.7203741098947816,
    0.7295142948241046,
    0.7163354235306622,
    0.7322776065469232,
    0.7344032309490913,
    0.6970985226910404,
    0.7315336380061643,
    0.7380167924327772,
    0.7342969497289829,
    0.7446062280794984,
    0.7481135083430758,
    0.740354979275162,
    0.7480072271229674,
    0.7393984482941864,
    0.7464130088213413,
    0.7527898820278457,
    0.7311085131257307,
    0.7564034435115315,
    0.7577850993729408,
    0.7514082261664364,
    0.7632054415984696,
    0.761504942076735,
    0.7565097247316399,
    0.7646933786799872,
    0.7637368476990116,
    0.7589541927941332,
    0.7694760335848656,
    0.7689446274843236,
    0.7652247847805292,
    0.7693697523647571,
    0.7741524072696354,
    0.7613986608566267,
    0.7742586884897439,
    0.7745775321500691,
    0.7705388457859497,
    0.7771282814326709,
    0.7748963758103943,
    0.7789350621745138,
    0.7828674673185249,
    0.773514719948985,
    0.7840365607397173,
    0.7845679668402593,
    0.7773408438728877,
    0.7861621851418854,
    0.7867998724625359,
    0.776915718992454,
    0.7873312785630779,
    0.7902008715060049,
    0.7805292804761399,
    0.7904134339462217,
    0.7905197151663301,
    0.7847805292804761,
    0.7888192156445956,
    0.7828674673185249,
    0.7891380593049209,
    0.7939207142097991,
    0.6783930279519609
  ]
}