{
  "epoch": [
    1,
    2000,
    4000,
    6000,
    8000,
    10000,
    12000,
    14000,
    16000,
    18000,
    20000,
    22000,
    24000,
    26000,
    28000,
    30000,
    32000,
    34000,
    36000,
    38000,
    40000,
    42000,
    44000,
    46000,
    48000,
    50000,
    52000,
    54000,
    56000,
    58000,
    60000,
    62000,
    64000,
    66000,
    68000,
    70000,
    72000,
    74000,
    76000,
    78000,
    80000,
    82000,
    84000,
    86000,
    88000,
    90000,
    92000,
    94000,
    96000,
    98000,
    100000,
    102000,
    104000,
    106000,
    108000,
    110000,
    112000,
    114000,
    116000,
    118000,
    120000,
    122000,
    124000,
    126000,
    128000,
    130000,
    132000,
    134000,
    136000,
    138000,
    140000,
    142000,
    144000,
    146000,
    148000,
    150000,
    152000,
    154000,
    156000,
    158000,
    160000,
    162000,
    164000,
    166000,
    168000,
    170000,
    172000,
    174000,
    176000,
    178000,
    180000,
    182000,
    184000,
    186000,
    188000,
    190000,
    192000,
    194000,
    196000,
    198000,
    200000
  ],
  "loss": [
    4.575085592269898,
    0.27410303336820224,
    0.059170301534421745,
    0.058334097569901495,
    0.05776909683486447,
    0.05739021286442876,
    0.05712386220972985,
    0.056881679545622316,
    0.05670296297520399,
    0.05658331966623664,
    0.05643609703425318,
    0.05626589275887236,
    0.05609253515508026,
    0.05588253736430779,
    0.055664621211215855,
    0.055406945034861564,
    0.05519834798555821,
    0.055142342863138766,
    0.05507663692338392,
    0.055040473464503886,
    0.05505476806825027,
    0.055038941234722735,
    0.05503661459833384,
    0.05501823166692629,
    0.05500344229405746,
    0.055040286241844295,
    0.05502240783367306,
    0.05502453315462917,
    0.05502072319146246,
    0.055039836196508256,
    0.05503072858313099,
    0.055043599975295364,
    0.05501965588908642,
    0.0550231438042596,
    0.055013845956139264,
    0.05500856085224077,
    0.055030756489839405,
    0.05501029098425061,
    0.05501186409015209,
    0.05499306485103443,
    0.055014086202252656,
    0.05500772139513865,
    0.05499733172599226,
    0.05499608925320208,
    0.05497861600564793,
    0.05497992915241048,
    0.0549945617296733,
    0.05498292758222669,
    0.05501287692328915,
    0.054977327617816624,
    0.05498426913395524,
    0.054974728086218234,
    0.05497245184518397,
    0.0549999036854133,
    0.054979180437885224,
    0.05498018775070086,
    0.05495586721813306,
    0.05497007488729432,
    0.05500408800225705,
    0.054976131139229986,
    0.05498198351757601,
    0.05498569054994732,
    0.05498607329148799,
    0.05497045008642599,
    0.054974238560907544,
    0.05498414116594941,
    0.054954486728273334,
    0.05496880650995299,
    0.054961278581433,
    0.054973819776345044,
    0.054965613930299875,
    0.054974246007669716,
    0.05498869630405679,
    0.05498277383279055,
    0.0549848984609358,
    0.05501496466323733,
    0.05499072201466188,
    0.054971366783697156,
    0.054970863480120896,
    0.05497443051096052,
    0.054970537531096486,
    0.054976561043784025,
    0.05500463645076379,
    0.05498981338953599,
    0.05497111945655197,
    0.05498251919476315,
    0.05498148237047717,
    0.054975148279871794,
    0.05496383077744395,
    0.05497834398914129,
    0.05496702068261802,
    0.05496188590098172,
    0.05497267936170101,
    0.054946575640141965,
    0.05496897173607722,
    0.05498658552803099,
    0.05496893538292497,
    0.05494954105466604,
    0.05494335165433586,
    0.05495134943248704,
    0.05495288209300488
  ],
  "train_acc": [
    0.0186,
    0.9638,
    0.9638,
    0.9638,
    0.9638,
    0.9638,
    0.9638,
    0.9638,
    0.9638,
    0.9638,
    0.9638,
    0.9638,
    0.9638,
    0.9638,
    0.9638,
    0.9638,
    0.9638,
    0.9638,
    0.9638,
    0.9638,
    0.9638,
    0.9638,
    0.9638,
    0.9638,
    0.9638,
    0.9638,
    0.9638,
    0.9638,
    0.9638,
    0.9638,
    0.9638,
    0.9638,
    0.9638,
    0.9638,
    0.9638,
    0.9638,
    0.9638,
    0.9638,
    0.9638,
    0.9638,
    0.9638,
    0.9638,
    0.9638,
    0.9638,
    0.9638,
    0.9638,
    0.9638,
    0.9638,
    0.9638,
    0.9638,
    0.9638,
    0.9638,
    0.9638,
    0.9638,
    0.9638,
    0.9638,
    0.9638,
    0.9638,
    0.9638,
    0.9638,
    0.9638,
    0.9638,
    0.9638,
    0.9638,
    0.9638,
    0.9638,
    0.9638,
    0.9638,
    0.9638,
    0.9638,
    0.9638,
    0.9638,
    0.9638,
    0.9638,
    0.9638,
    0.9638,
    0.9638,
    0.9638,
    0.9638,
    0.9638,
    0.9638,
    0.9638,
    0.9638,
    0.9638,
    0.9638,
    0.9638,
    0.9638,
    0.9638,
    0.9638,
    0.9638,
    0.9638,
    0.9638,
    0.9638,
    0.9638,
    0.9638,
    0.9638,
    0.9638,
    0.9638,
    0.9638,
    0.9638,
    0.9638
  ],
  "test_acc": [
    0.010734403230949091,
    0.37527898820278455,
    0.3760229567435434,
    0.37666064406419386,
    0.3757041130832182,
    0.37612923796365183,
    0.3755978318631098,
    0.3758103943033266,
    0.37538526942289296,
    0.37612923796365183,
    0.375916675523435,
    0.3760229567435434,
    0.3771920501647359,
    0.3754915506430014,
    0.3768732065044107,
    0.37666064406419386,
    0.37623551918376025,
    0.3757041130832182,
    0.3771920501647359,
    0.37538526942289296,
    0.3771920501647359,
    0.3754915506430014,
    0.37655436284408544,
    0.3751727069826762,
    0.37655436284408544,
    0.37666064406419386,
    0.3763418004038686,
    0.37612923796365183,
    0.3760229567435434,
    0.3758103943033266,
    0.37623551918376025,
    0.3767669252843023,
    0.3760229567435434,
    0.3758103943033266,
    0.3755978318631098,
    0.37655436284408544,
    0.37538526942289296,
    0.3772983313848443,
    0.376448081623977,
    0.37612923796365183,
    0.375916675523435,
    0.375916675523435,
    0.37538526942289296,
    0.3755978318631098,
    0.376448081623977,
    0.3763418004038686,
    0.3763418004038686,
    0.3768732065044107,
    0.37612923796365183,
    0.37612923796365183,
    0.3758103943033266,
    0.3760229567435434,
    0.3771920501647359,
    0.3760229567435434,
    0.37666064406419386,
    0.37538526942289296,
    0.375916675523435,
    0.37538526942289296,
    0.37612923796365183,
    0.3768732065044107,
    0.375916675523435,
    0.3758103943033266,
    0.375916675523435,
    0.37623551918376025,
    0.3755978318631098,
    0.3780422999256031,
    0.3751727069826762,
    0.37666064406419386,
    0.3760229567435434,
    0.37623551918376025,
    0.3771920501647359,
    0.3760229567435434,
    0.375916675523435,
    0.37655436284408544,
    0.3751727069826762,
    0.37623551918376025,
    0.37612923796365183,
    0.3768732065044107,
    0.3760229567435434,
    0.3755978318631098,
    0.37612923796365183,
    0.3768732065044107,
    0.3768732065044107,
    0.376448081623977,
    0.376448081623977,
    0.3744287384419173,
    0.3755978318631098,
    0.37666064406419386,
    0.3763418004038686,
    0.3771920501647359,
    0.37697948772451906,
    0.3776171750451695,
    0.37612923796365183,
    0.3768732065044107,
    0.3754915506430014,
    0.3780422999256031,
    0.376448081623977,
    0.3768732065044107,
    0.375916675523435,
    0.3763418004038686,
    0.3755978318631098
  ]
}