{
  "epoch": [
    1,
    2000,
    4000,
    6000,
    8000,
    10000,
    12000,
    14000,
    16000,
    18000,
    20000,
    22000,
    24000,
    26000,
    28000,
    30000,
    32000,
    34000,
    36000,
    38000,
    40000,
    42000,
    44000,
    46000,
    48000,
    50000,
    52000,
    54000,
    56000,
    58000,
    60000,
    62000,
    64000,
    66000,
    68000,
    70000,
    72000,
    74000,
    76000,
    78000,
    80000,
    82000,
    84000,
    86000,
    88000,
    90000,
    92000,
    94000,
    96000,
    98000,
    100000,
    102000,
    104000,
    106000,
    108000,
    110000,
    112000,
    114000,
    116000,
    118000,
    120000,
    122000,
    124000,
    126000,
    128000,
    130000,
    132000,
    134000,
    136000,
    138000,
    140000,
    142000,
    144000,
    146000,
    148000,
    150000,
    152000,
    154000,
    156000,
    158000,
    160000,
    162000,
    164000,
    166000,
    168000,
    170000,
    172000,
    174000,
    176000,
    178000,
    180000,
    182000,
    184000,
    186000,
    188000,
    190000,
    192000,
    194000,
    196000,
    198000,
    200000
  ],
  "loss": [
    4.575139713287354,
    0.21293380204329393,
    0.004733696175875109,
    0.004589235246747238,
    0.0045283723661469705,
    0.004508725040093663,
    0.004486262706707639,
    0.00448215739771062,
    0.004486985762167128,
    0.004486399983499715,
    0.004477276512541516,
    0.004477688107070378,
    0.004475109732865752,
    0.0044800087604785575,
    0.004483624521537601,
    0.004491091346012312,
    0.004497062310534709,
    0.0044952498630847675,
    0.004490542209894838,
    0.00449783613558267,
    0.0045060459935779935,
    0.004503553319779065,
    0.00450426045018676,
    0.00450152133614517,
    0.004503708951454892,
    0.00450197017475979,
    0.0045048292736601095,
    0.0045045139998696575,
    0.00450532432409565,
    0.004503732896928454,
    0.004504628526831257,
    0.004504140846741016,
    0.004505382510802954,
    0.004498812566672866,
    0.0045016299381791395,
    0.004498498244947149,
    0.004499694534508322,
    0.004496403998722668,
    0.004495236757928678,
    0.004500276568916706,
    0.004505124692173462,
    0.004506794613207871,
    0.004512604752819093,
    0.004501051730914785,
    0.004502185648474658,
    0.004506742164674082,
    0.0045030583470132435,
    0.004504402214881893,
    0.004504366817553249,
    0.004504849892390302,
    0.004504982565247376,
    0.004503344374354634,
    0.004502605879583156,
    0.004501341756885549,
    0.004497424846402319,
    0.0044970475499858205,
    0.004493476331785992,
    0.0044964717487749484,
    0.004500466367951113,
    0.004494724594507673,
    0.004499495511435049,
    0.00450170696748104,
    0.004495784489127623,
    0.004495518653135306,
    0.004497915676251458,
    0.004491295402482987,
    0.004499367022932224,
    0.004502880336776074,
    0.004497405999512413,
    0.004513137165100872,
    0.004512519994261051,
    0.004505441055015514,
    0.0044981672408400016,
    0.004496242843761316,
    0.004497412063512732,
    0.004497149427142759,
    0.004509013873002403,
    0.004496667456586685,
    0.004492459827665675,
    0.0044928410075441,
    0.004497293990906283,
    0.004495884177501599,
    0.004495782838536152,
    0.004497905992310886,
    0.004497492407866211,
    0.004491626883853735,
    0.004489736800571764,
    0.004492968310522446,
    0.0044983268473746596,
    0.004497882354396361,
    0.004501007973973398,
    0.00450105295075304,
    0.004497605897597409,
    0.004499671081993858,
    0.004494273881301923,
    0.0044942135386843675,
    0.004494054462645138,
    0.004495222610226926,
    0.004504273316875115,
    0.004492266236306866,
    0.004505575312155506
  ],
  "train_acc": [
    0.0176,
    0.997,
    0.997,
    0.997,
    0.997,
    0.997,
    0.997,
    0.997,
    0.997,
    0.997,
    0.997,
    0.997,
    0.997,
    0.997,
    0.997,
    0.997,
    0.997,
    0.997,
    0.997,
    0.997,
    0.997,
    0.997,
    0.997,
    0.997,
    0.997,
    0.997,
    0.997,
    0.997,
    0.997,
    0.997,
    0.997,
    0.997,
    0.997,
    0.997,
    0.997,
    0.997,
    0.997,
    0.997,
    0.997,
    0.997,
    0.997,
    0.997,
    0.997,
    0.997,
    0.997,
    0.997,
    0.997,
    0.997,
    0.997,
    0.997,
    0.997,
    0.997,
    0.997,
    0.997,
    0.997,
    0.997,
    0.997,
    0.997,
    0.997,
    0.997,
    0.997,
    0.997,
    0.997,
    0.997,
    0.997,
    0.997,
    0.997,
    0.997,
    0.997,
    0.997,
    0.997,
    0.997,
    0.997,
    0.997,
    0.997,
    0.997,
    0.997,
    0.997,
    0.997,
    0.997,
    0.997,
    0.997,
    0.997,
    0.997,
    0.997,
    0.997,
    0.997,
    0.997,
    0.997,
    0.997,
    0.997,
    0.997,
    0.997,
    0.997,
    0.997,
    0.997,
    0.997,
    0.997,
    0.997,
    0.997,
    0.997
  ],
  "test_acc": [
    0.011690934211924752,
    0.41205229036029334,
    0.41247741524072695,
    0.41343394622170265,
    0.4152407269635455,
    0.41672866404506326,
    0.419810819428207,
    0.4246997555531937,
    0.4313954724200234,
    0.4366032522053353,
    0.44680624933574237,
    0.4611542140503773,
    0.4752896163247954,
    0.4927197364225741,
    0.5097247316399193,
    0.5263046019768307,
    0.5490487830800298,
    0.5662663407375916,
    0.5930492082049101,
    0.6137740461260496,
    0.6331172281857795,
    0.6469337867998725,
    0.6626634073759167,
    0.6778616218514188,
    0.6842384950579232,
    0.6951854607290892,
    0.6972048039111489,
    0.7048570517589542,
    0.7092145817833989,
    0.7129344244871931,
    0.7163354235306622,
    0.7211180784355404,
    0.7159102986502285,
    0.7184610479328303,
    0.719948985014348,
    0.7161228610904453,
    0.7186736103730471,
    0.7246253586991178,
    0.729620576044213,
    0.7345095121691997,
    0.7306833882452971,
    0.7313210755659475,
    0.7252630460197683,
    0.7226060155170582,
    0.7219683281964077,
    0.7297268572643214,
    0.7319587628865979,
    0.7354660431501754,
    0.7353597619300669,
    0.7347220746094165,
    0.7402486980550537,
    0.7400361356148368,
    0.7396110107344033,
    0.7379105112126687,
    0.7416303539164629,
    0.7422680412371134,
    0.7463067276012328,
    0.7454564778403656,
    0.7415240726963546,
    0.7375916675523435,
    0.7333404187480073,
    0.7350409182697417,
    0.7349346370496334,
    0.7409926665958125,
    0.740354979275162,
    0.742693166117547,
    0.7418429163566798,
    0.7419491975767882,
    0.7414177914762462,
    0.7419491975767882,
    0.7406738229354873,
    0.7441811031990647,
    0.7469444149218833,
    0.7401424168349453,
    0.743755978318631,
    0.7441811031990647,
    0.743755978318631,
    0.7539589754490381,
    0.7533212881283877,
    0.7534275693484961,
    0.7477946646827506,
    0.7417366351365714,
    0.7412052290360294,
    0.7359974492507174,
    0.7321713253268147,
    0.7371665426719098,
    0.7425868848974386,
    0.7470506961419917,
    0.7471569773621001,
    0.7472632585822085,
    0.7449250717398236,
    0.7413115102561377,
    0.7422680412371134,
    0.7456690402805825,
    0.7476883834626421,
    0.7438622595387395,
    0.7416303539164629,
    0.7436496970985227,
    0.7442873844191731,
    0.7507705388457859,
    0.7514082261664364
  ]
}