{
  "epoch": [
    1,
    2000,
    4000,
    6000,
    8000,
    10000,
    12000,
    14000,
    16000,
    18000,
    20000,
    22000,
    24000,
    26000,
    28000,
    30000,
    32000,
    34000,
    36000,
    38000,
    40000,
    42000,
    44000,
    46000,
    48000,
    50000,
    52000,
    54000,
    56000,
    58000,
    60000,
    62000,
    64000,
    66000,
    68000,
    70000,
    72000,
    74000,
    76000,
    78000,
    80000,
    82000,
    84000,
    86000,
    88000,
    90000,
    92000,
    94000,
    96000,
    98000,
    100000,
    102000,
    104000,
    106000,
    108000,
    110000,
    112000,
    114000,
    116000,
    118000,
    120000,
    122000,
    124000,
    126000,
    128000,
    130000,
    132000,
    134000,
    136000,
    138000,
    140000,
    142000,
    144000,
    146000,
    148000,
    150000,
    152000,
    154000,
    156000,
    158000,
    160000,
    162000,
    164000,
    166000,
    168000,
    170000,
    172000,
    174000,
    176000,
    178000,
    180000,
    182000,
    184000,
    186000,
    188000,
    190000,
    192000,
    194000,
    196000,
    198000,
    200000
  ],
  "loss": [
    4.575636911392212,
    0.20388333041002024,
    9.912407985666505e-07,
    2.3690223035544022e-07,
    2.1988673896942147e-07,
    2.147656538404874e-07,
    2.1123349773546351e-07,
    2.1390802631557904e-07,
    2.1629545330554834e-07,
    0.00016168253781190885,
    3.1849305408286456e-06,
    0.00017151981744905527,
    2.166090844868762e-06,
    0.00013678774687567524,
    2.2999484847758822e-07,
    0.0005539070307717295,
    0.00020277898634363183,
    4.877463934079174e-06,
    0.00010679126781919876,
    0.0002811040724280772,
    5.739608892129411e-06,
    0.0001725869601771322,
    2.210170040683579e-06,
    0.00017112229446499113,
    0.00013149692124067371,
    1.5361423133633423e-06,
    0.00019444818479781247,
    0.00015945912191035278,
    0.00013160939320580028,
    4.081872036671541e-06,
    0.00029793818716917,
    0.00018129634866909542,
    4.806605035690836e-06,
    0.00034095384796142836,
    0.00019232241290033868,
    4.720475775312138e-06,
    0.00026889854153127,
    2.374844821321176e-06,
    0.0003191959255365099,
    0.00014565343960734793,
    0.00013344140240035713,
    3.935260887055136e-06,
    0.00018127588934955768,
    0.00019620665765622861,
    4.4336656518794375e-06,
    0.0003356859369339055,
    0.00014076652545605555,
    3.677660049913811e-06,
    0.0001792638744275898,
    0.00017779102647050494,
    4.220446511136799e-06,
    0.00018740999190566826,
    0.00020633358607464983,
    3.0839106542245532e-06,
    0.00020416934395099773,
    0.00014803455003307918,
    0.0002372435195247462,
    5.008196595528602e-06,
    9.324521404068022e-05,
    0.00028819768527549387,
    5.010365314809917e-06,
    0.00022691843675989886,
    0.00021607232409445417,
    4.572749809406673e-06,
    0.00027629512376582286,
    0.0002712567734099075,
    5.046815863575916e-06,
    0.00019224027582924209,
    0.00023784414767633706,
    4.382233927173473e-06,
    0.00029221519035566316,
    0.0002334100810097965,
    4.44008208405009e-06,
    0.00019872020578770133,
    0.0003283599583436214,
    4.806439032208942e-06,
    0.00034412392975737374,
    0.0002307406565732606,
    4.09963096196222e-06,
    0.00014654030673176734,
    0.00023653551913121405,
    0.00012263941072972884,
    4.110823403664199e-06,
    0.00029731287265516215,
    4.074367238833077e-06,
    0.00019140596745175671,
    0.00022085471307586814,
    0.0001481279230110502,
    4.049186513487513e-06,
    6.676909353167062e-05,
    0.00011695593873330949,
    2.5515555434857616e-06,
    0.0003204802166289205,
    0.00015522373346311938,
    0.00011421105206497373,
    3.874033490298245e-06,
    0.0001366844937975415,
    0.0002458869169048185,
    4.8360352799782906e-06,
    0.00015524832796906765,
    0.00023272107545039801
  ],
  "train_acc": [
    0.0172,
    1.0,
    1.0,
    1.0,
    1.0,
    1.0,
    1.0,
    1.0,
    1.0,
    1.0,
    1.0,
    1.0,
    1.0,
    1.0,
    1.0,
    1.0,
    1.0,
    1.0,
    1.0,
    1.0,
    1.0,
    1.0,
    1.0,
    1.0,
    1.0,
    1.0,
    1.0,
    1.0,
    1.0,
    1.0,
    1.0,
    1.0,
    1.0,
    1.0,
    1.0,
    1.0,
    1.0,
    1.0,
    1.0,
    1.0,
    1.0,
    1.0,
    1.0,
    1.0,
    1.0,
    1.0,
    1.0,
    1.0,
    1.0,
    1.0,
    1.0,
    1.0,
    1.0,
    1.0,
    1.0,
    1.0,
    1.0,
    1.0,
    1.0,
    1.0,
    1.0,
    1.0,
    1.0,
    1.0,
    1.0,
    1.0,
    1.0,
    1.0,
    1.0,
    1.0,
    1.0,
    1.0,
    1.0,
    1.0,
    1.0,
    1.0,
    1.0,
    1.0,
    1.0,
    1.0,
    1.0,
    1.0,
    1.0,
    1.0,
    1.0,
    1.0,
    1.0,
    1.0,
    1.0,
    1.0,
    1.0,
    1.0,
    1.0,
    1.0,
    1.0,
    1.0,
    1.0,
    1.0,
    1.0,
    1.0,
    1.0
  ],
  "test_acc": [
    0.01147837177170794,
    0.3916462960994792,
    0.39196513975980446,
    0.3930279519608885,
    0.39472845148262303,
    0.3974917632054416,
    0.4048251673929217,
    0.4242746306727601,
    0.454033372303114,
    0.4845360824742268,
    0.533425443724094,
    0.5656286534169412,
    0.6066532043787862,
    0.6347114464874056,
    0.6551174407482198,
    0.6890211499628016,
    0.7094271442236156,
    0.7252630460197683,
    0.7415240726963546,
    0.7109150813051334,
    0.7755340631310448,
    0.7835051546391752,
    0.7816983738973323,
    0.8000850249760867,
    0.8094377723456265,
    0.8044425550005314,
    0.8229354872993941,
    0.8271867361037305,
    0.8211287065575513,
    0.8315442661281751,
    0.8367520459134871,
    0.8046551174407482,
    0.8437666064406419,
    0.8474864491444362,
    0.8182591136146243,
    0.8508874481879052,
    0.8523753852694229,
    0.8447231374216176,
    0.8564140716335423,
    0.8586459772558189,
    0.8532256350302901,
    0.8621532575193963,
    0.863641194600914,
    0.8627909448400468,
    0.8627909448400468,
    0.8707620363481773,
    0.8703369114677436,
    0.8610904453183122,
    0.871718567329153,
    0.8735253480709958,
    0.868317568285684,
    0.8765012222340313,
    0.877457753215007,
    0.8707620363481773,
    0.8797959400573918,
    0.8808587522584759,
    0.840897013497715,
    0.88192156445956,
    0.88192156445956,
    0.8686364119460092,
    0.8808587522584759,
    0.8858539696035711,
    0.8861728132638963,
    0.8807524710383675,
    0.8863853757041131,
    0.8875544691253056,
    0.8840471888617282,
    0.8867042193644383,
    0.8876607503454139,
    0.8808587522584759,
    0.8875544691253056,
    0.8896800935274737,
    0.8846848761823786,
    0.888192156445956,
    0.8912743118290998,
    0.8895738123073653,
    0.894462748432352,
    0.8947815920926773,
    0.8850037198427038,
    0.8914868742693166,
    0.8945690296524604,
    0.8772451907747901,
    0.8903177808481242,
    0.8928685301307259,
    0.8885110001062813,
    0.8919119991497503,
    0.8958444042937613,
    0.8903177808481242,
    0.8929748113508343,
    0.8947815920926773,
    0.895525560633436,
    0.8880858752258476,
    0.8963758103943034,
    0.8986077160165798,
    0.8723562546498034,
    0.8928685301307259,
    0.8951004357530025,
    0.895525560633436,
    0.8965883728345201,
    0.897863747475821,
    0.8977574662557126
  ]
}