{
  "epoch": [
    1,
    2000,
    4000,
    6000,
    8000,
    10000,
    12000,
    14000,
    16000,
    18000,
    20000,
    22000,
    24000,
    26000,
    28000,
    30000,
    32000,
    34000,
    36000,
    38000,
    40000,
    42000,
    44000,
    46000,
    48000,
    50000,
    52000,
    54000,
    56000,
    58000,
    60000,
    62000,
    64000,
    66000,
    68000,
    70000,
    72000,
    74000,
    76000,
    78000,
    80000,
    82000,
    84000,
    86000,
    88000,
    90000,
    92000,
    94000,
    96000,
    98000,
    100000,
    102000,
    104000,
    106000,
    108000,
    110000,
    112000,
    114000,
    116000,
    118000,
    120000,
    122000,
    124000,
    126000,
    128000,
    130000,
    132000,
    134000,
    136000,
    138000,
    140000,
    142000,
    144000,
    146000,
    148000,
    150000,
    152000,
    154000,
    156000,
    158000,
    160000,
    162000,
    164000,
    166000,
    168000,
    170000,
    172000,
    174000,
    176000,
    178000,
    180000,
    182000,
    184000,
    186000,
    188000,
    190000,
    192000,
    194000,
    196000,
    198000,
    200000
  ],
  "loss": [
    4.575820684432983,
    0.1982263179437513,
    9.075214701418588e-07,
    2.3119957744057729e-07,
    2.170960426298052e-07,
    2.1312884587842973e-07,
    2.1426036061953368e-07,
    2.1614137185537175e-07,
    2.185283751266809e-07,
    8.622284859922403e-05,
    2.600260840978308e-07,
    0.00033444893398220754,
    2.3549332644797972e-06,
    0.00015638984229368374,
    0.00022678733879449595,
    5.769027175166741e-06,
    0.00027061772233345137,
    5.451678729713905e-06,
    0.00018511775104365568,
    8.452983529572577e-07,
    0.00034092417537346406,
    0.0002071678234863846,
    3.562711354180692e-06,
    0.00013635358989900651,
    0.00017132144561117924,
    3.903615483254441e-06,
    0.0002428667990362598,
    0.0003775630844397384,
    5.799938495155743e-06,
    0.00023491599364860248,
    0.0002657368492538218,
    5.245315268005868e-06,
    0.0001917206387249756,
    0.00013863745349433358,
    4.361754484794034e-06,
    0.00017996634167763474,
    6.399836184990733e-05,
    2.0247272988861197e-06,
    0.0001524097145960944,
    0.0002628108686951691,
    3.961747585262288e-06,
    0.0002569972615441401,
    0.0001688482990946099,
    2.651440114269121e-06,
    0.00019536410524522907,
    0.00016527483463731868,
    2.2350411133693624e-06,
    0.0002070331556475544,
    0.00036251604408813804,
    4.189708200295428e-06,
    0.0003265315978528385,
    0.0002002021657761425,
    2.811418607159766e-06,
    0.0002953713280396578,
    0.00019547035084281533,
    3.3051889994943904e-06,
    0.00026404399276148494,
    0.0001755178994239344,
    3.3948793161975745e-06,
    0.0003256640553058503,
    0.00018634156769588585,
    3.3738031294767267e-06,
    0.00027102057630775463,
    0.00012166668589262457,
    0.0001267354342516697,
    3.884659499773591e-06,
    0.00014578786209308063,
    0.0002080228824265923,
    4.760623137531184e-06,
    0.0002538844012104647,
    0.00026299402316309965,
    5.016785834249049e-06,
    0.00029272563598762674,
    0.0001485361952055527,
    3.930109665790127e-06,
    0.00018307373937912389,
    0.0002811760166702463,
    4.670039839350437e-06,
    0.00032427855360946437,
    0.00023758455268267867,
    4.529037396917346e-06,
    0.0001226831474389975,
    0.0003019409803431451,
    4.6889966353063524e-06,
    0.00021325863870774029,
    0.00014347908155057425,
    1.1748403698554454e-06,
    0.0002304788280930538,
    0.0003184526828449172,
    0.00017531505775722565,
    4.404421291651062e-06,
    0.00013112661854633244,
    0.0002054853563258213,
    4.22579739284572e-06,
    0.00018054588412682834,
    0.00029667616495854856,
    4.587861623387823e-06,
    0.0002204714906680394,
    0.00014303712534184356,
    2.216039008524007e-06,
    0.00019207373568026184
  ],
  "train_acc": [
    0.0206,
    1.0,
    1.0,
    1.0,
    1.0,
    1.0,
    1.0,
    1.0,
    1.0,
    1.0,
    1.0,
    1.0,
    1.0,
    1.0,
    1.0,
    1.0,
    1.0,
    1.0,
    1.0,
    1.0,
    1.0,
    1.0,
    1.0,
    1.0,
    1.0,
    1.0,
    1.0,
    1.0,
    1.0,
    1.0,
    1.0,
    1.0,
    1.0,
    1.0,
    1.0,
    1.0,
    1.0,
    1.0,
    1.0,
    1.0,
    1.0,
    1.0,
    1.0,
    1.0,
    1.0,
    1.0,
    1.0,
    1.0,
    1.0,
    1.0,
    1.0,
    1.0,
    1.0,
    1.0,
    1.0,
    1.0,
    1.0,
    1.0,
    1.0,
    1.0,
    1.0,
    1.0,
    1.0,
    1.0,
    1.0,
    1.0,
    1.0,
    1.0,
    1.0,
    1.0,
    1.0,
    1.0,
    1.0,
    1.0,
    1.0,
    1.0,
    1.0,
    1.0,
    1.0,
    1.0,
    1.0,
    1.0,
    1.0,
    1.0,
    1.0,
    1.0,
    1.0,
    1.0,
    1.0,
    1.0,
    1.0,
    1.0,
    1.0,
    1.0,
    1.0,
    1.0,
    1.0,
    1.0,
    1.0,
    1.0,
    1.0
  ],
  "test_acc": [
    0.01211605909235838,
    0.3897332341375279,
    0.39068976511850356,
    0.3924965458603465,
    0.3943033266021894,
    0.39887341906685087,
    0.4086512913168243,
    0.4246997555531937,
    0.44956956105856094,
    0.4775215219470719,
    0.50366670209374,
    0.5270485705175896,
    0.557976405569136,
    0.5879477096397067,
    0.5985758316505474,
    0.6290785418216601,
    0.6468275055797641,
    0.6667020937400361,
    0.6889148687426931,
    0.6944414921883303,
    0.723349984057817,
    0.7354660431501754,
    0.7397172919545116,
    0.7554469125305558,
    0.7636305664789031,
    0.7608672547560846,
    0.7760654692315868,
    0.7653310660006377,
    0.7892443405250292,
    0.7947709639706664,
    0.7548092252099055,
    0.8051865235412903,
    0.8080561164842173,
    0.7939207142097991,
    0.8142204272505048,
    0.8181528323945159,
    0.8220852375385269,
    0.8123073652885535,
    0.8311191412477416,
    0.8313317036879584,
    0.828887235625465,
    0.8377085768944628,
    0.8433414815602083,
    0.8382399829950048,
    0.8457859496227017,
    0.8498246359868211,
    0.8401530449569561,
    0.8518439791688809,
    0.8564140716335423,
    0.8517376979487724,
    0.8603464767775534,
    0.8626846636199383,
    0.8532256350302901,
    0.863109788500372,
    0.8667233499840579,
    0.8552449782123499,
    0.8666170687639494,
    0.8662982251036242,
    0.8590711021362525,
    0.868848974386226,
    0.8712934424487193,
    0.8637474758210224,
    0.8701243490275269,
    0.872249973429695,
    0.8686364119460092,
    0.8666170687639494,
    0.8694866617068764,
    0.8724625358699117,
    0.8682112870655755,
    0.8750132851525135,
    0.8762886597938144,
    0.8748007227122967,
    0.8784142841959826,
    0.8807524710383675,
    0.8739504729514295,
    0.8803273461579338,
    0.8840471888617282,
    0.8757572536932724,
    0.8809650334785843,
    0.8863853757041131,
    0.8794770963970666,
    0.8828780954405356,
    0.8885110001062813,
    0.8824529705601021,
    0.8842597513019449,
    0.8856414071633543,
    0.8770326283345733,
    0.8859602508236795,
    0.8899989371877989,
    0.8806461898182592,
    0.8857476883834626,
    0.888192156445956,
    0.892124561589967,
    0.8873419066850887,
    0.891593155489425,
    0.8936124986714847,
    0.8856414071633543,
    0.8920182803698586,
    0.8933999362312679,
    0.8863853757041131,
    0.8942501859921352
  ]
}