{
  "epoch": [
    1,
    2000,
    4000,
    6000,
    8000,
    10000,
    12000,
    14000,
    16000,
    18000,
    20000,
    22000,
    24000,
    26000,
    28000,
    30000,
    32000,
    34000,
    36000,
    38000,
    40000,
    42000,
    44000,
    46000,
    48000,
    50000,
    52000,
    54000,
    56000,
    58000,
    60000,
    62000,
    64000,
    66000,
    68000,
    70000,
    72000,
    74000,
    76000,
    78000,
    80000,
    82000,
    84000,
    86000,
    88000,
    90000,
    92000,
    94000,
    96000,
    98000,
    100000,
    102000,
    104000,
    106000,
    108000,
    110000,
    112000,
    114000,
    116000,
    118000,
    120000,
    122000,
    124000,
    126000,
    128000,
    130000,
    132000,
    134000,
    136000,
    138000,
    140000,
    142000,
    144000,
    146000,
    148000,
    150000,
    152000,
    154000,
    156000,
    158000,
    160000,
    162000,
    164000,
    166000,
    168000,
    170000,
    172000,
    174000,
    176000,
    178000,
    180000,
    182000,
    184000,
    186000,
    188000,
    190000,
    192000,
    194000,
    196000,
    198000,
    200000
  ],
  "loss": [
    4.5751800537109375,
    0.2084370013580883,
    0.002291492691117108,
    0.0022256030622317723,
    0.00218721588008867,
    0.0021736577839742985,
    0.0021687260202178428,
    0.002168109150739896,
    0.00217038006868513,
    0.0021687085020385168,
    0.0021670851836844093,
    0.0021744731272698337,
    0.002178148100632975,
    0.002177409132519527,
    0.0021774561991116563,
    0.0021739467319254495,
    0.002173751002522205,
    0.0021776023292400517,
    0.0021800437810454674,
    0.002183258368668552,
    0.0021819144858564216,
    0.0021838491367631896,
    0.0021846755281488056,
    0.0021899565271648507,
    0.00218119941516606,
    0.0021812528148928605,
    0.0021823706824193392,
    0.002183183366280962,
    0.002184062636844555,
    0.0021818406902633478,
    0.002186275822996937,
    0.0021864411829997116,
    0.002182965135943088,
    0.002180449001529541,
    0.00217960039569205,
    0.002181037269568701,
    0.0021803375936980656,
    0.0021796931391792613,
    0.0021787628360345076,
    0.0021806189269363346,
    0.002180930720011385,
    0.0021834219899522452,
    0.002179563477247232,
    0.0021819598278452162,
    0.0021839977645596344,
    0.0021800388497976173,
    0.002184651151576999,
    0.0021816135899385843,
    0.00218509562370723,
    0.002186947947271664,
    0.0021857957343943456,
    0.0021852465894348066,
    0.002183383953260397,
    0.0021863260479189238,
    0.0021834907795886516,
    0.0021834098117780648,
    0.002180373514509382,
    0.0021770426104806228,
    0.0021759306693887454,
    0.0021780476167386526,
    0.0021846219808172307,
    0.0021853417686526827,
    0.002183377575125133,
    0.0021816961774884175,
    0.0021789954965642125,
    0.0021863566778136515,
    0.002183605057913362,
    0.002187094458426238,
    0.002186648454216995,
    0.002294575964612944,
    0.0021773512520870644,
    0.0021692041638712474,
    0.0021718938557363635,
    0.002174347994353508,
    0.0021769478731753244,
    0.0021836312731545226,
    0.0021843018111219166,
    0.002183368320918953,
    0.0021803048927562033,
    0.0021804620911540754,
    0.002178262418911942,
    0.002179745187871072,
    0.0021829724787643095,
    0.002184716977997025,
    0.002185961210039225,
    0.0021863809276013624,
    0.0021908504088848082,
    0.002186057163829827,
    0.0021893438297118997,
    0.0022953166929739425,
    0.002184840697278449,
    0.002171269455084888,
    0.0021701030460461943,
    0.002174627602256163,
    0.0021791757101265546,
    0.002182668524869276,
    0.002188936119195373,
    0.002187834939744015,
    0.002185407934170827,
    0.0021861509025214894,
    0.0021857158372292703
  ],
  "train_acc": [
    0.0178,
    0.9986,
    0.9986,
    0.9986,
    0.9986,
    0.9986,
    0.9986,
    0.9986,
    0.9986,
    0.9986,
    0.9986,
    0.9986,
    0.9986,
    0.9986,
    0.9986,
    0.9986,
    0.9986,
    0.9986,
    0.9986,
    0.9986,
    0.9986,
    0.9986,
    0.9986,
    0.9986,
    0.9986,
    0.9986,
    0.9986,
    0.9986,
    0.9986,
    0.9986,
    0.9986,
    0.9986,
    0.9986,
    0.9986,
    0.9986,
    0.9986,
    0.9986,
    0.9986,
    0.9986,
    0.9986,
    0.9986,
    0.9986,
    0.9986,
    0.9986,
    0.9986,
    0.9986,
    0.9986,
    0.9986,
    0.9986,
    0.9986,
    0.9986,
    0.9986,
    0.9986,
    0.9986,
    0.9986,
    0.9986,
    0.9986,
    0.9986,
    0.9986,
    0.9986,
    0.9986,
    0.9986,
    0.9986,
    0.9986,
    0.9986,
    0.9986,
    0.9986,
    0.9986,
    0.9986,
    0.9986,
    0.9986,
    0.9986,
    0.9986,
    0.9986,
    0.9986,
    0.9986,
    0.9986,
    0.9986,
    0.9986,
    0.9986,
    0.9986,
    0.9986,
    0.9986,
    0.9986,
    0.9986,
    0.9986,
    0.9986,
    0.9986,
    0.9986,
    0.9986,
    0.9986,
    0.9986,
    0.9986,
    0.9986,
    0.9986,
    0.9986,
    0.9986,
    0.9986,
    0.9986,
    0.9986,
    0.9986
  ],
  "test_acc": [
    0.011584652991816347,
    0.4146030396428951,
    0.41492188330322033,
    0.4163035391646296,
    0.4173663513657137,
    0.422149006270592,
    0.4317143160803486,
    0.4460622807949835,
    0.4719948985014348,
    0.510468700180678,
    0.5548942501859921,
    0.5976193006695717,
    0.6341800403868636,
    0.6668083749601446,
    0.6899776809437772,
    0.7132532681475183,
    0.7278137953023701,
    0.7433308534381975,
    0.7545966627696886,
    0.7630991603783611,
    0.7704325645658412,
    0.779253905834839,
    0.78786268466362,
    0.7923264959081731,
    0.794133276650016,
    0.8017855244978213,
    0.8035923052396642,
    0.8052928047613986,
    0.811138271867361,
    0.8133701774896376,
    0.8156020831119142,
    0.8149643957912637,
    0.8160272079923477,
    0.8183653948347327,
    0.8171963014135403,
    0.820278456796684,
    0.8220852375385269,
    0.8246359868211287,
    0.8241045807205867,
    0.8263364863428632,
    0.82654904878308,
    0.8286746731852481,
    0.8276118609841641,
    0.8311191412477416,
    0.829950047826549,
    0.8295249229461155,
    0.8282495483048146,
    0.830481453927091,
    0.8287809544053566,
    0.8229354872993941,
    0.8230417685195026,
    0.8221915187586354,
    0.8217663938782017,
    0.8221915187586354,
    0.8184716760548411,
    0.8212349877776597,
    0.8243171431608035,
    0.8258050802423211,
    0.8283558295249229,
    0.8321819534488256,
    0.8320756722287171,
    0.8303751727069827,
    0.8319693910086088,
    0.8320756722287171,
    0.835689233712403,
    0.832819640769476,
    0.8340950154107769,
    0.8365394834732702,
    0.8309065788075247,
    0.8439791688808588,
    0.8492932298862791,
    0.8469550430438941,
    0.8499309172069295,
    0.8533319162503985,
    0.8499309172069295,
    0.848230417685195,
    0.8481241364650867,
    0.8427037942395579,
    0.8422786693591242,
    0.8420661069189074,
    0.8394090764161972,
    0.8439791688808588,
    0.8451482623020512,
    0.8440854501009671,
    0.8425975130194495,
    0.8401530449569561,
    0.844298012541184,
    0.8417472632585822,
    0.8427037942395579,
    0.8285683919651398,
    0.8538633223509405,
    0.850037198427038,
    0.8497183547667128,
    0.8524816664895313,
    0.8475927303645446,
    0.8484429801254119,
    0.8496120735466043,
    0.8436603252205336,
    0.8430226378998831,
    0.8417472632585822,
    0.8457859496227017
  ]
}