{
  "epoch": [
    1,
    2000,
    4000,
    6000,
    8000,
    10000,
    12000,
    14000,
    16000,
    18000,
    20000,
    22000,
    24000,
    26000,
    28000,
    30000,
    32000,
    34000,
    36000,
    38000,
    40000,
    42000,
    44000,
    46000,
    48000,
    50000,
    52000,
    54000,
    56000,
    58000,
    60000,
    62000,
    64000,
    66000,
    68000,
    70000,
    72000,
    74000,
    76000,
    78000,
    80000,
    82000,
    84000,
    86000,
    88000,
    90000,
    92000,
    94000,
    96000,
    98000,
    100000,
    102000,
    104000,
    106000,
    108000,
    110000,
    112000,
    114000,
    116000,
    118000,
    120000,
    122000,
    124000,
    126000,
    128000,
    130000,
    132000,
    134000,
    136000,
    138000,
    140000,
    142000,
    144000,
    146000,
    148000,
    150000,
    152000,
    154000,
    156000,
    158000,
    160000,
    162000,
    164000,
    166000,
    168000,
    170000,
    172000,
    174000,
    176000,
    178000,
    180000,
    182000,
    184000,
    186000,
    188000,
    190000,
    192000,
    194000,
    196000,
    198000,
    200000
  ],
  "loss": [
    4.576048278808594,
    0.1979096452465123,
    8.361904884935711e-07,
    2.159871258456292e-07,
    2.0948615435258943e-07,
    2.1147990441434671e-07,
    2.109793902633328e-07,
    9.379212577235733e-05,
    3.948890823862428e-06,
    0.00015008618632939347,
    4.3400092280180045e-06,
    9.213101711059437e-05,
    0.00013866648033837735,
    4.6780027676632585e-06,
    0.00024940867014109855,
    4.210124254530001e-06,
    0.0002273148002743561,
    0.00013063069206967768,
    4.359477670104894e-06,
    0.00015927534780711382,
    0.00020576603435702907,
    4.801207682906749e-06,
    0.00017525728561807198,
    0.00017580287811687966,
    4.463995032092782e-06,
    0.00018623813257823656,
    0.00029281660606646226,
    4.947477779758458e-06,
    0.00034388218538350867,
    0.00019600585971535977,
    4.645960240981139e-06,
    0.00016578278133722577,
    0.00023637926124526202,
    4.798574991288263e-06,
    0.00013502485516225774,
    0.0003212478861033411,
    4.904518109104572e-06,
    0.00036403088486212953,
    0.0001416742556083534,
    3.5520470260365755e-06,
    0.00023735589300562197,
    0.00023915786838629317,
    4.2778099053798254e-06,
    0.00028624775141682335,
    0.0003312304753943131,
    4.3787125876740164e-06,
    0.0002064693557148196,
    0.00021624523307945081,
    2.7110962874701274e-06,
    0.0002981732711542584,
    0.0002161607339812555,
    0.0001463369467732427,
    3.826611201242258e-06,
    0.00013148788083043,
    0.00015599422573306612,
    2.8771689925292778e-06,
    0.00036905357626384756,
    0.0003816736584250641,
    5.028414109681023e-06,
    0.00028593838939832496,
    0.0002787008490424668,
    3.930990597957162e-06,
    0.0002918807863062987,
    0.00022766101296947525,
    1.7638717969241213e-06,
    0.00038267043352657737,
    0.0002506308481998481,
    3.62486515142848e-06,
    0.0002683179242288297,
    0.0002719107210137629,
    0.00020275391286961124,
    4.387023033422111e-06,
    0.0002951016624865133,
    0.00026352144001622475,
    4.943994981692868e-06,
    0.00025013944939501374,
    0.00023284045971057736,
    4.399883524087755e-06,
    0.0002037731774233464,
    0.00021886848844212707,
    4.332080528677551e-06,
    0.000303355414389889,
    0.0002260762995908067,
    3.279928145458655e-06,
    0.00021666092455507738,
    0.0003206807556833738,
    0.00019281285766858077,
    4.347816153244821e-06,
    0.00021690423269534804,
    0.0002847762861491951,
    4.8314062162951644e-06,
    0.0001731353587628739,
    0.00020280617200224143,
    4.1360875677519005e-06,
    0.0004102671224458604,
    0.00022606505199741704,
    3.7000562791611457e-06,
    0.00034327322100657443,
    0.0002290308246599352,
    2.653183205605103e-06,
    0.00030650816898695153
  ],
  "train_acc": [
    0.0226,
    1.0,
    1.0,
    1.0,
    1.0,
    1.0,
    1.0,
    1.0,
    1.0,
    1.0,
    1.0,
    1.0,
    1.0,
    1.0,
    1.0,
    1.0,
    1.0,
    1.0,
    1.0,
    1.0,
    1.0,
    1.0,
    1.0,
    1.0,
    1.0,
    1.0,
    1.0,
    1.0,
    1.0,
    1.0,
    1.0,
    1.0,
    1.0,
    1.0,
    1.0,
    1.0,
    1.0,
    1.0,
    1.0,
    1.0,
    1.0,
    1.0,
    1.0,
    1.0,
    1.0,
    1.0,
    1.0,
    1.0,
    1.0,
    1.0,
    1.0,
    1.0,
    1.0,
    1.0,
    1.0,
    1.0,
    1.0,
    1.0,
    1.0,
    1.0,
    1.0,
    1.0,
    1.0,
    1.0,
    1.0,
    1.0,
    1.0,
    1.0,
    1.0,
    1.0,
    1.0,
    1.0,
    1.0,
    1.0,
    1.0,
    1.0,
    1.0,
    1.0,
    1.0,
    1.0,
    1.0,
    1.0,
    1.0,
    1.0,
    1.0,
    1.0,
    1.0,
    1.0,
    1.0,
    1.0,
    1.0,
    1.0,
    1.0,
    1.0,
    1.0,
    1.0,
    1.0,
    1.0,
    1.0,
    1.0,
    1.0
  ],
  "test_acc": [
    0.013285152513550856,
    0.3991922627271761,
    0.40099904346901905,
    0.40418748007227123,
    0.41056435327877566,
    0.4246997555531937,
    0.44967584227866936,
    0.478052928047614,
    0.5232224465936869,
    0.5529811882240409,
    0.5981507067701137,
    0.632160697204804,
    0.6523541290254012,
    0.6917844616856201,
    0.7030502710171113,
    0.7272823892018281,
    0.7487511956637262,
    0.7502391327452439,
    0.7810606865766819,
    0.7914762461473057,
    0.7906259963864385,
    0.8151769582314805,
    0.8241045807205867,
    0.82654904878308,
    0.8384525454352216,
    0.8501434796471463,
    0.8359017961526198,
    0.8618344138590711,
    0.8664045063237326,
    0.8691678180465512,
    0.8733127856307791,
    0.8792645339568498,
    0.8694866617068764,
    0.8861728132638963,
    0.8922308428100755,
    0.8889361249867148,
    0.8920182803698586,
    0.8996705282176639,
    0.90126474651929,
    0.8945690296524604,
    0.8992454033372304,
    0.9015835901796153,
    0.8987139972366883,
    0.9045594643426507,
    0.9033903709214581,
    0.8997768094377724,
    0.9067913699649272,
    0.9081730258263365,
    0.9030715272611329,
    0.9078541821660112,
    0.907535338505686,
    0.9091295568073121,
    0.9045594643426507,
    0.907535338505686,
    0.9107237751089382,
    0.9024338399404825,
    0.9130619619513232,
    0.9145498990328409,
    0.9143373365926241,
    0.9158252736741418,
    0.9191199914975023,
    0.9107237751089382,
    0.9160378361143586,
    0.9196513975980444,
    0.9128493995111064,
    0.9178446168562016,
    0.9202890849186949,
    0.9150813051333829,
    0.9203953661388032,
    0.9222021468806462,
    0.9125305558507811,
    0.9210330534594537,
    0.9222021468806462,
    0.915612711233925,
    0.9220958656605378,
    0.9217770220002126,
    0.9205016473589117,
    0.9186948666170688,
    0.922946115421405,
    0.92528430226379,
    0.9209267722393453,
    0.9241152088425975,
    0.9260282708045489,
    0.9216707407801041,
    0.9234775215219471,
    0.9254968647040068,
    0.919545116377936,
    0.9257094271442237,
    0.9268785205654161,
    0.9248591773833563,
    0.9237963651822723,
    0.9262408332447657,
    0.9271973642257413,
    0.9242214900627059,
    0.9273036454458498,
    0.928685301307259,
    0.9234775215219471,
    0.925815708364332,
    0.9297481135083431,
    0.9222021468806462,
    0.9274099266659581
  ]
}