{
  "epoch": [
    1,
    2000,
    4000,
    6000,
    8000,
    10000,
    12000,
    14000,
    16000,
    18000,
    20000,
    22000,
    24000,
    26000,
    28000,
    30000,
    32000,
    34000,
    36000,
    38000,
    40000,
    42000,
    44000,
    46000,
    48000,
    50000,
    52000,
    54000,
    56000,
    58000,
    60000
  ],
  "loss": [
    4.575854206085205,
    0.20152786848775706,
    8.676630219142112e-07,
    2.1403920959386369e-07,
    2.0874723976831434e-07,
    2.111711590131904e-07,
    2.117718562367088e-07,
    0.0002514652372360302,
    3.0208904284613426e-06,
    0.0002607608008671335,
    1.8045107517409065e-06,
    0.00039488932979059896,
    0.00021968683985072772,
    0.00014758807846866091,
    4.543623119758422e-06,
    0.0003468432026980274,
    4.91680398783032e-06,
    0.0003230982040860162,
    0.00023803474356179068,
    4.0156595174217105e-06,
    0.0002515847173132549,
    0.00045900960690786616,
    4.726231187382979e-06,
    0.0004905760126998189,
    0.00035395563616360875,
    4.5730595492031515e-06,
    0.00034784778252853316,
    0.00039304040582578497,
    4.400518320139213e-06,
    0.00044496084115445387,
    0.00033406693129278366
  ],
  "train_acc": [
    0.0178,
    1.0,
    1.0,
    1.0,
    1.0,
    1.0,
    1.0,
    1.0,
    1.0,
    1.0,
    1.0,
    1.0,
    1.0,
    1.0,
    1.0,
    1.0,
    1.0,
    1.0,
    1.0,
    1.0,
    1.0,
    1.0,
    1.0,
    1.0,
    1.0,
    1.0,
    1.0,
    1.0,
    1.0,
    1.0,
    1.0
  ],
  "test_acc": [
    0.012328621532575194,
    0.4099266659581252,
    0.41056435327877566,
    0.4126899776809438,
    0.419279413327665,
    0.4394728451482623,
    0.488255925178021,
    0.5317249442023595,
    0.6160059517483261,
    0.6591561271123393,
    0.7238813901583591,
    0.7778722499734297,
    0.8049739611010734,
    0.782123498777766,
    0.8691678180465512,
    0.8818152832394516,
    0.9023275587203741,
    0.9130619619513232,
    0.9189074290572856,
    0.9227335529811882,
    0.9308109257094271,
    0.932086300350728,
    0.9368689552556063,
    0.9433521096822192,
    0.943564672122436,
    0.9476033584865554,
    0.9524922946115422,
    0.9553618875544692,
    0.9551493251142523,
    0.9587628865979382,
    0.9613136358805399
  ]
}