{
  "epoch": [
    1,
    2000,
    4000,
    6000,
    8000,
    10000,
    12000,
    14000,
    16000,
    18000,
    20000,
    22000,
    24000,
    26000,
    28000,
    30000,
    32000,
    34000,
    36000,
    38000,
    40000,
    42000,
    44000,
    46000,
    48000,
    50000,
    52000,
    54000,
    56000,
    58000,
    60000,
    62000,
    64000,
    66000,
    68000,
    70000,
    72000,
    74000,
    76000,
    78000,
    80000,
    82000,
    84000,
    86000,
    88000,
    90000,
    92000,
    94000,
    96000,
    98000,
    100000,
    102000,
    104000,
    106000,
    108000,
    110000,
    112000,
    114000,
    116000,
    118000,
    120000,
    122000,
    124000,
    126000,
    128000,
    130000,
    132000,
    134000,
    136000,
    138000,
    140000,
    142000,
    144000,
    146000,
    148000,
    150000,
    152000,
    154000,
    156000,
    158000,
    160000,
    162000,
    164000,
    166000,
    168000,
    170000,
    172000,
    174000,
    176000,
    178000,
    180000,
    182000,
    184000,
    186000,
    188000,
    190000,
    192000,
    194000,
    196000,
    198000,
    200000
  ],
  "loss": [
    4.576128959655762,
    0.25972311716823054,
    0.05169951212713495,
    0.05083746453169733,
    0.05017580903158523,
    0.04965551155721769,
    0.049265822379477325,
    0.04896991152036935,
    0.048753071860224005,
    0.04851996697047725,
    0.048283653639443216,
    0.04803301649102941,
    0.04781191752068698,
    0.047541994394268844,
    0.047256583307497206,
    0.04694583309972659,
    0.04668645568126813,
    0.04648379977205768,
    0.04635749241244048,
    0.046322364341467616,
    0.046303062091954054,
    0.04627569231055677,
    0.04629608103055507,
    0.04629971137857065,
    0.04631900759721175,
    0.04633241045763716,
    0.04634872091365978,
    0.04630133031783625,
    0.04630927317459136,
    0.04631125345891342,
    0.046310061624180526,
    0.0463178134072572,
    0.04631673470567912,
    0.046316410597180946,
    0.046280076514557004,
    0.04629179362012074,
    0.046296386049780994,
    0.046316966688632964,
    0.04630384111702442,
    0.0462976249717176,
    0.04627829042514786,
    0.046344771090243014,
    0.046315476461220535,
    0.0463160068786703,
    0.04628995770262554,
    0.04629056180128828,
    0.046300557626970114,
    0.04629123594416305,
    0.04629966293359175,
    0.04633159340955317,
    0.04634913001740351,
    0.046299504925590006,
    0.04630444007376209,
    0.04628419202482328,
    0.04633192830234766,
    0.04629684893600643,
    0.046273169030807915,
    0.0463060384074226,
    0.04630122608905658,
    0.046307627277169375,
    0.046310787244793025,
    0.04628514006640762,
    0.04628305900916457,
    0.046293525645136835,
    0.04629125982588157,
    0.046302948883082715,
    0.04631944651883096,
    0.04631500993212685,
    0.04630297115845606,
    0.04628137154318392,
    0.04626681613652035,
    0.04631826058691368,
    0.04632336765043438,
    0.04629278269289062,
    0.046305258910451084,
    0.04632128969971091,
    0.04628635530006141,
    0.04630019640494138,
    0.04631763966269791,
    0.04628999801422469,
    0.04628709446992725,
    0.04630170889319852,
    0.04630159589899704,
    0.04628919166214764,
    0.046267005084920675,
    0.0462910376843065,
    0.04627752728108317,
    0.04624359085941687,
    0.04628931644354015,
    0.04632076361794025,
    0.0463146733276546,
    0.04631034868154675,
    0.046285758030600845,
    0.046278267247322945,
    0.04626843454996124,
    0.04629706541057676,
    0.04629822749840096,
    0.04628629778148607,
    0.046314681941457096,
    0.04630661322688684,
    0.046310852607153355
  ],
  "train_acc": [
    0.0208,
    0.97,
    0.97,
    0.97,
    0.97,
    0.97,
    0.97,
    0.97,
    0.97,
    0.97,
    0.97,
    0.97,
    0.97,
    0.97,
    0.97,
    0.97,
    0.97,
    0.97,
    0.97,
    0.97,
    0.97,
    0.97,
    0.97,
    0.97,
    0.97,
    0.97,
    0.97,
    0.97,
    0.97,
    0.97,
    0.97,
    0.97,
    0.97,
    0.97,
    0.97,
    0.97,
    0.97,
    0.97,
    0.97,
    0.97,
    0.97,
    0.97,
    0.97,
    0.97,
    0.97,
    0.97,
    0.97,
    0.97,
    0.97,
    0.97,
    0.97,
    0.97,
    0.97,
    0.97,
    0.97,
    0.97,
    0.97,
    0.97,
    0.97,
    0.97,
    0.97,
    0.97,
    0.97,
    0.97,
    0.97,
    0.97,
    0.97,
    0.97,
    0.97,
    0.97,
    0.97,
    0.97,
    0.97,
    0.97,
    0.97,
    0.97,
    0.97,
    0.97,
    0.97,
    0.97,
    0.97,
    0.97,
    0.97,
    0.97,
    0.97,
    0.97,
    0.97,
    0.97,
    0.97,
    0.97,
    0.97,
    0.97,
    0.97,
    0.97,
    0.97,
    0.97,
    0.97,
    0.97,
    0.97,
    0.97,
    0.97
  ],
  "test_acc": [
    0.011690934211924752,
    0.381655861409289,
    0.3804867679880965,
    0.3813370177489638,
    0.38123073652885536,
    0.3829312360505899,
    0.38144329896907214,
    0.3829312360505899,
    0.3820809862897226,
    0.381655861409289,
    0.38239982995004784,
    0.3819747050696142,
    0.38123073652885536,
    0.382187267509831,
    0.38282495483048146,
    0.3822935487299394,
    0.38250611117015626,
    0.3818684238495058,
    0.38154958018918056,
    0.38154958018918056,
    0.3818684238495058,
    0.38123073652885536,
    0.3819747050696142,
    0.3822935487299394,
    0.381655861409289,
    0.3813370177489638,
    0.382187267509831,
    0.38239982995004784,
    0.38325007971091507,
    0.3822935487299394,
    0.3830375172706983,
    0.3820809862897226,
    0.381655861409289,
    0.3803804867679881,
    0.382187267509831,
    0.382187267509831,
    0.3819747050696142,
    0.38239982995004784,
    0.38144329896907214,
    0.3818684238495058,
    0.3820809862897226,
    0.38325007971091507,
    0.38271867361037304,
    0.3829312360505899,
    0.38314379849080665,
    0.3820809862897226,
    0.38250611117015626,
    0.38250611117015626,
    0.38123073652885536,
    0.38250611117015626,
    0.3818684238495058,
    0.38080561164842175,
    0.38282495483048146,
    0.3833563609310235,
    0.3833563609310235,
    0.3838877670315655,
    0.38484429801254116,
    0.38399404825167394,
    0.3834626421511319,
    0.3834626421511319,
    0.38484429801254116,
    0.3837814858114571,
    0.3838877670315655,
    0.3846317355723244,
    0.3837814858114571,
    0.38271867361037304,
    0.38325007971091507,
    0.38399404825167394,
    0.3847380167924328,
    0.3838877670315655,
    0.3849505792326496,
    0.38611967265384206,
    0.38452545435221597,
    0.3854819853331916,
    0.38601339143373364,
    0.38441917313210755,
    0.38580082899351686,
    0.38558826655330003,
    0.3875013285152514,
    0.38569454777340845,
    0.38760760973535974,
    0.38696992241470934,
    0.3849505792326496,
    0.38760760973535974,
    0.3865447975342757,
    0.38580082899351686,
    0.38696992241470934,
    0.3867573599744925,
    0.38739504729514296,
    0.38856414071633544,
    0.3892018280369859,
    0.38771389095546815,
    0.3892018280369859,
    0.38941439047720267,
    0.3880327346157934,
    0.38728876607503454,
    0.3871824848549261,
    0.3887767031565522,
    0.38898926559676905,
    0.3882452970560102,
    0.3881390158359018
  ]
}