{
  "epoch": [
    1,
    2000,
    4000,
    6000,
    8000,
    10000,
    12000,
    14000,
    16000,
    18000,
    20000,
    22000,
    24000,
    26000,
    28000,
    30000,
    32000,
    34000,
    36000,
    38000,
    40000,
    42000,
    44000,
    46000,
    48000,
    50000,
    52000,
    54000,
    56000,
    58000,
    60000,
    62000,
    64000,
    66000,
    68000,
    70000,
    72000,
    74000,
    76000,
    78000,
    80000,
    82000,
    84000,
    86000,
    88000,
    90000,
    92000,
    94000,
    96000,
    98000,
    100000,
    102000,
    104000,
    106000,
    108000,
    110000,
    112000,
    114000,
    116000,
    118000,
    120000,
    122000,
    124000,
    126000,
    128000,
    130000,
    132000,
    134000,
    136000,
    138000,
    140000,
    142000,
    144000,
    146000,
    148000,
    150000,
    152000,
    154000,
    156000,
    158000,
    160000,
    162000,
    164000,
    166000,
    168000,
    170000,
    172000,
    174000,
    176000,
    178000,
    180000,
    182000,
    184000,
    186000,
    188000,
    190000,
    192000,
    194000,
    196000,
    198000,
    200000
  ],
  "loss": [
    4.575159025192261,
    0.21315244406702677,
    0.005135386985093457,
    0.0049857992794173685,
    0.004917409384703334,
    0.0049002483504505265,
    0.004883698154102196,
    0.004871626653246988,
    0.004867452074563746,
    0.004871167767165449,
    0.00486829073229295,
    0.00486763588568221,
    0.00486799460359909,
    0.0048717800700685725,
    0.004873597219243641,
    0.004876374722074234,
    0.004880298518716393,
    0.004880402564154058,
    0.004886905737915216,
    0.004891873510194589,
    0.004892730552218059,
    0.0048822184715708525,
    0.004885868505248866,
    0.004889290267569962,
    0.004886575645716349,
    0.004889119387804363,
    0.004888515208961298,
    0.00489633869500002,
    0.004895343899993694,
    0.004900246214148899,
    0.0048968113222889525,
    0.004892086976854334,
    0.00489682528086828,
    0.004892961255068774,
    0.004895685133134479,
    0.0048902472069653246,
    0.004889918094919495,
    0.0048936896649891684,
    0.004901749181373544,
    0.004891570857574451,
    0.0048900691278985714,
    0.004897245095118427,
    0.004898922647094527,
    0.004899465751040064,
    0.004893308948141595,
    0.004894600537139972,
    0.004886775614509819,
    0.004896756675405322,
    0.004900948054400755,
    0.004901039179202333,
    0.004897078212682188,
    0.004898498938302209,
    0.004894572346052895,
    0.004903612367565937,
    0.004898018202018705,
    0.00489119532048544,
    0.004895684562258385,
    0.0049008111031787795,
    0.004889007920369725,
    0.0048967865807522,
    0.0049056065506591735,
    0.00490080318259425,
    0.004895376819449369,
    0.004896103369485087,
    0.004902616209221621,
    0.004897641360958024,
    0.0048947083598410825,
    0.004890497765402784,
    0.00489277822497599,
    0.004893494353119387,
    0.004899626193436904,
    0.004903974988346019,
    0.00489797169003277,
    0.0048914965914647595,
    0.004892979423040789,
    0.004895874698112889,
    0.004905830688991187,
    0.004902123922637983,
    0.004895154435969397,
    0.004896396889898824,
    0.0048953250620832976,
    0.004893386765399253,
    0.0048880948964473625,
    0.004896143639587587,
    0.004896052667112357,
    0.004888167730214095,
    0.004888382312167224,
    0.004892499462907124,
    0.0048905533377278715,
    0.0048955439299773465,
    0.004899677965418723,
    0.004900142960591085,
    0.004890971515458194,
    0.004892504428160625,
    0.004887040210073998,
    0.00489557783923843,
    0.004893380404331503,
    0.004897186438469461,
    0.004899098378467728,
    0.0048940888408641236,
    0.004903331943274906
  ],
  "train_acc": [
    0.0172,
    0.9968,
    0.9968,
    0.9968,
    0.9968,
    0.9968,
    0.9968,
    0.9968,
    0.9968,
    0.9968,
    0.9968,
    0.9968,
    0.9968,
    0.9968,
    0.9968,
    0.9968,
    0.9968,
    0.9968,
    0.9968,
    0.9968,
    0.9968,
    0.9968,
    0.9968,
    0.9968,
    0.9968,
    0.9968,
    0.9968,
    0.9968,
    0.9968,
    0.9968,
    0.9968,
    0.9968,
    0.9968,
    0.9968,
    0.9968,
    0.9968,
    0.9968,
    0.9968,
    0.9968,
    0.9968,
    0.9968,
    0.9968,
    0.9968,
    0.9968,
    0.9968,
    0.9968,
    0.9968,
    0.9968,
    0.9968,
    0.9968,
    0.9968,
    0.9968,
    0.9968,
    0.9968,
    0.9968,
    0.9968,
    0.9968,
    0.9968,
    0.9968,
    0.9968,
    0.9968,
    0.9968,
    0.9968,
    0.9968,
    0.9968,
    0.9968,
    0.9968,
    0.9968,
    0.9968,
    0.9968,
    0.9968,
    0.9968,
    0.9968,
    0.9968,
    0.9968,
    0.9968,
    0.9968,
    0.9968,
    0.9968,
    0.9968,
    0.9968,
    0.9968,
    0.9968,
    0.9968,
    0.9968,
    0.9968,
    0.9968,
    0.9968,
    0.9968,
    0.9968,
    0.9968,
    0.9968,
    0.9968,
    0.9968,
    0.9968,
    0.9968,
    0.9968,
    0.9968,
    0.9968,
    0.9968,
    0.9968
  ],
  "test_acc": [
    0.01147837177170794,
    0.41120204059942606,
    0.4116271654798597,
    0.4126899776809438,
    0.4132213837814858,
    0.413540227441811,
    0.4168349452651716,
    0.4205547879689659,
    0.4254437240939526,
    0.43075778509937296,
    0.4396854075884791,
    0.450632373259645,
    0.46359868211287064,
    0.4778403656073972,
    0.490594112020406,
    0.5049420767350409,
    0.5200340099904347,
    0.5374641300882134,
    0.5534063131044744,
    0.5645658412158572,
    0.5771070251886492,
    0.5849718354766713,
    0.599000956530981,
    0.6098416409820385,
    0.620682325433096,
    0.6228079498352641,
    0.629822510362419,
    0.6370496333297906,
    0.6451270060580295,
    0.6503347858433415,
    0.6546923158677862,
    0.6601126580933149,
    0.6677649059411203,
    0.6720161547454565,
    0.6757359974492507,
    0.6738229354872994,
    0.6732915293867574,
    0.6743543415878415,
    0.6800935274736954,
    0.6889148687426931,
    0.7028377085768944,
    0.7057073015198214,
    0.7098522691040493,
    0.7051758954192794,
    0.7048570517589542,
    0.7062387076203634,
    0.710277393984483,
    0.716547985970879,
    0.7148474864491444,
    0.716016579870337,
    0.7105962376448082,
    0.7153788925496865,
    0.7185673291529386,
    0.7193112976936975,
    0.7193112976936975,
    0.7173982357317462,
    0.718886172813264,
    0.7177170793920714,
    0.7251567647996598,
    0.7234562652779254,
    0.719948985014348,
    0.722287171856733,
    0.7203741098947816,
    0.7212243596556488,
    0.72048039111489,
    0.7238813901583591,
    0.7231374216176002,
    0.7249442023594431,
    0.7264321394409607,
    0.7297268572643214,
    0.7367414177914763,
    0.7382293548729939,
    0.7404612604952705,
    0.7386544797534276,
    0.7362100116909343,
    0.7339781060686577,
    0.7351471994898502,
    0.7332341375278988,
    0.7286640450632373,
    0.7291954511637794,
    0.7268572643213944,
    0.7260070145605272,
    0.7244127962589011,
    0.7280263577425868,
    0.7243065150387926,
    0.7305771070251886,
    0.7319587628865979,
    0.7324901689871399,
    0.7344032309490913,
    0.7372728238920183,
    0.7376979487724519,
    0.7380167924327772,
    0.7341906685088745,
    0.7374853863322351,
    0.7390796046338612,
    0.7419491975767882,
    0.7412052290360294,
    0.7430120097778723,
    0.7423743224572218,
    0.743224572218089,
    0.7449250717398236
  ]
}