{
  "epoch": [
    1,
    2000,
    4000,
    6000,
    8000,
    10000,
    12000,
    14000,
    16000,
    18000,
    20000,
    22000,
    24000,
    26000,
    28000,
    30000,
    32000,
    34000,
    36000,
    38000,
    40000,
    42000,
    44000,
    46000,
    48000,
    50000,
    52000,
    54000,
    56000,
    58000,
    60000,
    62000,
    64000,
    66000,
    68000,
    70000,
    72000,
    74000,
    76000,
    78000,
    80000,
    82000,
    84000,
    86000,
    88000,
    90000,
    92000,
    94000,
    96000,
    98000,
    100000,
    102000,
    104000,
    106000,
    108000,
    110000,
    112000,
    114000,
    116000,
    118000,
    120000,
    122000,
    124000,
    126000,
    128000,
    130000,
    132000,
    134000,
    136000,
    138000,
    140000,
    142000,
    144000,
    146000,
    148000,
    150000,
    152000,
    154000,
    156000,
    158000,
    160000,
    162000,
    164000,
    166000,
    168000,
    170000,
    172000,
    174000,
    176000,
    178000,
    180000,
    182000,
    184000,
    186000,
    188000,
    190000,
    192000,
    194000,
    196000,
    198000,
    200000
  ],
  "loss": [
    4.5751481533050535,
    0.21177345359880964,
    0.004139537495337529,
    0.004012009013901394,
    0.003959925954263966,
    0.00393844783956571,
    0.003924710954067309,
    0.003928093208769403,
    0.003926610613603679,
    0.0039288799457999094,
    0.003923952627203311,
    0.003925708641939128,
    0.0039283294430269376,
    0.003926544016810628,
    0.003930404085401834,
    0.00393483785821638,
    0.003940547986689174,
    0.003939161637945411,
    0.003933929188731583,
    0.003941768388033456,
    0.003944186551241741,
    0.003942381852779238,
    0.003942757360634207,
    0.0039362045053866965,
    0.0039380801832914515,
    0.0039402798935262925,
    0.003950189923796038,
    0.003947129385655019,
    0.003943216705420927,
    0.003949649525773151,
    0.003951466863188764,
    0.0039414394700505095,
    0.003947740877043816,
    0.003943925769096319,
    0.003942918020730803,
    0.00393958969643464,
    0.003947624010447779,
    0.0039465633704760025,
    0.003942177011733649,
    0.003940592344536553,
    0.003941687626444254,
    0.003941982259747439,
    0.003944163469295463,
    0.003938636394986259,
    0.00393579078649585,
    0.003938502795483784,
    0.0039366130190939255,
    0.003931802392980953,
    0.003938743045622884,
    0.003944601582565602,
    0.0039463211091003165,
    0.003939215410227267,
    0.003940003177238991,
    0.003945498056374701,
    0.003942572567162767,
    0.0039410290959657375,
    0.003941739774713432,
    0.003939067900140944,
    0.003942866027253541,
    0.0039446121181654316,
    0.00394614434839606,
    0.003947635785635685,
    0.003945740385553006,
    0.003942589232550769,
    0.003946396082593827,
    0.003948500243925583,
    0.0039478513279486505,
    0.003937078930698911,
    0.00393296600200345,
    0.003933967587963517,
    0.0039403123841626475,
    0.0039462422574741895,
    0.003945392685716394,
    0.003946187949443674,
    0.0039360138478876485,
    0.003931044963755982,
    0.0039424812684948785,
    0.0039300255388073045,
    0.003933665808135526,
    0.003933987961861799,
    0.0039392087910228605,
    0.003934698264114107,
    0.0039404421700590464,
    0.003948066642523312,
    0.003945720470335151,
    0.0039422857973611175,
    0.0039374903740342845,
    0.003939078494755246,
    0.003932685810333672,
    0.003937231729877087,
    0.0039450121440310045,
    0.0039442381304225956,
    0.003940041022932837,
    0.003942051956170018,
    0.0039355970650397825,
    0.003939919649979314,
    0.00394048556496667,
    0.003947811866108684,
    0.003948910477424752,
    0.00394297613679163,
    0.003942219218676131
  ],
  "train_acc": [
    0.0182,
    0.9974,
    0.9974,
    0.9974,
    0.9974,
    0.9974,
    0.9974,
    0.9974,
    0.9974,
    0.9974,
    0.9974,
    0.9974,
    0.9974,
    0.9974,
    0.9974,
    0.9974,
    0.9974,
    0.9974,
    0.9974,
    0.9974,
    0.9974,
    0.9974,
    0.9974,
    0.9974,
    0.9974,
    0.9974,
    0.9974,
    0.9974,
    0.9974,
    0.9974,
    0.9974,
    0.9974,
    0.9974,
    0.9974,
    0.9974,
    0.9974,
    0.9974,
    0.9974,
    0.9974,
    0.9974,
    0.9974,
    0.9974,
    0.9974,
    0.9974,
    0.9974,
    0.9974,
    0.9974,
    0.9974,
    0.9974,
    0.9974,
    0.9974,
    0.9974,
    0.9974,
    0.9974,
    0.9974,
    0.9974,
    0.9974,
    0.9974,
    0.9974,
    0.9974,
    0.9974,
    0.9974,
    0.9974,
    0.9974,
    0.9974,
    0.9974,
    0.9974,
    0.9974,
    0.9974,
    0.9974,
    0.9974,
    0.9974,
    0.9974,
    0.9974,
    0.9974,
    0.9974,
    0.9974,
    0.9974,
    0.9974,
    0.9974,
    0.9974,
    0.9974,
    0.9974,
    0.9974,
    0.9974,
    0.9974,
    0.9974,
    0.9974,
    0.9974,
    0.9974,
    0.9974,
    0.9974,
    0.9974,
    0.9974,
    0.9974,
    0.9974,
    0.9974,
    0.9974,
    0.9974,
    0.9974,
    0.9974
  ],
  "test_acc": [
    0.012009777872249973,
    0.41173344669996814,
    0.41205229036029334,
    0.4132213837814858,
    0.4146030396428951,
    0.41704750770538845,
    0.4201296630885323,
    0.42438091189286853,
    0.43352109682219153,
    0.44478690615368266,
    0.4577532150069083,
    0.47560845998512064,
    0.4953767669252843,
    0.5140822616643639,
    0.5315123817621427,
    0.5451163779360187,
    0.5620150919332554,
    0.5779572749495164,
    0.5910298650228505,
    0.6046338611967266,
    0.6196195132320119,
    0.6295036667020938,
    0.6376873206504411,
    0.6467212243596556,
    0.6570305027101712,
    0.6643639068976512,
    0.669040280582421,
    0.6756297162291424,
    0.6829631204166224,
    0.6878520565416091,
    0.6932723987671379,
    0.7012434902752683,
    0.7020937400361356,
    0.7053884578594962,
    0.7096397066638325,
    0.7134658305877352,
    0.7119778935062174,
    0.710808800085025,
    0.714209799128494,
    0.7155914549899033,
    0.7207992347752152,
    0.7203741098947816,
    0.7200552662344564,
    0.7223934530768413,
    0.7264321394409607,
    0.7283452014029121,
    0.7257944521203104,
    0.7316399192262727,
    0.7361037304708258,
    0.7320650441067064,
    0.7334466999681156,
    0.7327027314273568,
    0.7382293548729939,
    0.740354979275162,
    0.7380167924327772,
    0.7368476990115846,
    0.7399298543947285,
    0.7401424168349453,
    0.7423743224572218,
    0.746094165161016,
    0.7479009459028589,
    0.7479009459028589,
    0.7502391327452439,
    0.7566160059517483,
    0.7540652566691466,
    0.7509831012860028,
    0.7504516951854607,
    0.7473695398023169,
    0.7533212881283877,
    0.7564034435115315,
    0.7627803167180359,
    0.7636305664789031,
    0.7620363481772771,
    0.758635349133808,
    0.7564034435115315,
    0.7585290679136997,
    0.7527898820278457,
    0.7514082261664364,
    0.7530024444680625,
    0.7506642576256776,
    0.7477946646827506,
    0.7474758210224254,
    0.7438622595387395,
    0.7517270698267616,
    0.7554469125305558,
    0.7519396322669785,
    0.7515145073865448,
    0.7550217876501222,
    0.7561908810713147,
    0.7570411308321819,
    0.7527898820278457,
    0.743755978318631,
    0.7462004463811245,
    0.746094165161016,
    0.7499202890849187,
    0.7410989478159209,
    0.7430120097778723,
    0.7475821022425337,
    0.7555531937506642,
    0.7540652566691466,
    0.7559783186310979
  ]
}