{
  "epoch": [
    1,
    2000,
    4000,
    6000,
    8000,
    10000,
    12000,
    14000,
    16000,
    18000,
    20000,
    22000,
    24000,
    26000,
    28000,
    30000,
    32000,
    34000,
    36000,
    38000,
    40000,
    42000,
    44000,
    46000,
    48000,
    50000,
    52000,
    54000,
    56000,
    58000,
    60000,
    62000
  ],
  "loss": [
    4.575203609466553,
    0.20561462846250123,
    9.283907461465901e-07,
    2.183563262100563e-07,
    2.0916609281513842e-07,
    2.105160325207578e-07,
    2.1253275292352213e-07,
    0.00013556921461330588,
    1.587955228298199e-06,
    0.00016971385803304245,
    0.000288380181618129,
    5.293246900549775e-06,
    0.00032518198508985064,
    0.0001511418459348171,
    4.052368385480775e-06,
    0.0003082734619908699,
    0.000238205026760172,
    4.4229372613322936e-06,
    0.00041815706059508104,
    0.0002565072472062113,
    4.4199270253123755e-06,
    0.00026720065615009074,
    0.00029336655294365173,
    0.000246355078268185,
    4.42202695798315e-06,
    0.0006943856145764229,
    6.0873976118102745e-06,
    0.0004742693269173671,
    0.000159422068477776,
    0.00026267888177883736,
    4.325018334380104e-06,
    0.00042189836031569355
  ],
  "train_acc": [
    0.0172,
    1.0,
    1.0,
    1.0,
    1.0,
    1.0,
    1.0,
    1.0,
    1.0,
    1.0,
    1.0,
    1.0,
    1.0,
    1.0,
    1.0,
    1.0,
    1.0,
    1.0,
    1.0,
    1.0,
    1.0,
    1.0,
    1.0,
    1.0,
    1.0,
    1.0,
    0.9744,
    1.0,
    1.0,
    1.0,
    1.0,
    1.0
  ],
  "test_acc": [
    0.011265809331491126,
    0.41407163354235305,
    0.4147093208630035,
    0.4159846955043044,
    0.42129875650972476,
    0.43862259538739506,
    0.48804336273780424,
    0.5437347220746094,
    0.6513975980444255,
    0.7337655436284408,
    0.7845679668402593,
    0.8538633223509405,
    0.8681050058454671,
    0.8911680306089914,
    0.9119991497502391,
    0.9231586778616219,
    0.9303858008289935,
    0.9385694547773409,
    0.9453714528642789,
    0.9514294824104581,
    0.9522797321713253,
    0.9563184185354447,
    0.9578063556169625,
    0.9483473270273143,
    0.9605696673397811,
    0.9640769476033585,
    0.8059304920820491,
    0.9677967903071527,
    0.9681156339674779,
    0.966840259326177,
    0.9673716654267192,
    0.9701349771495377
  ]
}