{
  "epoch": [
    1,
    2000,
    4000,
    6000,
    8000,
    10000,
    12000,
    14000,
    16000,
    18000,
    20000,
    22000,
    24000,
    26000,
    28000,
    30000,
    32000,
    34000,
    36000,
    38000,
    40000,
    42000,
    44000,
    46000,
    48000,
    50000,
    52000,
    54000,
    56000,
    58000,
    60000,
    62000,
    64000,
    66000,
    68000,
    70000,
    72000,
    74000,
    76000,
    78000,
    80000,
    82000,
    84000,
    86000,
    88000,
    90000,
    92000,
    94000,
    96000,
    98000,
    100000,
    102000,
    104000,
    106000,
    108000,
    110000,
    112000,
    114000,
    116000,
    118000,
    120000,
    122000,
    124000,
    126000,
    128000,
    130000,
    132000,
    134000,
    136000,
    138000,
    140000,
    142000,
    144000,
    146000,
    148000,
    150000,
    152000,
    154000,
    156000,
    158000,
    160000,
    162000,
    164000,
    166000,
    168000,
    170000,
    172000,
    174000,
    176000,
    178000,
    180000,
    182000,
    184000,
    186000,
    188000,
    190000,
    192000,
    194000,
    196000,
    198000,
    200000
  ],
  "loss": [
    4.57511796951294,
    0.2778032604019796,
    0.06165778227429837,
    0.06060673060454428,
    0.05980179219283163,
    0.059175333626195786,
    0.05869780221385881,
    0.05834401344358921,
    0.0581104197865352,
    0.05787741695307195,
    0.05769934621732682,
    0.05750383920986205,
    0.05736513271145523,
    0.05725881985295564,
    0.05711046552797779,
    0.057015584218502044,
    0.05689151828233153,
    0.05678428715933114,
    0.05666422109566629,
    0.056478422758262606,
    0.0563165560987778,
    0.056123043313249944,
    0.0558774358865805,
    0.05559987249718979,
    0.05533908203747123,
    0.05506244475329295,
    0.054925692095886915,
    0.054819807649590074,
    0.05464134754417464,
    0.05461868223194033,
    0.05460841239597648,
    0.05465915797231719,
    0.05464594117570668,
    0.05468578297244385,
    0.0546658748193644,
    0.05467006389386952,
    0.05465631047943607,
    0.0546328127511777,
    0.054649246404413133,
    0.054673927771113816,
    0.05468712461041286,
    0.0546553070794791,
    0.05465418449603021,
    0.054682714978512376,
    0.0546522759674117,
    0.05469167763469741,
    0.054683187159057706,
    0.05465026347786188,
    0.054620346031803636,
    0.05463114632368088,
    0.05468643243582919,
    0.054649205025378615,
    0.05464923112103715,
    0.05462881875848397,
    0.05461316915117204,
    0.054649538433831184,
    0.05462787904385477,
    0.05462809987720102,
    0.05462257030298934,
    0.05466148190852255,
    0.05463761009955779,
    0.054607034827582536,
    0.0546162003422156,
    0.05466407012110576,
    0.05466038812585175,
    0.054666381125245245,
    0.054658247499819845,
    0.05466831429991871,
    0.05466137188654393,
    0.054648590408358726,
    0.054609728954173625,
    0.05466715988749638,
    0.054667141295503825,
    0.05467147201504558,
    0.05463592497538775,
    0.054651918419916186,
    0.05467845994168893,
    0.054655468337703496,
    0.054642750433459876,
    0.05464938592240214,
    0.05464162318147719,
    0.05464724438348785,
    0.05463844817616045,
    0.0546431391350925,
    0.054578404106479135,
    0.054594040228053926,
    0.05460147907324135,
    0.05460967084914446,
    0.05464676977749914,
    0.05461691954992712,
    0.054624209072813394,
    0.05460938892681152,
    0.0546361968475394,
    0.054609035361837595,
    0.054599807572271675,
    0.0546057388804853,
    0.05459042682833969,
    0.0546041287179105,
    0.05461762803466991,
    0.05463290653480217,
    0.05466921745603904
  ],
  "train_acc": [
    0.0194,
    0.9648,
    0.9648,
    0.9648,
    0.9648,
    0.9648,
    0.9648,
    0.9648,
    0.9648,
    0.9648,
    0.9648,
    0.9648,
    0.9648,
    0.9648,
    0.9648,
    0.9648,
    0.9644,
    0.9648,
    0.9648,
    0.9648,
    0.9648,
    0.9648,
    0.9648,
    0.9648,
    0.9648,
    0.9648,
    0.9648,
    0.9648,
    0.9648,
    0.9648,
    0.9648,
    0.9648,
    0.9648,
    0.9648,
    0.9648,
    0.9648,
    0.9648,
    0.9648,
    0.9648,
    0.9648,
    0.9648,
    0.9648,
    0.9648,
    0.9648,
    0.9648,
    0.9648,
    0.9648,
    0.9648,
    0.9648,
    0.9648,
    0.9648,
    0.9648,
    0.9648,
    0.9648,
    0.9648,
    0.9648,
    0.9648,
    0.9648,
    0.9648,
    0.9648,
    0.9648,
    0.9648,
    0.9648,
    0.9648,
    0.9648,
    0.9648,
    0.9648,
    0.9648,
    0.9648,
    0.9648,
    0.9648,
    0.9648,
    0.9648,
    0.9648,
    0.9648,
    0.9648,
    0.9648,
    0.9648,
    0.9648,
    0.9648,
    0.9648,
    0.9648,
    0.9648,
    0.9648,
    0.9648,
    0.9648,
    0.9648,
    0.9648,
    0.9648,
    0.9648,
    0.9648,
    0.9648,
    0.9648,
    0.9648,
    0.9648,
    0.9648,
    0.9648,
    0.9648,
    0.9648,
    0.9648,
    0.9648
  ],
  "test_acc": [
    0.011265809331491126,
    0.3744287384419173,
    0.3740036135614837,
    0.37453501966202574,
    0.37410989478159207,
    0.3747475821022425,
    0.37506642576256777,
    0.3747475821022425,
    0.3763418004038686,
    0.37485386332235093,
    0.3757041130832182,
    0.37464130088213415,
    0.37485386332235093,
    0.3757041130832182,
    0.3757041130832182,
    0.37666064406419386,
    0.37612923796365183,
    0.3742161760017005,
    0.3755978318631098,
    0.3755978318631098,
    0.37623551918376025,
    0.37612923796365183,
    0.37538526942289296,
    0.37623551918376025,
    0.3760229567435434,
    0.3755978318631098,
    0.376448081623977,
    0.37527898820278455,
    0.375916675523435,
    0.37506642576256777,
    0.37655436284408544,
    0.37538526942289296,
    0.37453501966202574,
    0.3747475821022425,
    0.3742161760017005,
    0.37506642576256777,
    0.3760229567435434,
    0.3760229567435434,
    0.3768732065044107,
    0.3770857689446275,
    0.376448081623977,
    0.37623551918376025,
    0.3767669252843023,
    0.37612923796365183,
    0.3760229567435434,
    0.3772983313848443,
    0.37623551918376025,
    0.3747475821022425,
    0.37612923796365183,
    0.3758103943033266,
    0.3758103943033266,
    0.375916675523435,
    0.3758103943033266,
    0.37496014454245935,
    0.37496014454245935,
    0.37697948772451906,
    0.37697948772451906,
    0.3754915506430014,
    0.37527898820278455,
    0.3770857689446275,
    0.3768732065044107,
    0.37655436284408544,
    0.37496014454245935,
    0.37623551918376025,
    0.3776171750451695,
    0.37697948772451906,
    0.376448081623977,
    0.37655436284408544,
    0.3772983313848443,
    0.37782973748538634,
    0.37655436284408544,
    0.3774046126049527,
    0.3763418004038686,
    0.3768732065044107,
    0.3780422999256031,
    0.3780422999256031,
    0.37793601870549476,
    0.3774046126049527,
    0.3767669252843023,
    0.3792113933467956,
    0.3788925496864704,
    0.37666064406419386,
    0.37666064406419386,
    0.37623551918376025,
    0.3767669252843023,
    0.3774046126049527,
    0.3776171750451695,
    0.37655436284408544,
    0.37666064406419386,
    0.3780422999256031,
    0.3784674248060368,
    0.3788925496864704,
    0.3788925496864704,
    0.38069933042831333,
    0.379317674566904,
    0.3805930492082049,
    0.378786268466362,
    0.3803804867679881,
    0.38069933042831333,
    0.3800616431076629,
    0.379317674566904
  ]
}