{
  "epoch": [
    1,
    2000,
    4000,
    6000,
    8000,
    10000,
    12000,
    14000,
    16000,
    18000,
    20000,
    22000,
    24000,
    26000,
    28000,
    30000,
    32000,
    34000,
    36000,
    38000,
    40000,
    42000,
    44000,
    46000,
    48000,
    50000,
    52000,
    54000,
    56000,
    58000,
    60000,
    62000,
    64000,
    66000,
    68000,
    70000,
    72000,
    74000,
    76000,
    78000,
    80000,
    82000,
    84000,
    86000,
    88000,
    90000,
    92000,
    94000,
    96000,
    98000,
    100000,
    102000,
    104000,
    106000,
    108000,
    110000,
    112000,
    114000,
    116000,
    118000,
    120000,
    122000,
    124000,
    126000,
    128000,
    130000,
    132000,
    134000,
    136000,
    138000,
    140000,
    142000,
    144000,
    146000,
    148000,
    150000,
    152000,
    154000,
    156000,
    158000,
    160000,
    162000,
    164000,
    166000,
    168000,
    170000,
    172000,
    174000,
    176000,
    178000,
    180000,
    182000,
    184000,
    186000,
    188000,
    190000,
    192000,
    194000,
    196000,
    198000,
    200000
  ],
  "loss": [
    4.576284456253052,
    0.2646129733373622,
    0.05462915972042829,
    0.05387081641694531,
    0.05334122417289764,
    0.05299687068723142,
    0.05274463051045313,
    0.052505064708553255,
    0.05232782453102991,
    0.052142250145878644,
    0.05196560319503769,
    0.05178165691392496,
    0.05155023078368977,
    0.05127070475379005,
    0.051053930953796955,
    0.05088782569356263,
    0.05080937453750521,
    0.05079233038136736,
    0.05077036852668971,
    0.050749085984751585,
    0.050795283925626426,
    0.0507730090919882,
    0.0507773009724915,
    0.050773984137177465,
    0.05078777324147522,
    0.050797689853142945,
    0.05079273915607482,
    0.050752660734392704,
    0.05075089578535408,
    0.05075783698959276,
    0.05076356596406549,
    0.050758085716050116,
    0.0507770851649344,
    0.05077435105228797,
    0.05078302641352639,
    0.05077525281356648,
    0.05073763140514493,
    0.05076158745577559,
    0.050745823797956106,
    0.05073307880954817,
    0.050744585299119356,
    0.05073868428473361,
    0.05074865642003715,
    0.050756253445707264,
    0.05073143164906651,
    0.050751557922922075,
    0.05072273601377383,
    0.05071234393082559,
    0.050724871692154554,
    0.0507313631599769,
    0.050731451678741726,
    0.05072055283347145,
    0.050712056155037134,
    0.050709882454574105,
    0.05072061788626015,
    0.05071806471981108,
    0.050723520674556495,
    0.05069657992515713,
    0.05071481011435389,
    0.05070610687704757,
    0.050729747563693674,
    0.050715579366218295,
    0.050715217363741245,
    0.05070843706438318,
    0.050710504483804104,
    0.050715562593284996,
    0.05071105945492163,
    0.050698572231642904,
    0.050710348940454425,
    0.050703433161601426,
    0.05069093137439341,
    0.05068471449185163,
    0.05070225905012339,
    0.05070298349922523,
    0.05069593133358285,
    0.05068716169856489,
    0.05070275024389848,
    0.05069856661977246,
    0.05069641513628885,
    0.05070676307557151,
    0.05070086202770471,
    0.050699378321971744,
    0.05070363788167015,
    0.05070596457123756,
    0.05072012836290524,
    0.050700877439416946,
    0.05071395800681785,
    0.05070696807680652,
    0.05072079500667751,
    0.05071366767026484,
    0.05070929245147854,
    0.05072011752109975,
    0.05070459417318925,
    0.05070201748646796,
    0.05070263338144869,
    0.050685497778654096,
    0.05070184180540964,
    0.05071383554143831,
    0.05071866974281147,
    0.05069453030470759,
    0.05069294855548069
  ],
  "train_acc": [
    0.018,
    0.9658,
    0.9658,
    0.9658,
    0.9658,
    0.9658,
    0.9658,
    0.9658,
    0.9658,
    0.9658,
    0.9658,
    0.9658,
    0.9658,
    0.9658,
    0.9658,
    0.9658,
    0.9658,
    0.9658,
    0.9658,
    0.9658,
    0.9658,
    0.9658,
    0.9658,
    0.9658,
    0.9658,
    0.9658,
    0.9658,
    0.9658,
    0.9658,
    0.9658,
    0.9658,
    0.9658,
    0.9658,
    0.9658,
    0.9658,
    0.9658,
    0.9658,
    0.9658,
    0.9658,
    0.9658,
    0.9658,
    0.9658,
    0.9658,
    0.9658,
    0.9658,
    0.9658,
    0.9658,
    0.9658,
    0.9658,
    0.9658,
    0.9658,
    0.9658,
    0.9658,
    0.9658,
    0.9658,
    0.9658,
    0.9658,
    0.9658,
    0.9658,
    0.9658,
    0.9658,
    0.9658,
    0.9658,
    0.9658,
    0.9658,
    0.9658,
    0.9658,
    0.9658,
    0.9658,
    0.9658,
    0.9658,
    0.9658,
    0.9658,
    0.9658,
    0.9658,
    0.9658,
    0.9658,
    0.9658,
    0.9658,
    0.9658,
    0.9658,
    0.9658,
    0.9658,
    0.9658,
    0.9658,
    0.9658,
    0.9658,
    0.9658,
    0.9658,
    0.9658,
    0.9658,
    0.9658,
    0.9658,
    0.9658,
    0.9658,
    0.9658,
    0.9658,
    0.9658,
    0.9658,
    0.9658,
    0.9658
  ],
  "test_acc": [
    0.011265809331491126,
    0.3714528642788819,
    0.37240939525985756,
    0.37177170793920716,
    0.37357848868105004,
    0.37198427037942394,
    0.37357848868105004,
    0.37368476990115845,
    0.37357848868105004,
    0.373047082580508,
    0.3728345201402912,
    0.37209055159953236,
    0.3723031140397492,
    0.3731533638006164,
    0.3734722074609417,
    0.3727282389201828,
    0.3728345201402912,
    0.3738973323413753,
    0.3726219577000744,
    0.3721968328196408,
    0.3718779891593155,
    0.3734722074609417,
    0.3723031140397492,
    0.3727282389201828,
    0.37464130088213415,
    0.3726219577000744,
    0.37336592624083326,
    0.3734722074609417,
    0.373047082580508,
    0.3734722074609417,
    0.373047082580508,
    0.37155914549899033,
    0.3723031140397492,
    0.37294080136039964,
    0.3731533638006164,
    0.37240939525985756,
    0.37198427037942394,
    0.372515676479966,
    0.3718779891593155,
    0.3728345201402912,
    0.37155914549899033,
    0.3728345201402912,
    0.3727282389201828,
    0.3726219577000744,
    0.3721968328196408,
    0.37177170793920716,
    0.37209055159953236,
    0.3721968328196408,
    0.37294080136039964,
    0.3718779891593155,
    0.373047082580508,
    0.372515676479966,
    0.3721968328196408,
    0.372515676479966,
    0.37240939525985756,
    0.37368476990115845,
    0.372515676479966,
    0.3728345201402912,
    0.37325964502072484,
    0.3728345201402912,
    0.37379105112126687,
    0.37379105112126687,
    0.37240939525985756,
    0.3727282389201828,
    0.372515676479966,
    0.37294080136039964,
    0.37336592624083326,
    0.37379105112126687,
    0.37240939525985756,
    0.37464130088213415,
    0.37357848868105004,
    0.37325964502072484,
    0.37410989478159207,
    0.37368476990115845,
    0.3740036135614837,
    0.3742161760017005,
    0.3743224572218089,
    0.37294080136039964,
    0.373047082580508,
    0.372515676479966,
    0.37336592624083326,
    0.37379105112126687,
    0.37496014454245935,
    0.3723031140397492,
    0.3726219577000744,
    0.373047082580508,
    0.37294080136039964,
    0.37379105112126687,
    0.37379105112126687,
    0.3742161760017005,
    0.37379105112126687,
    0.373047082580508,
    0.37325964502072484,
    0.3728345201402912,
    0.3738973323413753,
    0.373047082580508,
    0.37357848868105004,
    0.3728345201402912,
    0.3738973323413753,
    0.37294080136039964,
    0.373047082580508
  ]
}