{
  "epoch": [
    1,
    2000,
    4000,
    6000,
    8000,
    10000,
    12000,
    14000,
    16000,
    18000,
    20000,
    22000,
    24000,
    26000,
    28000,
    30000,
    32000,
    34000,
    36000,
    38000,
    40000,
    42000,
    44000,
    46000,
    48000,
    50000,
    52000,
    54000,
    56000,
    58000,
    60000,
    62000,
    64000,
    66000,
    68000,
    70000,
    72000,
    74000,
    76000,
    78000,
    80000,
    82000,
    84000,
    86000,
    88000,
    90000,
    92000,
    94000,
    96000,
    98000,
    100000,
    102000,
    104000,
    106000,
    108000,
    110000,
    112000,
    114000,
    116000,
    118000,
    120000,
    122000,
    124000,
    126000,
    128000,
    130000,
    132000,
    134000,
    136000,
    138000,
    140000,
    142000,
    144000,
    146000,
    148000,
    150000,
    152000,
    154000,
    156000,
    158000,
    160000,
    162000,
    164000,
    166000,
    168000,
    170000,
    172000,
    174000,
    176000,
    178000,
    180000,
    182000,
    184000,
    186000,
    188000,
    190000,
    192000,
    194000,
    196000,
    198000,
    200000
  ],
  "loss": [
    4.576267147064209,
    0.2683464268474966,
    0.05760284777255729,
    0.05678340322012082,
    0.05621875933613628,
    0.05586742363795638,
    0.05560676633324474,
    0.05538579944297671,
    0.055206970342248675,
    0.05505711549064145,
    0.05494352120487019,
    0.05481587461857125,
    0.05466438184594735,
    0.05446272272327915,
    0.05425689431997016,
    0.05401793325692415,
    0.053750536116212604,
    0.05355430477587506,
    0.05343238480258733,
    0.05339017863264307,
    0.05336943225637078,
    0.05333838616944849,
    0.053336016632430254,
    0.053346890919748695,
    0.05332610909938812,
    0.053339903658349064,
    0.05334018155839294,
    0.05332611424066126,
    0.05331834966428578,
    0.05331943866051733,
    0.053331267637200655,
    0.05331534150652587,
    0.05331217655194923,
    0.0533005022498779,
    0.05330842482112348,
    0.053299507406540214,
    0.05332594753066078,
    0.05330819141883403,
    0.053302021439373494,
    0.053306860709842294,
    0.05330907921120524,
    0.053312399413157255,
    0.05326837649596855,
    0.05327242078240961,
    0.05327659065946937,
    0.053288694374915214,
    0.05327282244460657,
    0.05326307590482757,
    0.0532930465310812,
    0.05328201228966936,
    0.053297930007427934,
    0.053281163890007886,
    0.053281389538012446,
    0.053275871125794946,
    0.05326865221560002,
    0.05326490832716227,
    0.05328842613687739,
    0.0532578592675738,
    0.05326393623379991,
    0.05325201361421496,
    0.05327714297445491,
    0.05327388875884935,
    0.053277959783747796,
    0.05327240920243785,
    0.053268544378783554,
    0.05327458652285859,
    0.05326928540831432,
    0.05326236066035926,
    0.05325737068802118,
    0.05327044914718718,
    0.05326120003936812,
    0.05326571278963238,
    0.053264511840138584,
    0.05326398354191333,
    0.053261650784499945,
    0.05324919571429491,
    0.05325474863387644,
    0.05325986498277634,
    0.053266446975059806,
    0.05326565958028659,
    0.053265976666472856,
    0.053268269682023674,
    0.0532583355258219,
    0.053251362472772595,
    0.05326683167852461,
    0.05324908814849332,
    0.053276868183165786,
    0.05326671517342329,
    0.05326013851007447,
    0.053246139663364736,
    0.05325380384856835,
    0.053261242024879904,
    0.05325954267578199,
    0.0532388941234909,
    0.05322666125465184,
    0.05324761037873104,
    0.05324659839207307,
    0.05325399015452713,
    0.053233528999611736,
    0.05325419993940741,
    0.05326042365925387
  ],
  "train_acc": [
    0.0182,
    0.9642,
    0.9642,
    0.9642,
    0.9642,
    0.9642,
    0.9642,
    0.9642,
    0.9642,
    0.9642,
    0.9642,
    0.9642,
    0.9642,
    0.9642,
    0.9642,
    0.9642,
    0.9642,
    0.9642,
    0.9642,
    0.9642,
    0.9642,
    0.9642,
    0.9642,
    0.9642,
    0.9642,
    0.9642,
    0.9642,
    0.9642,
    0.9642,
    0.9642,
    0.9642,
    0.9642,
    0.9642,
    0.9642,
    0.9642,
    0.9642,
    0.9642,
    0.9642,
    0.9642,
    0.9642,
    0.9642,
    0.9642,
    0.9642,
    0.9642,
    0.9642,
    0.9642,
    0.9642,
    0.9642,
    0.9642,
    0.9642,
    0.9642,
    0.9642,
    0.9642,
    0.9642,
    0.9642,
    0.9642,
    0.9642,
    0.9642,
    0.9642,
    0.9642,
    0.9642,
    0.9642,
    0.9642,
    0.9642,
    0.9642,
    0.9642,
    0.9642,
    0.9642,
    0.9642,
    0.9642,
    0.9642,
    0.9642,
    0.9642,
    0.9642,
    0.9642,
    0.9642,
    0.9642,
    0.9642,
    0.9642,
    0.9642,
    0.9642,
    0.9642,
    0.9642,
    0.9642,
    0.9642,
    0.9642,
    0.9642,
    0.9642,
    0.9642,
    0.9642,
    0.9642,
    0.9642,
    0.9642,
    0.9642,
    0.9642,
    0.9642,
    0.9642,
    0.9642,
    0.9642,
    0.9642,
    0.9642
  ],
  "test_acc": [
    0.011372090551599533,
    0.36720161547454566,
    0.3685832713359549,
    0.36741417791476244,
    0.3695398023169306,
    0.3681581464555213,
    0.3685832713359549,
    0.36879583377617176,
    0.36911467743649695,
    0.36837070889573814,
    0.3677330215750877,
    0.36837070889573814,
    0.3689021149962802,
    0.36922095865660537,
    0.3693272398767138,
    0.3680518652354129,
    0.3682644276756297,
    0.3693272398767138,
    0.36837070889573814,
    0.36868955255606334,
    0.36837070889573814,
    0.36922095865660537,
    0.3676267403549793,
    0.36879583377617176,
    0.3694335210968222,
    0.36868955255606334,
    0.36879583377617176,
    0.36911467743649695,
    0.36741417791476244,
    0.36868955255606334,
    0.3684769901158465,
    0.36911467743649695,
    0.36837070889573814,
    0.3690083962163886,
    0.369646083537039,
    0.36996492719736424,
    0.3684769901158465,
    0.3689021149962802,
    0.3685832713359549,
    0.3680518652354129,
    0.36911467743649695,
    0.3684769901158465,
    0.36868955255606334,
    0.3695398023169306,
    0.36922095865660537,
    0.3694335210968222,
    0.3693272398767138,
    0.3682644276756297,
    0.36879583377617176,
    0.3685832713359549,
    0.36911467743649695,
    0.3678393027951961,
    0.3693272398767138,
    0.36837070889573814,
    0.3680518652354129,
    0.3690083962163886,
    0.3685832713359549,
    0.3684769901158465,
    0.3689021149962802,
    0.36837070889573814,
    0.36922095865660537,
    0.3694335210968222,
    0.36837070889573814,
    0.3685832713359549,
    0.36752045913487086,
    0.36879583377617176,
    0.3676267403549793,
    0.36879583377617176,
    0.3677330215750877,
    0.3695398023169306,
    0.36868955255606334,
    0.3677330215750877,
    0.3685832713359549,
    0.3681581464555213,
    0.3694335210968222,
    0.3685832713359549,
    0.369646083537039,
    0.36868955255606334,
    0.3685832713359549,
    0.3681581464555213,
    0.36911467743649695,
    0.3690083962163886,
    0.3697523647571474,
    0.3676267403549793,
    0.36709533425443724,
    0.3684769901158465,
    0.36837070889573814,
    0.3689021149962802,
    0.3698586459772558,
    0.3682644276756297,
    0.3689021149962802,
    0.36922095865660537,
    0.36752045913487086,
    0.3676267403549793,
    0.3690083962163886,
    0.3685832713359549,
    0.3697523647571474,
    0.3681581464555213,
    0.3677330215750877,
    0.3684769901158465,
    0.36911467743649695
  ]
}