{
  "epoch": [
    1,
    2000,
    4000,
    6000,
    8000,
    10000,
    12000,
    14000,
    16000,
    18000,
    20000,
    22000,
    24000,
    26000,
    28000,
    30000,
    32000,
    34000,
    36000,
    38000,
    40000,
    42000,
    44000,
    46000,
    48000,
    50000,
    52000,
    54000,
    56000,
    58000,
    60000,
    62000,
    64000,
    66000,
    68000,
    70000,
    72000,
    74000,
    76000,
    78000,
    80000,
    82000,
    84000,
    86000,
    88000,
    90000,
    92000,
    94000,
    96000,
    98000,
    100000,
    102000,
    104000,
    106000,
    108000,
    110000,
    112000,
    114000,
    116000,
    118000,
    120000,
    122000,
    124000,
    126000,
    128000,
    130000,
    132000,
    134000,
    136000,
    138000,
    140000,
    142000,
    144000,
    146000,
    148000,
    150000,
    152000,
    154000,
    156000,
    158000,
    160000,
    162000,
    164000,
    166000,
    168000,
    170000,
    172000,
    174000,
    176000,
    178000,
    180000,
    182000,
    184000,
    186000,
    188000,
    190000,
    192000,
    194000,
    196000,
    198000,
    200000
  ],
  "loss": [
    4.57626953125,
    0.20172060649935564,
    0.002884703408365712,
    0.0027946074176834613,
    0.0027514336980751742,
    0.002737324486476539,
    0.002729400738665425,
    0.0027247144746008786,
    0.0027234233660767635,
    0.002727975272928014,
    0.0027262001612318215,
    0.0027336710103550294,
    0.002734575610488232,
    0.0027321347318826363,
    0.002738629745719462,
    0.0027387255763609737,
    0.0027357828108697624,
    0.0027345451278439057,
    0.0027376529939590498,
    0.002736236780300627,
    0.0027365631530330363,
    0.00273567602134021,
    0.002734037148026208,
    0.0027373078350560534,
    0.0027375902560809115,
    0.002739286377573701,
    0.002745538148222305,
    0.00274286273210077,
    0.002744030231005692,
    0.0027366938808440423,
    0.0027353535354743075,
    0.002739469528995372,
    0.002738213259222639,
    0.002739905508951604,
    0.002745565156450116,
    0.0027461358152148785,
    0.0027458203738474447,
    0.0027419122660689082,
    0.0027444413472637514,
    0.0027414487538017793,
    0.002737836206220916,
    0.002740853194260457,
    0.0027402098434175853,
    0.0027363211251239038,
    0.002732858658258874,
    0.002731133640990328,
    0.002731843350117474,
    0.0027345401511075793,
    0.0027347790551579022,
    0.0027372110146141266,
    0.002740653931226474,
    0.002742289586461319,
    0.0027435173685640846,
    0.002740623946147889,
    0.002738697861165739,
    0.002738392876103763,
    0.002734766233637976,
    0.002738330103849746,
    0.0027369225831283257,
    0.0027347504331864223,
    0.0027360254948589555,
    0.0027405086722375733,
    0.0027389818466604,
    0.0027405324777116753,
    0.0027431231923466188,
    0.00274132555271466,
    0.0027396310552624064,
    0.0027344965708311036,
    0.0027375124194889446,
    0.0027393931128205807,
    0.0027321936302010337,
    0.0027329100688752014,
    0.0027335695066466785,
    0.0027313308824563087,
    0.002729513162445662,
    0.0027271280125091713,
    0.002728360200049289,
    0.0028560628663656393,
    0.0027313641842661674,
    0.0027260696288843116,
    0.002730371866588967,
    0.0027317626813902728,
    0.0027353764721608316,
    0.002732592252535489,
    0.0027334847926779007,
    0.002731253713584549,
    0.002730175286622073,
    0.002728341008763705,
    0.0027374545645924265,
    0.0027425814483489973,
    0.002736936158295596,
    0.0027414397127216235,
    0.0027323250969844034,
    0.0027348173497406527,
    0.0027300527489808025,
    0.002733342300674783,
    0.0027343192914504443,
    0.002737574852163821,
    0.0027364353472329717,
    0.0027359081313446773,
    0.0027368851487136717
  ],
  "train_acc": [
    0.021,
    0.9982,
    0.9982,
    0.9982,
    0.9982,
    0.9982,
    0.9982,
    0.9982,
    0.9982,
    0.9982,
    0.9982,
    0.9982,
    0.9982,
    0.9982,
    0.9982,
    0.9982,
    0.9982,
    0.9982,
    0.9982,
    0.9982,
    0.9982,
    0.9982,
    0.9982,
    0.9982,
    0.9982,
    0.9982,
    0.9982,
    0.9982,
    0.9982,
    0.9982,
    0.9982,
    0.9982,
    0.9982,
    0.9982,
    0.9982,
    0.9982,
    0.9982,
    0.9982,
    0.9982,
    0.9982,
    0.9982,
    0.9982,
    0.9982,
    0.9982,
    0.9982,
    0.9982,
    0.9982,
    0.9982,
    0.9982,
    0.9982,
    0.9982,
    0.9982,
    0.9982,
    0.9982,
    0.9982,
    0.9982,
    0.9982,
    0.9982,
    0.9982,
    0.9982,
    0.9982,
    0.9982,
    0.9982,
    0.9982,
    0.9982,
    0.9982,
    0.9982,
    0.9982,
    0.9982,
    0.9982,
    0.9982,
    0.9982,
    0.9982,
    0.9982,
    0.9982,
    0.9982,
    0.9982,
    0.9982,
    0.9982,
    0.9982,
    0.9982,
    0.9982,
    0.9982,
    0.9982,
    0.9982,
    0.9982,
    0.9982,
    0.9982,
    0.9982,
    0.9982,
    0.9982,
    0.9982,
    0.9982,
    0.9982,
    0.9982,
    0.9982,
    0.9982,
    0.9982,
    0.9982,
    0.9982,
    0.9982
  ],
  "test_acc": [
    0.012647465192900414,
    0.40928897863747477,
    0.41077691571899244,
    0.4131151025613774,
    0.41715378892549687,
    0.4217238813901584,
    0.4285258794770964,
    0.4396854075884791,
    0.46030396428951004,
    0.4879370815176958,
    0.5187586353491338,
    0.5495801891805718,
    0.5810394303326603,
    0.60973535976193,
    0.6341800403868636,
    0.6585184397916888,
    0.679987246253587,
    0.6956105856095228,
    0.7036879583377618,
    0.7120841747263259,
    0.7215432033159741,
    0.7297268572643214,
    0.7395047295142948,
    0.7410989478159209,
    0.7481135083430758,
    0.7560845998512062,
    0.7620363481772771,
    0.7636305664789031,
    0.761504942076735,
    0.7699011584652992,
    0.7730895950685513,
    0.7746838133701774,
    0.779253905834839,
    0.7812732490168988,
    0.7794664682750558,
    0.7791476246147305,
    0.7813795302370071,
    0.7833988734190669,
    0.7822297799978744,
    0.7811669677967903,
    0.7818046551174408,
    0.7850993729408013,
    0.7836114358592836,
    0.7888192156445956,
    0.7925390583483899,
    0.7955149325114252,
    0.7956212137315336,
    0.7954086512913168,
    0.7914762461473057,
    0.7939207142097991,
    0.7919013710277394,
    0.7888192156445956,
    0.7886066532043788,
    0.7958337761717504,
    0.7979594005739186,
    0.7967903071527261,
    0.7977468381337017,
    0.798065681794027,
    0.8010415559570624,
    0.7977468381337017,
    0.7965777447125093,
    0.7962589010521841,
    0.8023169305983633,
    0.8065681794026995,
    0.8051865235412903,
    0.8026357742586885,
    0.8031671803592305,
    0.8042299925603146,
    0.8015729620576044,
    0.7987033691146774,
    0.7976405569135934,
    0.7997661813157615,
    0.7991284939951111,
    0.7992347752152195,
    0.7954086512913168,
    0.7979594005739186,
    0.798065681794027,
    0.8029546179190137,
    0.8098628972260602,
    0.8076309916037836,
    0.8077372728238921,
    0.8076309916037836,
    0.8052928047613986,
    0.8033797427994473,
    0.8006164310766287,
    0.8015729620576044,
    0.8015729620576044,
    0.8046551174407482,
    0.8058242108619407,
    0.8082686789244341,
    0.8070995855032416,
    0.8017855244978213,
    0.8031671803592305,
    0.8029546179190137,
    0.8060367733021575,
    0.8078435540440004,
    0.8025294930385801,
    0.8049739611010734,
    0.8047613986608566,
    0.8027420554787968,
    0.8040174301200977
  ]
}