{
  "epoch": [
    1,
    2000,
    4000,
    6000,
    8000,
    10000,
    12000,
    14000,
    16000,
    18000,
    20000,
    22000,
    24000,
    26000,
    28000,
    30000,
    32000,
    34000,
    36000,
    38000,
    40000,
    42000,
    44000,
    46000,
    48000,
    50000,
    52000,
    54000,
    56000,
    58000,
    60000,
    62000,
    64000,
    66000,
    68000,
    70000,
    72000,
    74000,
    76000,
    78000,
    80000,
    82000,
    84000,
    86000,
    88000,
    90000,
    92000,
    94000,
    96000,
    98000,
    100000,
    102000,
    104000,
    106000,
    108000,
    110000,
    112000,
    114000,
    116000,
    118000,
    120000,
    122000,
    124000,
    126000,
    128000,
    130000,
    132000,
    134000,
    136000,
    138000,
    140000,
    142000,
    144000,
    146000,
    148000,
    150000,
    152000,
    154000,
    156000,
    158000,
    160000,
    162000,
    164000,
    166000,
    168000,
    170000,
    172000,
    174000,
    176000,
    178000,
    180000,
    182000,
    184000,
    186000,
    188000,
    190000,
    192000,
    194000,
    196000,
    198000,
    200000
  ],
  "loss": [
    4.575368499755859,
    0.2795828499039705,
    0.06330623637354002,
    0.06243344671605155,
    0.06183997152671218,
    0.061407762599829586,
    0.061105417054053396,
    0.06088513192208484,
    0.06071955403983593,
    0.06055796149801463,
    0.06043185809487477,
    0.060299735481292006,
    0.06020718186395243,
    0.06007809903183952,
    0.059947285439446565,
    0.05974679146679118,
    0.059532621261104944,
    0.059292379543092105,
    0.05903965504402295,
    0.05886644850187003,
    0.058777647447679195,
    0.058701387789379805,
    0.05866682962328196,
    0.05867565048281104,
    0.058655708505492656,
    0.058660308626201,
    0.05865405612997711,
    0.05864026499921456,
    0.05863638775637373,
    0.058678398514632135,
    0.0586447238765657,
    0.05866072495486587,
    0.0586603610387072,
    0.05865606925431639,
    0.058644211862888186,
    0.0586287041163072,
    0.05863727312544361,
    0.0586416195073165,
    0.05863790502166376,
    0.058630165559798476,
    0.05862682556202635,
    0.05862051257286221,
    0.05862640527235344,
    0.05861019174372777,
    0.05862498312015087,
    0.058638724484667185,
    0.0586161478147842,
    0.05862469596574083,
    0.05863574228351936,
    0.05860537694906816,
    0.05860713533805683,
    0.05859544238084927,
    0.058597018309030684,
    0.05861045469772071,
    0.05861554068401456,
    0.058603969119675456,
    0.058590669115725906,
    0.058592678703553974,
    0.0585975811813958,
    0.05859886699290946,
    0.0585888163802214,
    0.058596738457959145,
    0.05858928563753143,
    0.058603850206267086,
    0.058621071945969015,
    0.058609376965835694,
    0.05859166686944663,
    0.058618097193166616,
    0.058582135781180114,
    0.058574869101773945,
    0.05858925651758909,
    0.05858374135764316,
    0.05859507175413892,
    0.058583073290158064,
    0.058580979053489864,
    0.058569755740091205,
    0.058584532338473945,
    0.05858137476453558,
    0.05857333622258157,
    0.05857641547815874,
    0.05858442768603563,
    0.05858694890923798,
    0.05859570820424706,
    0.058591861065942795,
    0.058578542320244016,
    0.05859020177135244,
    0.0585963130498305,
    0.05860871289614588,
    0.05858853556355462,
    0.05857343404367566,
    0.0585965533641167,
    0.05859056251170114,
    0.05859942405307665,
    0.05859195397347212,
    0.05858828049302101,
    0.058600209220405666,
    0.058582682046294215,
    0.05858432736452669,
    0.058572801311686636,
    0.05856545121660456,
    0.058567572979815304
  ],
  "train_acc": [
    0.0172,
    0.9612,
    0.9612,
    0.9612,
    0.9612,
    0.9612,
    0.9612,
    0.9612,
    0.9612,
    0.9612,
    0.9612,
    0.9612,
    0.9612,
    0.9612,
    0.9612,
    0.9612,
    0.9612,
    0.9612,
    0.9612,
    0.9612,
    0.9612,
    0.9612,
    0.9612,
    0.9612,
    0.9612,
    0.9612,
    0.9612,
    0.9612,
    0.9612,
    0.9612,
    0.9612,
    0.9612,
    0.9612,
    0.9612,
    0.9612,
    0.9612,
    0.9612,
    0.9612,
    0.9612,
    0.9612,
    0.9612,
    0.9612,
    0.9612,
    0.9612,
    0.9612,
    0.9612,
    0.9612,
    0.9612,
    0.9612,
    0.9612,
    0.9612,
    0.9612,
    0.9612,
    0.9612,
    0.9612,
    0.9612,
    0.9612,
    0.9612,
    0.9612,
    0.9612,
    0.9612,
    0.9612,
    0.9612,
    0.9612,
    0.9612,
    0.9612,
    0.9612,
    0.9612,
    0.9612,
    0.9612,
    0.9612,
    0.9612,
    0.9612,
    0.9612,
    0.9612,
    0.9612,
    0.9612,
    0.9612,
    0.9612,
    0.9612,
    0.9612,
    0.9612,
    0.9612,
    0.9612,
    0.9612,
    0.9612,
    0.9612,
    0.9612,
    0.9612,
    0.9612,
    0.9612,
    0.9612,
    0.9612,
    0.9612,
    0.9612,
    0.9612,
    0.9612,
    0.9612,
    0.9612,
    0.9612,
    0.9612
  ],
  "test_acc": [
    0.010202997130407057,
    0.3721968328196408,
    0.3726219577000744,
    0.3727282389201828,
    0.37209055159953236,
    0.3723031140397492,
    0.3721968328196408,
    0.3740036135614837,
    0.3723031140397492,
    0.373047082580508,
    0.3727282389201828,
    0.3723031140397492,
    0.3728345201402912,
    0.3713465830587735,
    0.3721968328196408,
    0.3728345201402912,
    0.3718779891593155,
    0.3723031140397492,
    0.3728345201402912,
    0.37209055159953236,
    0.3728345201402912,
    0.37177170793920716,
    0.37049633329790627,
    0.37124030183866513,
    0.37209055159953236,
    0.37294080136039964,
    0.3723031140397492,
    0.3723031140397492,
    0.3721968328196408,
    0.37124030183866513,
    0.3711340206185567,
    0.3721968328196408,
    0.372515676479966,
    0.37166542671909875,
    0.37198427037942394,
    0.37336592624083326,
    0.37198427037942394,
    0.372515676479966,
    0.37198427037942394,
    0.3727282389201828,
    0.3714528642788819,
    0.3721968328196408,
    0.37081517695823146,
    0.37198427037942394,
    0.37124030183866513,
    0.37155914549899033,
    0.3714528642788819,
    0.3723031140397492,
    0.3714528642788819,
    0.37209055159953236,
    0.3718779891593155,
    0.37177170793920716,
    0.37294080136039964,
    0.3723031140397492,
    0.37209055159953236,
    0.3709214581783399,
    0.3721968328196408,
    0.37155914549899033,
    0.37240939525985756,
    0.373047082580508,
    0.372515676479966,
    0.3718779891593155,
    0.37325964502072484,
    0.3723031140397492,
    0.3723031140397492,
    0.3731533638006164,
    0.3710277393984483,
    0.37198427037942394,
    0.3718779891593155,
    0.37240939525985756,
    0.3728345201402912,
    0.37166542671909875,
    0.3721968328196408,
    0.3723031140397492,
    0.37209055159953236,
    0.3714528642788819,
    0.37209055159953236,
    0.3721968328196408,
    0.37198427037942394,
    0.3718779891593155,
    0.3721968328196408,
    0.372515676479966,
    0.37155914549899033,
    0.37198427037942394,
    0.3727282389201828,
    0.37294080136039964,
    0.37166542671909875,
    0.3727282389201828,
    0.3726219577000744,
    0.373047082580508,
    0.3740036135614837,
    0.3726219577000744,
    0.3718779891593155,
    0.37240939525985756,
    0.37166542671909875,
    0.3738973323413753,
    0.3727282389201828,
    0.3713465830587735,
    0.37294080136039964,
    0.372515676479966,
    0.37198427037942394
  ]
}