{
  "epoch": [
    1,
    2000,
    4000,
    6000,
    8000,
    10000,
    12000,
    14000,
    16000,
    18000,
    20000,
    22000,
    24000,
    26000,
    28000,
    30000,
    32000,
    34000,
    36000,
    38000,
    40000,
    42000,
    44000,
    46000,
    48000,
    50000,
    52000,
    54000,
    56000,
    58000,
    60000,
    62000,
    64000,
    66000,
    68000,
    70000,
    72000,
    74000,
    76000,
    78000,
    80000,
    82000,
    84000,
    86000,
    88000,
    90000,
    92000,
    94000,
    96000,
    98000,
    100000,
    102000,
    104000,
    106000,
    108000,
    110000,
    112000,
    114000,
    116000,
    118000,
    120000,
    122000,
    124000,
    126000,
    128000,
    130000,
    132000,
    134000,
    136000,
    138000,
    140000,
    142000,
    144000,
    146000,
    148000,
    150000,
    152000,
    154000,
    156000,
    158000,
    160000,
    162000,
    164000,
    166000,
    168000,
    170000,
    172000,
    174000,
    176000,
    178000,
    180000,
    182000,
    184000,
    186000,
    188000,
    190000,
    192000,
    194000,
    196000,
    198000,
    200000
  ],
  "loss": [
    4.57580599784851,
    0.22121245053493366,
    0.016423657205252674,
    0.01601585532577883,
    0.015826160284428625,
    0.01577318225390045,
    0.015744485380360856,
    0.015715557823289417,
    0.015688487771048677,
    0.01567800676416373,
    0.01567813332139631,
    0.015677313893119573,
    0.015675177221762714,
    0.015660583298862912,
    0.015668617129174528,
    0.015674411370744927,
    0.01566552509087487,
    0.015664276350737784,
    0.015651492471649545,
    0.01566160751809075,
    0.01565687206107832,
    0.015661826762620304,
    0.015658120986750197,
    0.015650270634999214,
    0.015672002325092534,
    0.01567615313847491,
    0.01566111284203944,
    0.015664160658989526,
    0.015667551184882177,
    0.01565935529724229,
    0.015659668011165924,
    0.015661104348738446,
    0.015660757597250632,
    0.015659589843417053,
    0.015666068745824952,
    0.015674854835121366,
    0.015668660852861588,
    0.015670501099247485,
    0.01565727989244042,
    0.01567628370435559,
    0.015667381504115292,
    0.01566481481111841,
    0.015663850929488014,
    0.015679661415135104,
    0.015673911140978453,
    0.015673323242683546,
    0.01569067154460354,
    0.015689899886862257,
    0.015696601116197417,
    0.01569689558598038,
    0.015710867615061578,
    0.01570769804925076,
    0.015703395585215184,
    0.015707375875752768,
    0.01570707324622199,
    0.01570626568220571,
    0.01570108393482791,
    0.015685716349972064,
    0.015693488696578425,
    0.015708624933753162,
    0.015708533345197794,
    0.015703704483777982,
    0.01570850924437014,
    0.015727768815134185,
    0.015709405108512146,
    0.015709777044109006,
    0.015708673324372004,
    0.015714083876081888,
    0.0157039286662417,
    0.015709068114956606,
    0.0157000796023415,
    0.015701085464347852,
    0.01570843539906782,
    0.015711575770936907,
    0.015718774997605902,
    0.01572264515198185,
    0.015717616147635272,
    0.0157128395324924,
    0.015724130557093305,
    0.015708572926663326,
    0.015715002061455742,
    0.015712550348509102,
    0.01572219531573355,
    0.015717093097860926,
    0.015710815507988446,
    0.015716087825386783,
    0.015727494456327987,
    0.015718939412286217,
    0.015722069385796174,
    0.015736223017721204,
    0.01572532392736175,
    0.01573956152839237,
    0.015721402695949654,
    0.01571974815581634,
    0.01573545978013124,
    0.015729868206818355,
    0.01572411441394356,
    0.01571928307701928,
    0.015715344387765843,
    0.015720858708498417,
    0.015711604145418095
  ],
  "train_acc": [
    0.0172,
    0.9898,
    0.9898,
    0.9898,
    0.9898,
    0.9898,
    0.9898,
    0.9898,
    0.9898,
    0.9898,
    0.9898,
    0.9898,
    0.9898,
    0.9898,
    0.9898,
    0.9898,
    0.9898,
    0.9898,
    0.9898,
    0.9898,
    0.9898,
    0.9898,
    0.9898,
    0.9898,
    0.9898,
    0.9898,
    0.9898,
    0.9898,
    0.9898,
    0.9898,
    0.9898,
    0.9898,
    0.9898,
    0.9898,
    0.9898,
    0.9898,
    0.9898,
    0.9898,
    0.9898,
    0.9898,
    0.9898,
    0.9898,
    0.9898,
    0.9898,
    0.9898,
    0.9898,
    0.9898,
    0.9898,
    0.9898,
    0.9898,
    0.9898,
    0.9898,
    0.9898,
    0.9898,
    0.9898,
    0.9898,
    0.9898,
    0.9898,
    0.9898,
    0.9898,
    0.9898,
    0.9898,
    0.9898,
    0.9898,
    0.9898,
    0.9898,
    0.9898,
    0.9898,
    0.9898,
    0.9898,
    0.9898,
    0.9898,
    0.9898,
    0.9898,
    0.9898,
    0.9898,
    0.9898,
    0.9898,
    0.9898,
    0.9898,
    0.9898,
    0.9898,
    0.9898,
    0.9898,
    0.9898,
    0.9898,
    0.9898,
    0.9898,
    0.9898,
    0.9898,
    0.9898,
    0.9898,
    0.9898,
    0.9898,
    0.9898,
    0.9898,
    0.9898,
    0.9898,
    0.9898,
    0.9898,
    0.9898
  ],
  "test_acc": [
    0.012222340312466787,
    0.4006801998086938,
    0.4018492932298863,
    0.40333723031140395,
    0.4028058242108619,
    0.4015304495695611,
    0.4021681368902115,
    0.40142416834945266,
    0.4020618556701031,
    0.4021681368902115,
    0.40259326177064514,
    0.4028058242108619,
    0.4032309490912956,
    0.40312466787118717,
    0.40386863641194604,
    0.40471888617281326,
    0.40631310447443936,
    0.4052502922733553,
    0.4070570730151982,
    0.4089701349771495,
    0.40907641619725793,
    0.4093952598575832,
    0.41077691571899244,
    0.41247741524072695,
    0.41375278988202785,
    0.4159846955043044,
    0.41704750770538845,
    0.41694122648528004,
    0.4189605696673398,
    0.4175789138059305,
    0.41842916356679777,
    0.4175789138059305,
    0.41832288234668935,
    0.4209799128493995,
    0.4225741311510256,
    0.4234243809118929,
    0.425018599213519,
    0.42640025507492824,
    0.43075778509937296,
    0.42980125411839726,
    0.43224572218089063,
    0.4334148156020831,
    0.4349027526836008,
    0.43713465830587733,
    0.4367095334254437,
    0.4391540014879371,
    0.4420235944308641,
    0.4436178127324902,
    0.447762780316718,
    0.4504198108194282,
    0.45084493569986184,
    0.45169518546072907,
    0.45254543522159635,
    0.45552130938463176,
    0.45955999574875117,
    0.45870974598788394,
    0.4617919013710277,
    0.4638112445530875,
    0.46540546285471357,
    0.46359868211287064,
    0.4676373684769901,
    0.47103836752045913,
    0.47433308534381974,
    0.47603358486555425,
    0.4781592092677224,
    0.48230417685195026,
    0.4832607078329259,
    0.48506748857476883,
    0.4833669890530343,
    0.488255925178021,
    0.48687426931661176,
    0.4885747688383463,
    0.4922946115421405,
    0.49133808056116485,
    0.49718354766712725,
    0.4972898288872356,
    0.4984589223084281,
    0.49782123498777764,
    0.4956956105856095,
    0.49580189180571793,
    0.5027101711127644,
    0.5034541396535233,
    0.5024976086725476,
    0.5014347964714635,
    0.5029227335529812,
    0.5021787650122224,
    0.5033478584334148,
    0.5030290147730896,
    0.5032415772133064,
    0.50366670209374,
    0.5054734828355829,
    0.5055797640556914,
    0.5074928260176427,
    0.5062174513763418,
    0.5055797640556914,
    0.5066425762567754,
    0.5087682006589436,
    0.5117440748219789,
    0.5127006058029546,
    0.512275480922521,
    0.5129131682431715
  ]
}