{
  "epoch": [
    1,
    2000,
    4000,
    6000,
    8000,
    10000,
    12000,
    14000,
    16000,
    18000,
    20000,
    22000,
    24000,
    26000,
    28000,
    30000,
    32000,
    34000,
    36000,
    38000,
    40000,
    42000,
    44000,
    46000,
    48000,
    50000,
    52000,
    54000,
    56000,
    58000,
    60000,
    62000,
    64000,
    66000,
    68000,
    70000,
    72000,
    74000,
    76000,
    78000,
    80000,
    82000,
    84000,
    86000,
    88000,
    90000,
    92000,
    94000,
    96000,
    98000,
    100000,
    102000,
    104000,
    106000,
    108000,
    110000,
    112000,
    114000,
    116000,
    118000,
    120000,
    122000,
    124000,
    126000,
    128000,
    130000,
    132000,
    134000,
    136000,
    138000,
    140000,
    142000,
    144000,
    146000,
    148000,
    150000,
    152000,
    154000,
    156000,
    158000,
    160000,
    162000,
    164000,
    166000,
    168000,
    170000,
    172000,
    174000,
    176000,
    178000,
    180000,
    182000,
    184000,
    186000,
    188000,
    190000,
    192000,
    194000,
    196000,
    198000,
    200000
  ],
  "loss": [
    4.5762614727020265,
    0.1989985067856015,
    9.03053029856693e-07,
    2.2658258449865797e-07,
    2.1413230221156708e-07,
    2.119367008191375e-07,
    2.1261742814999706e-07,
    2.1398001580266167e-07,
    2.1717173786157672e-07,
    0.00021492720362211132,
    9.106552297836856e-07,
    0.0001817477469352845,
    0.00015350295293340324,
    5.138452037891739e-06,
    0.00012289633053774764,
    1.7539270677460195e-06,
    0.00033136361801412094,
    0.00015859646600984475,
    4.429371916457825e-06,
    0.00018371110508466444,
    0.00019240116697856778,
    4.667659898080246e-06,
    0.00021241051338537317,
    1.4912876892005045e-06,
    0.0003188306577313,
    0.00025717971935315307,
    3.854970955513437e-06,
    0.00027362935124412505,
    0.0002796566447931312,
    4.8663762361414345e-06,
    0.00018294453151275646,
    0.00023941822647431934,
    4.345820750427265e-06,
    0.000275579365795565,
    0.0001545633866417269,
    2.995729351017218e-06,
    0.00014588621430639676,
    0.0002670239527222833,
    0.00017913785128764132,
    4.6440903053749595e-06,
    0.00010844624803732188,
    0.00019618788297151398,
    4.549578224956719e-06,
    0.0003261558674872475,
    0.0002524322798330452,
    4.9657688760220255e-06,
    0.00020908915912914595,
    0.00018180993842730332,
    3.7794679239645746e-06,
    0.00025742695523393096,
    0.0002099817255611292,
    4.171750033329147e-06,
    0.0003216048840953697,
    0.00016887084437365018,
    2.674830192849953e-06,
    0.00021120886383215235,
    0.00010828010254135094,
    0.00016490508716961614,
    4.088836829013332e-06,
    0.00021599817393568087,
    0.00023082856616669218,
    4.43864869801942e-06,
    0.00017098413424255127,
    0.00010537722884038843,
    1.74456620563177e-06,
    0.0002660912642001918,
    0.0002692101349137232,
    2.9037388549276954e-06,
    0.00040555076735783615,
    0.00039305394713611507,
    4.757646227044176e-06,
    0.00027923286530725947,
    0.00025872364748314494,
    0.00015598862569654413,
    4.23634938101003e-06,
    0.0003038859595355781,
    0.00016306686420578415,
    4.14647730526454e-06,
    0.000134622530503389,
    0.0001433074616599427,
    3.402428363080645e-06,
    0.00028295077098441083,
    0.00032839296196107666,
    4.1163947635020295e-06,
    0.0004056897670798598,
    0.00019766680546213423,
    3.2596755847542624e-06,
    0.00029206713913242056,
    0.0001632482931508413,
    1.445297897475939e-06,
    0.00035762988950804555,
    0.00025099582604067836,
    0.0002510957042623325,
    4.871711847766847e-06,
    0.0003418757558831359,
    0.0002846874029250742,
    4.966165087357411e-06,
    0.00029146354944359343,
    0.00017879204595214518,
    4.209522489322381e-06,
    0.00022445130555019473
  ],
  "train_acc": [
    0.0204,
    1.0,
    1.0,
    1.0,
    1.0,
    1.0,
    1.0,
    1.0,
    1.0,
    1.0,
    1.0,
    1.0,
    1.0,
    1.0,
    1.0,
    1.0,
    1.0,
    1.0,
    1.0,
    1.0,
    1.0,
    1.0,
    1.0,
    1.0,
    1.0,
    1.0,
    1.0,
    1.0,
    1.0,
    1.0,
    1.0,
    1.0,
    1.0,
    1.0,
    1.0,
    1.0,
    1.0,
    1.0,
    1.0,
    1.0,
    1.0,
    1.0,
    1.0,
    1.0,
    1.0,
    1.0,
    1.0,
    1.0,
    1.0,
    1.0,
    1.0,
    1.0,
    1.0,
    1.0,
    1.0,
    1.0,
    1.0,
    1.0,
    1.0,
    1.0,
    1.0,
    1.0,
    1.0,
    1.0,
    1.0,
    1.0,
    1.0,
    1.0,
    1.0,
    1.0,
    1.0,
    1.0,
    1.0,
    1.0,
    1.0,
    1.0,
    1.0,
    1.0,
    1.0,
    1.0,
    1.0,
    1.0,
    1.0,
    1.0,
    1.0,
    1.0,
    1.0,
    1.0,
    1.0,
    1.0,
    1.0,
    1.0,
    1.0,
    1.0,
    1.0,
    1.0,
    1.0,
    1.0,
    1.0,
    1.0,
    1.0
  ],
  "test_acc": [
    0.01211605909235838,
    0.39472845148262303,
    0.39557870124349026,
    0.39717291954511635,
    0.4006801998086938,
    0.4052502922733553,
    0.4144967584227867,
    0.43554044000425124,
    0.4656180252949304,
    0.4937825486236582,
    0.5355510681262621,
    0.5789138059304921,
    0.5946434265065363,
    0.6513975980444255,
    0.6711659049845892,
    0.6969922414709321,
    0.725688170900202,
    0.7501328515251355,
    0.7699011584652992,
    0.7862684663619939,
    0.7755340631310448,
    0.8131576150494207,
    0.8248485492613455,
    0.8267616112232968,
    0.844829418641726,
    0.848230417685195,
    0.847699011584653,
    0.8587522584759273,
    0.8605590392177702,
    0.8661919438835158,
    0.872781379530237,
    0.8755446912530556,
    0.8720374109894782,
    0.8820278456796684,
    0.8864916569242215,
    0.8802210649378255,
    0.891593155489425,
    0.8946753108725688,
    0.860240195557445,
    0.8964820916144117,
    0.8986077160165798,
    0.8933999362312679,
    0.903602933361675,
    0.9076416197257945,
    0.8977574662557126,
    0.909873525348071,
    0.9121054309703476,
    0.9145498990328409,
    0.907535338505686,
    0.9139122117121905,
    0.9205016473589117,
    0.9159315548942502,
    0.9173132107556595,
    0.9208204910192369,
    0.9144436178127325,
    0.9194388351578276,
    0.9207142097991285,
    0.9197576788181528,
    0.9205016473589117,
    0.921883303220321,
    0.9231586778616219,
    0.9228398342012967,
    0.9222021468806462,
    0.9249654586034648,
    0.9194388351578276,
    0.9239026464023807,
    0.9264533956849824,
    0.9201828036985864,
    0.9242214900627059,
    0.9275162078860665,
    0.922414709320863,
    0.9262408332447657,
    0.928153895206717,
    0.910404931448613,
    0.9254968647040068,
    0.9293229886279094,
    0.9266659581251993,
    0.9228398342012967,
    0.9260282708045489,
    0.9288978637474758,
    0.9236900839621639,
    0.9262408332447657,
    0.9275162078860665,
    0.9244340525029228,
    0.9288978637474758,
    0.9293229886279094,
    0.9240089276224891,
    0.9267722393453077,
    0.9299606759485599,
    0.9231586778616219,
    0.9298543947284514,
    0.9309172069295355,
    0.9076416197257945,
    0.9290041449675842,
    0.9328302688914869,
    0.9115740248698055,
    0.9312360505898608,
    0.9319800191306197,
    0.9302795196088851,
    0.928685301307259,
    0.9291104261876927
  ]
}