{
  "epoch": [
    1,
    2000,
    4000,
    6000,
    8000,
    10000,
    12000,
    14000,
    16000,
    18000,
    20000,
    22000,
    24000,
    26000,
    28000,
    30000,
    32000,
    34000,
    36000,
    38000,
    40000,
    42000,
    44000,
    46000,
    48000,
    50000,
    52000,
    54000,
    56000,
    58000,
    60000,
    62000,
    64000,
    66000,
    68000,
    70000,
    72000,
    74000,
    76000,
    78000,
    80000,
    82000,
    84000,
    86000,
    88000,
    90000,
    92000,
    94000,
    96000,
    98000,
    100000,
    102000,
    104000,
    106000,
    108000,
    110000,
    112000,
    114000,
    116000,
    118000,
    120000,
    122000,
    124000,
    126000,
    128000,
    130000,
    132000,
    134000,
    136000,
    138000,
    140000,
    142000,
    144000,
    146000,
    148000,
    150000,
    152000,
    154000,
    156000,
    158000,
    160000,
    162000,
    164000,
    166000,
    168000,
    170000,
    172000,
    174000,
    176000,
    178000,
    180000,
    182000,
    184000,
    186000,
    188000,
    190000,
    192000,
    194000,
    196000,
    198000,
    200000
  ],
  "loss": [
    4.5757279872894285,
    0.28234595090668907,
    0.07094347146116198,
    0.06989659810364246,
    0.06911078994665294,
    0.06859915458504111,
    0.06817894463408739,
    0.06783867873530836,
    0.06757488183677196,
    0.06735602652737871,
    0.0671475331004709,
    0.06700521894339471,
    0.06687570895832032,
    0.06679685831479729,
    0.06670878887791186,
    0.06659545502252877,
    0.06652284423708915,
    0.06643317293617874,
    0.06634735381677746,
    0.06624011824578047,
    0.06619385140109807,
    0.06612042850777507,
    0.0660758392708376,
    0.06599528485685587,
    0.06595177153125405,
    0.06583058240013197,
    0.06575470642792061,
    0.06568492005523294,
    0.06562460305970162,
    0.06552662678901106,
    0.06547635358832776,
    0.06538982782857493,
    0.06531740571651608,
    0.06526520063597709,
    0.06517792414678261,
    0.06507945093112066,
    0.06493196152914316,
    0.06482408049032092,
    0.06462410811996087,
    0.06446086110919715,
    0.06425333824325354,
    0.06408335251975805,
    0.06385239031827077,
    0.06362529181987048,
    0.06339898137617857,
    0.06321962804757059,
    0.06309815996447578,
    0.06303707866650075,
    0.06300935919824988,
    0.06294404118061066,
    0.0629371218959801,
    0.06298175843451172,
    0.06294043002594263,
    0.06290236851815134,
    0.06291725991554559,
    0.062949568304047,
    0.06296294987555594,
    0.06296403683209792,
    0.06297418077774346,
    0.06292746611116454,
    0.0629815455772914,
    0.06297470141863451,
    0.06293699473552405,
    0.06293692705649882,
    0.06295095483418554,
    0.06294764207806439,
    0.06295495165586472,
    0.06297598993051798,
    0.06294967855401337,
    0.0629614632114768,
    0.06296112826969474,
    0.0629778391610831,
    0.06295429591760039,
    0.06299741155374795,
    0.06296351820584387,
    0.06295743413977326,
    0.0629401616960764,
    0.06297676970325411,
    0.06293160308860242,
    0.06291810763692483,
    0.06292730298517273,
    0.06291917834300548,
    0.06294471952151508,
    0.06294830471705645,
    0.06295047635398805,
    0.0629699250023812,
    0.06295907790549099,
    0.06295071958694606,
    0.06295371887348593,
    0.06290823841709643,
    0.06289152221661061,
    0.06289150165328757,
    0.0629252260139212,
    0.06295714712571353,
    0.06296482582967729,
    0.06299562025200575,
    0.06295391949471087,
    0.06292331505734473,
    0.06295872262474149,
    0.06291568334372714,
    0.06294281919412315
  ],
  "train_acc": [
    0.0184,
    0.9584,
    0.9584,
    0.9584,
    0.9584,
    0.9584,
    0.9584,
    0.9584,
    0.9584,
    0.9584,
    0.9584,
    0.9584,
    0.9584,
    0.9584,
    0.9584,
    0.9584,
    0.9584,
    0.9584,
    0.9584,
    0.9584,
    0.9584,
    0.9584,
    0.9584,
    0.9584,
    0.9584,
    0.9584,
    0.9584,
    0.9584,
    0.9584,
    0.9584,
    0.9584,
    0.9584,
    0.9584,
    0.9584,
    0.9584,
    0.9584,
    0.9584,
    0.9584,
    0.9584,
    0.9584,
    0.9584,
    0.9584,
    0.9584,
    0.9584,
    0.9584,
    0.9584,
    0.9584,
    0.9584,
    0.9584,
    0.9584,
    0.9584,
    0.9584,
    0.9584,
    0.9584,
    0.9584,
    0.9584,
    0.9584,
    0.9584,
    0.9584,
    0.9584,
    0.9584,
    0.9584,
    0.9584,
    0.9584,
    0.9584,
    0.9584,
    0.9584,
    0.9584,
    0.9584,
    0.9584,
    0.9584,
    0.9584,
    0.9584,
    0.9584,
    0.9584,
    0.9584,
    0.9584,
    0.9584,
    0.9584,
    0.9584,
    0.9584,
    0.9584,
    0.9584,
    0.9584,
    0.9584,
    0.9584,
    0.9584,
    0.9584,
    0.9584,
    0.9584,
    0.9584,
    0.9584,
    0.9584,
    0.9584,
    0.9584,
    0.9584,
    0.9584,
    0.9584,
    0.9584,
    0.9584,
    0.9584
  ],
  "test_acc": [
    0.010734403230949091,
    0.36550111595281115,
    0.36422574131151025,
    0.36581995961313635,
    0.3665639281538952,
    0.36581995961313635,
    0.3669890530343288,
    0.36507599107237754,
    0.36560739717291957,
    0.3668827718142204,
    0.36539483473270273,
    0.3673078966946541,
    0.3664576469337868,
    0.36539483473270273,
    0.36539483473270273,
    0.3652885535125943,
    0.3660325220533532,
    0.3647571474120523,
    0.3649697098522691,
    0.36550111595281115,
    0.36539483473270273,
    0.3665639281538952,
    0.36624508449356996,
    0.36592624083324476,
    0.3669890530343288,
    0.3680518652354129,
    0.36677649059411205,
    0.3663513657136784,
    0.36581995961313635,
    0.36677649059411205,
    0.3664576469337868,
    0.3663513657136784,
    0.3663513657136784,
    0.3651822722924859,
    0.36539483473270273,
    0.36539483473270273,
    0.3676267403549793,
    0.36539483473270273,
    0.3663513657136784,
    0.3660325220533532,
    0.3665639281538952,
    0.36560739717291957,
    0.36539483473270273,
    0.3660325220533532,
    0.3663513657136784,
    0.3664576469337868,
    0.3682644276756297,
    0.3664576469337868,
    0.36741417791476244,
    0.36709533425443724,
    0.36571367839302793,
    0.3661388032734616,
    0.3661388032734616,
    0.36677649059411205,
    0.3652885535125943,
    0.36667020937400363,
    0.3669890530343288,
    0.36667020937400363,
    0.36624508449356996,
    0.3661388032734616,
    0.3661388032734616,
    0.36677649059411205,
    0.36624508449356996,
    0.3664576469337868,
    0.36571367839302793,
    0.3661388032734616,
    0.36624508449356996,
    0.3673078966946541,
    0.36592624083324476,
    0.3668827718142204,
    0.36677649059411205,
    0.3682644276756297,
    0.3644383037517271,
    0.3664576469337868,
    0.3669890530343288,
    0.36624508449356996,
    0.36560739717291957,
    0.3664576469337868,
    0.3652885535125943,
    0.36624508449356996,
    0.36539483473270273,
    0.36390689765118506,
    0.36752045913487086,
    0.36741417791476244,
    0.36720161547454566,
    0.3665639281538952,
    0.36539483473270273,
    0.3661388032734616,
    0.3678393027951961,
    0.36709533425443724,
    0.36677649059411205,
    0.36677649059411205,
    0.36550111595281115,
    0.3661388032734616,
    0.36720161547454566,
    0.3661388032734616,
    0.36741417791476244,
    0.3673078966946541,
    0.36624508449356996,
    0.3661388032734616,
    0.3682644276756297
  ]
}