{
  "epoch": [
    1,
    2000,
    4000,
    6000,
    8000,
    10000,
    12000,
    14000,
    16000,
    18000,
    20000,
    22000,
    24000,
    26000,
    28000,
    30000,
    32000,
    34000,
    36000,
    38000,
    40000,
    42000,
    44000,
    46000,
    48000,
    50000,
    52000,
    54000,
    56000,
    58000,
    60000,
    62000,
    64000,
    66000,
    68000,
    70000,
    72000,
    74000,
    76000,
    78000,
    80000,
    82000,
    84000,
    86000,
    88000,
    90000,
    92000,
    94000,
    96000,
    98000,
    100000,
    102000,
    104000,
    106000,
    108000,
    110000,
    112000,
    114000,
    116000,
    118000,
    120000,
    122000,
    124000,
    126000,
    128000,
    130000,
    132000,
    134000,
    136000,
    138000,
    140000,
    142000,
    144000,
    146000,
    148000,
    150000,
    152000,
    154000,
    156000,
    158000,
    160000,
    162000,
    164000,
    166000,
    168000,
    170000,
    172000,
    174000,
    176000,
    178000,
    180000,
    182000,
    184000,
    186000,
    188000,
    190000,
    192000,
    194000,
    196000,
    198000,
    200000
  ],
  "loss": [
    4.575123310089111,
    0.25740941971421183,
    0.04283538936316036,
    0.04206361320093274,
    0.0414680041235406,
    0.041042634082678706,
    0.04071316991215572,
    0.0403600160988979,
    0.04008608864066191,
    0.03979103599810042,
    0.03949132301202044,
    0.03927664302559569,
    0.039187201463989914,
    0.039197416105913,
    0.03922620248831809,
    0.039217152217868714,
    0.039226645094295964,
    0.03926959756701253,
    0.039258573845075445,
    0.03926038392721675,
    0.039263408099487425,
    0.039258715837355705,
    0.03927891188869253,
    0.03928762502358295,
    0.03925594032453373,
    0.03926647961987183,
    0.03928066766057164,
    0.03927859479729086,
    0.03927466034805402,
    0.03926974660241976,
    0.039238315329886975,
    0.03927933929180726,
    0.039260047917766494,
    0.03925368778724223,
    0.039228488174406814,
    0.039206063246168196,
    0.03924400993664749,
    0.03925697258496657,
    0.03924015088654123,
    0.03921600736323744,
    0.03921657683998346,
    0.03920998951289803,
    0.039211699640052396,
    0.03923784399246797,
    0.03924873649836518,
    0.03924199992958456,
    0.03924210842186585,
    0.03921990686277859,
    0.03923496339530684,
    0.039230918552773074,
    0.039227545046061275,
    0.03919722085711546,
    0.03918541505583562,
    0.03919416233478114,
    0.039209647042071444,
    0.03923078576922417,
    0.03923051623958163,
    0.03922654599887319,
    0.03925130718564614,
    0.03923835155116394,
    0.039258627453865484,
    0.039274401837028565,
    0.039276013153558595,
    0.03925391337904148,
    0.039248650881415235,
    0.03923917253613472,
    0.03922970947758295,
    0.03922100785281509,
    0.03922927396800369,
    0.03922946564960293,
    0.03923166361586191,
    0.0392332864491269,
    0.039213246565451845,
    0.03919392557339743,
    0.0392097352236975,
    0.03921463952632621,
    0.03922426615110598,
    0.03921830543912947,
    0.03921193754565902,
    0.03919579142755829,
    0.03918870043884963,
    0.03920464714253321,
    0.039227484239079055,
    0.039220205642469225,
    0.03923818769138306,
    0.03923129206877202,
    0.0392452352843713,
    0.03921074923039414,
    0.03919715259908699,
    0.039215199176874015,
    0.03922357393638231,
    0.039233094271272424,
    0.03921744953589514,
    0.039221782497595996,
    0.039220190079463646,
    0.03920956633510068,
    0.039243891658028586,
    0.03922567987814546,
    0.03924523459915072,
    0.03920789220635779,
    0.039199335233634336
  ],
  "train_acc": [
    0.0152,
    0.975,
    0.975,
    0.975,
    0.975,
    0.975,
    0.975,
    0.975,
    0.975,
    0.975,
    0.975,
    0.975,
    0.975,
    0.975,
    0.975,
    0.975,
    0.975,
    0.975,
    0.975,
    0.975,
    0.975,
    0.975,
    0.975,
    0.975,
    0.975,
    0.975,
    0.975,
    0.975,
    0.975,
    0.975,
    0.975,
    0.975,
    0.975,
    0.975,
    0.975,
    0.975,
    0.975,
    0.975,
    0.975,
    0.975,
    0.975,
    0.975,
    0.975,
    0.975,
    0.975,
    0.975,
    0.975,
    0.975,
    0.975,
    0.975,
    0.975,
    0.975,
    0.975,
    0.975,
    0.975,
    0.975,
    0.975,
    0.975,
    0.975,
    0.975,
    0.975,
    0.975,
    0.975,
    0.975,
    0.975,
    0.975,
    0.975,
    0.975,
    0.975,
    0.975,
    0.975,
    0.975,
    0.975,
    0.975,
    0.975,
    0.975,
    0.975,
    0.975,
    0.975,
    0.975,
    0.975,
    0.975,
    0.975,
    0.975,
    0.975,
    0.975,
    0.975,
    0.975,
    0.975,
    0.975,
    0.975,
    0.975,
    0.975,
    0.975,
    0.975,
    0.975,
    0.975,
    0.975,
    0.975,
    0.975,
    0.975
  ],
  "test_acc": [
    0.010628122010840685,
    0.3899457965777447,
    0.39026464023806995,
    0.3896269529174195,
    0.39143373365926243,
    0.390796046338612,
    0.39068976511850356,
    0.39047720267828673,
    0.3898395153576363,
    0.3898395153576363,
    0.3909023275587204,
    0.39037092145817837,
    0.391327452439154,
    0.39100860877882876,
    0.39100860877882876,
    0.39047720267828673,
    0.39026464023806995,
    0.39068976511850356,
    0.39058348389839515,
    0.391327452439154,
    0.3898395153576363,
    0.39026464023806995,
    0.3912211712190456,
    0.39026464023806995,
    0.390796046338612,
    0.3920714209799129,
    0.3912211712190456,
    0.391327452439154,
    0.39058348389839515,
    0.3911148899989372,
    0.39143373365926243,
    0.3911148899989372,
    0.3912211712190456,
    0.3911148899989372,
    0.39037092145817837,
    0.3916462960994792,
    0.39228398342012966,
    0.3920714209799129,
    0.391327452439154,
    0.3932405144011053,
    0.39058348389839515,
    0.3930279519608885,
    0.3923902646402381,
    0.39228398342012966,
    0.3912211712190456,
    0.3917525773195876,
    0.39217770220002124,
    0.3932405144011053,
    0.3928153895206717,
    0.394197045382081,
    0.3932405144011053,
    0.39387820172175575,
    0.3928153895206717,
    0.3943033266021894,
    0.3917525773195876,
    0.3944096078222978,
    0.3930279519608885,
    0.3940907641619726,
    0.3949410139228398,
    0.39387820172175575,
    0.39472845148262303,
    0.3940907641619726,
    0.3933467956212137,
    0.3926028270804549,
    0.39377192050164733,
    0.39345307684132214,
    0.3930279519608885,
    0.39483473270273145,
    0.3943033266021894,
    0.39515357636305665,
    0.3962163885641407,
    0.39674779466468274,
    0.3958975449038155,
    0.3956849824635987,
    0.39515357636305665,
    0.3944096078222978,
    0.394197045382081,
    0.39547242002338184,
    0.39547242002338184,
    0.3962163885641407,
    0.39674779466468274,
    0.39727920076522477,
    0.39717291954511635,
    0.3978106068657668,
    0.39844829418641725,
    0.39802316930598364,
    0.39844829418641725,
    0.3974917632054416,
    0.39961738760760973,
    0.39961738760760973,
    0.3995111063875013,
    0.3991922627271761,
    0.40004251248804334,
    0.3986608566266341,
    0.3995111063875013,
    0.39759804442555,
    0.3957912636837071,
    0.3977043256456584,
    0.39887341906685087,
    0.3986608566266341,
    0.39972366882771815
  ]
}