{
  "epoch": [
    1,
    2000,
    4000,
    6000,
    8000,
    10000,
    12000,
    14000,
    16000,
    18000,
    20000,
    22000,
    24000,
    26000,
    28000,
    30000,
    32000,
    34000,
    36000,
    38000,
    40000,
    42000,
    44000,
    46000,
    48000,
    50000,
    52000,
    54000,
    56000,
    58000,
    60000,
    62000,
    64000,
    66000,
    68000,
    70000,
    72000,
    74000,
    76000,
    78000,
    80000,
    82000,
    84000,
    86000,
    88000,
    90000,
    92000,
    94000,
    96000,
    98000,
    100000,
    102000,
    104000,
    106000,
    108000,
    110000,
    112000,
    114000,
    116000,
    118000,
    120000,
    122000,
    124000,
    126000,
    128000,
    130000,
    132000,
    134000,
    136000,
    138000,
    140000,
    142000,
    144000,
    146000,
    148000,
    150000,
    152000,
    154000,
    156000,
    158000,
    160000,
    162000,
    164000,
    166000,
    168000,
    170000,
    172000,
    174000,
    176000,
    178000,
    180000,
    182000,
    184000,
    186000,
    188000,
    190000,
    192000,
    194000,
    196000,
    198000,
    200000
  ],
  "loss": [
    4.575633859634399,
    0.2756208451775058,
    0.06678825222328305,
    0.06587567398566753,
    0.0651495399300009,
    0.06461103992797435,
    0.06418117631850764,
    0.06382561325477436,
    0.06353390925191343,
    0.06332723694629967,
    0.0631499318426475,
    0.06299846817720682,
    0.06284085085876286,
    0.06271594759058208,
    0.06262436806960031,
    0.0624943737574853,
    0.06242077220454812,
    0.062281247016973795,
    0.06217348485719412,
    0.06205710356980562,
    0.061973330623377114,
    0.06186449087029323,
    0.06174611734477803,
    0.06166421218747273,
    0.061615487444680185,
    0.061409750086814166,
    0.06123757506823167,
    0.06109421545648947,
    0.060877769634872674,
    0.06065997261730954,
    0.06045485383151099,
    0.060279772386793044,
    0.06008471799008548,
    0.0599316995521076,
    0.05985875295735896,
    0.05979111560927704,
    0.059757675362657754,
    0.05975272676786408,
    0.05974912831503898,
    0.05972629862688482,
    0.05971784027442336,
    0.05974205661425367,
    0.05970978295104578,
    0.059729569593723865,
    0.05970085319690406,
    0.05972441650209948,
    0.05972186175659299,
    0.059768590795248745,
    0.05980003852574155,
    0.059781892182398585,
    0.05975528534054756,
    0.05972754381196573,
    0.059693434775434435,
    0.05968491207882762,
    0.0596910534770228,
    0.05966506130853668,
    0.05969311166703701,
    0.05965644021565095,
    0.05970844381032511,
    0.05970452722227201,
    0.05970070639811456,
    0.059726534837856886,
    0.0597288987451233,
    0.05969880847856402,
    0.05970208071963862,
    0.0596964779724367,
    0.05971176136825234,
    0.059757688790094105,
    0.059766259402316065,
    0.059743801767472175,
    0.059731737961340695,
    0.0597407048733905,
    0.05973497655801475,
    0.05975287936981767,
    0.059760615922044964,
    0.05975314742485061,
    0.05973197948168963,
    0.059741412404831495,
    0.05975372760184109,
    0.05970609188061207,
    0.05970564280468971,
    0.059733015480358156,
    0.05971964386524633,
    0.05973470356622711,
    0.05975245674606413,
    0.05973660534480587,
    0.0597370686548762,
    0.05976346837347373,
    0.05973354151053354,
    0.059702772979717704,
    0.05968323832266033,
    0.05969902987740934,
    0.0596734067316167,
    0.05971841463614255,
    0.05972387492544949,
    0.05974907728238031,
    0.05971835498297587,
    0.059724639649968596,
    0.05973900807751343,
    0.05973359676143154,
    0.059756002185493706
  ],
  "train_acc": [
    0.0174,
    0.961,
    0.961,
    0.961,
    0.961,
    0.961,
    0.961,
    0.961,
    0.961,
    0.961,
    0.961,
    0.961,
    0.961,
    0.961,
    0.961,
    0.961,
    0.961,
    0.961,
    0.961,
    0.961,
    0.961,
    0.961,
    0.961,
    0.961,
    0.961,
    0.961,
    0.961,
    0.961,
    0.961,
    0.961,
    0.961,
    0.961,
    0.961,
    0.961,
    0.961,
    0.961,
    0.961,
    0.961,
    0.961,
    0.961,
    0.961,
    0.961,
    0.961,
    0.961,
    0.961,
    0.961,
    0.961,
    0.961,
    0.961,
    0.961,
    0.961,
    0.961,
    0.961,
    0.961,
    0.961,
    0.961,
    0.961,
    0.961,
    0.961,
    0.961,
    0.961,
    0.961,
    0.961,
    0.961,
    0.961,
    0.961,
    0.961,
    0.961,
    0.961,
    0.961,
    0.961,
    0.961,
    0.961,
    0.961,
    0.961,
    0.961,
    0.961,
    0.961,
    0.961,
    0.961,
    0.961,
    0.961,
    0.961,
    0.961,
    0.961,
    0.961,
    0.961,
    0.961,
    0.961,
    0.961,
    0.961,
    0.961,
    0.961,
    0.961,
    0.961,
    0.961,
    0.961,
    0.961,
    0.961,
    0.961,
    0.961
  ],
  "test_acc": [
    0.010521840790732278,
    0.37007120841747265,
    0.3689021149962802,
    0.3713465830587735,
    0.3714528642788819,
    0.37081517695823146,
    0.3714528642788819,
    0.3695398023169306,
    0.37049633329790627,
    0.37166542671909875,
    0.37081517695823146,
    0.372515676479966,
    0.3709214581783399,
    0.3710277393984483,
    0.3706026145180147,
    0.3710277393984483,
    0.37177170793920716,
    0.37028377085768943,
    0.3711340206185567,
    0.370177489637581,
    0.37081517695823146,
    0.3706026145180147,
    0.3713465830587735,
    0.37028377085768943,
    0.37124030183866513,
    0.37209055159953236,
    0.37039005207779785,
    0.37028377085768943,
    0.3695398023169306,
    0.3698586459772558,
    0.37049633329790627,
    0.3685832713359549,
    0.369646083537039,
    0.3693272398767138,
    0.37007120841747265,
    0.3709214581783399,
    0.36996492719736424,
    0.369646083537039,
    0.37049633329790627,
    0.37028377085768943,
    0.37039005207779785,
    0.369646083537039,
    0.3706026145180147,
    0.3713465830587735,
    0.36996492719736424,
    0.370177489637581,
    0.3711340206185567,
    0.3690083962163886,
    0.370177489637581,
    0.3713465830587735,
    0.36996492719736424,
    0.37039005207779785,
    0.3709214581783399,
    0.3721968328196408,
    0.370177489637581,
    0.370177489637581,
    0.37081517695823146,
    0.370177489637581,
    0.3685832713359549,
    0.3710277393984483,
    0.3694335210968222,
    0.37007120841747265,
    0.37007120841747265,
    0.3706026145180147,
    0.37028377085768943,
    0.37049633329790627,
    0.3710277393984483,
    0.3711340206185567,
    0.3711340206185567,
    0.3706026145180147,
    0.37081517695823146,
    0.37177170793920716,
    0.37028377085768943,
    0.37155914549899033,
    0.3706026145180147,
    0.37049633329790627,
    0.37081517695823146,
    0.3727282389201828,
    0.3718779891593155,
    0.37039005207779785,
    0.3706026145180147,
    0.37081517695823146,
    0.37166542671909875,
    0.3706026145180147,
    0.37155914549899033,
    0.37155914549899033,
    0.36922095865660537,
    0.3713465830587735,
    0.3714528642788819,
    0.37124030183866513,
    0.3707088957381231,
    0.3706026145180147,
    0.37081517695823146,
    0.37039005207779785,
    0.37198427037942394,
    0.3714528642788819,
    0.3714528642788819,
    0.37209055159953236,
    0.370177489637581,
    0.37166542671909875,
    0.37485386332235093
  ]
}