{
  "epoch": [
    1,
    2000,
    4000,
    6000,
    8000,
    10000,
    12000,
    14000,
    16000,
    18000,
    20000,
    22000,
    24000,
    26000,
    28000,
    30000,
    32000,
    34000,
    36000,
    38000,
    40000,
    42000,
    44000,
    46000,
    48000,
    50000,
    52000,
    54000,
    56000,
    58000,
    60000,
    62000,
    64000,
    66000,
    68000,
    70000,
    72000,
    74000,
    76000,
    78000,
    80000,
    82000,
    84000,
    86000,
    88000,
    90000,
    92000,
    94000,
    96000,
    98000,
    100000,
    102000,
    104000,
    106000,
    108000,
    110000,
    112000,
    114000,
    116000,
    118000,
    120000,
    122000,
    124000,
    126000,
    128000,
    130000,
    132000,
    134000,
    136000,
    138000,
    140000,
    142000,
    144000,
    146000,
    148000,
    150000,
    152000,
    154000,
    156000,
    158000,
    160000,
    162000,
    164000,
    166000,
    168000,
    170000,
    172000,
    174000,
    176000,
    178000,
    180000,
    182000,
    184000,
    186000,
    188000,
    190000,
    192000,
    194000,
    196000,
    198000,
    200000
  ],
  "loss": [
    4.575181341171264,
    0.21291518892563585,
    0.004837804797566418,
    0.0047003023456913115,
    0.0046470564647128326,
    0.004622390842184026,
    0.0045978227826980024,
    0.004592008224229354,
    0.00458831840905012,
    0.004592143608118008,
    0.004580704426080739,
    0.00458217418548732,
    0.00458801714052961,
    0.004591180568558133,
    0.004587200926172771,
    0.00458936417034846,
    0.004595040605899198,
    0.004595539625675435,
    0.0045939958558779805,
    0.0045975080170136675,
    0.004606203093479743,
    0.004603183050529826,
    0.004603421022091059,
    0.004597623485068692,
    0.004597030746649029,
    0.004600251102718149,
    0.0046029295162248315,
    0.004604532191646522,
    0.0046061945498084116,
    0.004606722063947398,
    0.004605287650050027,
    0.004604318917924429,
    0.00460254298136201,
    0.004600992978199974,
    0.004598873904632098,
    0.004601233598243617,
    0.004604943208312343,
    0.004601057364960556,
    0.004604929162836999,
    0.004605020487263222,
    0.004603225525998562,
    0.004612204575082874,
    0.004616559809551199,
    0.004606420568871327,
    0.004604734321942001,
    0.004607938291576845,
    0.004605023727932899,
    0.004603429717632835,
    0.004597428119814934,
    0.0045911952904046345,
    0.004600153543970123,
    0.004601060491276789,
    0.004602859512458626,
    0.0046061857218557345,
    0.004611472330893998,
    0.004601347716601754,
    0.004601376495615939,
    0.004598319690934952,
    0.004601632876016917,
    0.004595889624950723,
    0.004598324520641539,
    0.004603222043729377,
    0.004596763318870997,
    0.004604548235641252,
    0.0046031385743498,
    0.004603395629238403,
    0.0045982543627764915,
    0.004596151622787906,
    0.004601864510173477,
    0.004603550781228128,
    0.004606728060202797,
    0.004603413741097272,
    0.004600992099159366,
    0.004599112604108738,
    0.00460824842821706,
    0.004609259349232679,
    0.004609733937477155,
    0.0046034587237044145,
    0.004608188397111051,
    0.0046049592184450585,
    0.004606921806533611,
    0.00460703434938102,
    0.004602523105423438,
    0.0046029749530495795,
    0.004604320875818137,
    0.004604103366724591,
    0.0046015706435307965,
    0.004602859371926994,
    0.004600252139415666,
    0.004601155615670207,
    0.004597017566701426,
    0.004595954007945948,
    0.0046010895012417626,
    0.004609341334625133,
    0.004605828567087144,
    0.00461327433688705,
    0.004604607310037949,
    0.004606406907317545,
    0.004607300713273938,
    0.004601398811119655,
    0.004602622054675364
  ],
  "train_acc": [
    0.0172,
    0.997,
    0.997,
    0.997,
    0.997,
    0.997,
    0.997,
    0.997,
    0.997,
    0.997,
    0.997,
    0.997,
    0.997,
    0.997,
    0.997,
    0.997,
    0.997,
    0.997,
    0.997,
    0.997,
    0.997,
    0.997,
    0.997,
    0.997,
    0.997,
    0.997,
    0.997,
    0.997,
    0.997,
    0.997,
    0.997,
    0.997,
    0.997,
    0.997,
    0.997,
    0.997,
    0.997,
    0.997,
    0.997,
    0.997,
    0.997,
    0.997,
    0.997,
    0.997,
    0.997,
    0.997,
    0.997,
    0.997,
    0.997,
    0.997,
    0.997,
    0.997,
    0.997,
    0.997,
    0.997,
    0.997,
    0.997,
    0.997,
    0.997,
    0.997,
    0.997,
    0.997,
    0.997,
    0.997,
    0.997,
    0.997,
    0.997,
    0.997,
    0.997,
    0.997,
    0.997,
    0.997,
    0.997,
    0.997,
    0.997,
    0.997,
    0.997,
    0.997,
    0.997,
    0.997,
    0.997,
    0.997,
    0.997,
    0.997,
    0.997,
    0.997,
    0.997,
    0.997,
    0.997,
    0.997,
    0.997,
    0.997,
    0.997,
    0.997,
    0.997,
    0.997,
    0.997,
    0.997,
    0.997,
    0.997,
    0.997
  ],
  "test_acc": [
    0.01147837177170794,
    0.4113083218195345,
    0.41205229036029334,
    0.41290254012116057,
    0.41332766500159424,
    0.41417791476246146,
    0.4161972579445212,
    0.4188542884472314,
    0.4262939738548199,
    0.43437134658305876,
    0.4444680624933574,
    0.4593474333085344,
    0.47114464874056755,
    0.4908066744606228,
    0.5102561377404613,
    0.5261983207567222,
    0.5403337230311404,
    0.5570198745881603,
    0.5772133064087576,
    0.5902858964820916,
    0.5992135189711978,
    0.6084599851206292,
    0.6184504198108194,
    0.6245084493569986,
    0.6372621957700074,
    0.6456584121585716,
    0.6510787543841003,
    0.652035285365076,
    0.6560739717291955,
    0.6603252205335317,
    0.662238282495483,
    0.6688277181422043,
    0.6767988096503348,
    0.6866829631204167,
    0.6929535551068127,
    0.6978424912317993,
    0.7049633329790626,
    0.7073015198214475,
    0.7060261451801466,
    0.7039005207779785,
    0.7073015198214475,
    0.7096397066638325,
    0.7092145817833989,
    0.7091083005632904,
    0.7094271442236156,
    0.7103836752045913,
    0.7158040174301201,
    0.716547985970879,
    0.711340206185567,
    0.7135721118078435,
    0.7138909554681687,
    0.7192050164735891,
    0.7217557657561908,
    0.7249442023594431,
    0.7263258582208524,
    0.7234562652779254,
    0.719417578913806,
    0.7193112976936975,
    0.7219683281964077,
    0.7156977362100116,
    0.7175045169518546,
    0.7187798915931555,
    0.72048039111489,
    0.7236688277181422,
    0.7274949516420448,
    0.7314273567860559,
    0.729620576044213,
    0.7269635455415028,
    0.7288766075034542,
    0.7269635455415028,
    0.7209055159953236,
    0.7238813901583591,
    0.7254756084599852,
    0.7335529811882241,
    0.7356786055903922,
    0.7396110107344033,
    0.7414177914762462,
    0.7391858858539696,
    0.7370602614518015,
    0.7328090126474652,
    0.733021575087682,
    0.7346157933893082,
    0.7341906685088745,
    0.7349346370496334,
    0.7339781060686577,
    0.736422574131151,
    0.7339781060686577,
    0.736422574131151,
    0.7352534807099586,
    0.7362100116909343,
    0.7371665426719098,
    0.7397172919545116,
    0.7419491975767882,
    0.7431182909979807,
    0.7427994473376555,
    0.7410989478159209,
    0.7372728238920183,
    0.7373791051121267,
    0.7301519821447551,
    0.7359974492507174,
    0.7384419173132107
  ]
}