{
  "epoch": [
    1,
    2000,
    4000,
    6000,
    8000,
    10000,
    12000,
    14000,
    16000,
    18000,
    20000,
    22000,
    24000,
    26000,
    28000,
    30000,
    32000,
    34000,
    36000,
    38000,
    40000,
    42000,
    44000,
    46000,
    48000,
    50000,
    52000,
    54000,
    56000,
    58000,
    60000,
    62000,
    64000,
    66000,
    68000,
    70000,
    72000,
    74000,
    76000,
    78000,
    80000,
    82000,
    84000,
    86000,
    88000,
    90000,
    92000,
    94000,
    96000,
    98000,
    100000,
    102000,
    104000,
    106000,
    108000,
    110000,
    112000,
    114000,
    116000,
    118000,
    120000,
    122000,
    124000,
    126000,
    128000,
    130000,
    132000,
    134000,
    136000,
    138000,
    140000,
    142000,
    144000,
    146000,
    148000,
    150000,
    152000,
    154000,
    156000,
    158000,
    160000,
    162000,
    164000,
    166000,
    168000,
    170000,
    172000,
    174000,
    176000,
    178000,
    180000,
    182000,
    184000,
    186000,
    188000,
    190000,
    192000,
    194000,
    196000,
    198000,
    200000
  ],
  "loss": [
    4.5751402378082275,
    0.2047149296598012,
    9.439866926250317e-07,
    2.2529151334254037e-07,
    2.157323337613093e-07,
    2.1352102203664457e-07,
    2.1736916336152489e-07,
    2.2290584837634243e-07,
    0.00018786074269195368,
    5.378610068504486e-07,
    0.00034997874964066896,
    0.0001090756693411329,
    4.475869988470294e-06,
    0.00019193231423389036,
    4.138832729704234e-06,
    0.0003025246481659345,
    0.0001949071548691137,
    4.413254188451532e-06,
    0.00023055456718820436,
    0.0002019077439025331,
    4.714965276501459e-06,
    0.00013705282942415878,
    0.00018266019725491064,
    4.0383059452473444e-06,
    0.0001481813376000609,
    0.0003594413591028058,
    5.171718700947281e-06,
    0.00015156696134000853,
    0.00026938088327049174,
    4.776457181936422e-06,
    0.00020955782850723068,
    0.0001585728265648683,
    2.335470113224147e-06,
    0.00026362987623989296,
    0.00026473095333046716,
    0.00015703538936464413,
    4.003243363506215e-06,
    0.00014527262793460167,
    0.0001950110447127699,
    3.8009578243134e-06,
    0.0001259282213984008,
    0.0001862008220727475,
    0.0003842426117484912,
    5.484409318671624e-06,
    0.0005528774817976846,
    0.00025018088203290745,
    4.914074217988684e-06,
    0.0003633177889040432,
    0.0002539702691095158,
    4.791471963846305e-06,
    0.00039130741650585674,
    0.00021477390764444094,
    4.437345507760426e-06,
    0.00022072360383022484,
    0.0002442576630072246,
    3.9044659778980415e-06,
    0.0003080231001827869,
    0.0001652455839164169,
    2.0969154708033953e-06,
    0.00039201707312336894,
    0.00033870277726224813,
    0.00024109462586376865,
    4.70429646584023e-06,
    0.0003294311525651693,
    0.0002543509833667649,
    4.958619947029774e-06,
    0.00023607780556699965,
    0.0002528180437528725,
    4.611017639321346e-06,
    0.00023963389384411683,
    0.00034587451842383243,
    4.827075143999337e-06,
    0.0001556258967253747,
    0.00015172742250409854,
    1.6612306152069323e-06,
    0.0003687736378501206,
    0.00021351191368452476,
    0.00020922255105383414,
    4.123249162344678e-06,
    0.00037259184565426116,
    0.00022576595902837367,
    4.113865518975501e-06,
    0.0002507107045020419,
    0.00021892670226413458,
    3.5003778031999388e-06,
    0.0003323717194415039,
    0.0003055923276797387,
    0.00023911710787022998,
    4.844019675850575e-06,
    0.00028610409582146163,
    0.0002661220221485379,
    4.764883674135944e-06,
    0.000380853018239792,
    0.000255240871724066,
    4.563057351282396e-06,
    0.00011887504251645779,
    0.00043501875609422777,
    4.90592658380109e-06,
    0.00015104363333966404,
    0.00031250574867372764,
    0.0002478700103306551
  ],
  "train_acc": [
    0.0186,
    1.0,
    1.0,
    1.0,
    1.0,
    1.0,
    1.0,
    1.0,
    1.0,
    1.0,
    1.0,
    1.0,
    1.0,
    1.0,
    1.0,
    1.0,
    1.0,
    1.0,
    1.0,
    1.0,
    1.0,
    1.0,
    1.0,
    1.0,
    1.0,
    1.0,
    1.0,
    1.0,
    1.0,
    1.0,
    1.0,
    1.0,
    1.0,
    1.0,
    1.0,
    1.0,
    1.0,
    1.0,
    1.0,
    1.0,
    1.0,
    1.0,
    1.0,
    1.0,
    1.0,
    1.0,
    1.0,
    1.0,
    1.0,
    1.0,
    1.0,
    1.0,
    1.0,
    1.0,
    1.0,
    1.0,
    1.0,
    1.0,
    1.0,
    1.0,
    1.0,
    1.0,
    1.0,
    1.0,
    1.0,
    1.0,
    1.0,
    1.0,
    1.0,
    1.0,
    1.0,
    1.0,
    1.0,
    1.0,
    1.0,
    1.0,
    1.0,
    1.0,
    1.0,
    1.0,
    1.0,
    1.0,
    1.0,
    1.0,
    1.0,
    1.0,
    1.0,
    1.0,
    1.0,
    1.0,
    1.0,
    1.0,
    1.0,
    1.0,
    1.0,
    1.0,
    1.0,
    1.0,
    1.0,
    1.0,
    1.0
  ],
  "test_acc": [
    0.011690934211924752,
    0.40588797959400574,
    0.4064193856945478,
    0.4073759166755234,
    0.4102455096184504,
    0.419810819428207,
    0.43734722074609417,
    0.4658305877351472,
    0.49792751620788606,
    0.5394834732702731,
    0.5773195876288659,
    0.6155808268678924,
    0.6662769688596025,
    0.6895525560633436,
    0.7306833882452971,
    0.7639494101392283,
    0.7795727494951642,
    0.8095440535657349,
    0.8235731746200446,
    0.8252736741417791,
    0.8582208523753853,
    0.8653416941226485,
    0.8739504729514295,
    0.8834095015410777,
    0.8904240620682325,
    0.8833032203209693,
    0.9034966521415666,
    0.9027526836008077,
    0.9029652460410246,
    0.9105112126687215,
    0.9144436178127325,
    0.9177383356360931,
    0.9106174938888298,
    0.9211393346795621,
    0.9226272717610798,
    0.9141247741524072,
    0.924752896163248,
    0.9237963651822723,
    0.9262408332447657,
    0.9261345520246572,
    0.9283664576469338,
    0.9318737379105112,
    0.908066744606228,
    0.9334679562121373,
    0.9341056435327878,
    0.9095546816877458,
    0.9351684557338719,
    0.938356892337124,
    0.9222021468806462,
    0.9360187054947391,
    0.9375066425762568,
    0.9369752364757148,
    0.9366563928153895,
    0.9381443298969072,
    0.9399511106387501,
    0.9363375491550643,
    0.940695079179509,
    0.9426081411414603,
    0.9366563928153895,
    0.9420767350409183,
    0.9439897970028696,
    0.918482304176852,
    0.9389945796577744,
    0.9427144223615687,
    0.9309172069295355,
    0.9423955787012435,
    0.9433521096822192,
    0.9414390477202679,
    0.9422892974811351,
    0.9439897970028696,
    0.9462217026251462,
    0.9449463279838453,
    0.9451588904240621,
    0.9478159209267722,
    0.9426081411414603,
    0.946965671165905,
    0.9460091401849293,
    0.9476033584865554,
    0.9450526092039536,
    0.9488787331278563,
    0.9504729514294824,
    0.9468593899457965,
    0.9476033584865554,
    0.9479222021468806,
    0.9446274843235201,
    0.946965671165905,
    0.94930385800829,
    0.9251780210436816,
    0.9495164204485067,
    0.9488787331278563,
    0.943033266021894,
    0.9480284833669891,
    0.9489850143479647,
    0.9489850143479647,
    0.9496227016686152,
    0.9510043575300244,
    0.9533425443724094,
    0.9496227016686152,
    0.9522797321713253,
    0.953236263152301,
    0.9257094271442237
  ]
}