{
  "epoch": [
    1,
    2000,
    4000,
    6000,
    8000,
    10000,
    12000,
    14000,
    16000,
    18000,
    20000,
    22000,
    24000,
    26000,
    28000,
    30000,
    32000,
    34000,
    36000,
    38000,
    40000,
    42000,
    44000,
    46000,
    48000,
    50000,
    52000,
    54000,
    56000,
    58000,
    60000,
    62000,
    64000,
    66000,
    68000,
    70000,
    72000,
    74000,
    76000,
    78000,
    80000,
    82000,
    84000,
    86000,
    88000,
    90000,
    92000,
    94000,
    96000,
    98000,
    100000,
    102000,
    104000,
    106000,
    108000,
    110000,
    112000,
    114000,
    116000,
    118000,
    120000,
    122000,
    124000,
    126000,
    128000,
    130000,
    132000,
    134000,
    136000,
    138000,
    140000,
    142000,
    144000,
    146000,
    148000,
    150000,
    152000,
    154000,
    156000,
    158000,
    160000,
    162000,
    164000,
    166000,
    168000,
    170000,
    172000,
    174000,
    176000,
    178000,
    180000,
    182000,
    184000,
    186000,
    188000,
    190000,
    192000,
    194000,
    196000,
    198000,
    200000
  ],
  "loss": [
    4.575869607925415,
    0.20262156716451896,
    0.0005952716189181025,
    0.0005758930834803359,
    0.0005645660072627329,
    0.0005614048089231823,
    0.0005598804344253253,
    0.0005593120736313367,
    0.0005605882206173938,
    0.0005612014096214843,
    0.000559413581136156,
    0.00055821966281095,
    0.0005597098279251661,
    0.0005588845482857047,
    0.0005579342759320639,
    0.0005582165803200879,
    0.000557666114059252,
    0.000558137382996145,
    0.0005580344669613674,
    0.0005572286549928457,
    0.0005576255390072852,
    0.0005576658443988989,
    0.0005584366064500742,
    0.0005588081465507614,
    0.0005570280779449306,
    0.0005575118169433708,
    0.0005562080675655352,
    0.0005567061118260881,
    0.0005567358346230414,
    0.0005571223320373548,
    0.0005568212301425988,
    0.0005581281372913587,
    0.0005561004975273989,
    0.0005567710530964319,
    0.0005565755266067434,
    0.0005576950681936239,
    0.0005568785349844589,
    0.0005566527167942006,
    0.0005577176184228044,
    0.0005585984957749759,
    0.0005577014476416103,
    0.0005578750903500605,
    0.0005575877304619638,
    0.0005573749920270658,
    0.0005561849422453044,
    0.0005562496710773595,
    0.000557538684965131,
    0.0005568068184397006,
    0.0005576097479936174,
    0.0005567227511107994,
    0.0005570780369409938,
    0.0005574606449086886,
    0.0005575626119383529,
    0.000557653780018488,
    0.0005577886680078947,
    0.0005567642495012173,
    0.0005573889398284308,
    0.0005581605209327222,
    0.0005578593028937554,
    0.0005585349058235984,
    0.0005586504512648297,
    0.0005584914261702934,
    0.0005573755239135736,
    0.0005577869798300604,
    0.0005567041140938343,
    0.0005564064356067156,
    0.0005576014526512154,
    0.000557685530067608,
    0.0005573897975627268,
    0.0005564198787641857,
    0.0005566457730214104,
    0.0005563746622482718,
    0.0005566923947203712,
    0.0005582666491412766,
    0.0005581915673418394,
    0.0005575657917393656,
    0.0005576289138493294,
    0.0005580872457222483,
    0.0005578251800964424,
    0.0005570846101656201,
    0.0005576221740205937,
    0.0005578840347132563,
    0.0005565507587761885,
    0.000557231821984724,
    0.000557242689366592,
    0.0005576040026263442,
    0.0005575063641182368,
    0.0005579998289462964,
    0.0005571895192727382,
    0.0005576608388166065,
    0.0005579099190915237,
    0.0005572990664271878,
    0.0005565909995137468,
    0.0005575151739899049,
    0.0005560611219504097,
    0.0005562407175198715,
    0.0005573188828780552,
    0.0005578323884442277,
    0.0005574419759236762,
    0.0005578441343931032,
    0.0005567701439495358
  ],
  "train_acc": [
    0.0178,
    0.9996,
    0.9996,
    0.9996,
    0.9996,
    0.9996,
    0.9996,
    0.9996,
    0.9996,
    0.9996,
    0.9996,
    0.9996,
    0.9996,
    0.9996,
    0.9996,
    0.9996,
    0.9996,
    0.9996,
    0.9996,
    0.9996,
    0.9996,
    0.9996,
    0.9996,
    0.9996,
    0.9996,
    0.9996,
    0.9996,
    0.9996,
    0.9996,
    0.9996,
    0.9996,
    0.9996,
    0.9996,
    0.9996,
    0.9996,
    0.9996,
    0.9996,
    0.9996,
    0.9996,
    0.9996,
    0.9996,
    0.9996,
    0.9996,
    0.9996,
    0.9996,
    0.9996,
    0.9996,
    0.9996,
    0.9996,
    0.9996,
    0.9996,
    0.9996,
    0.9996,
    0.9996,
    0.9996,
    0.9996,
    0.9996,
    0.9996,
    0.9996,
    0.9996,
    0.9996,
    0.9996,
    0.9996,
    0.9996,
    0.9996,
    0.9996,
    0.9996,
    0.9996,
    0.9996,
    0.9996,
    0.9996,
    0.9996,
    0.9996,
    0.9996,
    0.9996,
    0.9996,
    0.9996,
    0.9996,
    0.9996,
    0.9996,
    0.9996,
    0.9996,
    0.9996,
    0.9996,
    0.9996,
    0.9996,
    0.9996,
    0.9996,
    0.9996,
    0.9996,
    0.9996,
    0.9996,
    0.9996,
    0.9996,
    0.9996,
    0.9996,
    0.9996,
    0.9996,
    0.9996,
    0.9996,
    0.9996
  ],
  "test_acc": [
    0.01211605909235838,
    0.4119460091401849,
    0.4131151025613774,
    0.41545328940376236,
    0.42204272505048357,
    0.4337336592624083,
    0.456371559145499,
    0.49548304814539273,
    0.5375704113083218,
    0.5796577744712509,
    0.6095227973217132,
    0.6339674779466469,
    0.6519290041449676,
    0.6636199383568924,
    0.6750983101286003,
    0.6881709002019343,
    0.7004995217345095,
    0.7064512700605803,
    0.719948985014348,
    0.7295142948241046,
    0.7365288553512594,
    0.7420554787968966,
    0.7446062280794984,
    0.7501328515251355,
    0.7569348496120736,
    0.7603358486555426,
    0.7621426293973855,
    0.7654373472207461,
    0.7671378467424806,
    0.7670315655223722,
    0.7700074396854076,
    0.7691571899245403,
    0.7665001594218301,
    0.7700074396854076,
    0.7685195026038899,
    0.7746838133701774,
    0.7746838133701774,
    0.7755340631310448,
    0.7772345626527792,
    0.7768094377723457,
    0.7736210011690934,
    0.7760654692315868,
    0.7807418429163567,
    0.7837177170793921,
    0.7863747475821022,
    0.7880752471038368,
    0.7871187161228611,
    0.7921139334679562,
    0.7892443405250292,
    0.7893506217451376,
    0.7891380593049209,
    0.7903071527261133,
    0.7887129344244872,
    0.7898820278456796,
    0.7932830268891486,
    0.7948772451907747,
    0.7964714634924009,
    0.7976405569135934,
    0.7992347752152195,
    0.8025294930385801,
    0.8048676798809651,
    0.8022106493782548,
    0.8007227122967372,
    0.8024232118184716,
    0.8042299925603146,
    0.8048676798809651,
    0.8060367733021575,
    0.8057179296418323,
    0.8062493357423743,
    0.8072058667233499,
    0.8059304920820491,
    0.8077372728238921,
    0.8067807418429164,
    0.8059304920820491,
    0.8050802423211818,
    0.8049739611010734,
    0.8042299925603146,
    0.8042299925603146,
    0.8063556169624827,
    0.8041237113402062,
    0.8017855244978213,
    0.8026357742586885,
    0.8017855244978213,
    0.8028483366989053,
    0.8005101498565204,
    0.8032734615793389,
    0.8029546179190137,
    0.8012541183972792,
    0.8001913061961952,
    0.7990222127750026,
    0.8027420554787968,
    0.8039111488999894,
    0.8027420554787968,
    0.8027420554787968,
    0.8045488362206398,
    0.8048676798809651,
    0.8049739611010734,
    0.8078435540440004,
    0.8070995855032416,
    0.8074184291635668,
    0.8060367733021575
  ]
}