{
  "epoch": [
    1,
    2000,
    4000,
    6000,
    8000,
    10000,
    12000,
    14000,
    16000,
    18000,
    20000,
    22000,
    24000,
    26000,
    28000,
    30000,
    32000,
    34000,
    36000,
    38000,
    40000,
    42000,
    44000,
    46000,
    48000,
    50000
  ],
  "loss": [
    4.57591667175293,
    0.20172643170976093,
    8.67767435011757e-07,
    2.1389722248059684e-07,
    2.1138509062197385e-07,
    2.0974140265792585e-07,
    2.1370438228416333e-07,
    0.00025655989360594587,
    1.6899001652454614e-06,
    0.00033754150106088903,
    0.00014570880181479922,
    4.093410766312644e-06,
    0.00011732077212030206,
    0.00011868956347930037,
    2.439216733213101e-06,
    0.00039183288396443957,
    0.00028047309579434554,
    4.218999618317553e-06,
    0.00031605628353014484,
    0.00034778042216553116,
    4.031717260654943e-06,
    0.0005306032583343558,
    0.0002230884289063347,
    0.0001685684598349688,
    3.885092729935736e-06,
    0.0004314472637611104
  ],
  "train_acc": [
    0.0178,
    1.0,
    1.0,
    1.0,
    1.0,
    1.0,
    1.0,
    1.0,
    1.0,
    1.0,
    1.0,
    1.0,
    1.0,
    1.0,
    1.0,
    1.0,
    1.0,
    1.0,
    1.0,
    1.0,
    1.0,
    1.0,
    1.0,
    1.0,
    1.0,
    1.0
  ],
  "test_acc": [
    0.012222340312466787,
    0.4109894781592093,
    0.4119460091401849,
    0.4146030396428951,
    0.4209799128493995,
    0.44478690615368266,
    0.49612073546604313,
    0.5429907535338506,
    0.6302476352428525,
    0.6905090870443192,
    0.748432352003401,
    0.8041237113402062,
    0.844298012541184,
    0.8618344138590711,
    0.8836220639812945,
    0.9099798065681795,
    0.9182697417366351,
    0.9298543947284514,
    0.9389945796577744,
    0.9433521096822192,
    0.9444149218833032,
    0.9530237007120842,
    0.9547242002338187,
    0.9552556063343607,
    0.9591880114783717,
    0.9607822297799978
  ]
}