{
  "epoch": [
    1,
    2000,
    4000,
    6000,
    8000,
    10000,
    12000,
    14000,
    16000,
    18000,
    20000,
    22000,
    24000,
    26000,
    28000,
    30000,
    32000,
    34000,
    36000,
    38000,
    40000,
    42000,
    44000,
    46000,
    48000,
    50000,
    52000,
    54000,
    56000,
    58000,
    60000,
    62000
  ],
  "loss": [
    4.576176118850708,
    0.19897807876426102,
    8.23737021310933e-07,
    2.112978780267838e-07,
    2.0661334858473878e-07,
    2.057649400306616e-07,
    2.0552721803852593e-07,
    0.00014959409824322735,
    7.090243304077148e-07,
    0.00011871786609545793,
    0.00027348183767115516,
    5.203116246961059e-06,
    0.0001649685894227062,
    0.00025603925119604726,
    5.114236827110119e-06,
    0.0003821612828768153,
    3.691515930003675e-06,
    0.0003613033681970691,
    0.0002642222185247732,
    0.0002343935820987646,
    4.4947689365614e-06,
    0.00031258363044515676,
    0.0004042842599263196,
    5.303913111735881e-06,
    0.00030838868380542194,
    0.0002668501396271928,
    4.3660456393809e-06,
    0.0003290150479254244,
    0.00022462673193152582,
    4.173262627794827e-06,
    0.0002427569999331169,
    0.0003057004585380106
  ],
  "train_acc": [
    0.021,
    1.0,
    1.0,
    1.0,
    1.0,
    1.0,
    1.0,
    1.0,
    1.0,
    1.0,
    1.0,
    1.0,
    1.0,
    1.0,
    1.0,
    1.0,
    1.0,
    1.0,
    1.0,
    1.0,
    1.0,
    1.0,
    1.0,
    1.0,
    1.0,
    1.0,
    1.0,
    1.0,
    1.0,
    1.0,
    1.0,
    1.0
  ],
  "test_acc": [
    0.012966308853225635,
    0.4081198852162823,
    0.4093952598575832,
    0.41258369646083537,
    0.42310553725156763,
    0.4532894037623552,
    0.5023913274524392,
    0.553300031884366,
    0.6230205122754809,
    0.6863641194600913,
    0.7179296418322882,
    0.7805292804761399,
    0.8092252099054097,
    0.7961526198320756,
    0.875119566372622,
    0.8838346264215113,
    0.900733340418748,
    0.9181634605165268,
    0.9267722393453077,
    0.9065788075247104,
    0.9389945796577744,
    0.9409076416197258,
    0.9241152088425975,
    0.9480284833669891,
    0.9510043575300244,
    0.9508980763099161,
    0.949835264108832,
    0.9544053565734935,
    0.956105856095228,
    0.9553618875544692,
    0.9579126368370708,
    0.9580189180571793
  ]
}