{
  "epoch": [
    1,
    2000,
    4000,
    6000,
    8000,
    10000,
    12000,
    14000,
    16000,
    18000,
    20000,
    22000,
    24000,
    26000,
    28000,
    30000,
    32000,
    34000,
    36000,
    38000,
    40000,
    42000,
    44000,
    46000,
    48000,
    50000,
    52000,
    54000,
    56000,
    58000,
    60000,
    62000,
    64000,
    66000,
    68000,
    70000,
    72000,
    74000,
    76000,
    78000,
    80000,
    82000,
    84000,
    86000,
    88000,
    90000,
    92000,
    94000,
    96000,
    98000,
    100000,
    102000,
    104000,
    106000,
    108000,
    110000,
    112000,
    114000,
    116000,
    118000,
    120000,
    122000,
    124000,
    126000,
    128000,
    130000,
    132000,
    134000,
    136000,
    138000,
    140000,
    142000,
    144000,
    146000,
    148000,
    150000,
    152000,
    154000,
    156000,
    158000,
    160000,
    162000,
    164000,
    166000,
    168000,
    170000,
    172000,
    174000,
    176000,
    178000,
    180000,
    182000,
    184000,
    186000,
    188000,
    190000,
    192000,
    194000,
    196000,
    198000,
    200000
  ],
  "loss": [
    4.57632303237915,
    0.20761866427858114,
    0.0075440908654871176,
    0.007348152513891901,
    0.00726431070020884,
    0.007247263715390453,
    0.007221754190970787,
    0.007215105695044976,
    0.007202962958172481,
    0.007196066895233443,
    0.007198610019097981,
    0.007197858827304394,
    0.007201848185147251,
    0.007195591310334867,
    0.007198826759360695,
    0.007199934910711895,
    0.007200937444261078,
    0.00720999592080859,
    0.0072111300039944,
    0.007211554155110341,
    0.007213559073509559,
    0.0072204571686777215,
    0.00723033287512158,
    0.007233662324667919,
    0.007231260139554685,
    0.0072369832681902,
    0.0072336915952405335,
    0.007230220872454136,
    0.0072359025998379,
    0.007239247998025695,
    0.007235125854458215,
    0.007238607994877776,
    0.007230268367493823,
    0.007232296118991196,
    0.007235241696075201,
    0.007233372213498388,
    0.00722356222812727,
    0.007231825316934555,
    0.007239841971026284,
    0.007234891983383972,
    0.0072274255698326325,
    0.0072298646891596945,
    0.007229827607395513,
    0.00722899995535394,
    0.0072404484779907945,
    0.007230598190447446,
    0.007228924307238291,
    0.0072266341880423395,
    0.007232794522331709,
    0.007240550850332011,
    0.00723183718195485,
    0.007227971445868127,
    0.007226552639766504,
    0.00722542004521715,
    0.007224526581424551,
    0.007220059883933935,
    0.007229756854957949,
    0.007225919408926679,
    0.007228206025575915,
    0.007231029517454444,
    0.007232623987917772,
    0.007221316551306815,
    0.007217840124875016,
    0.007220622260809161,
    0.007226924647532316,
    0.007232905922492968,
    0.007235426583356539,
    0.007234408194640022,
    0.007225897822200408,
    0.007225027576782776,
    0.007223622288825389,
    0.007223889402876963,
    0.0072271199416972165,
    0.007225568868186494,
    0.007226947631072481,
    0.00722396352803453,
    0.007225859553606948,
    0.007230287619205981,
    0.007233934470100849,
    0.007231478412480018,
    0.007237200202747033,
    0.007236084729897256,
    0.007238048590461831,
    0.007226582694094593,
    0.0072337033562282545,
    0.0072299174897490215,
    0.007225268484917063,
    0.007220676956784997,
    0.007232372257171454,
    0.007234193700019568,
    0.007229870824143989,
    0.007230485029197324,
    0.007231565633810305,
    0.007226768410818785,
    0.007236119686387431,
    0.007231542228989765,
    0.0072298775794921695,
    0.007231096681371864,
    0.007234193089745015,
    0.007240666212986339,
    0.007234931994398974
  ],
  "train_acc": [
    0.0208,
    0.9954,
    0.9954,
    0.9954,
    0.9954,
    0.9954,
    0.9954,
    0.9954,
    0.9954,
    0.9954,
    0.9954,
    0.9954,
    0.9954,
    0.9954,
    0.9954,
    0.9954,
    0.9954,
    0.9954,
    0.9954,
    0.9954,
    0.9954,
    0.9954,
    0.9954,
    0.9954,
    0.9954,
    0.9954,
    0.9954,
    0.9954,
    0.9954,
    0.9954,
    0.9954,
    0.9954,
    0.9954,
    0.9954,
    0.9954,
    0.9954,
    0.9954,
    0.9954,
    0.9954,
    0.9954,
    0.9954,
    0.9954,
    0.9954,
    0.9954,
    0.9954,
    0.9954,
    0.9954,
    0.9954,
    0.9954,
    0.9954,
    0.9954,
    0.9954,
    0.9954,
    0.9954,
    0.9954,
    0.9954,
    0.9954,
    0.9954,
    0.9954,
    0.9954,
    0.9954,
    0.9954,
    0.9954,
    0.9954,
    0.9954,
    0.9954,
    0.9954,
    0.9954,
    0.9954,
    0.9954,
    0.9954,
    0.9954,
    0.9954,
    0.9954,
    0.9954,
    0.9954,
    0.9954,
    0.9954,
    0.9954,
    0.9954,
    0.9954,
    0.9954,
    0.9954,
    0.9954,
    0.9954,
    0.9954,
    0.9954,
    0.9954,
    0.9954,
    0.9954,
    0.9954,
    0.9954,
    0.9954,
    0.9954,
    0.9954,
    0.9954,
    0.9954,
    0.9954,
    0.9954,
    0.9954,
    0.9954
  ],
  "test_acc": [
    0.012860027633117228,
    0.4069507917950898,
    0.40801360399617387,
    0.4093952598575832,
    0.41056435327877566,
    0.41215857158040176,
    0.41364650866191943,
    0.4159846955043044,
    0.4188542884472314,
    0.4234243809118929,
    0.4288447231374216,
    0.4317143160803486,
    0.4362844085450101,
    0.4458497183547667,
    0.45732809012647463,
    0.47103836752045913,
    0.48389839515357636,
    0.4967584227866936,
    0.5077053884578595,
    0.5186523541290254,
    0.5288553512594325,
    0.5385269422892974,
    0.54702943989797,
    0.5558507811669678,
    0.5603145924115209,
    0.5687108088000851,
    0.5743437134658306,
    0.5843341481560208,
    0.5859283664576469,
    0.5960250823679456,
    0.603464767775534,
    0.6065469231586779,
    0.6143054522265916,
    0.6208948878733128,
    0.6261026676586248,
    0.6242958869167818,
    0.6318418535444786,
    0.6363056647890318,
    0.6354554150281645,
    0.6398129450526092,
    0.6489531299819322,
    0.6519290041449676,
    0.6558614092889786,
    0.6576681900308216,
    0.655436284408545,
    0.6534169412264853,
    0.6619194388351578,
    0.6620257200552663,
    0.6614943139547242,
    0.6638325007971092,
    0.6676586247210118,
    0.673716654267191,
    0.6726538420661069,
    0.6707407801041556,
    0.6736103730470826,
    0.6757359974492507,
    0.6758422786693591,
    0.6752045913487087,
    0.6748857476883835,
    0.6675523435009034,
    0.6721224359655649,
    0.6706344988840471,
    0.6724412796258901,
    0.6762674035497928,
    0.679987246253587,
    0.6813689021149962,
    0.6755234350090339,
    0.6715910298650228,
    0.6720161547454565,
    0.6772239345307685,
    0.6794558401530449,
    0.682856839196514,
    0.6827505579764056,
    0.682856839196514,
    0.6816877457753215,
    0.6821128706557551,
    0.6877457753215007,
    0.6910404931448613,
    0.6831756828568392,
    0.6826442767562971,
    0.6843447762780317,
    0.683919651397598,
    0.6783930279519609,
    0.6811563396747795,
    0.6860452757997662,
    0.6847699011584653,
    0.683919651397598,
    0.683919651397598,
    0.6827505579764056,
    0.6859389945796578,
    0.681050058454671,
    0.6814751833351047,
    0.6809437772345627,
    0.6843447762780317,
    0.6842384950579232,
    0.6831756828568392,
    0.6821128706557551,
    0.6830694016367308,
    0.6863641194600913,
    0.690190243383994,
    0.6936975236475714
  ]
}