{
  "epoch": [
    1,
    2000,
    4000,
    6000,
    8000,
    10000,
    12000,
    14000,
    16000,
    18000,
    20000,
    22000,
    24000,
    26000,
    28000,
    30000,
    32000,
    34000,
    36000,
    38000,
    40000,
    42000,
    44000,
    46000,
    48000,
    50000,
    52000,
    54000,
    56000,
    58000,
    60000,
    62000,
    64000,
    66000,
    68000,
    70000,
    72000,
    74000,
    76000,
    78000,
    80000,
    82000,
    84000,
    86000,
    88000,
    90000,
    92000,
    94000,
    96000,
    98000,
    100000,
    102000,
    104000,
    106000,
    108000,
    110000,
    112000,
    114000,
    116000,
    118000,
    120000,
    122000,
    124000,
    126000,
    128000,
    130000,
    132000,
    134000,
    136000,
    138000,
    140000,
    142000,
    144000,
    146000,
    148000,
    150000,
    152000,
    154000,
    156000,
    158000,
    160000,
    162000,
    164000,
    166000,
    168000,
    170000,
    172000,
    174000,
    176000,
    178000,
    180000,
    182000,
    184000,
    186000,
    188000,
    190000,
    192000,
    194000,
    196000,
    198000,
    200000
  ],
  "loss": [
    4.575215578079224,
    0.2096373742455725,
    0.0036888719092354064,
    0.003580569263014662,
    0.003525265329961934,
    0.0035061786578597237,
    0.0034977153895861725,
    0.0034970522683806216,
    0.003496330792429043,
    0.003493809964907352,
    0.0034929644859919484,
    0.00349329208564663,
    0.0034972224269411824,
    0.003498512833079028,
    0.0035019253421365087,
    0.0035095232247296083,
    0.0035108825056480923,
    0.0035090451348254014,
    0.003512791185562395,
    0.003510853977124386,
    0.00350792625638997,
    0.003513414948418822,
    0.003512789465341776,
    0.003512145452115404,
    0.003508622923510398,
    0.003506272812580395,
    0.0035051493983185304,
    0.0035050882331873518,
    0.0035013822641860736,
    0.0034974826846383136,
    0.0035008081362043536,
    0.0035015356769829047,
    0.0034999918412194787,
    0.003500372902363363,
    0.0035013964638808148,
    0.003500621372207507,
    0.003506227555083155,
    0.0035120272205974574,
    0.00351408128719733,
    0.003508242662721362,
    0.003506924962970742,
    0.003502419428910882,
    0.003497640300940099,
    0.0035022012489533652,
    0.003501074168226796,
    0.0035015323713872555,
    0.003507729222488934,
    0.0035058053379481793,
    0.003504686116949447,
    0.003505811115809049,
    0.0035081820681721943,
    0.003501602023340925,
    0.003500585614962742,
    0.0035031838978750417,
    0.003498256964240941,
    0.0035015407749054055,
    0.00350260187629691,
    0.0034962322542902518,
    0.0035020064442000767,
    0.0035057003556312125,
    0.0035048978088157772,
    0.003505315969871598,
    0.003503086659982769,
    0.0035022433864483537,
    0.00349951827764836,
    0.0035097424204438375,
    0.0035101114305912447,
    0.0035069958673792975,
    0.003507261454057175,
    0.0034979092154671775,
    0.003497199177415634,
    0.0035021716604268535,
    0.0035144644363778277,
    0.0035094858540081356,
    0.0035166406755349606,
    0.0035126973065254348,
    0.003517380085728493,
    0.0035162177691522344,
    0.0035041024348260166,
    0.0035098105455914743,
    0.0035050409828468014,
    0.003503653050688142,
    0.00350324399231622,
    0.0035043160641232488,
    0.003508760038919278,
    0.0035073677942206566,
    0.0035076757115284165,
    0.0035063226051453775,
    0.0035150458050639366,
    0.0035091734761794483,
    0.003508340291804852,
    0.0035117885504774436,
    0.0035107474777119636,
    0.0035140583411518763,
    0.0035127908321515703,
    0.003511634837011932,
    0.0035054588333162024,
    0.003508345572259965,
    0.0035064097389205626,
    0.0035042728958870973,
    0.003510681192223385
  ],
  "train_acc": [
    0.0174,
    0.9978,
    0.9978,
    0.9978,
    0.9978,
    0.9978,
    0.9978,
    0.9978,
    0.9978,
    0.9978,
    0.9978,
    0.9978,
    0.9978,
    0.9978,
    0.9978,
    0.9978,
    0.9978,
    0.9978,
    0.9978,
    0.9978,
    0.9978,
    0.9978,
    0.9978,
    0.9978,
    0.9978,
    0.9978,
    0.9978,
    0.9978,
    0.9978,
    0.9978,
    0.9978,
    0.9978,
    0.9978,
    0.9978,
    0.9978,
    0.9978,
    0.9978,
    0.9978,
    0.9978,
    0.9978,
    0.9978,
    0.9978,
    0.9978,
    0.9978,
    0.9978,
    0.9978,
    0.9978,
    0.9978,
    0.9978,
    0.9978,
    0.9978,
    0.9978,
    0.9978,
    0.9978,
    0.9978,
    0.9978,
    0.9978,
    0.9978,
    0.9978,
    0.9978,
    0.9978,
    0.9978,
    0.9978,
    0.9978,
    0.9978,
    0.9978,
    0.9978,
    0.9978,
    0.9978,
    0.9978,
    0.9978,
    0.9978,
    0.9978,
    0.9978,
    0.9978,
    0.9978,
    0.9978,
    0.9978,
    0.9978,
    0.9978,
    0.9978,
    0.9978,
    0.9978,
    0.9978,
    0.9978,
    0.9978,
    0.9978,
    0.9978,
    0.9978,
    0.9978,
    0.9978,
    0.9978,
    0.9978,
    0.9978,
    0.9978,
    0.9978,
    0.9978,
    0.9978,
    0.9978,
    0.9978,
    0.9978
  ],
  "test_acc": [
    0.011690934211924752,
    0.413008821341269,
    0.4127962589010522,
    0.41417791476246146,
    0.4168349452651716,
    0.4173663513657137,
    0.42151131894994154,
    0.42735678605590394,
    0.43809118928685303,
    0.45286427888192154,
    0.4722074609416516,
    0.4956956105856095,
    0.5257731958762887,
    0.5523435009033903,
    0.5827399298543947,
    0.6077160165798703,
    0.6289722606015518,
    0.641300882134127,
    0.6551174407482198,
    0.6650015942183016,
    0.6757359974492507,
    0.6863641194600913,
    0.6905090870443192,
    0.6965671165904984,
    0.7010309278350515,
    0.7077266447018812,
    0.7149537676692529,
    0.7184610479328303,
    0.7235625464980338,
    0.7265384206610692,
    0.7289828887235625,
    0.7337655436284408,
    0.7346157933893082,
    0.7380167924327772,
    0.7388670421936444,
    0.7417366351365714,
    0.743755978318631,
    0.7477946646827506,
    0.7497077266447019,
    0.7520459134870868,
    0.7504516951854607,
    0.7501328515251355,
    0.7536401317887129,
    0.7584227866935912,
    0.7641619725794452,
    0.7660750345413966,
    0.769582314804974,
    0.7666064406419386,
    0.7690509087044319,
    0.7655436284408546,
    0.7654373472207461,
    0.7624614730577107,
    0.770645127006058,
    0.7702200021256244,
    0.7743649697098522,
    0.7718142204272505,
    0.7709639706663832,
    0.7751089382506111,
    0.7751089382506111,
    0.7691571899245403,
    0.7702200021256244,
    0.7692634711446488,
    0.7696885960250823,
    0.7717079392071421,
    0.776915718992454,
    0.7690509087044319,
    0.7713890955468169,
    0.7759591880114783,
    0.7741524072696354,
    0.7711765331066001,
    0.7738335636093102,
    0.7779785311935381,
    0.7801041555957062,
    0.7824423424380912,
    0.7782973748538633,
    0.7798915931554894,
    0.7820172175576575,
    0.7784036560739718,
    0.782123498777766,
    0.7870124349027526,
    0.7840365607397173,
    0.7812732490168988,
    0.7833988734190669,
    0.7816983738973323,
    0.7825486236581995,
    0.776915718992454,
    0.7765968753321288,
    0.7771282814326709,
    0.7793601870549474,
    0.781592092677224,
    0.7765968753321288,
    0.77585290679137,
    0.7721330640875758,
    0.7711765331066001,
    0.7723456265277925,
    0.7755340631310448,
    0.7780848124136465,
    0.7809544053565735,
    0.7807418429163567,
    0.7780848124136465,
    0.7754277819109363
  ]
}