{
  "epoch": [
    1,
    2000,
    4000,
    6000,
    8000,
    10000,
    12000,
    14000,
    16000,
    18000,
    20000,
    22000,
    24000,
    26000,
    28000,
    30000,
    32000,
    34000,
    36000,
    38000,
    40000,
    42000,
    44000,
    46000,
    48000,
    50000,
    52000,
    54000,
    56000,
    58000,
    60000,
    62000,
    64000,
    66000,
    68000,
    70000,
    72000,
    74000,
    76000,
    78000,
    80000,
    82000,
    84000,
    86000,
    88000,
    90000,
    92000,
    94000,
    96000,
    98000,
    100000,
    102000,
    104000,
    106000,
    108000,
    110000,
    112000,
    114000,
    116000,
    118000,
    120000,
    122000,
    124000,
    126000,
    128000,
    130000,
    132000,
    134000,
    136000,
    138000,
    140000,
    142000,
    144000,
    146000,
    148000,
    150000,
    152000,
    154000,
    156000,
    158000,
    160000,
    162000,
    164000,
    166000,
    168000,
    170000,
    172000,
    174000,
    176000,
    178000,
    180000,
    182000,
    184000,
    186000,
    188000,
    190000,
    192000,
    194000,
    196000,
    198000,
    200000
  ],
  "loss": [
    4.576150417327881,
    0.26085554923323645,
    0.05275910716578364,
    0.05187622595364228,
    0.051163627895340326,
    0.05061237661764026,
    0.050220466080028565,
    0.049938180032279345,
    0.049716823561675845,
    0.04944824769180268,
    0.04924794096201658,
    0.04903405245998874,
    0.04879651454342529,
    0.04855133674424142,
    0.048296647525113076,
    0.04800020231083035,
    0.04775449969959445,
    0.0475515253784135,
    0.04741005865838379,
    0.04730746112568304,
    0.04728086350774392,
    0.047278610760346056,
    0.04729888950837776,
    0.04730020892927423,
    0.0473308941045776,
    0.04730427570855245,
    0.04734380970010534,
    0.047356332876812665,
    0.04737457221364602,
    0.04736155495736748,
    0.04736178504247218,
    0.0473825253191404,
    0.04736882176715881,
    0.047359091755142434,
    0.047300006273575126,
    0.04730373343266547,
    0.04730771157257259,
    0.047272716008313,
    0.04730418217163533,
    0.047285400740988554,
    0.047309779451228676,
    0.0473470640886575,
    0.04732521100221202,
    0.04733039973340929,
    0.04728744076164439,
    0.04729281045049429,
    0.04733913452066481,
    0.04731145418966189,
    0.04729629867458716,
    0.04728607383351773,
    0.04731540704453364,
    0.04730447303010151,
    0.0472874519944191,
    0.04729119430072606,
    0.047292160301003604,
    0.04727062273686752,
    0.04725194573206827,
    0.04728051576791331,
    0.04730342039596289,
    0.04731073799142614,
    0.04732834558933973,
    0.04731072887172923,
    0.04729856273503974,
    0.047251925107557324,
    0.04725936505859718,
    0.047278621343709526,
    0.047276993030309675,
    0.04730131613081321,
    0.04730825558081269,
    0.04730234793312848,
    0.04726171509930864,
    0.047279575974401085,
    0.04726187213733792,
    0.04729203553451225,
    0.047292999189533294,
    0.04730186125850305,
    0.04730254530180246,
    0.04727051833868027,
    0.04727359810043126,
    0.047298683468438685,
    0.04727894125273451,
    0.047272289803624155,
    0.04727966194050386,
    0.04729023741651327,
    0.04726459603440016,
    0.04730596697358415,
    0.04728114776201546,
    0.04728831971231848,
    0.04733827012479305,
    0.04731662097442895,
    0.04727649666685611,
    0.04725182144669816,
    0.04729303207295015,
    0.04727671999819577,
    0.04726069435365498,
    0.04728883336400613,
    0.04731368902800605,
    0.04727913468349725,
    0.04728659081533551,
    0.04727312666159123,
    0.04730880747810006
  ],
  "train_acc": [
    0.0204,
    0.9694,
    0.9694,
    0.9694,
    0.9694,
    0.9694,
    0.9694,
    0.9694,
    0.9694,
    0.9694,
    0.9694,
    0.9694,
    0.9694,
    0.9694,
    0.9694,
    0.9694,
    0.9694,
    0.9694,
    0.9694,
    0.9694,
    0.9694,
    0.9694,
    0.9694,
    0.9694,
    0.9694,
    0.9694,
    0.9694,
    0.9694,
    0.9694,
    0.9694,
    0.9694,
    0.9694,
    0.9694,
    0.9694,
    0.9694,
    0.9694,
    0.9694,
    0.9694,
    0.9694,
    0.9694,
    0.9694,
    0.9694,
    0.9694,
    0.9694,
    0.9694,
    0.9694,
    0.9694,
    0.9694,
    0.9694,
    0.9694,
    0.9694,
    0.9694,
    0.9694,
    0.9694,
    0.9694,
    0.9694,
    0.9694,
    0.9694,
    0.9694,
    0.9694,
    0.9694,
    0.9694,
    0.9694,
    0.9694,
    0.9694,
    0.9694,
    0.9694,
    0.9694,
    0.9694,
    0.9694,
    0.9694,
    0.9694,
    0.9694,
    0.9694,
    0.9694,
    0.9694,
    0.9694,
    0.9694,
    0.9694,
    0.9694,
    0.9694,
    0.9694,
    0.9694,
    0.9694,
    0.9694,
    0.9694,
    0.9694,
    0.9694,
    0.9694,
    0.9694,
    0.9694,
    0.9694,
    0.9694,
    0.9694,
    0.9694,
    0.9694,
    0.9694,
    0.9694,
    0.9694,
    0.9694,
    0.9694
  ],
  "test_acc": [
    0.011584652991816347,
    0.38112445530874695,
    0.3804867679880965,
    0.38101817408863853,
    0.38080561164842175,
    0.3819747050696142,
    0.38144329896907214,
    0.38271867361037304,
    0.3818684238495058,
    0.3818684238495058,
    0.3822935487299394,
    0.3809118928685301,
    0.3820809862897226,
    0.3829312360505899,
    0.38239982995004784,
    0.3818684238495058,
    0.3819747050696142,
    0.38112445530874695,
    0.38080561164842175,
    0.382187267509831,
    0.38271867361037304,
    0.381655861409289,
    0.38250611117015626,
    0.38399404825167394,
    0.38123073652885536,
    0.382187267509831,
    0.3820809862897226,
    0.3822935487299394,
    0.38282495483048146,
    0.38144329896907214,
    0.38282495483048146,
    0.38271867361037304,
    0.382187267509831,
    0.38112445530874695,
    0.38144329896907214,
    0.38271867361037304,
    0.38080561164842175,
    0.3833563609310235,
    0.3820809862897226,
    0.3826123923902646,
    0.3817621426293974,
    0.3817621426293974,
    0.382187267509831,
    0.3820809862897226,
    0.38314379849080665,
    0.382187267509831,
    0.38271867361037304,
    0.3836752045913487,
    0.3829312360505899,
    0.38250611117015626,
    0.38271867361037304,
    0.3834626421511319,
    0.3837814858114571,
    0.3833563609310235,
    0.3838877670315655,
    0.3847380167924328,
    0.38410032947178235,
    0.38431289191199913,
    0.38484429801254116,
    0.38484429801254116,
    0.38558826655330003,
    0.3834626421511319,
    0.38314379849080665,
    0.3854819853331916,
    0.3851631416728664,
    0.38558826655330003,
    0.3851631416728664,
    0.38696992241470934,
    0.3865447975342757,
    0.38431289191199913,
    0.3853757041130832,
    0.3865447975342757,
    0.3866510787543841,
    0.3862259538739505,
    0.3863322350940589,
    0.38580082899351686,
    0.3859071102136252,
    0.3875013285152514,
    0.3883515782761186,
    0.3871824848549261,
    0.3882452970560102,
    0.3881390158359018,
    0.3875013285152514,
    0.3895206716973111,
    0.3881390158359018,
    0.3895206716973111,
    0.3887767031565522,
    0.39100860877882876,
    0.39015835901796153,
    0.3898395153576363,
    0.39068976511850356,
    0.39047720267828673,
    0.3912211712190456,
    0.38930810925709425,
    0.38898926559676905,
    0.39100860877882876,
    0.3923902646402381,
    0.391327452439154,
    0.39047720267828673,
    0.3898395153576363,
    0.39026464023806995
  ]
}