{
  "epoch": [
    1,
    2000,
    4000,
    6000,
    8000,
    10000,
    12000,
    14000,
    16000,
    18000,
    20000,
    22000,
    24000,
    26000,
    28000,
    30000,
    32000,
    34000,
    36000,
    38000,
    40000,
    42000,
    44000,
    46000,
    48000,
    50000,
    52000,
    54000,
    56000,
    58000,
    60000,
    62000,
    64000,
    66000,
    68000,
    70000,
    72000,
    74000,
    76000,
    78000,
    80000,
    82000,
    84000,
    86000,
    88000,
    90000,
    92000,
    94000,
    96000,
    98000,
    100000,
    102000,
    104000,
    106000,
    108000,
    110000,
    112000,
    114000,
    116000,
    118000,
    120000,
    122000,
    124000,
    126000,
    128000,
    130000,
    132000,
    134000,
    136000,
    138000,
    140000,
    142000,
    144000,
    146000,
    148000,
    150000,
    152000,
    154000,
    156000,
    158000,
    160000,
    162000,
    164000,
    166000,
    168000,
    170000,
    172000,
    174000,
    176000,
    178000,
    180000,
    182000,
    184000,
    186000,
    188000,
    190000,
    192000,
    194000,
    196000,
    198000,
    200000
  ],
  "loss": [
    4.575920343399048,
    0.2732409609810614,
    0.06321252809222788,
    0.06229351437240839,
    0.06155854294905439,
    0.06099007388390601,
    0.060561158859357235,
    0.06022218422116712,
    0.05995503500383347,
    0.059727921052183955,
    0.05952411439456046,
    0.05938760233316571,
    0.05923009229730815,
    0.05911222192756831,
    0.05902774368561804,
    0.058925046653859316,
    0.058788252758141604,
    0.05868169976612553,
    0.05860901562310755,
    0.05852746628737077,
    0.058420730493403975,
    0.05827588175777346,
    0.05813480005925521,
    0.05795463003963232,
    0.057708720484562215,
    0.057464988800138235,
    0.057166195291653274,
    0.05688268467923626,
    0.056622854066360744,
    0.056414200149476526,
    0.056353587997611615,
    0.05622543590599671,
    0.056180478224903345,
    0.05622342170402408,
    0.05623082726961002,
    0.056211403313931076,
    0.05621334124244749,
    0.05618536801962182,
    0.05620970674566925,
    0.056203910070098936,
    0.0562057120389305,
    0.05620769591657445,
    0.0562261692003347,
    0.056264408911112694,
    0.05624130305852741,
    0.05627204957073555,
    0.056295880518108604,
    0.05629680851381272,
    0.05630389587134123,
    0.05626472757887095,
    0.05625283643864095,
    0.05631202394515276,
    0.05631672508120537,
    0.05632625557333231,
    0.05634428616221994,
    0.05634948502350599,
    0.056313428086414936,
    0.05630711824055761,
    0.056326905412226916,
    0.05632215756438672,
    0.05633600688036531,
    0.056281267731729895,
    0.05631097629740834,
    0.05627934922454879,
    0.05626595394294709,
    0.05626532141463831,
    0.05624184670113027,
    0.0562838062023744,
    0.05628281995262951,
    0.056259994188137354,
    0.056229574949480596,
    0.056224222335405645,
    0.05623284931154922,
    0.056258176849316804,
    0.0562830526040867,
    0.05627940519163385,
    0.056263375413324684,
    0.056297986294515434,
    0.056249185768421736,
    0.05623074874728918,
    0.056240633638668804,
    0.05621611875966191,
    0.05625289849480614,
    0.05626456084735692,
    0.05628181348163635,
    0.05632559994412586,
    0.05630568191055208,
    0.056275771450437606,
    0.056269276120886204,
    0.05624764901753515,
    0.05625318927373737,
    0.056295778000447896,
    0.056191965755075214,
    0.05619041631119326,
    0.05619989889180288,
    0.05623172938702628,
    0.05622965631466359,
    0.05621231493828818,
    0.05625427986104042,
    0.056268434627074745,
    0.05625621964652091
  ],
  "train_acc": [
    0.0182,
    0.9628,
    0.9628,
    0.9628,
    0.9628,
    0.9628,
    0.9628,
    0.9628,
    0.9628,
    0.9628,
    0.9628,
    0.9628,
    0.9628,
    0.9628,
    0.9628,
    0.9628,
    0.9628,
    0.9628,
    0.9628,
    0.9628,
    0.9628,
    0.9628,
    0.9628,
    0.9628,
    0.9628,
    0.9628,
    0.9628,
    0.9628,
    0.9628,
    0.9628,
    0.9628,
    0.9628,
    0.9628,
    0.9628,
    0.9628,
    0.9628,
    0.9628,
    0.9628,
    0.9628,
    0.9628,
    0.9628,
    0.9628,
    0.9628,
    0.9628,
    0.9628,
    0.9628,
    0.9628,
    0.9628,
    0.9628,
    0.9628,
    0.9628,
    0.9628,
    0.9628,
    0.9628,
    0.9628,
    0.9628,
    0.9628,
    0.9628,
    0.9628,
    0.9628,
    0.9628,
    0.9628,
    0.9628,
    0.9628,
    0.9628,
    0.9628,
    0.9628,
    0.9628,
    0.9628,
    0.9628,
    0.9628,
    0.9628,
    0.9628,
    0.9628,
    0.9628,
    0.9628,
    0.9628,
    0.9628,
    0.9628,
    0.9628,
    0.9628,
    0.9628,
    0.9628,
    0.9628,
    0.9628,
    0.9628,
    0.9628,
    0.9628,
    0.9628,
    0.9628,
    0.9628,
    0.9628,
    0.9628,
    0.9628,
    0.9628,
    0.9628,
    0.9628,
    0.9628,
    0.9628,
    0.9628,
    0.9628
  ],
  "test_acc": [
    0.010946965671165905,
    0.37007120841747265,
    0.3690083962163886,
    0.3706026145180147,
    0.37007120841747265,
    0.37028377085768943,
    0.3714528642788819,
    0.37039005207779785,
    0.3713465830587735,
    0.37177170793920716,
    0.37028377085768943,
    0.37209055159953236,
    0.3718779891593155,
    0.3706026145180147,
    0.37081517695823146,
    0.3706026145180147,
    0.3713465830587735,
    0.3697523647571474,
    0.3710277393984483,
    0.37007120841747265,
    0.3697523647571474,
    0.3707088957381231,
    0.37081517695823146,
    0.37166542671909875,
    0.3713465830587735,
    0.37209055159953236,
    0.3706026145180147,
    0.37039005207779785,
    0.3706026145180147,
    0.370177489637581,
    0.3721968328196408,
    0.3698586459772558,
    0.3709214581783399,
    0.36996492719736424,
    0.3714528642788819,
    0.37007120841747265,
    0.37081517695823146,
    0.3682644276756297,
    0.37039005207779785,
    0.370177489637581,
    0.3706026145180147,
    0.36996492719736424,
    0.3693272398767138,
    0.36996492719736424,
    0.36996492719736424,
    0.37124030183866513,
    0.37124030183866513,
    0.37028377085768943,
    0.37081517695823146,
    0.3726219577000744,
    0.3714528642788819,
    0.37166542671909875,
    0.3713465830587735,
    0.37177170793920716,
    0.3709214581783399,
    0.37081517695823146,
    0.3714528642788819,
    0.37209055159953236,
    0.3695398023169306,
    0.37198427037942394,
    0.3727282389201828,
    0.3713465830587735,
    0.3714528642788819,
    0.3710277393984483,
    0.37155914549899033,
    0.37177170793920716,
    0.37240939525985756,
    0.3727282389201828,
    0.3711340206185567,
    0.3710277393984483,
    0.3728345201402912,
    0.373047082580508,
    0.37155914549899033,
    0.3711340206185567,
    0.37177170793920716,
    0.3709214581783399,
    0.3718779891593155,
    0.3727282389201828,
    0.3727282389201828,
    0.3714528642788819,
    0.37177170793920716,
    0.37166542671909875,
    0.3738973323413753,
    0.37198427037942394,
    0.3723031140397492,
    0.37177170793920716,
    0.3713465830587735,
    0.37177170793920716,
    0.3727282389201828,
    0.37336592624083326,
    0.37209055159953236,
    0.3734722074609417,
    0.3713465830587735,
    0.3718779891593155,
    0.37294080136039964,
    0.3728345201402912,
    0.37453501966202574,
    0.373047082580508,
    0.372515676479966,
    0.3728345201402912,
    0.3738973323413753
  ]
}