{
  "epoch": [
    1,
    2000,
    4000,
    6000,
    8000,
    10000,
    12000,
    14000,
    16000,
    18000,
    20000,
    22000,
    24000,
    26000,
    28000,
    30000,
    32000,
    34000,
    36000,
    38000,
    40000,
    42000,
    44000,
    46000,
    48000,
    50000,
    52000,
    54000,
    56000,
    58000,
    60000,
    62000,
    64000,
    66000,
    68000,
    70000,
    72000,
    74000,
    76000,
    78000,
    80000,
    82000,
    84000,
    86000,
    88000,
    90000,
    92000,
    94000,
    96000,
    98000,
    100000,
    102000,
    104000,
    106000,
    108000,
    110000,
    112000,
    114000,
    116000,
    118000,
    120000,
    122000,
    124000,
    126000,
    128000,
    130000,
    132000,
    134000,
    136000,
    138000,
    140000,
    142000,
    144000,
    146000,
    148000,
    150000,
    152000,
    154000,
    156000,
    158000,
    160000,
    162000,
    164000,
    166000,
    168000,
    170000,
    172000,
    174000,
    176000,
    178000,
    180000,
    182000,
    184000,
    186000,
    188000,
    190000,
    192000,
    194000,
    196000,
    198000,
    200000
  ],
  "loss": [
    4.575900840759277,
    0.20986817142268852,
    0.0058223162113744675,
    0.005654094877473779,
    0.0055707430871131365,
    0.005540881287996454,
    0.005535633969503318,
    0.005528964656032088,
    0.005521920117721141,
    0.005522393230715729,
    0.005529018897748178,
    0.00552021577446977,
    0.005524353640671524,
    0.0055239480238596685,
    0.005531038476484149,
    0.005531133631178667,
    0.00552954736858959,
    0.005532454795542504,
    0.005532707033780741,
    0.0055342332498445265,
    0.00553705987039158,
    0.005539043648447628,
    0.005540076437318114,
    0.005539214788737995,
    0.00553493171029256,
    0.005538250080422303,
    0.005537402121496947,
    0.0055335603709430374,
    0.005534316126963068,
    0.005535438091755401,
    0.005534082263823388,
    0.005530360964687867,
    0.005529570111343996,
    0.005540313012095205,
    0.005538847317222538,
    0.005545310530857971,
    0.005536788627664337,
    0.005533528381720077,
    0.005535632495217454,
    0.005538614614773578,
    0.005538309981700031,
    0.005535846082112015,
    0.00553633690516712,
    0.005539696512771211,
    0.005531413180219974,
    0.005535131133038444,
    0.005537809757188578,
    0.005527961186028351,
    0.00552852791970638,
    0.005536530412029258,
    0.005530480693669836,
    0.005526271872474891,
    0.0055290073742469475,
    0.005537685209853714,
    0.005536231738126811,
    0.005538621518978854,
    0.005540697542224738,
    0.005534732120685388,
    0.005532082320118584,
    0.005534036064874071,
    0.005531308855332623,
    0.005533535802150468,
    0.005535182462856116,
    0.005541992586657816,
    0.005534911379737037,
    0.005538658757556429,
    0.005540424452317597,
    0.005543662059753859,
    0.005538604384073741,
    0.00554423621842928,
    0.005535999232760366,
    0.005538234619838761,
    0.00553485833647591,
    0.005530938705035706,
    0.005541556247091475,
    0.005542405897743631,
    0.0055396452838810985,
    0.005535160834553844,
    0.005535657323240619,
    0.005534737480167869,
    0.0055374583219584645,
    0.0055381737748533425,
    0.005547857681126385,
    0.005540084526337683,
    0.005535165705777041,
    0.005529151476293864,
    0.005530678763539199,
    0.005534399665857743,
    0.005529026033784655,
    0.005534652464115955,
    0.005531799039934895,
    0.005532709414074105,
    0.005535731420988794,
    0.005528460238319483,
    0.005537822711087577,
    0.005534057083491168,
    0.005543071894192177,
    0.0055428188456842446,
    0.005542528643640473,
    0.005534176224196859,
    0.005535009792182792
  ],
  "train_acc": [
    0.0162,
    0.9964,
    0.9964,
    0.9964,
    0.9964,
    0.9964,
    0.9964,
    0.9964,
    0.9964,
    0.9964,
    0.9964,
    0.9964,
    0.9964,
    0.9964,
    0.9964,
    0.9964,
    0.9964,
    0.9964,
    0.9964,
    0.9964,
    0.9964,
    0.9964,
    0.9964,
    0.9964,
    0.9964,
    0.9964,
    0.9964,
    0.9964,
    0.9964,
    0.9964,
    0.9964,
    0.9964,
    0.9964,
    0.9964,
    0.9964,
    0.9964,
    0.9964,
    0.9964,
    0.9964,
    0.9964,
    0.9964,
    0.9964,
    0.9964,
    0.9964,
    0.9964,
    0.9964,
    0.9964,
    0.9964,
    0.9964,
    0.9964,
    0.9964,
    0.9964,
    0.9964,
    0.9964,
    0.9964,
    0.9964,
    0.9964,
    0.9964,
    0.9964,
    0.9964,
    0.9964,
    0.9964,
    0.9964,
    0.9964,
    0.9964,
    0.9964,
    0.9964,
    0.9964,
    0.9964,
    0.9964,
    0.9964,
    0.9964,
    0.9964,
    0.9964,
    0.9964,
    0.9964,
    0.9964,
    0.9964,
    0.9964,
    0.9964,
    0.9964,
    0.9964,
    0.9964,
    0.9964,
    0.9964,
    0.9964,
    0.9964,
    0.9964,
    0.9964,
    0.9964,
    0.9964,
    0.9964,
    0.9964,
    0.9964,
    0.9964,
    0.9964,
    0.9964,
    0.9964,
    0.9964,
    0.9964,
    0.9964
  ],
  "test_acc": [
    0.01211605909235838,
    0.4093952598575832,
    0.41003294717823363,
    0.41120204059942606,
    0.41417791476246146,
    0.41534700818365394,
    0.4173663513657137,
    0.42119247528961634,
    0.42640025507492824,
    0.4344776278031672,
    0.444361781273249,
    0.45424593474333086,
    0.4673185248166649,
    0.48687426931661176,
    0.5092996067594856,
    0.5246041024550961,
    0.5444786906153682,
    0.5660537782973748,
    0.5796577744712509,
    0.5879477096397067,
    0.5951748326070784,
    0.6083537039005208,
    0.6163247954086513,
    0.6219577000743969,
    0.6252524178977574,
    0.630353916462961,
    0.6325858220852375,
    0.6380061643107663,
    0.6456584121585716,
    0.6513975980444255,
    0.6537357848868105,
    0.6553300031884366,
    0.6590498458922308,
    0.6600063768732065,
    0.6592624083324476,
    0.6608566266340737,
    0.6625571261558083,
    0.6647890317780848,
    0.6710596237644808,
    0.669040280582421,
    0.668508874481879,
    0.668508874481879,
    0.6704219364438304,
    0.6738229354872994,
    0.6744606228079498,
    0.6758422786693591,
    0.6741417791476246,
    0.6783930279519609,
    0.6803060899139122,
    0.6819003082155383,
    0.6859389945796578,
    0.6863641194600913,
    0.6843447762780317,
    0.6837070889573812,
    0.6870018067807419,
    0.6878520565416091,
    0.6884897438622596,
    0.6927409926665958,
    0.6955043043894144,
    0.6905090870443192,
    0.6894462748432352,
    0.6955043043894144,
    0.6972048039111489,
    0.698799022212775,
    0.705069614199171,
    0.7046444893187374,
    0.7075140822616643,
    0.7066638325007971,
    0.7014560527154852,
    0.699330428313317,
    0.7049633329790626,
    0.7094271442236156,
    0.7070889573812308,
    0.705601020299713,
    0.702200021256244,
    0.6997555531937507,
    0.7014560527154852,
    0.7014560527154852,
    0.704538208098629,
    0.7051758954192794,
    0.705069614199171,
    0.7043256456584122,
    0.7023063024763524,
    0.7051758954192794,
    0.7036879583377618,
    0.707407801041556,
    0.7088957381230736,
    0.7107025188649165,
    0.7094271442236156,
    0.7119778935062174,
    0.7143160803486024,
    0.7186736103730471,
    0.7152726113295781,
    0.7156977362100116,
    0.7112339249654586,
    0.7098522691040493,
    0.7118716122861091,
    0.7117653310660006,
    0.7130407057073015,
    0.7148474864491444,
    0.7088957381230736
  ]
}