{
  "epoch": [
    1,
    2000,
    4000,
    6000,
    8000,
    10000,
    12000,
    14000,
    16000,
    18000,
    20000,
    22000,
    24000,
    26000,
    28000,
    30000,
    32000,
    34000,
    36000,
    38000,
    40000,
    42000,
    44000,
    46000,
    48000,
    50000,
    52000,
    54000,
    56000,
    58000,
    60000,
    62000,
    64000,
    66000,
    68000,
    70000,
    72000,
    74000,
    76000,
    78000,
    80000,
    82000,
    84000,
    86000,
    88000,
    90000,
    92000,
    94000,
    96000,
    98000,
    100000,
    102000,
    104000,
    106000,
    108000,
    110000,
    112000,
    114000,
    116000,
    118000,
    120000,
    122000,
    124000,
    126000,
    128000,
    130000,
    132000,
    134000,
    136000,
    138000,
    140000,
    142000,
    144000,
    146000,
    148000,
    150000,
    152000,
    154000,
    156000,
    158000,
    160000,
    162000,
    164000,
    166000,
    168000,
    170000,
    172000,
    174000,
    176000,
    178000,
    180000,
    182000,
    184000,
    186000,
    188000,
    190000,
    192000,
    194000,
    196000,
    198000,
    200000
  ],
  "loss": [
    4.575900936126709,
    0.20119930410044187,
    9.36102539988326e-07,
    2.299454652238353e-07,
    2.1623922369116144e-07,
    2.146371246901424e-07,
    2.1280780011920797e-07,
    2.155701582118752e-07,
    0.00012606818166631156,
    4.953384692927898e-06,
    5.212640331892686e-05,
    8.920589574110238e-07,
    0.000164089689940441,
    8.51807078613831e-07,
    0.0002985230351625091,
    7.294901447117752e-07,
    0.00029637881518187396,
    0.00015599335084342343,
    2.85630700824413e-06,
    0.0001269953686994903,
    0.0002290551740804439,
    4.9160665642730805e-06,
    0.0002672251853254359,
    0.0001614226937938028,
    4.219235509133768e-06,
    0.0002481138742278425,
    0.00018712394807190975,
    4.503188930945612e-06,
    0.00033751316220639394,
    3.6252102833884694e-06,
    0.0002063787630930989,
    0.0001525739740007566,
    0.00012830664992017376,
    3.894137261086428e-06,
    0.0003379905782760211,
    2.90964063487138e-06,
    0.0001921466551377982,
    0.0002707499026368701,
    2.9652904435309325e-06,
    0.00020230689178190957,
    0.0002205099323513167,
    3.447062416415747e-06,
    0.0002615528209591787,
    0.00021358234116795885,
    2.9391316966837167e-06,
    0.00039412466866815945,
    0.0003864897218865764,
    5.180304229307353e-06,
    0.00033406015960968675,
    0.00024631104517158986,
    4.321320814032959e-06,
    0.00028490019175421893,
    0.0002589313479725028,
    4.2120283703035e-06,
    0.00034774186203748625,
    0.000282045638304853,
    4.632819322412018e-06,
    0.000292415090224933,
    0.0002946008849556186,
    4.881551280858787e-06,
    0.0001592759133223076,
    0.0001902947470109062,
    4.121338265459684e-06,
    0.00021053658473480253,
    0.0002642883241219238,
    4.390335280847779e-06,
    0.0002562128703043314,
    0.0001990891242994721,
    3.7109819295949366e-06,
    0.00025318339864709215,
    0.000295626873730108,
    4.091395768373474e-06,
    0.00015087887989153118,
    0.00023123079916207985,
    0.00017021500304142238,
    4.200655906161899e-06,
    0.0003617386849439754,
    0.00019369908625832793,
    4.278699459002411e-06,
    0.00022211592713070941,
    0.00030591964260776977,
    5.284332638089495e-06,
    0.00018410772010171215,
    0.00012023891608896377,
    3.4960408518159626e-06,
    0.00028814814050615354,
    0.0002719004188336733,
    4.3504604897783846e-06,
    0.00015724100208473857,
    0.0002968883359251606,
    4.35976550711743e-06,
    0.00038510228339625244,
    0.00024308962994584746,
    3.6442418095809614e-06,
    0.00021099039956193124,
    0.00025580929873854927,
    4.186718098998199e-06,
    0.00042601023148378656,
    0.000279439623262725,
    3.9086892164910125e-06,
    0.0004564038303375504
  ],
  "train_acc": [
    0.0222,
    1.0,
    1.0,
    1.0,
    1.0,
    1.0,
    1.0,
    1.0,
    1.0,
    1.0,
    1.0,
    1.0,
    1.0,
    1.0,
    1.0,
    1.0,
    1.0,
    1.0,
    1.0,
    1.0,
    1.0,
    1.0,
    1.0,
    1.0,
    1.0,
    1.0,
    1.0,
    1.0,
    1.0,
    1.0,
    1.0,
    1.0,
    1.0,
    1.0,
    1.0,
    1.0,
    1.0,
    1.0,
    1.0,
    1.0,
    1.0,
    1.0,
    1.0,
    1.0,
    1.0,
    1.0,
    1.0,
    1.0,
    1.0,
    1.0,
    1.0,
    1.0,
    1.0,
    1.0,
    1.0,
    1.0,
    1.0,
    1.0,
    1.0,
    1.0,
    1.0,
    1.0,
    1.0,
    1.0,
    1.0,
    1.0,
    1.0,
    1.0,
    1.0,
    1.0,
    1.0,
    1.0,
    1.0,
    1.0,
    1.0,
    1.0,
    1.0,
    1.0,
    1.0,
    1.0,
    1.0,
    1.0,
    1.0,
    1.0,
    1.0,
    1.0,
    1.0,
    1.0,
    1.0,
    1.0,
    1.0,
    1.0,
    1.0,
    1.0,
    1.0,
    1.0,
    1.0,
    1.0,
    1.0,
    1.0,
    1.0
  ],
  "test_acc": [
    0.012966308853225635,
    0.39504729514294823,
    0.3953661388032735,
    0.39653523222446596,
    0.3994048251673929,
    0.4065256669146562,
    0.4191731321075566,
    0.4412796258901052,
    0.47114464874056755,
    0.5154639175257731,
    0.5413965352322244,
    0.580720586672335,
    0.6123923902646402,
    0.6424699755553194,
    0.6796684025932618,
    0.6961419917100649,
    0.7311085131257307,
    0.7485386332235094,
    0.7531087256881709,
    0.7752152194707195,
    0.7772345626527792,
    0.7957274949516421,
    0.8072058667233499,
    0.8166648953129982,
    0.8176214262939738,
    0.8293123605058986,
    0.8103943033266022,
    0.8374960144542459,
    0.8401530449569561,
    0.8379211393346796,
    0.8496120735466043,
    0.8520565416090977,
    0.8459985120629184,
    0.8550324157721331,
    0.860771601657987,
    0.8535444786906153,
    0.8622595387395048,
    0.8638537570411309,
    0.8571580401743012,
    0.8671484748644914,
    0.8678924434052503,
    0.863109788500372,
    0.8749070039324052,
    0.8754384100329472,
    0.8682112870655755,
    0.8776703156552237,
    0.8796896588372835,
    0.8772451907747901,
    0.8829843766606441,
    0.8841534700818365,
    0.8802210649378255,
    0.8859602508236795,
    0.8855351259432458,
    0.8800085024976086,
    0.8876607503454139,
    0.8893612498671485,
    0.8810713146986927,
    0.8860665320437878,
    0.8824529705601021,
    0.8853225635030291,
    0.8877670315655224,
    0.8896800935274737,
    0.8872356254649804,
    0.8925496864704007,
    0.8952067169731108,
    0.8890424062068233,
    0.894994154532894,
    0.8974386225953874,
    0.8896800935274737,
    0.8938250611117016,
    0.8982888723562547,
    0.8898926559676905,
    0.8968009352747369,
    0.8972260601551706,
    0.8735253480709958,
    0.8952067169731108,
    0.8980763099160378,
    0.8834095015410777,
    0.898395153576363,
    0.9005207779785311,
    0.8784142841959826,
    0.9008396216388564,
    0.9022212775002657,
    0.9008396216388564,
    0.8956318418535445,
    0.900733340418748,
    0.9020087150600489,
    0.894462748432352,
    0.8979700286959295,
    0.900733340418748,
    0.8954192794133277,
    0.9015835901796153,
    0.9004144967584228,
    0.8953129981932193,
    0.8982888723562547,
    0.9013710277393985,
    0.8946753108725688,
    0.9022212775002657,
    0.9033903709214581,
    0.8969072164948454,
    0.9013710277393985
  ]
}