{
  "epoch": [
    1,
    2000,
    4000,
    6000,
    8000,
    10000,
    12000,
    14000,
    16000,
    18000,
    20000,
    22000,
    24000,
    26000,
    28000,
    30000,
    32000,
    34000,
    36000,
    38000,
    40000,
    42000,
    44000,
    46000,
    48000,
    50000,
    52000,
    54000,
    56000,
    58000,
    60000,
    62000,
    64000,
    66000,
    68000,
    70000,
    72000,
    74000,
    76000,
    78000,
    80000,
    82000,
    84000,
    86000,
    88000,
    90000,
    92000,
    94000,
    96000,
    98000,
    100000,
    102000,
    104000,
    106000,
    108000,
    110000,
    112000,
    114000,
    116000,
    118000,
    120000,
    122000,
    124000,
    126000,
    128000,
    130000,
    132000,
    134000,
    136000,
    138000,
    140000,
    142000,
    144000,
    146000,
    148000,
    150000,
    152000,
    154000,
    156000,
    158000,
    160000,
    162000,
    164000,
    166000,
    168000,
    170000,
    172000,
    174000,
    176000,
    178000,
    180000,
    182000,
    184000,
    186000,
    188000,
    190000,
    192000,
    194000,
    196000,
    198000,
    200000
  ],
  "loss": [
    4.575191497802734,
    0.2764968340365722,
    0.06181659594234079,
    0.06082019663602114,
    0.06003475456563756,
    0.059438615171145646,
    0.05896279561324045,
    0.05860401910068467,
    0.05831276012351736,
    0.058072396643832326,
    0.05785926212202758,
    0.05765773448077962,
    0.05747542533297092,
    0.057289081089477986,
    0.05711800860548392,
    0.05697907900074497,
    0.05686902315719053,
    0.05672326088668778,
    0.05660401694430038,
    0.05642698197830468,
    0.05628826250797138,
    0.056026310725603254,
    0.05577003729622811,
    0.055512476796098054,
    0.055253679579403255,
    0.05504359966516495,
    0.054880125104635955,
    0.05473990236995742,
    0.05465380831174552,
    0.054630299959518014,
    0.054627704972214995,
    0.05461680539818481,
    0.05465900098280981,
    0.05465387712530792,
    0.05462321479544043,
    0.05465476063517854,
    0.054688103367760775,
    0.05469597525373101,
    0.05469854752067477,
    0.05468558939490467,
    0.05470796311944723,
    0.05471075885454193,
    0.05472726157857105,
    0.05471398189086467,
    0.05466595408553258,
    0.05467256215140223,
    0.054669222113583237,
    0.054692499876674266,
    0.05468874447280541,
    0.054639016552828254,
    0.0546687469381839,
    0.05466929349079728,
    0.05461126375775784,
    0.05463992830421775,
    0.0546527618589811,
    0.05470871929386631,
    0.054667540893144906,
    0.0546376529045403,
    0.05466705594304949,
    0.054667035867925734,
    0.05468706691004336,
    0.054703668419271705,
    0.05470587831949815,
    0.05469223886150867,
    0.054645423626434056,
    0.05467691564382985,
    0.05466503111459315,
    0.054670078848581764,
    0.05467828954309225,
    0.05466382780726999,
    0.05464608229007572,
    0.0546636237764731,
    0.05463137947171926,
    0.05463410981604829,
    0.054673066052794456,
    0.054675841501541436,
    0.05466844884725287,
    0.05467781451130286,
    0.05467907456224784,
    0.054685366701241585,
    0.05465319891069084,
    0.05464810840710998,
    0.054642548464331774,
    0.05465304811801761,
    0.054680440125614405,
    0.054697024716436865,
    0.0546672484385781,
    0.054628767374530436,
    0.05465639963718131,
    0.05467670079544187,
    0.05465993150807917,
    0.05465496727889404,
    0.054715529770683495,
    0.054689264533668756,
    0.054665109434258195,
    0.054687807979248465,
    0.05466051387358457,
    0.05466284525785595,
    0.05468195723332465,
    0.05465347405066714,
    0.0546916997465305
  ],
  "train_acc": [
    0.0212,
    0.965,
    0.965,
    0.965,
    0.965,
    0.965,
    0.965,
    0.965,
    0.965,
    0.965,
    0.965,
    0.965,
    0.965,
    0.965,
    0.965,
    0.965,
    0.965,
    0.965,
    0.965,
    0.965,
    0.965,
    0.965,
    0.965,
    0.965,
    0.965,
    0.965,
    0.965,
    0.965,
    0.965,
    0.965,
    0.965,
    0.965,
    0.965,
    0.965,
    0.965,
    0.965,
    0.965,
    0.965,
    0.965,
    0.965,
    0.965,
    0.965,
    0.965,
    0.965,
    0.965,
    0.965,
    0.965,
    0.965,
    0.965,
    0.965,
    0.965,
    0.965,
    0.965,
    0.965,
    0.965,
    0.965,
    0.965,
    0.965,
    0.965,
    0.965,
    0.965,
    0.965,
    0.965,
    0.965,
    0.965,
    0.965,
    0.965,
    0.965,
    0.965,
    0.965,
    0.965,
    0.965,
    0.965,
    0.965,
    0.965,
    0.965,
    0.965,
    0.965,
    0.965,
    0.965,
    0.965,
    0.965,
    0.965,
    0.965,
    0.965,
    0.965,
    0.965,
    0.965,
    0.965,
    0.965,
    0.965,
    0.965,
    0.965,
    0.965,
    0.965,
    0.965,
    0.965,
    0.965,
    0.965,
    0.965,
    0.965
  ],
  "test_acc": [
    0.0124349027526836,
    0.3731533638006164,
    0.3731533638006164,
    0.37357848868105004,
    0.37379105112126687,
    0.3734722074609417,
    0.3742161760017005,
    0.37410989478159207,
    0.3747475821022425,
    0.37464130088213415,
    0.3754915506430014,
    0.3758103943033266,
    0.3743224572218089,
    0.37612923796365183,
    0.37496014454245935,
    0.3758103943033266,
    0.376448081623977,
    0.37368476990115845,
    0.37496014454245935,
    0.37464130088213415,
    0.375916675523435,
    0.3747475821022425,
    0.3744287384419173,
    0.37538526942289296,
    0.37506642576256777,
    0.3738973323413753,
    0.37506642576256777,
    0.3743224572218089,
    0.3744287384419173,
    0.3742161760017005,
    0.3757041130832182,
    0.37496014454245935,
    0.37357848868105004,
    0.3744287384419173,
    0.37464130088213415,
    0.37453501966202574,
    0.37485386332235093,
    0.37506642576256777,
    0.3757041130832182,
    0.37612923796365183,
    0.3744287384419173,
    0.37496014454245935,
    0.3754915506430014,
    0.37538526942289296,
    0.3754915506430014,
    0.3760229567435434,
    0.3747475821022425,
    0.3751727069826762,
    0.37612923796365183,
    0.37496014454245935,
    0.37623551918376025,
    0.3772983313848443,
    0.37697948772451906,
    0.3742161760017005,
    0.3763418004038686,
    0.37623551918376025,
    0.37527898820278455,
    0.3754915506430014,
    0.37612923796365183,
    0.3757041130832182,
    0.37666064406419386,
    0.375916675523435,
    0.37527898820278455,
    0.37506642576256777,
    0.3768732065044107,
    0.37697948772451906,
    0.3758103943033266,
    0.3758103943033266,
    0.3754915506430014,
    0.3758103943033266,
    0.375916675523435,
    0.3758103943033266,
    0.3754915506430014,
    0.37612923796365183,
    0.37612923796365183,
    0.3757041130832182,
    0.37623551918376025,
    0.3770857689446275,
    0.37538526942289296,
    0.37666064406419386,
    0.3775108938250611,
    0.3771920501647359,
    0.3755978318631098,
    0.3760229567435434,
    0.3763418004038686,
    0.3768732065044107,
    0.37655436284408544,
    0.37655436284408544,
    0.37697948772451906,
    0.3767669252843023,
    0.3780422999256031,
    0.37825486236581995,
    0.3770857689446275,
    0.37814858114571154,
    0.37697948772451906,
    0.37793601870549476,
    0.3775108938250611,
    0.378786268466362,
    0.3770857689446275,
    0.37782973748538634,
    0.3767669252843023
  ]
}