{
  "epoch": [
    1,
    2000,
    4000,
    6000,
    8000,
    10000,
    12000,
    14000,
    16000,
    18000,
    20000,
    22000,
    24000,
    26000,
    28000,
    30000,
    32000,
    34000,
    36000,
    38000,
    40000,
    42000,
    44000,
    46000,
    48000,
    50000,
    52000,
    54000,
    56000,
    58000,
    60000,
    62000,
    64000,
    66000,
    68000,
    70000,
    72000,
    74000,
    76000,
    78000,
    80000,
    82000,
    84000,
    86000,
    88000,
    90000,
    92000,
    94000,
    96000,
    98000,
    100000,
    102000,
    104000,
    106000,
    108000,
    110000,
    112000,
    114000,
    116000,
    118000,
    120000,
    122000,
    124000,
    126000,
    128000,
    130000,
    132000,
    134000,
    136000,
    138000,
    140000,
    142000,
    144000,
    146000,
    148000,
    150000,
    152000,
    154000,
    156000,
    158000,
    160000,
    162000,
    164000,
    166000,
    168000,
    170000,
    172000,
    174000,
    176000,
    178000,
    180000,
    182000,
    184000,
    186000,
    188000,
    190000,
    192000,
    194000,
    196000,
    198000,
    200000
  ],
  "loss": [
    4.575178432464599,
    0.2350133768850756,
    0.025506878253561443,
    0.024952526816236786,
    0.024637663296912797,
    0.02444846838810481,
    0.02435915997773409,
    0.02429651850112714,
    0.0242548655847786,
    0.024240468063857407,
    0.024241711906064303,
    0.024238490731455387,
    0.02424344693722669,
    0.02421081120709423,
    0.02421301532133948,
    0.024232056148559788,
    0.02423197450884618,
    0.024229209516989068,
    0.024222211492294445,
    0.024218482380756176,
    0.02423814030061476,
    0.024223942398303187,
    0.024213726122886872,
    0.024212834413466045,
    0.024204214224009774,
    0.024214736335678028,
    0.024205228967196308,
    0.024198566318978557,
    0.024211793140298688,
    0.02421939140141476,
    0.024233613268192858,
    0.024235262156510725,
    0.02421976463748142,
    0.02421190289393999,
    0.024210819309111686,
    0.02421034326204099,
    0.024201615700416734,
    0.024192587253986857,
    0.024213234900613317,
    0.024196257870062254,
    0.024203669173573143,
    0.024199219384626484,
    0.024211233871849255,
    0.024201244629593565,
    0.02420705999226775,
    0.02419875746081816,
    0.024211996010807344,
    0.02422276249846909,
    0.024217113138036803,
    0.024222512800106778,
    0.024211449920362792,
    0.024210840213485064,
    0.024202805634296966,
    0.024200310855708083,
    0.024198644702346065,
    0.024209379190788603,
    0.02419868194279261,
    0.024209622136864346,
    0.02420204833189491,
    0.02420535136787221,
    0.024208707129606044,
    0.024211494828294964,
    0.024198688488453628,
    0.02419209687362891,
    0.024200655222753994,
    0.02421330492494162,
    0.024215922162192875,
    0.024214545102324337,
    0.024202432994381524,
    0.024196465601143427,
    0.02420416054232046,
    0.02419244002692867,
    0.02420854175223503,
    0.02421013184848707,
    0.024212167120724916,
    0.024216179051657672,
    0.024210016973793973,
    0.0242124529420631,
    0.024208496391633527,
    0.024207497162651272,
    0.02421152017734712,
    0.024219529491872525,
    0.024215157459001057,
    0.02421874440922402,
    0.024206892275903374,
    0.024212619027658366,
    0.024210653605114204,
    0.02423222651160322,
    0.024230923611856997,
    0.024234590920363553,
    0.024219041423569433,
    0.024202671151934193,
    0.024224977934919296,
    0.024218269739346578,
    0.024211392533185425,
    0.024218961018021217,
    0.024212640593433754,
    0.024220064345560968,
    0.02421740133697167,
    0.024214452080265618,
    0.024217436812468806
  ],
  "train_acc": [
    0.0164,
    0.984,
    0.984,
    0.984,
    0.984,
    0.984,
    0.984,
    0.984,
    0.984,
    0.984,
    0.984,
    0.984,
    0.984,
    0.984,
    0.984,
    0.984,
    0.984,
    0.984,
    0.984,
    0.984,
    0.984,
    0.984,
    0.984,
    0.984,
    0.984,
    0.984,
    0.984,
    0.984,
    0.984,
    0.984,
    0.984,
    0.984,
    0.984,
    0.984,
    0.984,
    0.984,
    0.984,
    0.984,
    0.984,
    0.984,
    0.984,
    0.984,
    0.984,
    0.984,
    0.984,
    0.984,
    0.984,
    0.984,
    0.984,
    0.984,
    0.984,
    0.984,
    0.984,
    0.984,
    0.984,
    0.984,
    0.984,
    0.984,
    0.984,
    0.984,
    0.984,
    0.984,
    0.984,
    0.984,
    0.984,
    0.984,
    0.984,
    0.984,
    0.984,
    0.984,
    0.984,
    0.984,
    0.984,
    0.984,
    0.984,
    0.984,
    0.984,
    0.984,
    0.984,
    0.984,
    0.984,
    0.984,
    0.984,
    0.984,
    0.984,
    0.984,
    0.984,
    0.984,
    0.984,
    0.984,
    0.984,
    0.984,
    0.984,
    0.984,
    0.984,
    0.984,
    0.984,
    0.984,
    0.984,
    0.984,
    0.984
  ],
  "test_acc": [
    0.010521840790732278,
    0.3987671378467425,
    0.3989797002869593,
    0.39972366882771815,
    0.3989797002869593,
    0.3989797002869593,
    0.3986608566266341,
    0.3995111063875013,
    0.39834201296630883,
    0.39887341906685087,
    0.39855457540652567,
    0.39961738760760973,
    0.3994048251673929,
    0.3986608566266341,
    0.3990859815070677,
    0.39961738760760973,
    0.3987671378467425,
    0.39929854394728453,
    0.3995111063875013,
    0.3994048251673929,
    0.3986608566266341,
    0.3994048251673929,
    0.3991922627271761,
    0.3989797002869593,
    0.4003613561483686,
    0.4005739185885854,
    0.39982995004782657,
    0.3995111063875013,
    0.4011053246891274,
    0.40099904346901905,
    0.4011053246891274,
    0.4006801998086938,
    0.40174301200977786,
    0.40174301200977786,
    0.4020618556701031,
    0.40131788712934424,
    0.40174301200977786,
    0.4015304495695611,
    0.4020618556701031,
    0.4024869805505367,
    0.40089276224891063,
    0.4015304495695611,
    0.40089276224891063,
    0.4028058242108619,
    0.40344351153151237,
    0.4040811988521628,
    0.40291210543097034,
    0.4037623551918376,
    0.4035497927516208,
    0.4032309490912956,
    0.40312466787118717,
    0.40471888617281326,
    0.4065256669146562,
    0.4065256669146562,
    0.40631310447443936,
    0.4061005420342226,
    0.4069507917950898,
    0.40716335423530664,
    0.4069507917950898,
    0.40769476033584867,
    0.40886385375704115,
    0.4098203847380168,
    0.40928897863747477,
    0.410139228398342,
    0.4093952598575832,
    0.4110957593793177,
    0.410139228398342,
    0.41237113402061853,
    0.4114146030396429,
    0.41247741524072695,
    0.4142841959825699,
    0.4139653523222447,
    0.41545328940376236,
    0.41715378892549687,
    0.4160909767244128,
    0.42002338186842386,
    0.4189605696673398,
    0.4191731321075566,
    0.41832288234668935,
    0.419810819428207,
    0.4224678499309172,
    0.4224678499309172,
    0.4242746306727601,
    0.4254437240939526,
    0.4283133170368796,
    0.4286321606972048,
    0.4279944733765544,
    0.42916356679774686,
    0.43107662875969815,
    0.42820703581677116,
    0.431820597300457,
    0.43150175364013177,
    0.43383994048251673,
    0.4354341587841428,
    0.43426506536295034,
    0.4374535019662026,
    0.43724093952598575,
    0.4383037517270698,
    0.4363906897651185,
    0.4394728451482623,
    0.4396854075884791
  ]
}