{
  "epoch": [
    1,
    2000,
    4000,
    6000,
    8000,
    10000,
    12000,
    14000,
    16000,
    18000,
    20000,
    22000,
    24000,
    26000,
    28000,
    30000,
    32000,
    34000,
    36000,
    38000,
    40000,
    42000,
    44000,
    46000,
    48000,
    50000,
    52000,
    54000,
    56000,
    58000,
    60000,
    62000,
    64000,
    66000,
    68000,
    70000,
    72000,
    74000,
    76000,
    78000,
    80000,
    82000,
    84000,
    86000,
    88000,
    90000,
    92000,
    94000,
    96000,
    98000,
    100000,
    102000,
    104000,
    106000,
    108000,
    110000,
    112000,
    114000,
    116000,
    118000,
    120000,
    122000,
    124000,
    126000,
    128000,
    130000,
    132000,
    134000,
    136000,
    138000,
    140000,
    142000,
    144000,
    146000,
    148000,
    150000,
    152000,
    154000,
    156000,
    158000,
    160000,
    162000,
    164000,
    166000,
    168000,
    170000,
    172000,
    174000,
    176000,
    178000,
    180000,
    182000,
    184000,
    186000,
    188000,
    190000,
    192000,
    194000,
    196000,
    198000,
    200000
  ],
  "loss": [
    4.576377296447754,
    0.27902038891712627,
    0.06866620627492666,
    0.06765546878557652,
    0.06688764938302338,
    0.06632174253407866,
    0.06591230479879305,
    0.06560914191473276,
    0.06534341557603329,
    0.06509216016419232,
    0.06489800132997334,
    0.0647618153304793,
    0.06459763546260074,
    0.06446530664786697,
    0.06434829492028803,
    0.06423727278169244,
    0.0641198535438627,
    0.06403053584238515,
    0.06389920549541712,
    0.06384732751436531,
    0.06376254962477833,
    0.06366181970052422,
    0.06355390459196641,
    0.06345580951087176,
    0.06336088375728577,
    0.06324055152349174,
    0.06313058932516724,
    0.0629924436815083,
    0.06280381545545534,
    0.06263332164883613,
    0.06244951978698373,
    0.06221153758186847,
    0.06200928529994562,
    0.061814473542384805,
    0.061560428643226625,
    0.061386929351929576,
    0.061234464882873,
    0.06115048071341589,
    0.061135524500720205,
    0.06112917952304706,
    0.06111905455132946,
    0.06114820201434195,
    0.061112557427585125,
    0.0611556591485627,
    0.06114789288435131,
    0.06116872437801212,
    0.06114475467773155,
    0.06114817406432703,
    0.061163545576669275,
    0.06116050390778109,
    0.06117074547270313,
    0.06116223490703851,
    0.06119810343328863,
    0.06118152622319758,
    0.061185240814648566,
    0.06115999911725521,
    0.06117258770596236,
    0.061188504211883994,
    0.061180112517531964,
    0.06118146325694397,
    0.06112974720867351,
    0.06114369309693575,
    0.06117428739108145,
    0.06120991243775934,
    0.061167920859344305,
    0.061142436540871856,
    0.06112855470804498,
    0.0611248010055162,
    0.061123048984166234,
    0.06114840144161135,
    0.06115613285461441,
    0.061170942706801,
    0.061177616554312406,
    0.06115342477466911,
    0.061181479343678805,
    0.06112353895828128,
    0.06116234650202095,
    0.06113493913821876,
    0.061155288522318,
    0.06120568696763366,
    0.061172815343458205,
    0.06117171604111791,
    0.061187567418441176,
    0.0611607447842136,
    0.061104393001552675,
    0.06109921087771654,
    0.06111507108667866,
    0.061108463328983634,
    0.06115051737884059,
    0.061140624562650916,
    0.06118130418537185,
    0.06119178842790425,
    0.06117548550041393,
    0.06117230504872277,
    0.061208246637508276,
    0.06116305696107447,
    0.06112099181460216,
    0.06110625450909138,
    0.06112574753714725,
    0.061197879542969166,
    0.06116741951517761
  ],
  "train_acc": [
    0.0208,
    0.9602,
    0.9602,
    0.9602,
    0.9602,
    0.9602,
    0.9602,
    0.9602,
    0.9602,
    0.9602,
    0.9602,
    0.9602,
    0.9602,
    0.9602,
    0.9602,
    0.9602,
    0.9602,
    0.9602,
    0.9602,
    0.9602,
    0.9602,
    0.9602,
    0.9602,
    0.9602,
    0.9602,
    0.9602,
    0.9602,
    0.9602,
    0.9602,
    0.9602,
    0.9602,
    0.9602,
    0.9602,
    0.9602,
    0.9602,
    0.9602,
    0.9602,
    0.9602,
    0.9602,
    0.9602,
    0.9602,
    0.9602,
    0.9602,
    0.9602,
    0.9602,
    0.9602,
    0.9602,
    0.9602,
    0.9602,
    0.9602,
    0.9602,
    0.9602,
    0.9602,
    0.9602,
    0.9602,
    0.9602,
    0.9602,
    0.9602,
    0.9602,
    0.9602,
    0.9602,
    0.9602,
    0.9602,
    0.9602,
    0.9602,
    0.9602,
    0.9602,
    0.9602,
    0.9602,
    0.9602,
    0.9602,
    0.9602,
    0.9602,
    0.9602,
    0.9602,
    0.9602,
    0.9602,
    0.9602,
    0.9602,
    0.9602,
    0.9602,
    0.9602,
    0.9602,
    0.9602,
    0.9602,
    0.9602,
    0.9602,
    0.9602,
    0.9602,
    0.9602,
    0.9602,
    0.9602,
    0.9602,
    0.9602,
    0.9602,
    0.9602,
    0.9602,
    0.9602,
    0.9602,
    0.9602,
    0.9602
  ],
  "test_acc": [
    0.012541183972792008,
    0.3723031140397492,
    0.3740036135614837,
    0.3744287384419173,
    0.37368476990115845,
    0.37538526942289296,
    0.37410989478159207,
    0.3734722074609417,
    0.37379105112126687,
    0.37410989478159207,
    0.3751727069826762,
    0.3738973323413753,
    0.37379105112126687,
    0.37368476990115845,
    0.3744287384419173,
    0.3763418004038686,
    0.3738973323413753,
    0.37453501966202574,
    0.3728345201402912,
    0.3734722074609417,
    0.37294080136039964,
    0.37410989478159207,
    0.3754915506430014,
    0.3742161760017005,
    0.3734722074609417,
    0.37506642576256777,
    0.37294080136039964,
    0.3743224572218089,
    0.37368476990115845,
    0.3744287384419173,
    0.373047082580508,
    0.3734722074609417,
    0.37538526942289296,
    0.37527898820278455,
    0.3742161760017005,
    0.3744287384419173,
    0.3738973323413753,
    0.37485386332235093,
    0.3747475821022425,
    0.37325964502072484,
    0.37368476990115845,
    0.3763418004038686,
    0.37496014454245935,
    0.37379105112126687,
    0.37325964502072484,
    0.3738973323413753,
    0.37325964502072484,
    0.37368476990115845,
    0.37506642576256777,
    0.3744287384419173,
    0.3738973323413753,
    0.3742161760017005,
    0.37453501966202574,
    0.37379105112126687,
    0.37506642576256777,
    0.3757041130832182,
    0.37527898820278455,
    0.37496014454245935,
    0.37496014454245935,
    0.3740036135614837,
    0.37410989478159207,
    0.3743224572218089,
    0.37336592624083326,
    0.3734722074609417,
    0.37496014454245935,
    0.37453501966202574,
    0.3763418004038686,
    0.37453501966202574,
    0.37464130088213415,
    0.37464130088213415,
    0.3743224572218089,
    0.37527898820278455,
    0.3747475821022425,
    0.37697948772451906,
    0.3754915506430014,
    0.3758103943033266,
    0.3760229567435434,
    0.37496014454245935,
    0.3760229567435434,
    0.3754915506430014,
    0.37485386332235093,
    0.3767669252843023,
    0.37623551918376025,
    0.3757041130832182,
    0.3755978318631098,
    0.37538526942289296,
    0.37506642576256777,
    0.37623551918376025,
    0.3754915506430014,
    0.3755978318631098,
    0.376448081623977,
    0.3757041130832182,
    0.3767669252843023,
    0.3770857689446275,
    0.375916675523435,
    0.3776171750451695,
    0.3771920501647359,
    0.3755978318631098,
    0.3760229567435434,
    0.3755978318631098,
    0.37506642576256777
  ]
}