{
  "epoch": [
    1,
    2000,
    4000,
    6000,
    8000,
    10000,
    12000,
    14000,
    16000,
    18000,
    20000,
    22000,
    24000,
    26000,
    28000,
    30000,
    32000,
    34000,
    36000,
    38000,
    40000,
    42000,
    44000,
    46000,
    48000,
    50000,
    52000,
    54000,
    56000,
    58000,
    60000,
    62000,
    64000,
    66000,
    68000,
    70000,
    72000,
    74000,
    76000,
    78000,
    80000,
    82000,
    84000,
    86000,
    88000,
    90000,
    92000,
    94000,
    96000,
    98000,
    100000,
    102000,
    104000,
    106000,
    108000,
    110000,
    112000,
    114000,
    116000,
    118000,
    120000,
    122000,
    124000,
    126000,
    128000,
    130000,
    132000,
    134000,
    136000,
    138000,
    140000,
    142000,
    144000,
    146000,
    148000,
    150000,
    152000,
    154000,
    156000,
    158000,
    160000,
    162000,
    164000,
    166000,
    168000,
    170000,
    172000,
    174000,
    176000,
    178000,
    180000,
    182000,
    184000,
    186000,
    188000,
    190000,
    192000,
    194000,
    196000,
    198000,
    200000
  ],
  "loss": [
    4.575915384292602,
    0.20876281266425584,
    0.00593683493604083,
    0.005765341799716019,
    0.005678600689544361,
    0.005650282764342686,
    0.00564309050879127,
    0.005636445942536476,
    0.005638280750396738,
    0.005636058089190048,
    0.005630709409553155,
    0.005632835671510733,
    0.0056347814510625,
    0.005630957599895158,
    0.0056353960040075824,
    0.005638192095989605,
    0.005643494388813622,
    0.005639669923948546,
    0.005639392576227945,
    0.005639060585965516,
    0.0056434035286985545,
    0.00564322270768446,
    0.005642318786516508,
    0.0056393836678347575,
    0.005644703498644824,
    0.005644872710991647,
    0.005651124431737431,
    0.005645880487598466,
    0.00564579666256609,
    0.005642355526371152,
    0.005642385037017807,
    0.005647564482456198,
    0.00565220289160576,
    0.005652896658208338,
    0.005646263047713305,
    0.005645876471927549,
    0.005642918213225252,
    0.005642282348464952,
    0.005643677016069366,
    0.005643024148488985,
    0.005641360493480482,
    0.005642550307514013,
    0.005643525773255735,
    0.005638305039868684,
    0.005635168805979995,
    0.005638555455827671,
    0.00563629272188181,
    0.005645718229662559,
    0.005639887196342719,
    0.005647908769874003,
    0.005636271147968785,
    0.0056365615223229,
    0.005636599385675918,
    0.005643153173185546,
    0.005648022075096738,
    0.005640512302583254,
    0.005639452469053905,
    0.00564172810774644,
    0.005643825006685039,
    0.0056393032820239615,
    0.0056335808755977445,
    0.005640558374894079,
    0.005638903058795356,
    0.005645826980780028,
    0.005639299348145605,
    0.005640702571168396,
    0.005640880041086221,
    0.00564027762753642,
    0.005639546094688917,
    0.005637517919854172,
    0.005643246222191695,
    0.005643361115797232,
    0.005642132072996627,
    0.005636059904459928,
    0.005636374075305567,
    0.0056342878635938995,
    0.005637453049693759,
    0.005643356588667364,
    0.005640572500312601,
    0.005640627838279377,
    0.00564468590226104,
    0.0056388596752621496,
    0.00563688438720852,
    0.005637051224991537,
    0.005643435727316583,
    0.005640544256949606,
    0.005639451957003394,
    0.005640084784208622,
    0.005643335368536762,
    0.005646622459058869,
    0.0056453879774496455,
    0.005638148833298649,
    0.005639463363163424,
    0.005639854597828024,
    0.005636583269797314,
    0.0056387580100555595,
    0.005640047819237937,
    0.005642350676980961,
    0.005641361250066238,
    0.005642491938508225,
    0.00564097761360657
  ],
  "train_acc": [
    0.0162,
    0.9964,
    0.9964,
    0.9964,
    0.9964,
    0.9964,
    0.9964,
    0.9964,
    0.9964,
    0.9964,
    0.9964,
    0.9964,
    0.9964,
    0.9964,
    0.9964,
    0.9964,
    0.9964,
    0.9964,
    0.9964,
    0.9964,
    0.9964,
    0.9964,
    0.9964,
    0.9964,
    0.9964,
    0.9964,
    0.9964,
    0.9964,
    0.9964,
    0.9964,
    0.9964,
    0.9964,
    0.9964,
    0.9964,
    0.9964,
    0.9964,
    0.9964,
    0.9964,
    0.9964,
    0.9964,
    0.9964,
    0.9964,
    0.9964,
    0.9964,
    0.9964,
    0.9964,
    0.9964,
    0.9964,
    0.9964,
    0.9964,
    0.9964,
    0.9964,
    0.9964,
    0.9964,
    0.9964,
    0.9964,
    0.9964,
    0.9964,
    0.9964,
    0.9964,
    0.9964,
    0.9964,
    0.9964,
    0.9964,
    0.9964,
    0.9964,
    0.9964,
    0.9964,
    0.9964,
    0.9964,
    0.9964,
    0.9964,
    0.9964,
    0.9964,
    0.9964,
    0.9964,
    0.9964,
    0.9964,
    0.9964,
    0.9964,
    0.9964,
    0.9964,
    0.9964,
    0.9964,
    0.9964,
    0.9964,
    0.9964,
    0.9964,
    0.9964,
    0.9964,
    0.9964,
    0.9964,
    0.9964,
    0.9964,
    0.9964,
    0.9964,
    0.9964,
    0.9964,
    0.9964,
    0.9964,
    0.9964
  ],
  "test_acc": [
    0.011797215432033159,
    0.40928897863747477,
    0.40950154107769154,
    0.41173344669996814,
    0.413540227441811,
    0.4146030396428951,
    0.4160909767244128,
    0.41874800722712296,
    0.4225741311510256,
    0.4286321606972048,
    0.43713465830587733,
    0.4436178127324902,
    0.45626527792539057,
    0.4739079604633861,
    0.49176320544159846,
    0.5082367945584015,
    0.5217345095121692,
    0.5360824742268041,
    0.5486236581995961,
    0.5611648421723882,
    0.5746625571261558,
    0.5843341481560208,
    0.5952811138271867,
    0.6015517058135827,
    0.608141141460304,
    0.611010734403231,
    0.6156871080880009,
    0.6200446381124455,
    0.6275906047401424,
    0.633223509405888,
    0.6368370708895739,
    0.6388564140716335,
    0.6396003826123924,
    0.6380061643107663,
    0.6430013816558614,
    0.6461898182591136,
    0.6515038792645339,
    0.6541609097672442,
    0.6585184397916888,
    0.6569242214900627,
    0.6603252205335317,
    0.6678711871612286,
    0.6659581251992773,
    0.6688277181422043,
    0.6701030927835051,
    0.6680837496014455,
    0.6689339993623127,
    0.6658518439791689,
    0.6662769688596025,
    0.6660644064193857,
    0.6673397810606866,
    0.6733978106068658,
    0.6798809650334786,
    0.6822191518758636,
    0.6830694016367308,
    0.678180465511744,
    0.6748857476883835,
    0.6731852481666489,
    0.6735040918269741,
    0.6726538420661069,
    0.676586247210118,
    0.6797746838133701,
    0.6848761823785737,
    0.6840259326177065,
    0.6794558401530449,
    0.6801998086938038,
    0.678180465511744,
    0.6774364969709852,
    0.6766925284302264,
    0.6821128706557551,
    0.6816877457753215,
    0.6825379955361888,
    0.6832819640769476,
    0.6836008077372728,
    0.6892337124030183,
    0.6848761823785737,
    0.6856201509193326,
    0.6807312147943458,
    0.6844510574981401,
    0.6849824635986821,
    0.6826442767562971,
    0.6813689021149962,
    0.6788181528323946,
    0.6843447762780317,
    0.6819003082155383,
    0.6853013072590073,
    0.6834945265171645,
    0.68912743118291,
    0.6898713997236688,
    0.6872143692209587,
    0.6812626208948879,
    0.6837070889573812,
    0.6836008077372728,
    0.6830694016367308,
    0.6842384950579232,
    0.6794558401530449,
    0.6813689021149962,
    0.6854075884791158,
    0.6883834626421511,
    0.683919651397598,
    0.6850887448187906
  ]
}