{
  "epoch": [
    1,
    2000,
    4000,
    6000,
    8000,
    10000,
    12000,
    14000,
    16000,
    18000,
    20000,
    22000,
    24000,
    26000,
    28000,
    30000,
    32000,
    34000,
    36000,
    38000,
    40000,
    42000,
    44000,
    46000,
    48000,
    50000,
    52000,
    54000,
    56000,
    58000,
    60000,
    62000,
    64000,
    66000,
    68000,
    70000,
    72000,
    74000,
    76000,
    78000,
    80000,
    82000,
    84000,
    86000,
    88000,
    90000,
    92000,
    94000,
    96000,
    98000,
    100000,
    102000,
    104000,
    106000,
    108000,
    110000,
    112000,
    114000,
    116000,
    118000,
    120000,
    122000,
    124000,
    126000,
    128000,
    130000,
    132000,
    134000,
    136000,
    138000,
    140000,
    142000,
    144000,
    146000,
    148000,
    150000,
    152000,
    154000,
    156000,
    158000,
    160000,
    162000,
    164000,
    166000,
    168000,
    170000,
    172000,
    174000,
    176000,
    178000,
    180000,
    182000,
    184000,
    186000,
    188000,
    190000,
    192000,
    194000,
    196000,
    198000,
    200000
  ],
  "loss": [
    4.575905132293701,
    0.20984608183768932,
    0.006526655084750778,
    0.006339538080710828,
    0.006250495539607429,
    0.00622853023529058,
    0.00620911161364547,
    0.006195707343905211,
    0.006196267466375022,
    0.0061982947993287655,
    0.006196728610990139,
    0.006198540494545496,
    0.0061942835899441275,
    0.006196250544738971,
    0.006199296322450719,
    0.006198761269004001,
    0.0062039470311279505,
    0.00620370374762219,
    0.006203496654308365,
    0.006202004220093677,
    0.0062127328250839425,
    0.006218756777351476,
    0.00620778346968775,
    0.006212547004049629,
    0.006218922668577131,
    0.0062141490746319495,
    0.006216310053295612,
    0.006216868329095339,
    0.006219621948061563,
    0.006216192285714021,
    0.006226246632989681,
    0.006216527270659921,
    0.0062176694324279115,
    0.006220900530023902,
    0.006216399803788007,
    0.006216217044847695,
    0.0062184397198628534,
    0.006222648150167108,
    0.006222910891855868,
    0.006223515361392535,
    0.006222814719380391,
    0.00622209847752423,
    0.006220134669866291,
    0.006217438278107447,
    0.006218489684376207,
    0.006215981491991471,
    0.006222150125059503,
    0.006214054566572655,
    0.006219312368669595,
    0.0062268113213302815,
    0.006226883589402956,
    0.006215109069777065,
    0.0062186723018191736,
    0.006218696094012404,
    0.006218614605321014,
    0.006218829289749791,
    0.00621224171780696,
    0.006215931044789835,
    0.006219684352191639,
    0.006211596468716505,
    0.006206923281292364,
    0.006211547629155119,
    0.006216933928746923,
    0.006221437638719234,
    0.006215989524433158,
    0.00621771723105914,
    0.006210386395007846,
    0.006212319140396461,
    0.006222203704467719,
    0.006225305869397712,
    0.0062197770810866115,
    0.006219190171447994,
    0.0062185956556816,
    0.006214198505308812,
    0.006222786162094956,
    0.006214864328267018,
    0.006221192083294693,
    0.006221526864144593,
    0.00622567508150354,
    0.00622286188364934,
    0.006223770173058305,
    0.006216764285272342,
    0.006224291004830411,
    0.0062186297716523,
    0.0062246972576229425,
    0.006228287841282399,
    0.006222911713916207,
    0.00621469458083447,
    0.0062146037785180235,
    0.006210699810292131,
    0.006217949414177316,
    0.00621540575899234,
    0.006217396340538272,
    0.006217663452823932,
    0.006218824190853938,
    0.0062264027483605175,
    0.006222326787566616,
    0.006218356493836815,
    0.006215216575606602,
    0.006216759302890334,
    0.006216599769049445
  ],
  "train_acc": [
    0.0154,
    0.996,
    0.996,
    0.996,
    0.996,
    0.996,
    0.996,
    0.996,
    0.996,
    0.996,
    0.996,
    0.996,
    0.996,
    0.996,
    0.996,
    0.996,
    0.996,
    0.996,
    0.996,
    0.996,
    0.996,
    0.996,
    0.996,
    0.996,
    0.996,
    0.996,
    0.996,
    0.996,
    0.996,
    0.996,
    0.996,
    0.996,
    0.996,
    0.996,
    0.996,
    0.996,
    0.996,
    0.996,
    0.996,
    0.996,
    0.996,
    0.996,
    0.996,
    0.996,
    0.996,
    0.996,
    0.996,
    0.996,
    0.996,
    0.996,
    0.996,
    0.996,
    0.996,
    0.996,
    0.996,
    0.996,
    0.996,
    0.996,
    0.996,
    0.996,
    0.996,
    0.996,
    0.996,
    0.996,
    0.996,
    0.996,
    0.996,
    0.996,
    0.996,
    0.996,
    0.996,
    0.996,
    0.996,
    0.996,
    0.996,
    0.996,
    0.996,
    0.996,
    0.996,
    0.996,
    0.996,
    0.996,
    0.996,
    0.996,
    0.996,
    0.996,
    0.996,
    0.996,
    0.996,
    0.996,
    0.996,
    0.996,
    0.996,
    0.996,
    0.996,
    0.996,
    0.996,
    0.996,
    0.996,
    0.996,
    0.996
  ],
  "test_acc": [
    0.011690934211924752,
    0.4086512913168243,
    0.40875757253693273,
    0.4113083218195345,
    0.4122648528005102,
    0.41247741524072695,
    0.41502816452332875,
    0.41694122648528004,
    0.41991710064831544,
    0.425018599213519,
    0.42937612923796364,
    0.4366032522053353,
    0.4424487193112977,
    0.4552024657243065,
    0.4647677755340631,
    0.47741524072696356,
    0.4927197364225741,
    0.5035604208736316,
    0.513338293123605,
    0.5223721968328197,
    0.5327877564034436,
    0.5440535657349347,
    0.5540440004251249,
    0.5616962482729302,
    0.5742374322457222,
    0.584652991816346,
    0.5915612711233925,
    0.5988946753108726,
    0.6064406419385695,
    0.6141991710064831,
    0.6199383568923371,
    0.6273780422999256,
    0.6257838239982995,
    0.6353491338080561,
    0.632692103305346,
    0.6316292911042619,
    0.6401317887129344,
    0.6450207248379212,
    0.6504410670634498,
    0.6515038792645339,
    0.6519290041449676,
    0.6566053778297375,
    0.6545860346476777,
    0.6586247210117973,
    0.6629822510362419,
    0.6618131576150494,
    0.6618131576150494,
    0.6633010946965671,
    0.6647890317780848,
    0.6670209374003614,
    0.6635136571367839,
    0.6662769688596025,
    0.6699968115633967,
    0.6716973110851313,
    0.669040280582421,
    0.6726538420661069,
    0.6766925284302264,
    0.6744606228079498,
    0.668508874481879,
    0.6710596237644808,
    0.6740354979275162,
    0.6721224359655649,
    0.6721224359655649,
    0.667446062280795,
    0.676586247210118,
    0.6725475608459985,
    0.674779466468275,
    0.6748857476883835,
    0.681050058454671,
    0.6807312147943458,
    0.6779679030715272,
    0.674779466468275,
    0.6807312147943458,
    0.6826442767562971,
    0.6812626208948879,
    0.6790307152726114,
    0.6778616218514188,
    0.6775427781910937,
    0.6829631204166224,
    0.6840259326177065,
    0.6813689021149962,
    0.6860452757997662,
    0.6881709002019343,
    0.6894462748432352,
    0.6912530555850781,
    0.6876394941013922,
    0.6879583377617176,
    0.6876394941013922,
    0.6888085875225848,
    0.6881709002019343,
    0.6860452757997662,
    0.6854075884791158,
    0.6801998086938038,
    0.6779679030715272,
    0.6804123711340206,
    0.6800935274736954,
    0.6778616218514188,
    0.6754171537889255,
    0.6822191518758636,
    0.6845573387182485,
    0.6836008077372728
  ]
}