{
  "epoch": [
    1,
    2000,
    4000,
    6000,
    8000,
    10000,
    12000,
    14000,
    16000,
    18000,
    20000,
    22000,
    24000,
    26000,
    28000,
    30000,
    32000,
    34000,
    36000,
    38000,
    40000,
    42000,
    44000,
    46000,
    48000,
    50000,
    52000,
    54000,
    56000,
    58000,
    60000,
    62000,
    64000,
    66000,
    68000,
    70000,
    72000,
    74000,
    76000,
    78000,
    80000,
    82000,
    84000,
    86000,
    88000,
    90000,
    92000,
    94000,
    96000,
    98000,
    100000,
    102000,
    104000,
    106000,
    108000,
    110000,
    112000,
    114000,
    116000,
    118000,
    120000,
    122000,
    124000,
    126000,
    128000,
    130000,
    132000,
    134000,
    136000,
    138000,
    140000,
    142000,
    144000,
    146000,
    148000,
    150000,
    152000,
    154000,
    156000,
    158000,
    160000,
    162000,
    164000,
    166000,
    168000,
    170000,
    172000,
    174000,
    176000,
    178000,
    180000,
    182000,
    184000,
    186000,
    188000,
    190000,
    192000,
    194000,
    196000,
    198000,
    200000
  ],
  "loss": [
    4.575238370895386,
    0.2806005241655898,
    0.06522134649474173,
    0.06421782099958509,
    0.06340237963031978,
    0.0627847784658894,
    0.06231806760299951,
    0.06192935197269544,
    0.061660367853567,
    0.06141138960113749,
    0.06122347644716501,
    0.06101894502537325,
    0.06083877120334655,
    0.060693048718664794,
    0.06053547446243465,
    0.060396460846532135,
    0.06027932726955041,
    0.06017168784951791,
    0.06008908672137186,
    0.059964844094216825,
    0.05982220150306821,
    0.05970239643799141,
    0.05955922329518944,
    0.05944844648418948,
    0.05928296700241044,
    0.05911900597987697,
    0.058977532268036155,
    0.05882433560071513,
    0.05860653542177752,
    0.058336039887275544,
    0.05805516405543312,
    0.05781377964885905,
    0.057674969761911776,
    0.057609131326992066,
    0.057529859861452134,
    0.057529394068289545,
    0.05752635779781267,
    0.05749599680248648,
    0.057488684774935246,
    0.05750241466937587,
    0.057498617742117494,
    0.05753053824789822,
    0.0575035845246166,
    0.05753141774702817,
    0.05752525729062036,
    0.057555150213558226,
    0.05757439749091864,
    0.057581860382296145,
    0.05758189248284325,
    0.05757577249454334,
    0.057532093649264426,
    0.057551320296153424,
    0.057553032651171086,
    0.05754121327288449,
    0.05756293211858719,
    0.05750485175848007,
    0.05752539993589744,
    0.05751866989172995,
    0.05750620509404689,
    0.05750172000555322,
    0.05753155971141532,
    0.057526648624055085,
    0.057503077454399316,
    0.05748810940971598,
    0.05754491842193529,
    0.05757162745343521,
    0.05752318199444562,
    0.057530794839560986,
    0.0575462136936374,
    0.05754167352030054,
    0.05751944262571633,
    0.057521680028457194,
    0.057524440154619515,
    0.05751298136645928,
    0.057546961222309616,
    0.057539381519239395,
    0.05750227536046878,
    0.0575161342096515,
    0.05755548423817381,
    0.057531848896760496,
    0.05750917850043625,
    0.05753386099440977,
    0.057546072164271024,
    0.05754197334898636,
    0.05756061650570482,
    0.05757042643036693,
    0.057538372602220625,
    0.057506514655612406,
    0.057525450089853256,
    0.05747521983450279,
    0.057497013077232983,
    0.05750337760318071,
    0.05755028724735603,
    0.057553567694220695,
    0.05753785327104852,
    0.057560122406110165,
    0.05753469708086923,
    0.057518296564184127,
    0.05755063986470923,
    0.05757581633031368,
    0.057600376414507624
  ],
  "train_acc": [
    0.0212,
    0.9628,
    0.9628,
    0.9628,
    0.9628,
    0.9628,
    0.9628,
    0.9628,
    0.9628,
    0.9628,
    0.9628,
    0.9628,
    0.9628,
    0.9628,
    0.9628,
    0.9628,
    0.9628,
    0.9628,
    0.9628,
    0.9628,
    0.9628,
    0.9628,
    0.9628,
    0.9628,
    0.9628,
    0.9628,
    0.9628,
    0.9628,
    0.9628,
    0.9628,
    0.9628,
    0.9628,
    0.9628,
    0.9628,
    0.9628,
    0.9628,
    0.9628,
    0.9628,
    0.9628,
    0.9628,
    0.9628,
    0.9628,
    0.9628,
    0.9628,
    0.9628,
    0.9628,
    0.9628,
    0.9628,
    0.9628,
    0.9628,
    0.9628,
    0.9628,
    0.9628,
    0.9628,
    0.9628,
    0.9628,
    0.9628,
    0.9628,
    0.9628,
    0.9628,
    0.9628,
    0.9628,
    0.9628,
    0.9628,
    0.9628,
    0.9628,
    0.9628,
    0.9628,
    0.9628,
    0.9628,
    0.9628,
    0.9628,
    0.9628,
    0.9628,
    0.9628,
    0.9628,
    0.9628,
    0.9628,
    0.9628,
    0.9628,
    0.9628,
    0.9628,
    0.9628,
    0.9628,
    0.9628,
    0.9628,
    0.9628,
    0.9628,
    0.9628,
    0.9628,
    0.9628,
    0.9628,
    0.9628,
    0.9628,
    0.9628,
    0.9628,
    0.9628,
    0.9628,
    0.9628,
    0.9628,
    0.9628
  ],
  "test_acc": [
    0.011584652991816347,
    0.37039005207779785,
    0.3698586459772558,
    0.37028377085768943,
    0.3693272398767138,
    0.36996492719736424,
    0.36996492719736424,
    0.3697523647571474,
    0.3710277393984483,
    0.3706026145180147,
    0.37039005207779785,
    0.37028377085768943,
    0.3697523647571474,
    0.3706026145180147,
    0.37155914549899033,
    0.37209055159953236,
    0.37198427037942394,
    0.37007120841747265,
    0.37198427037942394,
    0.3714528642788819,
    0.3723031140397492,
    0.3714528642788819,
    0.37124030183866513,
    0.37124030183866513,
    0.3709214581783399,
    0.3718779891593155,
    0.37166542671909875,
    0.3711340206185567,
    0.37177170793920716,
    0.3714528642788819,
    0.37155914549899033,
    0.36996492719736424,
    0.3706026145180147,
    0.3727282389201828,
    0.3714528642788819,
    0.3709214581783399,
    0.3714528642788819,
    0.37240939525985756,
    0.3709214581783399,
    0.372515676479966,
    0.37240939525985756,
    0.3710277393984483,
    0.3721968328196408,
    0.3713465830587735,
    0.3709214581783399,
    0.37166542671909875,
    0.3709214581783399,
    0.369646083537039,
    0.3713465830587735,
    0.37007120841747265,
    0.3714528642788819,
    0.3710277393984483,
    0.37081517695823146,
    0.3698586459772558,
    0.37124030183866513,
    0.37049633329790627,
    0.3711340206185567,
    0.3710277393984483,
    0.370177489637581,
    0.3711340206185567,
    0.3711340206185567,
    0.37166542671909875,
    0.37028377085768943,
    0.370177489637581,
    0.37124030183866513,
    0.37124030183866513,
    0.37007120841747265,
    0.3713465830587735,
    0.3711340206185567,
    0.37198427037942394,
    0.3710277393984483,
    0.37209055159953236,
    0.3709214581783399,
    0.3713465830587735,
    0.3726219577000744,
    0.37155914549899033,
    0.37198427037942394,
    0.3711340206185567,
    0.37049633329790627,
    0.37177170793920716,
    0.3728345201402912,
    0.37007120841747265,
    0.3697523647571474,
    0.3693272398767138,
    0.3709214581783399,
    0.3718779891593155,
    0.37240939525985756,
    0.372515676479966,
    0.37124030183866513,
    0.37155914549899033,
    0.3723031140397492,
    0.37209055159953236,
    0.3721968328196408,
    0.3726219577000744,
    0.3723031140397492,
    0.37325964502072484,
    0.3728345201402912,
    0.3728345201402912,
    0.37325964502072484,
    0.3723031140397492,
    0.3727282389201828
  ]
}