{
  "epoch": [
    1,
    2000,
    4000,
    6000,
    8000,
    10000,
    12000,
    14000,
    16000,
    18000,
    20000,
    22000,
    24000,
    26000,
    28000,
    30000,
    32000,
    34000,
    36000,
    38000,
    40000,
    42000,
    44000,
    46000,
    48000,
    50000,
    52000,
    54000,
    56000,
    58000,
    60000,
    62000,
    64000,
    66000,
    68000,
    70000,
    72000,
    74000,
    76000,
    78000,
    80000,
    82000,
    84000,
    86000,
    88000,
    90000,
    92000,
    94000,
    96000,
    98000,
    100000,
    102000,
    104000,
    106000,
    108000,
    110000,
    112000,
    114000,
    116000,
    118000,
    120000,
    122000,
    124000,
    126000,
    128000,
    130000,
    132000,
    134000,
    136000,
    138000,
    140000,
    142000,
    144000,
    146000,
    148000,
    150000,
    152000,
    154000,
    156000,
    158000,
    160000,
    162000,
    164000,
    166000,
    168000,
    170000,
    172000,
    174000,
    176000,
    178000,
    180000,
    182000,
    184000,
    186000,
    188000,
    190000,
    192000,
    194000,
    196000,
    198000,
    200000
  ],
  "loss": [
    4.576065921783448,
    0.23730448284747827,
    0.03305256752925925,
    0.03244290028186515,
    0.032075349296955394,
    0.03183956184447743,
    0.03161498680105433,
    0.03147125029955059,
    0.031395620570052414,
    0.03138097648057155,
    0.03136566142002121,
    0.03137259956500493,
    0.03136767419930547,
    0.03137185134333558,
    0.03137308952035382,
    0.03134444403727539,
    0.03133256771108136,
    0.03132609053719789,
    0.03131263019037433,
    0.03132427073870785,
    0.0313176104745362,
    0.031317236858652904,
    0.031323143577948215,
    0.03131705153801013,
    0.031318688306526746,
    0.03130008389491122,
    0.03130565646258183,
    0.03130339652262628,
    0.03130858618631028,
    0.03131592138954438,
    0.03131441292059608,
    0.03130912324534729,
    0.031294708255631846,
    0.03131192649840377,
    0.03130672177441884,
    0.031300393008021635,
    0.031306261578714474,
    0.03131422799904831,
    0.0312904832821805,
    0.031305262890039015,
    0.031309382381662726,
    0.031309790981095285,
    0.03131020104032941,
    0.03131450273022056,
    0.03133328067082912,
    0.03131972115547396,
    0.031313790787616744,
    0.031312203407287596,
    0.03131141497720964,
    0.03130636247736402,
    0.03131451491722837,
    0.03130788780692965,
    0.031305212790332736,
    0.03130540865436196,
    0.03130003821062855,
    0.0312958247248549,
    0.03128322682729922,
    0.031296300652856004,
    0.03128925683675334,
    0.03129815100315027,
    0.03129665381992236,
    0.031307134969253095,
    0.031314472210081296,
    0.03129283221918158,
    0.031296955561172214,
    0.03130898642539978,
    0.031302909948909656,
    0.03131018002014607,
    0.03130778686823323,
    0.031311436003027486,
    0.03132102682348341,
    0.031315835348959084,
    0.031330848152609544,
    0.03131683805510402,
    0.03131714362706989,
    0.031320884924707935,
    0.03132258829944767,
    0.03130345640489832,
    0.031320987660065296,
    0.0313230912854895,
    0.031318488472979515,
    0.03134144496493973,
    0.031347230798983945,
    0.03134619004582055,
    0.03133241177485324,
    0.03133378580561839,
    0.03131734029906802,
    0.03131727980922442,
    0.031333081633318216,
    0.03131412169742398,
    0.031311541471490636,
    0.03131302535790019,
    0.03131418165732175,
    0.03132497208053246,
    0.03131965989954769,
    0.03133171326592565,
    0.03131649056226015,
    0.031332091424567624,
    0.031312045987229795,
    0.03131122331616935,
    0.03131288212540094
  ],
  "train_acc": [
    0.0224,
    0.9796,
    0.9796,
    0.9796,
    0.9796,
    0.9796,
    0.9796,
    0.9796,
    0.9796,
    0.9796,
    0.9796,
    0.9796,
    0.9796,
    0.9796,
    0.9796,
    0.9796,
    0.9796,
    0.9796,
    0.9796,
    0.9796,
    0.9796,
    0.9796,
    0.9796,
    0.9796,
    0.9796,
    0.9796,
    0.9796,
    0.9796,
    0.9796,
    0.9796,
    0.9796,
    0.9796,
    0.9796,
    0.9796,
    0.9796,
    0.9796,
    0.9796,
    0.9796,
    0.9796,
    0.9796,
    0.9796,
    0.9796,
    0.9796,
    0.9796,
    0.9796,
    0.9796,
    0.9796,
    0.9796,
    0.9796,
    0.9796,
    0.9796,
    0.9796,
    0.9796,
    0.9796,
    0.9796,
    0.9796,
    0.9796,
    0.9796,
    0.9796,
    0.9796,
    0.9796,
    0.9796,
    0.9796,
    0.9796,
    0.9796,
    0.9796,
    0.9796,
    0.9796,
    0.9796,
    0.9796,
    0.9796,
    0.9796,
    0.9796,
    0.9796,
    0.9796,
    0.9796,
    0.9796,
    0.9796,
    0.9796,
    0.9796,
    0.9796,
    0.9796,
    0.9796,
    0.9796,
    0.9796,
    0.9796,
    0.9796,
    0.9796,
    0.9796,
    0.9796,
    0.9796,
    0.9796,
    0.9796,
    0.9796,
    0.9796,
    0.9796,
    0.9796,
    0.9796,
    0.9796,
    0.9796,
    0.9796
  ],
  "test_acc": [
    0.012753746413008821,
    0.38909554681687747,
    0.3895206716973111,
    0.3900520777978531,
    0.39015835901796153,
    0.3912211712190456,
    0.39015835901796153,
    0.3896269529174195,
    0.3892018280369859,
    0.3892018280369859,
    0.38888298437666063,
    0.38898926559676905,
    0.3900520777978531,
    0.3899457965777447,
    0.38941439047720267,
    0.3896269529174195,
    0.3899457965777447,
    0.38898926559676905,
    0.3896269529174195,
    0.3898395153576363,
    0.3900520777978531,
    0.39015835901796153,
    0.3895206716973111,
    0.3899457965777447,
    0.3900520777978531,
    0.3892018280369859,
    0.38941439047720267,
    0.39026464023806995,
    0.3897332341375279,
    0.3899457965777447,
    0.3897332341375279,
    0.3898395153576363,
    0.3899457965777447,
    0.390796046338612,
    0.3899457965777447,
    0.3900520777978531,
    0.39047720267828673,
    0.39037092145817837,
    0.390796046338612,
    0.3900520777978531,
    0.39026464023806995,
    0.3899457965777447,
    0.3899457965777447,
    0.3909023275587204,
    0.390796046338612,
    0.391327452439154,
    0.39100860877882876,
    0.39068976511850356,
    0.39037092145817837,
    0.3909023275587204,
    0.39047720267828673,
    0.39015835901796153,
    0.3909023275587204,
    0.39143373365926243,
    0.39015835901796153,
    0.3912211712190456,
    0.391327452439154,
    0.391327452439154,
    0.39068976511850356,
    0.3917525773195876,
    0.3911148899989372,
    0.39143373365926243,
    0.39037092145817837,
    0.39100860877882876,
    0.39228398342012966,
    0.3930279519608885,
    0.3932405144011053,
    0.3912211712190456,
    0.3926028270804549,
    0.3932405144011053,
    0.3924965458603465,
    0.39313423318099694,
    0.39355935806143055,
    0.3928153895206717,
    0.3929216707407801,
    0.3943033266021894,
    0.3945158890424062,
    0.39398448294186417,
    0.3929216707407801,
    0.39398448294186417,
    0.3933467956212137,
    0.39355935806143055,
    0.39398448294186417,
    0.39377192050164733,
    0.3926028270804549,
    0.3926028270804549,
    0.39377192050164733,
    0.39345307684132214,
    0.39313423318099694,
    0.3932405144011053,
    0.3924965458603465,
    0.39185885853969604,
    0.3923902646402381,
    0.39355935806143055,
    0.39355935806143055,
    0.39483473270273145,
    0.3956849824635987,
    0.3962163885641407,
    0.39472845148262303,
    0.39472845148262303,
    0.3943033266021894
  ]
}