{
  "epoch": [
    1,
    2000,
    4000,
    6000,
    8000,
    10000,
    12000,
    14000,
    16000,
    18000,
    20000,
    22000,
    24000,
    26000,
    28000,
    30000,
    32000,
    34000,
    36000,
    38000,
    40000,
    42000,
    44000,
    46000,
    48000,
    50000,
    52000,
    54000,
    56000,
    58000,
    60000,
    62000,
    64000,
    66000,
    68000,
    70000,
    72000,
    74000,
    76000,
    78000,
    80000,
    82000,
    84000,
    86000,
    88000,
    90000,
    92000,
    94000,
    96000,
    98000,
    100000,
    102000,
    104000,
    106000,
    108000,
    110000,
    112000,
    114000,
    116000,
    118000,
    120000,
    122000,
    124000,
    126000,
    128000,
    130000,
    132000,
    134000,
    136000,
    138000,
    140000,
    142000,
    144000,
    146000,
    148000,
    150000,
    152000,
    154000,
    156000,
    158000,
    160000,
    162000,
    164000,
    166000,
    168000,
    170000,
    172000,
    174000,
    176000,
    178000,
    180000,
    182000,
    184000,
    186000,
    188000,
    190000,
    192000,
    194000,
    196000,
    198000,
    200000
  ],
  "loss": [
    4.574947786331177,
    0.20633932866115945,
    1.1323434092773255e-06,
    2.5963087341835947e-07,
    2.4368506332379525e-07,
    2.2809560318677314e-07,
    2.219351362469979e-07,
    2.2260831842970674e-07,
    2.264704099211201e-07,
    2.299843052846029e-07,
    2.3937758650163234e-07,
    0.0001573153801568708,
    4.6262678515489595e-07,
    0.0002864906728973679,
    4.670996616600575e-06,
    0.00015951072835141672,
    7.655009309026184e-07,
    0.00017589546695669753,
    9.120989057304741e-05,
    4.2432530885527345e-06,
    8.012564077788866e-05,
    4.340342177954426e-07,
    0.00029588167254103795,
    0.00016195781020614887,
    5.059378812443783e-06,
    0.00019279468781041302,
    0.00016685282079831722,
    5.62276442135925e-06,
    0.00027488294426921696,
    5.210679015810626e-06,
    0.0001784343203374526,
    0.00010826017495260771,
    2.7540476821066306e-06,
    0.00025027474670896195,
    7.822195646383534e-07,
    0.00033698771786143026,
    0.0002062571016231729,
    2.5321433204751998e-06,
    0.0002940796421226985,
    0.00022584427283344724,
    4.570887995446781e-06,
    0.00015347699890399938,
    0.00018137263650346044,
    4.507068610329412e-06,
    0.00012177000499309472,
    0.00019941475421188882,
    4.751564259735375e-06,
    0.00023793294575986365,
    0.00014753235670111878,
    4.302241239893334e-06,
    0.00024580176826075544,
    0.00027217432696550786,
    5.594537273609035e-06,
    0.0002606089319526042,
    0.00017568371969190437,
    4.882681815870882e-06,
    0.00021004828833573867,
    0.00019176903165021527,
    4.762504347427665e-06,
    0.00018393772171975016,
    0.00029787679555066477,
    5.464517993067375e-06,
    0.0002021353624005357,
    0.00023370939589275323,
    4.893973577343047e-06,
    0.00022859385394500008,
    0.00019180410590054678,
    4.491312677996717e-06,
    0.00027883795499259844,
    0.00024433271406318655,
    5.48729107225796e-06,
    0.00015441018857274643,
    0.00019648405289697665,
    3.6988046348433557e-06,
    0.00015871341625888462,
    0.000197536400385669,
    1.9050328595383803e-06,
    0.00025950988764016856,
    0.00026662716412681177,
    0.0001912419281518936,
    5.155708462416442e-06,
    0.000269243547828831,
    0.0001764690304943862,
    5.021608675708223e-06,
    0.0002218780150519045,
    0.00024409318162774553,
    5.710280987919702e-06,
    0.0002011848336071857,
    0.00017533820764863747,
    5.008410659137752e-06,
    0.00012129975084759508,
    0.00018884139551217203,
    4.244251243162722e-06,
    0.000191012188527737,
    0.00022318123474381152,
    0.00012985994487678526,
    4.836051342276449e-06,
    0.00022541998449864876,
    0.00019677637127728573,
    5.205588491145363e-06,
    0.0002099711250752783
  ],
  "train_acc": [
    0.019,
    1.0,
    1.0,
    1.0,
    1.0,
    1.0,
    1.0,
    1.0,
    1.0,
    1.0,
    1.0,
    1.0,
    1.0,
    1.0,
    1.0,
    1.0,
    1.0,
    1.0,
    1.0,
    1.0,
    1.0,
    1.0,
    1.0,
    1.0,
    1.0,
    1.0,
    1.0,
    1.0,
    1.0,
    1.0,
    1.0,
    1.0,
    1.0,
    1.0,
    1.0,
    1.0,
    1.0,
    1.0,
    1.0,
    1.0,
    1.0,
    1.0,
    1.0,
    1.0,
    1.0,
    1.0,
    1.0,
    1.0,
    1.0,
    1.0,
    1.0,
    1.0,
    1.0,
    1.0,
    1.0,
    1.0,
    1.0,
    1.0,
    1.0,
    1.0,
    1.0,
    1.0,
    1.0,
    1.0,
    1.0,
    1.0,
    1.0,
    1.0,
    1.0,
    1.0,
    1.0,
    1.0,
    1.0,
    1.0,
    1.0,
    1.0,
    1.0,
    1.0,
    1.0,
    1.0,
    1.0,
    1.0,
    1.0,
    1.0,
    1.0,
    1.0,
    1.0,
    1.0,
    1.0,
    1.0,
    1.0,
    1.0,
    1.0,
    1.0,
    1.0,
    1.0,
    1.0,
    1.0,
    1.0,
    1.0,
    1.0
  ],
  "test_acc": [
    0.010734403230949091,
    0.3788925496864704,
    0.37942395578701243,
    0.37984908066744605,
    0.3800616431076629,
    0.38154958018918056,
    0.38250611117015626,
    0.38441917313210755,
    0.3896269529174195,
    0.3973854819853332,
    0.4066319481347646,
    0.41715378892549687,
    0.42746306727601235,
    0.4367095334254437,
    0.45382080986289725,
    0.4638112445530875,
    0.4750770538845786,
    0.490594112020406,
    0.5020724837921139,
    0.5132320119034967,
    0.525348070995855,
    0.5358699117865873,
    0.5552130938463173,
    0.5609522797321713,
    0.5690296524604103,
    0.5829524922946115,
    0.5729620576044213,
    0.6077160165798703,
    0.6162185141885429,
    0.6251461366776491,
    0.6356679774683813,
    0.6450207248379212,
    0.6410883196939101,
    0.6604315017536402,
    0.6516101604846424,
    0.6761611223296844,
    0.6782867467318525,
    0.6703156552237219,
    0.68912743118291,
    0.68912743118291,
    0.6888085875225848,
    0.7023063024763524,
    0.7047507705388458,
    0.6996492719736422,
    0.71314698692741,
    0.7111276437453502,
    0.707939207142098,
    0.7248379211393347,
    0.7209055159953236,
    0.7167605484110957,
    0.7291954511637794,
    0.7354660431501754,
    0.729620576044213,
    0.7406738229354873,
    0.7396110107344033,
    0.7402486980550537,
    0.7483260707832926,
    0.7454564778403656,
    0.7419491975767882,
    0.7500265703050271,
    0.752364757147412,
    0.7479009459028589,
    0.758103943033266,
    0.7539589754490381,
    0.746625571261558,
    0.7584227866935912,
    0.7574662557126156,
    0.7487511956637262,
    0.7606546923158678,
    0.7593793176745669,
    0.7573599744925071,
    0.7588479115740249,
    0.7644808162397704,
    0.7553406313104475,
    0.7666064406419386,
    0.770113720905516,
    0.7566160059517483,
    0.7679880965033479,
    0.7686257838239983,
    0.7625677542778191,
    0.7650122223403125,
    0.7720267828674673,
    0.7636305664789031,
    0.7683069401636731,
    0.7733021575087682,
    0.7637368476990116,
    0.7708576894462749,
    0.7760654692315868,
    0.7773408438728877,
    0.7678818152832394,
    0.7730895950685513,
    0.7731958762886598,
    0.7658624721011797,
    0.7762780316718036,
    0.7764905941120204,
    0.7598044425550006,
    0.7733021575087682,
    0.7788287809544053,
    0.7577850993729408,
    0.7793601870549474,
    0.7804229992560314
  ]
}