{
  "epoch": [
    1,
    2000,
    4000,
    6000,
    8000,
    10000,
    12000,
    14000,
    16000,
    18000,
    20000,
    22000,
    24000,
    26000,
    28000,
    30000,
    32000,
    34000,
    36000,
    38000,
    40000,
    42000,
    44000,
    46000,
    48000,
    50000,
    52000,
    54000,
    56000,
    58000,
    60000,
    62000,
    64000,
    66000,
    68000,
    70000,
    72000,
    74000,
    76000,
    78000,
    80000,
    82000,
    84000,
    86000,
    88000,
    90000,
    92000,
    94000,
    96000,
    98000,
    100000,
    102000,
    104000,
    106000,
    108000,
    110000,
    112000,
    114000,
    116000,
    118000,
    120000,
    122000,
    124000,
    126000,
    128000,
    130000,
    132000,
    134000,
    136000,
    138000,
    140000,
    142000,
    144000,
    146000,
    148000,
    150000,
    152000,
    154000,
    156000,
    158000,
    160000,
    162000,
    164000,
    166000,
    168000,
    170000,
    172000,
    174000,
    176000,
    178000,
    180000,
    182000,
    184000,
    186000,
    188000,
    190000,
    192000,
    194000,
    196000,
    198000,
    200000
  ],
  "loss": [
    4.5757917881011965,
    0.20251996467718444,
    9.336198975141485e-07,
    2.2290367368356102e-07,
    2.1102092402642826e-07,
    2.1064620516639821e-07,
    2.1083781500692567e-07,
    2.1449832322204543e-07,
    0.0001397528799615017,
    0.0001868704956260423,
    5.4963618586270965e-06,
    9.626168082951523e-05,
    9.44171048320186e-07,
    0.00013692715605562994,
    0.00017143504772966338,
    1.8549172798969949e-06,
    0.00014424330499218313,
    0.0001940552602966626,
    2.839561343331809e-06,
    0.00013007759326830312,
    0.00021843646883696336,
    0.00016822240648322833,
    4.3082746704378395e-06,
    0.0003567683467043892,
    0.00017425783516773592,
    4.296730286412753e-06,
    0.0002646650769775192,
    0.0002450693321219454,
    4.672725080791906e-06,
    0.00039532240255311707,
    0.00022961962236852783,
    4.654769140924487e-06,
    0.00013673416932274662,
    0.00015450601183358189,
    3.6243810976898773e-06,
    0.0001961042922029037,
    0.0001325032867705211,
    1.202137287571503e-06,
    0.00042814269368376544,
    0.00032790410350526145,
    2.7380954036409833e-06,
    0.00035903250732035447,
    0.00018872945715434498,
    0.00012677553549659423,
    3.5475026047556923e-06,
    0.0003830857040093839,
    0.0002525434533968692,
    4.323615855772545e-06,
    0.000290512260176596,
    0.0001271473868096031,
    0.00015611716432748678,
    4.03231535028965e-06,
    0.000368016844130679,
    0.00023650660001142186,
    4.767883708783671e-06,
    0.0002446307458369681,
    0.0003029173491813438,
    4.7171289063641095e-06,
    0.0003396071059475048,
    0.00032456880515253347,
    4.54196474835058e-06,
    0.0002584867561809574,
    0.0001822736748084715,
    0.00017922650888131173,
    4.409122492175754e-06,
    0.0003085977302846466,
    0.00023034022729585786,
    4.437670487742196e-06,
    0.0001395669694702157,
    0.00016311209987448976,
    3.2865480322314513e-06,
    0.00029993055809231917,
    0.00031044421612399446,
    0.0002300778643167135,
    4.439199609575439e-06,
    0.00029120750246187227,
    0.0003277664396778917,
    5.015226932305694e-06,
    0.00023969008481627085,
    0.00019178349880318634,
    3.98671532234971e-06,
    0.0003858030021958889,
    0.00027003536029678515,
    4.509373395622873e-06,
    0.00023209211848762408,
    0.00021586650090254052,
    0.0001795663409680607,
    4.118233270253313e-06,
    0.00033065811345132516,
    0.00025196930604190444,
    4.465903370969215e-06,
    0.00016273067280270226,
    0.00026346791142283334,
    3.762380772646168e-06,
    0.00028348594337380533,
    0.00017526945225644752,
    0.0003258844688022087,
    5.136157584064449e-06,
    0.0003917472509908158,
    0.0002524721337753725,
    4.379098799572745e-06
  ],
  "train_acc": [
    0.0158,
    1.0,
    1.0,
    1.0,
    1.0,
    1.0,
    1.0,
    1.0,
    1.0,
    1.0,
    1.0,
    1.0,
    1.0,
    1.0,
    1.0,
    1.0,
    1.0,
    1.0,
    1.0,
    1.0,
    1.0,
    1.0,
    1.0,
    1.0,
    1.0,
    1.0,
    1.0,
    1.0,
    1.0,
    1.0,
    1.0,
    1.0,
    1.0,
    1.0,
    1.0,
    1.0,
    1.0,
    1.0,
    1.0,
    1.0,
    1.0,
    1.0,
    1.0,
    1.0,
    1.0,
    1.0,
    1.0,
    1.0,
    1.0,
    1.0,
    1.0,
    1.0,
    1.0,
    1.0,
    1.0,
    1.0,
    1.0,
    1.0,
    1.0,
    1.0,
    1.0,
    1.0,
    1.0,
    1.0,
    1.0,
    1.0,
    1.0,
    1.0,
    1.0,
    1.0,
    1.0,
    1.0,
    1.0,
    1.0,
    1.0,
    1.0,
    1.0,
    1.0,
    1.0,
    1.0,
    1.0,
    1.0,
    1.0,
    1.0,
    1.0,
    1.0,
    1.0,
    1.0,
    1.0,
    1.0,
    1.0,
    1.0,
    1.0,
    1.0,
    1.0,
    1.0,
    1.0,
    1.0,
    1.0,
    1.0,
    1.0
  ],
  "test_acc": [
    0.01115952811138272,
    0.4011053246891274,
    0.40142416834945266,
    0.40269954299075356,
    0.4064193856945478,
    0.41821660112658093,
    0.4458497183547667,
    0.4955893293655011,
    0.5541502816452333,
    0.5974067382293549,
    0.6816877457753215,
    0.7125092996067595,
    0.7365288553512594,
    0.7731958762886598,
    0.7842491231799341,
    0.7927516207886066,
    0.8154958018918057,
    0.8232543309597194,
    0.8266553300031885,
    0.844829418641726,
    0.8497183547667128,
    0.8391965139759805,
    0.8653416941226485,
    0.8696992241470932,
    0.856307790413434,
    0.8807524710383675,
    0.8846848761823786,
    0.860240195557445,
    0.8906366245084494,
    0.8943564672122436,
    0.8770326283345733,
    0.900733340418748,
    0.9031778084812414,
    0.9066850887448188,
    0.9039217770220002,
    0.9130619619513232,
    0.9143373365926241,
    0.9094484004676374,
    0.9192262727176108,
    0.9198639600382612,
    0.9146561802529493,
    0.9232649590817302,
    0.9245403337230311,
    0.9245403337230311,
    0.9223084281007546,
    0.9253905834838984,
    0.9282601764268253,
    0.9237963651822723,
    0.9280476139866086,
    0.9282601764268253,
    0.9175257731958762,
    0.9282601764268253,
    0.9330428313317037,
    0.928685301307259,
    0.9337867998724625,
    0.9347433308534382,
    0.9311297693697523,
    0.9348496120735466,
    0.9379317674566904,
    0.9356998618344139,
    0.9356998618344139,
    0.9360187054947391,
    0.937825486236582,
    0.9071102136252525,
    0.9350621745137634,
    0.937825486236582,
    0.9278350515463918,
    0.9369752364757148,
    0.9380380486767989,
    0.9392071420979913,
    0.9341056435327878,
    0.938356892337124,
    0.9416516101604846,
    0.9179508980763099,
    0.9400573918588585,
    0.9416516101604846,
    0.9288978637474758,
    0.9389945796577744,
    0.9410139228398342,
    0.9415453289403762,
    0.9381443298969072,
    0.9416516101604846,
    0.9442023594430864,
    0.93729408013604,
    0.9422892974811351,
    0.9431395472420023,
    0.9210330534594537,
    0.939632266978425,
    0.9417578913805931,
    0.9381443298969072,
    0.9402699542990753,
    0.939632266978425,
    0.9416516101604846,
    0.934955893293655,
    0.9405887979594005,
    0.9415453289403762,
    0.9351684557338719,
    0.940695079179509,
    0.9421830162610266,
    0.9391008608778829,
    0.9391008608778829
  ]
}