{
  "epoch": [
    1,
    2000,
    4000,
    6000,
    8000,
    10000,
    12000,
    14000,
    16000,
    18000,
    20000,
    22000,
    24000,
    26000,
    28000,
    30000,
    32000,
    34000,
    36000,
    38000,
    40000,
    42000,
    44000,
    46000,
    48000,
    50000,
    52000,
    54000,
    56000,
    58000,
    60000,
    62000,
    64000,
    66000,
    68000,
    70000,
    72000,
    74000,
    76000,
    78000,
    80000,
    82000,
    84000,
    86000,
    88000,
    90000,
    92000,
    94000,
    96000,
    98000,
    100000,
    102000,
    104000,
    106000,
    108000,
    110000,
    112000,
    114000,
    116000,
    118000,
    120000,
    122000,
    124000,
    126000,
    128000,
    130000,
    132000,
    134000,
    136000,
    138000,
    140000,
    142000,
    144000,
    146000,
    148000,
    150000,
    152000,
    154000,
    156000,
    158000,
    160000,
    162000,
    164000,
    166000,
    168000,
    170000,
    172000,
    174000,
    176000,
    178000,
    180000,
    182000,
    184000,
    186000,
    188000,
    190000,
    192000,
    194000,
    196000,
    198000,
    200000
  ],
  "loss": [
    4.575885343551636,
    0.20191196247717605,
    1.0536961719850525e-06,
    2.567096785128342e-07,
    2.414117721983189e-07,
    2.2676094958740123e-07,
    2.208795258354712e-07,
    2.1978580291701632e-07,
    2.217834548936537e-07,
    2.2254048617256218e-07,
    2.276426744096227e-07,
    0.0001713002734938634,
    6.164215485174651e-06,
    0.00013815758546920377,
    3.4769282566244896e-06,
    0.00010105385018818396,
    7.735498505468286e-07,
    0.00015736918785999593,
    6.648785408351898e-07,
    0.0002595349351931617,
    0.00021887369453584712,
    5.521707889430161e-06,
    0.00010542344142502741,
    1.8097254395080142e-06,
    0.00020497094488734362,
    9.163758241831275e-05,
    2.5430027908051046e-06,
    0.0002435972277965085,
    0.00013026948459084125,
    4.414695151592695e-06,
    0.00018534183139410772,
    2.6975492270352674e-06,
    0.00016188600657892778,
    0.00015814762454860373,
    1.837832755578006e-06,
    0.00030780111015941644,
    0.00011887866796143598,
    3.7483447422737014e-06,
    0.00034988393354406426,
    0.00011885359153053443,
    4.265351431342168e-06,
    7.330239157091753e-05,
    0.00018485641517081248,
    4.781944327929466e-06,
    0.00013431010170269887,
    0.00024559803734201466,
    5.260811489374362e-06,
    0.00024933003704649155,
    0.0001466160233133529,
    4.487378413810461e-06,
    0.00031339851948229767,
    0.00013229652419097135,
    4.59117831564626e-06,
    7.186151638886003e-05,
    0.0001585156183884159,
    4.571489915068128e-06,
    0.0002309039472076101,
    0.00012259995239395635,
    4.208020699685023e-06,
    0.000156701486376474,
    0.0002300702763605571,
    5.137038711259834e-06,
    0.00039028255711713345,
    0.0001355432776856823,
    4.456493470578238e-06,
    0.00019911155511285016,
    0.00011824402124454565,
    3.8523957397586625e-06,
    0.00029278336204170257,
    0.0001449597660609115,
    4.282420366297401e-06,
    0.00032448022168227555,
    2.856781791111018e-06,
    0.00024373826892936705,
    0.0002326073171724971,
    0.00010810406315969985,
    3.9567358827135025e-06,
    0.00018238189727658635,
    0.00020041075454639952,
    5.113328961734709e-06,
    0.00014805695934324347,
    0.00012878094533498013,
    4.185215822132449e-06,
    0.00021735645038426483,
    0.00023415551830432334,
    5.444205106762468e-06,
    0.00018073062813240027,
    0.0002068809138287719,
    5.054266936421215e-06,
    0.00014920302803907433,
    0.00020130432630153548,
    4.8009101767753745e-06,
    0.00019096888978234575,
    0.0002196883314518125,
    4.964560800319618e-06,
    0.00017564031482205565,
    0.00018814982785657008,
    4.6864791218240495e-06,
    0.00015162058030786127,
    0.00029404010417409694,
    5.469804461962013e-06
  ],
  "train_acc": [
    0.0224,
    1.0,
    1.0,
    1.0,
    1.0,
    1.0,
    1.0,
    1.0,
    1.0,
    1.0,
    1.0,
    1.0,
    1.0,
    1.0,
    1.0,
    1.0,
    1.0,
    1.0,
    1.0,
    1.0,
    1.0,
    1.0,
    1.0,
    1.0,
    1.0,
    1.0,
    1.0,
    1.0,
    1.0,
    1.0,
    1.0,
    1.0,
    1.0,
    1.0,
    1.0,
    1.0,
    1.0,
    1.0,
    1.0,
    1.0,
    1.0,
    1.0,
    1.0,
    1.0,
    1.0,
    1.0,
    1.0,
    1.0,
    1.0,
    1.0,
    1.0,
    1.0,
    1.0,
    1.0,
    1.0,
    1.0,
    1.0,
    1.0,
    1.0,
    1.0,
    1.0,
    1.0,
    1.0,
    1.0,
    1.0,
    1.0,
    1.0,
    1.0,
    1.0,
    1.0,
    1.0,
    1.0,
    1.0,
    1.0,
    1.0,
    1.0,
    1.0,
    1.0,
    1.0,
    1.0,
    1.0,
    1.0,
    1.0,
    1.0,
    1.0,
    1.0,
    1.0,
    1.0,
    1.0,
    1.0,
    1.0,
    1.0,
    1.0,
    1.0,
    1.0,
    1.0,
    1.0,
    1.0,
    1.0,
    1.0,
    1.0
  ],
  "test_acc": [
    0.01211605909235838,
    0.37953023700712085,
    0.37942395578701243,
    0.37984908066744605,
    0.3803804867679881,
    0.38123073652885536,
    0.3829312360505899,
    0.385056860452758,
    0.3899457965777447,
    0.4018492932298863,
    0.4159846955043044,
    0.4316080348602402,
    0.4553087469444149,
    0.4701881177595919,
    0.4931448613030078,
    0.5110001062812201,
    0.524816664895313,
    0.5439472845148262,
    0.5537251567647996,
    0.5763630566478903,
    0.5811457115527686,
    0.6069720480391115,
    0.6155808268678924,
    0.620682325433096,
    0.6384312891912,
    0.6474651929004145,
    0.6472526304601977,
    0.6635136571367839,
    0.6684025932617707,
    0.6731852481666489,
    0.6811563396747795,
    0.6788181528323946,
    0.6955043043894144,
    0.6986927409926666,
    0.6946540546285471,
    0.7141035179083856,
    0.7185673291529386,
    0.7145286427888192,
    0.7257944521203104,
    0.7268572643213944,
    0.7263258582208524,
    0.729620576044213,
    0.7380167924327772,
    0.7379105112126687,
    0.745031352959932,
    0.7390796046338612,
    0.7535338505686046,
    0.7564034435115315,
    0.7543841003294718,
    0.758103943033266,
    0.7622489106174939,
    0.7578913805930492,
    0.7651185035604209,
    0.7678818152832394,
    0.7652247847805292,
    0.7710702518864917,
    0.776384312891912,
    0.7754277819109363,
    0.7712828143267084,
    0.7798915931554894,
    0.778722499734297,
    0.7803167180359231,
    0.7869061536826443,
    0.7909448400467637,
    0.782654904878308,
    0.7931767456690403,
    0.7915825273674142,
    0.7841428419598258,
    0.7940269954299075,
    0.7906259963864385,
    0.7913699649271974,
    0.7993410564353278,
    0.7893506217451376,
    0.8015729620576044,
    0.8036985864597725,
    0.8000850249760867,
    0.7939207142097991,
    0.8033797427994473,
    0.7896694654054629,
    0.8010415559570624,
    0.8046551174407482,
    0.8061430545222659,
    0.800403868636412,
    0.8065681794026995,
    0.78786268466362,
    0.8066744606228079,
    0.8115633967477947,
    0.8005101498565204,
    0.8047613986608566,
    0.8075247103836752,
    0.810606865766819,
    0.8065681794026995,
    0.8116696779679031,
    0.8125199277287704,
    0.8042299925603146,
    0.8086938038048677,
    0.8098628972260602,
    0.8068870230630247,
    0.8127324901689872,
    0.8142204272505048,
    0.8095440535657349
  ]
}