{
  "epoch": [
    1,
    2000,
    4000,
    6000,
    8000,
    10000,
    12000,
    14000,
    16000,
    18000,
    20000,
    22000,
    24000,
    26000,
    28000,
    30000,
    32000,
    34000,
    36000,
    38000,
    40000,
    42000,
    44000,
    46000,
    48000,
    50000,
    52000,
    54000,
    56000,
    58000,
    60000,
    62000,
    64000,
    66000,
    68000,
    70000,
    72000,
    74000,
    76000,
    78000,
    80000,
    82000,
    84000,
    86000,
    88000,
    90000,
    92000,
    94000,
    96000,
    98000,
    100000,
    102000,
    104000,
    106000,
    108000,
    110000,
    112000,
    114000,
    116000,
    118000,
    120000,
    122000,
    124000,
    126000,
    128000,
    130000,
    132000,
    134000,
    136000,
    138000,
    140000,
    142000,
    144000,
    146000,
    148000,
    150000,
    152000,
    154000,
    156000,
    158000,
    160000,
    162000,
    164000,
    166000,
    168000,
    170000,
    172000,
    174000,
    176000,
    178000,
    180000,
    182000,
    184000,
    186000,
    188000,
    190000,
    192000,
    194000,
    196000,
    198000,
    200000
  ],
  "loss": [
    4.57509446144104,
    0.2636979257529522,
    0.050127291138563304,
    0.04926579758115113,
    0.04858492154581472,
    0.0480565628008917,
    0.047697890798840674,
    0.04739333995683119,
    0.0471582697769627,
    0.046870427453611044,
    0.04659740994763561,
    0.046338426516857,
    0.046064360932912676,
    0.045715869522839785,
    0.04545852514412254,
    0.04526195907732472,
    0.045146523684170096,
    0.04514723697239533,
    0.045163730786927044,
    0.04519834652384743,
    0.0452102181721013,
    0.0452396423086524,
    0.04521119431033731,
    0.045223511972650884,
    0.04522909869886935,
    0.04520285511016846,
    0.045185242204833775,
    0.04521138166040182,
    0.045215446144714955,
    0.04523041948899627,
    0.04521817272612825,
    0.0451808389056474,
    0.045180771625228225,
    0.045216968507599084,
    0.045195895112864676,
    0.04518918682206422,
    0.04517900011017919,
    0.04517431155461818,
    0.045194872969016434,
    0.04521991327293217,
    0.04521662223837338,
    0.045209889849834144,
    0.04520430645700544,
    0.04524622888509184,
    0.04523066867375746,
    0.04519960156278685,
    0.04520056937681511,
    0.045188837315235285,
    0.045173632518481464,
    0.04516968239354901,
    0.04516618392942473,
    0.045147425911109894,
    0.04514359623026103,
    0.0451673892820254,
    0.04518315297383815,
    0.045191176427155734,
    0.045167752821557224,
    0.04516000467455015,
    0.04518406325597316,
    0.045166229062341155,
    0.04518539807284251,
    0.045163978136796505,
    0.04517001262232661,
    0.04516150209037587,
    0.04517168239336461,
    0.04516746579241008,
    0.04514434631252661,
    0.045138247200287876,
    0.04513051237859763,
    0.04515947558842599,
    0.04517426695805043,
    0.04515567171638832,
    0.045145333833247425,
    0.045170427866932004,
    0.045172349500190466,
    0.045144213525252413,
    0.04518020192375407,
    0.045138863226026296,
    0.04519035839959979,
    0.04520263959709555,
    0.04519139371495694,
    0.04519316636193544,
    0.04518513787696138,
    0.04516780992513522,
    0.04516673728832975,
    0.04516491372324526,
    0.04521041303537786,
    0.045196239489037546,
    0.04520271586952731,
    0.04516735082920641,
    0.04520027954718098,
    0.04517958213887177,
    0.04515664964998141,
    0.04516218568556942,
    0.04518331549614668,
    0.04520966154234484,
    0.04520464244838804,
    0.04518749441895634,
    0.04518787254896015,
    0.04514960837168619,
    0.04519674882432446
  ],
  "train_acc": [
    0.0164,
    0.9714,
    0.9714,
    0.9714,
    0.9714,
    0.9714,
    0.9714,
    0.9714,
    0.9714,
    0.9714,
    0.9714,
    0.9714,
    0.9714,
    0.9714,
    0.9714,
    0.9714,
    0.9714,
    0.9714,
    0.9714,
    0.9714,
    0.9714,
    0.9714,
    0.9714,
    0.9714,
    0.9714,
    0.9714,
    0.9714,
    0.9714,
    0.9714,
    0.9714,
    0.9714,
    0.9714,
    0.9714,
    0.9714,
    0.9714,
    0.9714,
    0.9714,
    0.9714,
    0.9714,
    0.9714,
    0.9714,
    0.9714,
    0.9714,
    0.9714,
    0.9714,
    0.9714,
    0.9714,
    0.9714,
    0.9714,
    0.9714,
    0.9714,
    0.9714,
    0.9714,
    0.9714,
    0.9714,
    0.9714,
    0.9714,
    0.9714,
    0.9714,
    0.9714,
    0.9714,
    0.9714,
    0.9714,
    0.9714,
    0.9714,
    0.9714,
    0.9714,
    0.9714,
    0.9714,
    0.9714,
    0.9714,
    0.9714,
    0.9714,
    0.9714,
    0.9714,
    0.9714,
    0.9714,
    0.9714,
    0.9714,
    0.9714,
    0.9714,
    0.9714,
    0.9714,
    0.9714,
    0.9714,
    0.9714,
    0.9714,
    0.9714,
    0.9714,
    0.9714,
    0.9714,
    0.9714,
    0.9714,
    0.9714,
    0.9714,
    0.9714,
    0.9714,
    0.9714,
    0.9714,
    0.9714,
    0.9714
  ],
  "test_acc": [
    0.010628122010840685,
    0.3871824848549261,
    0.3863322350940589,
    0.3853757041130832,
    0.3871824848549261,
    0.3864385163141673,
    0.3866510787543841,
    0.38601339143373364,
    0.38771389095546815,
    0.3870762036348177,
    0.38888298437666063,
    0.3864385163141673,
    0.3871824848549261,
    0.3868636411946009,
    0.38771389095546815,
    0.3866510787543841,
    0.3866510787543841,
    0.38739504729514296,
    0.38782017217557657,
    0.38728876607503454,
    0.38558826655330003,
    0.3867573599744925,
    0.387926453395685,
    0.38601339143373364,
    0.3875013285152514,
    0.38771389095546815,
    0.38728876607503454,
    0.3881390158359018,
    0.3866510787543841,
    0.3882452970560102,
    0.38856414071633544,
    0.3882452970560102,
    0.38771389095546815,
    0.38569454777340845,
    0.3870762036348177,
    0.3868636411946009,
    0.38728876607503454,
    0.38771389095546815,
    0.3870762036348177,
    0.38760760973535974,
    0.3864385163141673,
    0.3882452970560102,
    0.3883515782761186,
    0.38760760973535974,
    0.38728876607503454,
    0.388457859496227,
    0.3870762036348177,
    0.38782017217557657,
    0.387926453395685,
    0.3882452970560102,
    0.38898926559676905,
    0.38760760973535974,
    0.3881390158359018,
    0.38856414071633544,
    0.38782017217557657,
    0.3898395153576363,
    0.3880327346157934,
    0.3895206716973111,
    0.38930810925709425,
    0.3896269529174195,
    0.3896269529174195,
    0.3895206716973111,
    0.3899457965777447,
    0.3896269529174195,
    0.3899457965777447,
    0.38909554681687747,
    0.3892018280369859,
    0.3899457965777447,
    0.3895206716973111,
    0.3899457965777447,
    0.39015835901796153,
    0.3915400148793708,
    0.39037092145817837,
    0.39100860877882876,
    0.3920714209799129,
    0.3928153895206717,
    0.3912211712190456,
    0.3917525773195876,
    0.39143373365926243,
    0.3916462960994792,
    0.39196513975980446,
    0.3926028270804549,
    0.39100860877882876,
    0.3924965458603465,
    0.3915400148793708,
    0.3920714209799129,
    0.39217770220002124,
    0.39345307684132214,
    0.3929216707407801,
    0.3932405144011053,
    0.3944096078222978,
    0.39472845148262303,
    0.39525985758316506,
    0.39270910830056327,
    0.39483473270273145,
    0.39547242002338184,
    0.39483473270273145,
    0.3933467956212137,
    0.3957912636837071,
    0.39685407588479116,
    0.3958975449038155
  ]
}