{
  "epoch": [
    1,
    2000,
    4000,
    6000,
    8000,
    10000,
    12000,
    14000,
    16000,
    18000,
    20000,
    22000,
    24000,
    26000,
    28000,
    30000,
    32000,
    34000,
    36000,
    38000,
    40000,
    42000,
    44000,
    46000,
    48000,
    50000,
    52000,
    54000,
    56000,
    58000,
    60000,
    62000,
    64000,
    66000,
    68000,
    70000,
    72000,
    74000,
    76000,
    78000,
    80000,
    82000,
    84000,
    86000,
    88000,
    90000,
    92000,
    94000,
    96000,
    98000,
    100000,
    102000,
    104000,
    106000,
    108000,
    110000,
    112000,
    114000,
    116000,
    118000,
    120000,
    122000,
    124000,
    126000,
    128000,
    130000,
    132000,
    134000,
    136000,
    138000,
    140000,
    142000,
    144000,
    146000,
    148000,
    150000,
    152000,
    154000,
    156000,
    158000,
    160000,
    162000,
    164000,
    166000,
    168000,
    170000,
    172000,
    174000,
    176000,
    178000,
    180000,
    182000,
    184000,
    186000,
    188000,
    190000,
    192000,
    194000,
    196000,
    198000,
    200000
  ],
  "loss": [
    4.575822448730468,
    0.23594038836185585,
    0.027456869422725867,
    0.026923181867715903,
    0.02659781389904674,
    0.026375532524683512,
    0.026206939929164945,
    0.026083574368385598,
    0.026043393264547923,
    0.026039804413658565,
    0.02602531741047278,
    0.026027804960752837,
    0.026043746503279546,
    0.026026460229582153,
    0.026033562083356082,
    0.026010443976637907,
    0.02600596981991548,
    0.02599280561890919,
    0.026010453860484995,
    0.02600311259953305,
    0.02599047733359039,
    0.025993675187625923,
    0.02598536970173009,
    0.02598296459096018,
    0.0259796426552115,
    0.025991176338703372,
    0.025991162838879974,
    0.02596176272763405,
    0.025986684508947654,
    0.025986891731387005,
    0.02598788742204197,
    0.025974210830847732,
    0.02597144046840258,
    0.025972468802356163,
    0.025974400944099762,
    0.025988338137604296,
    0.02598088524681516,
    0.025980651674093677,
    0.025974801286216827,
    0.025983436902821996,
    0.025976674972265027,
    0.025975844868831338,
    0.02596875926158391,
    0.025974228187580592,
    0.02597616924785543,
    0.02597215881990269,
    0.025978101190458982,
    0.025968331961962396,
    0.025964710780931637,
    0.025981610199203715,
    0.025981511960178613,
    0.025973373637115584,
    0.025975387523928656,
    0.025980557701387443,
    0.02596890143037308,
    0.025982875810749827,
    0.025973484674585053,
    0.02596541660297662,
    0.025985064188786784,
    0.025994067904911936,
    0.025988713271799496,
    0.025982986547006294,
    0.025983284246479162,
    0.025979186031897552,
    0.02598627692637965,
    0.025988239558250643,
    0.025991509181354195,
    0.025992415534949395,
    0.02598624653373845,
    0.025983835604507476,
    0.025992998299305327,
    0.025995778033160603,
    0.02601080823186785,
    0.0259961228053784,
    0.026005685681523755,
    0.026007268874300642,
    0.025998602161672896,
    0.02600544375325553,
    0.02600279136155732,
    0.02600228022739757,
    0.025999888020264917,
    0.026012870629271493,
    0.026014699800941163,
    0.026010236030444504,
    0.026010226416704245,
    0.026004253724310547,
    0.026013546606339515,
    0.025992062662239187,
    0.026013017949578353,
    0.025996192403696477,
    0.02599603019596543,
    0.025998410191037692,
    0.026000877329101786,
    0.02602493153035175,
    0.02600500558896456,
    0.02599939762938302,
    0.025989636968565172,
    0.0260082265262492,
    0.026008193642110565,
    0.025984111045137977,
    0.026005364127876237
  ],
  "train_acc": [
    0.0148,
    0.9826,
    0.9826,
    0.9826,
    0.9826,
    0.9826,
    0.9826,
    0.9826,
    0.9826,
    0.9826,
    0.9826,
    0.9826,
    0.9826,
    0.9826,
    0.9826,
    0.9826,
    0.9826,
    0.9826,
    0.9826,
    0.9826,
    0.9826,
    0.9826,
    0.9826,
    0.9826,
    0.9826,
    0.9826,
    0.9826,
    0.9826,
    0.9826,
    0.9826,
    0.9826,
    0.9826,
    0.9826,
    0.9826,
    0.9826,
    0.9826,
    0.9826,
    0.9826,
    0.9826,
    0.9826,
    0.9826,
    0.9826,
    0.9826,
    0.9826,
    0.9826,
    0.9826,
    0.9826,
    0.9826,
    0.9826,
    0.9826,
    0.9826,
    0.9826,
    0.9826,
    0.9826,
    0.9826,
    0.9826,
    0.9826,
    0.9826,
    0.9826,
    0.9826,
    0.9826,
    0.9826,
    0.9826,
    0.9826,
    0.9826,
    0.9826,
    0.9826,
    0.9826,
    0.9826,
    0.9826,
    0.9826,
    0.9826,
    0.9826,
    0.9826,
    0.9826,
    0.9826,
    0.9826,
    0.9826,
    0.9826,
    0.9826,
    0.9826,
    0.9826,
    0.9826,
    0.9826,
    0.9826,
    0.9826,
    0.9826,
    0.9826,
    0.9826,
    0.9826,
    0.9826,
    0.9826,
    0.9826,
    0.9826,
    0.9826,
    0.9826,
    0.9826,
    0.9826,
    0.9826,
    0.9826,
    0.9826
  ],
  "test_acc": [
    0.011372090551599533,
    0.3912211712190456,
    0.3928153895206717,
    0.3920714209799129,
    0.3932405144011053,
    0.39196513975980446,
    0.3923902646402381,
    0.3929216707407801,
    0.39345307684132214,
    0.3926028270804549,
    0.3926028270804549,
    0.39185885853969604,
    0.3916462960994792,
    0.39217770220002124,
    0.3923902646402381,
    0.3920714209799129,
    0.3923902646402381,
    0.39270910830056327,
    0.3933467956212137,
    0.3924965458603465,
    0.39345307684132214,
    0.39398448294186417,
    0.3928153895206717,
    0.3946221702625146,
    0.3933467956212137,
    0.39504729514294823,
    0.394197045382081,
    0.39472845148262303,
    0.3943033266021894,
    0.39355935806143055,
    0.39504729514294823,
    0.394197045382081,
    0.3949410139228398,
    0.3943033266021894,
    0.3946221702625146,
    0.39398448294186417,
    0.3957912636837071,
    0.3949410139228398,
    0.3953661388032735,
    0.3945158890424062,
    0.39653523222446596,
    0.39483473270273145,
    0.3963226697842491,
    0.3957912636837071,
    0.3949410139228398,
    0.39600382612392393,
    0.39557870124349026,
    0.3956849824635987,
    0.3974917632054416,
    0.397066638325008,
    0.39812945052609205,
    0.397066638325008,
    0.3987671378467425,
    0.39717291954511635,
    0.3977043256456584,
    0.3991922627271761,
    0.39929854394728453,
    0.39834201296630883,
    0.3989797002869593,
    0.39961738760760973,
    0.39972366882771815,
    0.39982995004782657,
    0.4006801998086938,
    0.39982995004782657,
    0.39855457540652567,
    0.3989797002869593,
    0.3995111063875013,
    0.39823573174620047,
    0.3990859815070677,
    0.40131788712934424,
    0.40089276224891063,
    0.39961738760760973,
    0.4003613561483686,
    0.399936231267935,
    0.39972366882771815,
    0.40089276224891063,
    0.40099904346901905,
    0.40142416834945266,
    0.40089276224891063,
    0.4012116059092358,
    0.4023806993304283,
    0.40440004251248807,
    0.4049314486130301,
    0.40461260495270485,
    0.4056754171537889,
    0.40461260495270485,
    0.4053565734934637,
    0.40790732277606545,
    0.4070570730151982,
    0.40673822935487297,
    0.4056754171537889,
    0.40503772983313846,
    0.4078010415559571,
    0.4066319481347646,
    0.40769476033584867,
    0.4057816983738973,
    0.40673822935487297,
    0.4073759166755234,
    0.407269635455415,
    0.40928897863747477,
    0.40960782229779996
  ]
}