{
  "epoch": [
    1,
    2000,
    4000,
    6000,
    8000,
    10000,
    12000,
    14000,
    16000,
    18000,
    20000,
    22000,
    24000,
    26000,
    28000,
    30000,
    32000,
    34000,
    36000,
    38000,
    40000,
    42000,
    44000,
    46000,
    48000,
    50000,
    52000,
    54000,
    56000,
    58000,
    60000,
    62000,
    64000,
    66000,
    68000,
    70000,
    72000,
    74000,
    76000,
    78000,
    80000,
    82000,
    84000,
    86000,
    88000,
    90000,
    92000,
    94000,
    96000,
    98000,
    100000,
    102000,
    104000,
    106000,
    108000,
    110000,
    112000,
    114000,
    116000,
    118000,
    120000,
    122000,
    124000,
    126000,
    128000,
    130000,
    132000,
    134000,
    136000,
    138000,
    140000,
    142000,
    144000,
    146000,
    148000,
    150000,
    152000,
    154000,
    156000,
    158000,
    160000,
    162000,
    164000,
    166000,
    168000,
    170000,
    172000,
    174000,
    176000,
    178000,
    180000,
    182000,
    184000,
    186000,
    188000,
    190000,
    192000,
    194000,
    196000,
    198000,
    200000
  ],
  "loss": [
    4.576156044006348,
    0.25779174364294455,
    0.04975155761400238,
    0.04890281609455124,
    0.048201462134439495,
    0.04765066031580791,
    0.047245337306708095,
    0.04692286544702947,
    0.046662684733886274,
    0.04643244419386611,
    0.046214787702355535,
    0.04596698178621009,
    0.04566931701013818,
    0.045368432392645625,
    0.04506593063753098,
    0.04481816913364455,
    0.04463447592151351,
    0.04456215100651607,
    0.044557745112385604,
    0.04455135666923597,
    0.044558415778912605,
    0.04457014281437732,
    0.044579383178241554,
    0.044598281581979246,
    0.04460455424031243,
    0.044582192583568395,
    0.04462261643577367,
    0.04462368121473119,
    0.04459276458919048,
    0.04458374339332804,
    0.04460598196359351,
    0.044593830706365405,
    0.044572096396330745,
    0.04458154503270052,
    0.04457880322388373,
    0.04459707396710291,
    0.044593029327644036,
    0.04457231406411156,
    0.04456500793285668,
    0.044597246599849316,
    0.044612773297773675,
    0.04463020301237702,
    0.044654796218313274,
    0.04464019980756566,
    0.04459057325981557,
    0.044587368850782516,
    0.04458822972895578,
    0.04458080732300877,
    0.044577317039528865,
    0.04456986008938402,
    0.044563071311358365,
    0.044592782989516855,
    0.04458398150820285,
    0.04458410059930756,
    0.044553452765056865,
    0.044555126254446804,
    0.04457317316681147,
    0.04457389126447961,
    0.044569130613002925,
    0.04456521527059376,
    0.04458424802003429,
    0.044590503825712946,
    0.04455597432088107,
    0.044580644857045264,
    0.044571973971650004,
    0.044587152492487805,
    0.0445853886693716,
    0.04458536728024483,
    0.0445906861926429,
    0.04458330760747194,
    0.04457914841044694,
    0.044582318577729166,
    0.04455240429723635,
    0.04455314705716446,
    0.04456895486498252,
    0.044591670058388266,
    0.044582201151084154,
    0.04457451059725136,
    0.044574107034131887,
    0.044575137985963374,
    0.04461345166899264,
    0.0445773580451496,
    0.04457888800268993,
    0.04457046606838703,
    0.04456690118075349,
    0.044580952146928754,
    0.04457503373585641,
    0.044561628952994946,
    0.044584063044097275,
    0.044564370549749585,
    0.044560355251841245,
    0.04456628024773672,
    0.044582837209012356,
    0.04457290954282507,
    0.04453692507883534,
    0.044555739432014525,
    0.04459681605687365,
    0.04461256480105221,
    0.044606970912404356,
    0.04460490463608876,
    0.04460840697232634
  ],
  "train_acc": [
    0.0192,
    0.971,
    0.971,
    0.971,
    0.971,
    0.971,
    0.971,
    0.971,
    0.971,
    0.971,
    0.971,
    0.971,
    0.971,
    0.971,
    0.971,
    0.971,
    0.971,
    0.971,
    0.971,
    0.971,
    0.971,
    0.971,
    0.971,
    0.971,
    0.971,
    0.971,
    0.971,
    0.971,
    0.971,
    0.971,
    0.971,
    0.971,
    0.971,
    0.971,
    0.971,
    0.971,
    0.971,
    0.971,
    0.971,
    0.971,
    0.971,
    0.971,
    0.971,
    0.971,
    0.971,
    0.971,
    0.971,
    0.971,
    0.971,
    0.971,
    0.971,
    0.971,
    0.971,
    0.971,
    0.971,
    0.971,
    0.971,
    0.971,
    0.971,
    0.971,
    0.971,
    0.971,
    0.971,
    0.971,
    0.971,
    0.971,
    0.971,
    0.971,
    0.971,
    0.971,
    0.971,
    0.971,
    0.971,
    0.971,
    0.971,
    0.971,
    0.971,
    0.971,
    0.971,
    0.971,
    0.971,
    0.971,
    0.971,
    0.971,
    0.971,
    0.971,
    0.971,
    0.971,
    0.971,
    0.971,
    0.971,
    0.971,
    0.971,
    0.971,
    0.971,
    0.971,
    0.971,
    0.971,
    0.971,
    0.971,
    0.971
  ],
  "test_acc": [
    0.01147837177170794,
    0.3838877670315655,
    0.3834626421511319,
    0.38399404825167394,
    0.38410032947178235,
    0.38431289191199913,
    0.3838877670315655,
    0.38569454777340845,
    0.385056860452758,
    0.38410032947178235,
    0.385056860452758,
    0.3842066106918907,
    0.38399404825167394,
    0.3849505792326496,
    0.3847380167924328,
    0.3838877670315655,
    0.3854819853331916,
    0.3846317355723244,
    0.38441917313210755,
    0.38399404825167394,
    0.3849505792326496,
    0.38441917313210755,
    0.3842066106918907,
    0.3864385163141673,
    0.3846317355723244,
    0.38558826655330003,
    0.3842066106918907,
    0.38431289191199913,
    0.38601339143373364,
    0.3849505792326496,
    0.38569454777340845,
    0.38569454777340845,
    0.38484429801254116,
    0.3864385163141673,
    0.3851631416728664,
    0.3864385163141673,
    0.3854819853331916,
    0.38580082899351686,
    0.3862259538739505,
    0.3864385163141673,
    0.38580082899351686,
    0.3854819853331916,
    0.3868636411946009,
    0.3865447975342757,
    0.3865447975342757,
    0.3863322350940589,
    0.3864385163141673,
    0.38696992241470934,
    0.38611967265384206,
    0.3859071102136252,
    0.38601339143373364,
    0.3862259538739505,
    0.38580082899351686,
    0.3865447975342757,
    0.38728876607503454,
    0.38856414071633544,
    0.38856414071633544,
    0.3880327346157934,
    0.38771389095546815,
    0.38782017217557657,
    0.38782017217557657,
    0.38888298437666063,
    0.38867042193644386,
    0.39047720267828673,
    0.38888298437666063,
    0.38930810925709425,
    0.38888298437666063,
    0.39100860877882876,
    0.39217770220002124,
    0.3912211712190456,
    0.3897332341375279,
    0.39196513975980446,
    0.3911148899989372,
    0.3926028270804549,
    0.39345307684132214,
    0.39047720267828673,
    0.39196513975980446,
    0.39228398342012966,
    0.3946221702625146,
    0.39366563928153897,
    0.3957912636837071,
    0.3944096078222978,
    0.39217770220002124,
    0.3957912636837071,
    0.3940907641619726,
    0.39515357636305665,
    0.39600382612392393,
    0.3989797002869593,
    0.3966415134445743,
    0.39717291954511635,
    0.397066638325008,
    0.39685407588479116,
    0.39802316930598364,
    0.39834201296630883,
    0.3994048251673929,
    0.3974917632054416,
    0.3974917632054416,
    0.39887341906685087,
    0.4012116059092358,
    0.3990859815070677,
    0.3979168880858752
  ]
}