{
  "epoch": [
    1,
    2000,
    4000,
    6000,
    8000,
    10000,
    12000,
    14000,
    16000,
    18000,
    20000,
    22000,
    24000,
    26000,
    28000,
    30000,
    32000,
    34000,
    36000,
    38000,
    40000,
    42000,
    44000,
    46000,
    48000,
    50000,
    52000,
    54000,
    56000,
    58000,
    60000,
    62000,
    64000,
    66000,
    68000,
    70000,
    72000,
    74000,
    76000,
    78000,
    80000,
    82000,
    84000,
    86000,
    88000,
    90000,
    92000,
    94000,
    96000,
    98000,
    100000,
    102000,
    104000,
    106000,
    108000,
    110000,
    112000,
    114000,
    116000,
    118000,
    120000,
    122000,
    124000,
    126000,
    128000,
    130000,
    132000,
    134000,
    136000,
    138000,
    140000,
    142000,
    144000,
    146000,
    148000,
    150000,
    152000,
    154000,
    156000,
    158000,
    160000,
    162000,
    164000,
    166000,
    168000,
    170000,
    172000,
    174000,
    176000,
    178000,
    180000,
    182000,
    184000,
    186000,
    188000,
    190000,
    192000,
    194000,
    196000,
    198000,
    200000
  ],
  "loss": [
    4.575998687744141,
    0.20699400490620948,
    0.004459504479310698,
    0.004307089691214729,
    0.004234185388613649,
    0.004204276400928094,
    0.004197021128029347,
    0.004194420342434806,
    0.004192028887956782,
    0.004190123991286153,
    0.0041892006082998815,
    0.0041867803713885494,
    0.004190746191627903,
    0.004192031741256823,
    0.00419257539686988,
    0.004194457962899935,
    0.004193709994089659,
    0.0041989463162084096,
    0.0041970543066131025,
    0.004197505633511898,
    0.004201139272984348,
    0.004199147027979325,
    0.004196954911893301,
    0.0042003547543301,
    0.004196239699303958,
    0.004197011901352331,
    0.004199480248867787,
    0.004200963526983454,
    0.004195313325015255,
    0.004203684750921837,
    0.004199136753096867,
    0.0041978281978379125,
    0.004207713500930265,
    0.004201527640313323,
    0.004204166998290001,
    0.0042073418247776315,
    0.004202616677035035,
    0.004202471229114954,
    0.004202503415274155,
    0.004207092755539158,
    0.0042051213940936145,
    0.004210663694405299,
    0.0042139644877311816,
    0.004206627884607798,
    0.004202834869532613,
    0.00420986569670313,
    0.004205652020766054,
    0.004208927210517403,
    0.00420655426458312,
    0.004203630250993443,
    0.004207999137864843,
    0.004205310849540455,
    0.004203469607245689,
    0.00419756586964233,
    0.004202005403247115,
    0.0041992318988956535,
    0.004203596319559839,
    0.004207731009953627,
    0.004202783925641549,
    0.004201723298929927,
    0.004198175606862837,
    0.004199928339319172,
    0.00419949853063213,
    0.0042010788217620625,
    0.004202788601985966,
    0.004202257778489977,
    0.004199139736765043,
    0.004201715514828479,
    0.004202128171892391,
    0.0042048596231968015,
    0.004202080500683524,
    0.004204560403994529,
    0.004205131951586729,
    0.004205891832695683,
    0.0042022353846868764,
    0.004200383417477898,
    0.004201126958174233,
    0.004204116668457872,
    0.004207514297907555,
    0.004209055135249078,
    0.0042071168526064025,
    0.004206693189717094,
    0.004203527341474734,
    0.004201376269782766,
    0.004204967810917794,
    0.004206418897433617,
    0.00420164016442551,
    0.004200263202344795,
    0.004196184965597153,
    0.004198069320020361,
    0.004199685346213622,
    0.004197879005168681,
    0.0041950165577784295,
    0.004191909153549051,
    0.004198665116732756,
    0.004201994595389431,
    0.0042001861608884205,
    0.004200009195608833,
    0.004194185852178242,
    0.004197117015752156,
    0.004200184894735278
  ],
  "train_acc": [
    0.022,
    0.997,
    0.997,
    0.997,
    0.997,
    0.997,
    0.997,
    0.997,
    0.997,
    0.997,
    0.997,
    0.997,
    0.997,
    0.997,
    0.997,
    0.997,
    0.997,
    0.997,
    0.997,
    0.997,
    0.997,
    0.997,
    0.997,
    0.997,
    0.997,
    0.997,
    0.997,
    0.997,
    0.997,
    0.997,
    0.997,
    0.997,
    0.997,
    0.997,
    0.997,
    0.997,
    0.997,
    0.997,
    0.997,
    0.997,
    0.997,
    0.997,
    0.997,
    0.997,
    0.997,
    0.997,
    0.997,
    0.997,
    0.997,
    0.997,
    0.997,
    0.997,
    0.997,
    0.997,
    0.997,
    0.997,
    0.997,
    0.997,
    0.997,
    0.997,
    0.997,
    0.997,
    0.997,
    0.997,
    0.997,
    0.997,
    0.997,
    0.997,
    0.997,
    0.997,
    0.997,
    0.997,
    0.997,
    0.997,
    0.997,
    0.997,
    0.997,
    0.997,
    0.997,
    0.997,
    0.997,
    0.997,
    0.997,
    0.997,
    0.997,
    0.997,
    0.997,
    0.997,
    0.997,
    0.997,
    0.997,
    0.997,
    0.997,
    0.997,
    0.997,
    0.997,
    0.997,
    0.997,
    0.997,
    0.997,
    0.997
  ],
  "test_acc": [
    0.011797215432033159,
    0.37485386332235093,
    0.37496014454245935,
    0.37485386332235093,
    0.37506642576256777,
    0.37612923796365183,
    0.375916675523435,
    0.3763418004038686,
    0.3774046126049527,
    0.37814858114571154,
    0.37963651822722927,
    0.38250611117015626,
    0.3859071102136252,
    0.3892018280369859,
    0.3929216707407801,
    0.3969603571048996,
    0.40174301200977786,
    0.40886385375704115,
    0.41417791476246146,
    0.4208736316292911,
    0.4288447231374216,
    0.4320331597406738,
    0.4437240939525986,
    0.4531831225422468,
    0.4622170262514614,
    0.4718886172813264,
    0.4828355829524923,
    0.49123179934105643,
    0.5010096715910298,
    0.5066425762567754,
    0.5117440748219789,
    0.5184397916888086,
    0.5223721968328197,
    0.5307684132213838,
    0.5349133808056117,
    0.5358699117865873,
    0.5427781910936338,
    0.5510681262620895,
    0.5523435009033903,
    0.5542565628653416,
    0.5581889680093527,
    0.5614836858327134,
    0.5618025294930385,
    0.5658412158571581,
    0.5693484961207355,
    0.5643532787756403,
    0.5684982463598682,
    0.5726432139440961,
    0.5726432139440961,
    0.5771070251886492,
    0.5771070251886492,
    0.5766819003082155,
    0.5779572749495164,
    0.5804017430120098,
    0.5798703369114677,
    0.580720586672335,
    0.5856095227973217,
    0.5860346476777554,
    0.5884791157402487,
    0.5891168030608991,
    0.5870974598788394,
    0.5928366457646934,
    0.5928366457646934,
    0.5940057391858858,
    0.5926240833244766,
    0.5915612711233925,
    0.5947497077266447,
    0.5921989584440429,
    0.5934743330853438,
    0.5940057391858858,
    0.5946434265065363,
    0.594324582846211,
    0.5887979594005739,
    0.5923052396641514,
    0.597194175789138,
    0.5980444255500054,
    0.596131363588054,
    0.6009140184929322,
    0.5974067382293549,
    0.5952811138271867,
    0.5983632692103306,
    0.6021893931342331,
    0.6015517058135827,
    0.6016579870336911,
    0.605802954617919,
    0.6064406419385695,
    0.6036773302157509,
    0.6107981719630141,
    0.6121798278244234,
    0.6085662663407376,
    0.6068657668190031,
    0.6080348602401956,
    0.6095227973217132,
    0.6102667658624721,
    0.6146242958869168,
    0.6150494207673504,
    0.6163247954086513,
    0.612604952704857,
    0.6109044531831226,
    0.6132426400255075,
    0.6104793283026889
  ]
}