{
  "epoch": [
    1,
    2000,
    4000,
    6000,
    8000,
    10000,
    12000,
    14000,
    16000,
    18000,
    20000,
    22000,
    24000,
    26000,
    28000,
    30000,
    32000,
    34000,
    36000,
    38000,
    40000,
    42000,
    44000,
    46000,
    48000,
    50000,
    52000,
    54000,
    56000,
    58000,
    60000,
    62000,
    64000,
    66000,
    68000,
    70000,
    72000,
    74000,
    76000,
    78000,
    80000,
    82000,
    84000,
    86000,
    88000,
    90000,
    92000,
    94000,
    96000,
    98000,
    100000,
    102000,
    104000,
    106000,
    108000,
    110000,
    112000,
    114000,
    116000,
    118000,
    120000,
    122000,
    124000,
    126000,
    128000,
    130000,
    132000,
    134000,
    136000,
    138000,
    140000,
    142000,
    144000,
    146000,
    148000,
    150000,
    152000,
    154000,
    156000,
    158000,
    160000,
    162000,
    164000,
    166000,
    168000,
    170000,
    172000,
    174000,
    176000,
    178000,
    180000,
    182000,
    184000,
    186000,
    188000,
    190000,
    192000,
    194000,
    196000,
    198000,
    200000
  ],
  "loss": [
    4.575225973129273,
    0.20566371379439807,
    1.0794395200498741e-06,
    2.5122872191474246e-07,
    2.3435680629759758e-07,
    2.2179582618164774e-07,
    2.2230991650999954e-07,
    2.1983290861058435e-07,
    2.2304786875722016e-07,
    2.2978247754892322e-07,
    0.0001425232280311576,
    4.743448406357232e-06,
    0.00014801708847687038,
    5.779033464554572e-06,
    7.668140599299562e-05,
    6.172990989270488e-07,
    0.00011496826922028162,
    1.3548663603884848e-06,
    0.00033590080229775837,
    1.4354416608014731e-06,
    0.00015319037218736184,
    0.00018727808005868595,
    5.588329775863343e-06,
    0.00018200180136444645,
    2.633269212979172e-06,
    0.0001619034615116,
    9.859424270816959e-05,
    3.794790133020598e-06,
    0.00025696536994762126,
    1.5438378716382317e-06,
    0.0002650879468267007,
    0.000281839783418458,
    5.967942361343148e-06,
    0.00013226754403468063,
    0.00016958166656368405,
    5.070061307954177e-06,
    0.00019275970808217124,
    3.3861444442969455e-06,
    0.0001657156162015255,
    0.00015808336789159156,
    3.4073067220788287e-06,
    0.00021490988287977544,
    0.0002085932866560178,
    5.264112521055609e-06,
    0.00023929888060940244,
    3.582205803711247e-06,
    0.00016062599683354576,
    0.00013341061918462245,
    3.2174397496120834e-06,
    0.00018179220940995933,
    0.00014563653416309918,
    3.923475519790287e-06,
    0.0002232430634638426,
    0.00016053969687340554,
    4.6482787057442465e-06,
    0.00017686942907622693,
    0.0001830761074268132,
    4.717582528359543e-06,
    0.00011357219805162373,
    0.0001942654544543366,
    4.991972314404336e-06,
    0.00015378632812614512,
    0.00011097908603225121,
    3.720509344349665e-06,
    0.00010750358087539027,
    0.00012571045914754536,
    2.632292879875564e-06,
    0.00012712929969797813,
    0.00011930384658715312,
    2.4692076951325247e-06,
    0.0001512783087009808,
    0.00025175476625015206,
    4.065152055482457e-06,
    0.0003775864682286226,
    0.0001692302871469586,
    4.7067795221771294e-06,
    0.00019271643313533744,
    0.00011752271934673146,
    3.221916688303139e-06,
    0.00015943493493581257,
    0.0001814651947839252,
    4.160322940728633e-06,
    0.00021048172785749627,
    0.0001507566864053018,
    3.7558143026373615e-06,
    0.00017981715265601893,
    0.00015671333723350713,
    3.2566066352799794e-06,
    0.0002302422616049256,
    0.00017368427608904752,
    3.987617646067321e-06,
    0.00022298179857971264,
    0.00029901580331457395,
    4.838405662834333e-06,
    0.0002396988733476249,
    0.0002224825797620987,
    5.024896217877739e-06,
    0.0001570898812635697,
    0.00012199427502147415,
    3.4799869886604993e-06,
    0.0001338890031962471
  ],
  "train_acc": [
    0.0206,
    1.0,
    1.0,
    1.0,
    1.0,
    1.0,
    1.0,
    1.0,
    1.0,
    1.0,
    1.0,
    1.0,
    1.0,
    1.0,
    1.0,
    1.0,
    1.0,
    1.0,
    1.0,
    1.0,
    1.0,
    1.0,
    1.0,
    1.0,
    1.0,
    1.0,
    1.0,
    1.0,
    1.0,
    1.0,
    1.0,
    1.0,
    1.0,
    1.0,
    1.0,
    1.0,
    1.0,
    1.0,
    1.0,
    1.0,
    1.0,
    1.0,
    1.0,
    1.0,
    1.0,
    1.0,
    1.0,
    1.0,
    1.0,
    1.0,
    1.0,
    1.0,
    1.0,
    1.0,
    1.0,
    1.0,
    1.0,
    1.0,
    1.0,
    1.0,
    1.0,
    1.0,
    1.0,
    1.0,
    1.0,
    1.0,
    1.0,
    1.0,
    1.0,
    1.0,
    1.0,
    1.0,
    1.0,
    1.0,
    1.0,
    1.0,
    1.0,
    1.0,
    1.0,
    1.0,
    1.0,
    1.0,
    1.0,
    1.0,
    1.0,
    1.0,
    1.0,
    1.0,
    1.0,
    1.0,
    1.0,
    1.0,
    1.0,
    1.0,
    1.0,
    1.0,
    1.0,
    1.0,
    1.0,
    1.0,
    1.0
  ],
  "test_acc": [
    0.011797215432033159,
    0.37867998724625357,
    0.3789988309065788,
    0.37963651822722927,
    0.38069933042831333,
    0.38144329896907214,
    0.3842066106918907,
    0.388457859496227,
    0.39834201296630883,
    0.41385907110213627,
    0.4256562865341694,
    0.4486130300775853,
    0.465511744074822,
    0.48814964395791266,
    0.4984589223084281,
    0.5114252311616537,
    0.5267297268572643,
    0.5379955361887554,
    0.554575406525667,
    0.5620150919332554,
    0.5797640556913594,
    0.5853969603571049,
    0.6008077372728239,
    0.6116484217238813,
    0.6152619832075672,
    0.6319481347645871,
    0.6376873206504411,
    0.6410883196939101,
    0.6530980975661601,
    0.6498033797427994,
    0.6664895312998194,
    0.6639387820172176,
    0.6798809650334786,
    0.6832819640769476,
    0.6712721862046976,
    0.6906153682644277,
    0.6956105856095228,
    0.6933786799872462,
    0.7007120841747263,
    0.7059198639600383,
    0.7035816771176533,
    0.7117653310660006,
    0.6858327133595493,
    0.7175045169518546,
    0.7238813901583591,
    0.7175045169518546,
    0.7257944521203104,
    0.7328090126474652,
    0.7261132957806355,
    0.7361037304708258,
    0.7367414177914763,
    0.7335529811882241,
    0.7483260707832926,
    0.7493888829843767,
    0.7480072271229674,
    0.7519396322669785,
    0.7463067276012328,
    0.7554469125305558,
    0.7629928791582528,
    0.7583165054734828,
    0.7613986608566267,
    0.7676692528430227,
    0.7703262833457328,
    0.7618237857370602,
    0.7687320650441067,
    0.772983313848443,
    0.7635242852587948,
    0.7727707514082262,
    0.7773408438728877,
    0.7660750345413966,
    0.7771282814326709,
    0.7790413433946222,
    0.7714953767669253,
    0.7824423424380912,
    0.7833988734190669,
    0.776915718992454,
    0.7867998724625359,
    0.7905197151663301,
    0.7791476246147305,
    0.7913699649271974,
    0.791263683707089,
    0.7870124349027526,
    0.794133276650016,
    0.7951960888511,
    0.7876501222234031,
    0.7929641832288234,
    0.7959400573918589,
    0.7863747475821022,
    0.7968965883728345,
    0.7957274949516421,
    0.7904134339462217,
    0.800403868636412,
    0.7994473376554363,
    0.7939207142097991,
    0.8013603996173876,
    0.7985970878945691,
    0.7972154320331597,
    0.8058242108619407,
    0.8066744606228079,
    0.7964714634924009,
    0.8022106493782548
  ]
}