{
  "epoch": [
    1,
    2000,
    4000,
    6000,
    8000,
    10000,
    12000,
    14000,
    16000,
    18000,
    20000,
    22000,
    24000,
    26000,
    28000,
    30000,
    32000,
    34000,
    36000,
    38000,
    40000,
    42000,
    44000,
    46000,
    48000,
    50000,
    52000,
    54000,
    56000,
    58000,
    60000,
    62000,
    64000,
    66000,
    68000,
    70000,
    72000,
    74000,
    76000,
    78000,
    80000,
    82000,
    84000,
    86000,
    88000,
    90000,
    92000,
    94000,
    96000,
    98000,
    100000,
    102000,
    104000,
    106000,
    108000,
    110000,
    112000,
    114000,
    116000,
    118000,
    120000,
    122000,
    124000,
    126000,
    128000,
    130000,
    132000,
    134000,
    136000,
    138000,
    140000,
    142000,
    144000,
    146000,
    148000,
    150000,
    152000,
    154000,
    156000,
    158000,
    160000,
    162000,
    164000,
    166000,
    168000,
    170000,
    172000,
    174000,
    176000,
    178000,
    180000,
    182000,
    184000,
    186000,
    188000,
    190000,
    192000,
    194000,
    196000,
    198000,
    200000
  ],
  "loss": [
    4.57605357170105,
    0.2486928622049651,
    0.04238990398067981,
    0.041662977329455314,
    0.04117502403780818,
    0.04087556140888483,
    0.040599311938695606,
    0.04030373579999432,
    0.040057175280014054,
    0.039912684653373436,
    0.03982565471818671,
    0.039794185055047275,
    0.03977622884903103,
    0.03976174953738228,
    0.03977450048653409,
    0.03973745236499235,
    0.0397371473565232,
    0.03974494984350167,
    0.039745498694805426,
    0.03973164581479505,
    0.039735270573431625,
    0.03972549987253733,
    0.03971924540512264,
    0.03972455035890453,
    0.03971721275155433,
    0.039710760030662644,
    0.03970640801526606,
    0.03972583405612968,
    0.039708334405673666,
    0.039703930388670414,
    0.039713301771786065,
    0.03971545524466783,
    0.039725853741588074,
    0.03969519943823106,
    0.0396809140663594,
    0.0396901535242796,
    0.039708744846470655,
    0.03970068593937904,
    0.039698742386838425,
    0.03969154774993658,
    0.03969971856335178,
    0.039687330161826684,
    0.03968092261026614,
    0.03969556077220477,
    0.03968982114978135,
    0.039689730562502516,
    0.039707286986941474,
    0.039697686571720986,
    0.0396694613375701,
    0.03968431265833788,
    0.03967651649182662,
    0.039666816370585,
    0.03966629561991431,
    0.039668829583609476,
    0.03967632758612744,
    0.03968297404572368,
    0.03967285581328906,
    0.03966319676903077,
    0.03968826385261491,
    0.03968523395527154,
    0.03967311073183082,
    0.039679646995058285,
    0.03967653745021671,
    0.0396872166344896,
    0.03968209792170674,
    0.03968566797282547,
    0.03970421514520422,
    0.03971308235549368,
    0.03970236023990437,
    0.03970186486728489,
    0.03969908567015082,
    0.03970203200960532,
    0.03970220929556526,
    0.03969981222068891,
    0.03967386259031482,
    0.03968401854913682,
    0.039695005751308056,
    0.03970084673729725,
    0.03971546756438911,
    0.039689068777579814,
    0.03967325743259862,
    0.039697312716394664,
    0.03969899777765386,
    0.039694884686358275,
    0.039684175308421256,
    0.039690198484435675,
    0.03967729144552722,
    0.03968229683008976,
    0.03970883502876386,
    0.03970038428949192,
    0.039682438935292885,
    0.03968382165883668,
    0.03968778119971976,
    0.03968276722477749,
    0.03969043144630268,
    0.03969791019847617,
    0.039684817477781326,
    0.039682005790714174,
    0.039690503254299986,
    0.039681758640799675,
    0.039687827234109865
  ],
  "train_acc": [
    0.0228,
    0.974,
    0.974,
    0.974,
    0.974,
    0.974,
    0.974,
    0.974,
    0.974,
    0.974,
    0.974,
    0.974,
    0.974,
    0.974,
    0.974,
    0.974,
    0.974,
    0.974,
    0.974,
    0.974,
    0.974,
    0.974,
    0.974,
    0.974,
    0.974,
    0.974,
    0.974,
    0.974,
    0.974,
    0.974,
    0.974,
    0.974,
    0.974,
    0.974,
    0.974,
    0.974,
    0.974,
    0.974,
    0.974,
    0.974,
    0.974,
    0.974,
    0.974,
    0.974,
    0.974,
    0.974,
    0.974,
    0.974,
    0.974,
    0.974,
    0.974,
    0.974,
    0.974,
    0.974,
    0.974,
    0.974,
    0.974,
    0.974,
    0.974,
    0.974,
    0.974,
    0.974,
    0.974,
    0.974,
    0.974,
    0.974,
    0.974,
    0.974,
    0.974,
    0.974,
    0.974,
    0.974,
    0.974,
    0.974,
    0.974,
    0.974,
    0.974,
    0.974,
    0.974,
    0.974,
    0.974,
    0.974,
    0.974,
    0.974,
    0.974,
    0.974,
    0.974,
    0.974,
    0.974,
    0.974,
    0.974,
    0.974,
    0.974,
    0.974,
    0.974,
    0.974,
    0.974,
    0.974,
    0.974,
    0.974,
    0.974
  ],
  "test_acc": [
    0.012860027633117228,
    0.37974279944733763,
    0.3804867679880965,
    0.3803804867679881,
    0.38123073652885536,
    0.38144329896907214,
    0.3819747050696142,
    0.38080561164842175,
    0.38101817408863853,
    0.3813370177489638,
    0.38154958018918056,
    0.3818684238495058,
    0.3819747050696142,
    0.3822935487299394,
    0.38080561164842175,
    0.38101817408863853,
    0.38112445530874695,
    0.3813370177489638,
    0.38144329896907214,
    0.3817621426293974,
    0.38123073652885536,
    0.3813370177489638,
    0.3809118928685301,
    0.3813370177489638,
    0.381655861409289,
    0.38154958018918056,
    0.38080561164842175,
    0.3818684238495058,
    0.38101817408863853,
    0.3805930492082049,
    0.3819747050696142,
    0.38101817408863853,
    0.3813370177489638,
    0.3819747050696142,
    0.38080561164842175,
    0.381655861409289,
    0.3817621426293974,
    0.382187267509831,
    0.3820809862897226,
    0.382187267509831,
    0.3826123923902646,
    0.38239982995004784,
    0.3826123923902646,
    0.3817621426293974,
    0.3819747050696142,
    0.3829312360505899,
    0.38239982995004784,
    0.38282495483048146,
    0.3819747050696142,
    0.3829312360505899,
    0.3819747050696142,
    0.38239982995004784,
    0.38123073652885536,
    0.3819747050696142,
    0.3822935487299394,
    0.38239982995004784,
    0.38271867361037304,
    0.38250611117015626,
    0.3833563609310235,
    0.38399404825167394,
    0.3818684238495058,
    0.38250611117015626,
    0.38112445530874695,
    0.3820809862897226,
    0.3819747050696142,
    0.38144329896907214,
    0.3822935487299394,
    0.3818684238495058,
    0.3817621426293974,
    0.38250611117015626,
    0.38250611117015626,
    0.3822935487299394,
    0.38314379849080665,
    0.382187267509831,
    0.3817621426293974,
    0.3822935487299394,
    0.38399404825167394,
    0.3830375172706983,
    0.3820809862897226,
    0.382187267509831,
    0.38271867361037304,
    0.3835689233712403,
    0.3836752045913487,
    0.3835689233712403,
    0.3830375172706983,
    0.3830375172706983,
    0.3833563609310235,
    0.38441917313210755,
    0.38441917313210755,
    0.3847380167924328,
    0.38410032947178235,
    0.3829312360505899,
    0.3829312360505899,
    0.3842066106918907,
    0.3847380167924328,
    0.38441917313210755,
    0.3829312360505899,
    0.3837814858114571,
    0.3830375172706983,
    0.38325007971091507,
    0.38325007971091507
  ]
}