{
  "epoch": [
    1,
    2000,
    4000,
    6000,
    8000,
    10000,
    12000,
    14000,
    16000,
    18000,
    20000,
    22000,
    24000,
    26000,
    28000,
    30000,
    32000,
    34000,
    36000,
    38000,
    40000,
    42000,
    44000,
    46000,
    48000,
    50000,
    52000,
    54000,
    56000,
    58000,
    60000,
    62000,
    64000,
    66000,
    68000,
    70000,
    72000,
    74000,
    76000,
    78000,
    80000,
    82000,
    84000,
    86000,
    88000,
    90000,
    92000,
    94000,
    96000,
    98000,
    100000,
    102000,
    104000,
    106000,
    108000,
    110000,
    112000,
    114000,
    116000,
    118000,
    120000,
    122000,
    124000,
    126000,
    128000,
    130000,
    132000,
    134000,
    136000,
    138000,
    140000,
    142000,
    144000,
    146000,
    148000,
    150000,
    152000,
    154000,
    156000,
    158000,
    160000,
    162000,
    164000,
    166000,
    168000,
    170000,
    172000,
    174000,
    176000,
    178000,
    180000,
    182000,
    184000,
    186000,
    188000,
    190000,
    192000,
    194000,
    196000,
    198000,
    200000
  ],
  "loss": [
    4.57629542350769,
    0.20537918312415893,
    0.00574380696200485,
    0.005583659953519077,
    0.005513623910817641,
    0.005506998810274474,
    0.005489544712070995,
    0.005489635738827047,
    0.005478351940702504,
    0.005461206044544238,
    0.00545804476186277,
    0.005461610852932529,
    0.005458177539683337,
    0.005457548687493617,
    0.0054584647163190315,
    0.005460379741846897,
    0.005462527526994816,
    0.005464575758323361,
    0.00546957044136721,
    0.005466782589810636,
    0.005470167824073319,
    0.005475689280731574,
    0.005476512325309414,
    0.005479351062565159,
    0.005481062923575769,
    0.005484076512822921,
    0.005478568549504914,
    0.005485036127424872,
    0.005486192103650052,
    0.00548408321954458,
    0.00548045894920059,
    0.00548272249212282,
    0.005482749994889696,
    0.005478735824656326,
    0.005475639311607429,
    0.00547674046130845,
    0.005481064124146787,
    0.005478833657244407,
    0.0054816160727291985,
    0.005479630839076338,
    0.005477791030654123,
    0.005490644349856593,
    0.005481829051442079,
    0.005482301185764761,
    0.005484233774772948,
    0.005471660501123311,
    0.005478446233566788,
    0.005475577751918699,
    0.005477162025209351,
    0.005481176621919807,
    0.005477327945387934,
    0.0054876672838427825,
    0.005479424409806343,
    0.005477907213477375,
    0.005480595471217103,
    0.005475996513125041,
    0.0054780068519976926,
    0.005479827662516058,
    0.005479270297572386,
    0.005484127027726473,
    0.005484644656139537,
    0.005479334088526335,
    0.005480131825735014,
    0.005478904318802954,
    0.005479442582585112,
    0.005491555724503445,
    0.005488307037232089,
    0.005483690780947581,
    0.005493057544841361,
    0.005490467421050365,
    0.0054874228830797496,
    0.005488785239185999,
    0.0054863577037693205,
    0.005485717142457141,
    0.005482344059623927,
    0.005475627179131554,
    0.005472057929091133,
    0.005472709370530485,
    0.005480453579814263,
    0.005483220018495286,
    0.005486096856634763,
    0.005483568396845605,
    0.005480722512015145,
    0.0054825435321865425,
    0.0054824814041924295,
    0.005490408198709666,
    0.0054875055582037655,
    0.005487730498505786,
    0.005483359267672506,
    0.005481095418597941,
    0.005474127134360888,
    0.005486148299899198,
    0.005498463057900764,
    0.005490548759549214,
    0.005482768482613264,
    0.0054935724388765275,
    0.005485213396006964,
    0.005488556193515177,
    0.005488993109600114,
    0.005486817368035641,
    0.005486522995591535
  ],
  "train_acc": [
    0.0212,
    0.9964,
    0.9964,
    0.9964,
    0.9964,
    0.9964,
    0.9964,
    0.9964,
    0.9964,
    0.9964,
    0.9964,
    0.9964,
    0.9964,
    0.9964,
    0.9964,
    0.9964,
    0.9964,
    0.9964,
    0.9964,
    0.9964,
    0.9964,
    0.9964,
    0.9964,
    0.9964,
    0.9964,
    0.9964,
    0.9964,
    0.9964,
    0.9964,
    0.9964,
    0.9964,
    0.9964,
    0.9964,
    0.9964,
    0.9964,
    0.9964,
    0.9964,
    0.9964,
    0.9964,
    0.9964,
    0.9964,
    0.9964,
    0.9964,
    0.9964,
    0.9964,
    0.9964,
    0.9964,
    0.9964,
    0.9964,
    0.9964,
    0.9964,
    0.9964,
    0.9964,
    0.9964,
    0.9964,
    0.9964,
    0.9964,
    0.9964,
    0.9964,
    0.9964,
    0.9964,
    0.9964,
    0.9964,
    0.9964,
    0.9964,
    0.9964,
    0.9964,
    0.9964,
    0.9964,
    0.9964,
    0.9964,
    0.9964,
    0.9964,
    0.9964,
    0.9964,
    0.9964,
    0.9964,
    0.9964,
    0.9964,
    0.9964,
    0.9964,
    0.9964,
    0.9964,
    0.9964,
    0.9964,
    0.9964,
    0.9964,
    0.9964,
    0.9964,
    0.9964,
    0.9964,
    0.9964,
    0.9964,
    0.9964,
    0.9964,
    0.9964,
    0.9964,
    0.9964,
    0.9964,
    0.9964,
    0.9964
  ],
  "test_acc": [
    0.012647465192900414,
    0.4068445105749814,
    0.4081198852162823,
    0.410139228398342,
    0.4118397279200765,
    0.4152407269635455,
    0.41821660112658093,
    0.41991710064831544,
    0.42608141141460304,
    0.43437134658305876,
    0.4412796258901052,
    0.45052609203953664,
    0.4617919013710277,
    0.47273886704219364,
    0.4869805505367202,
    0.5019662025720055,
    0.5216282282920608,
    0.5424593474333085,
    0.5607397172919545,
    0.5778509937294081,
    0.5954936762674036,
    0.6094165161016049,
    0.6232330747156978,
    0.6314167286640451,
    0.6390689765118504,
    0.6442767562971623,
    0.6492719736422574,
    0.6521415665851844,
    0.6578807524710384,
    0.662769688596025,
    0.6663832500797109,
    0.6744606228079498,
    0.6825379955361888,
    0.6895525560633436,
    0.6893399936231268,
    0.6935912424274631,
    0.6962482729301732,
    0.7001806780741843,
    0.7114464874056754,
    0.7125092996067595,
    0.7158040174301201,
    0.7143160803486024,
    0.7143160803486024,
    0.7201615474545647,
    0.7246253586991178,
    0.7218620469762993,
    0.7281326389626953,
    0.7334466999681156,
    0.7342969497289829,
    0.7341906685088745,
    0.7368476990115846,
    0.7333404187480073,
    0.736953980231693,
    0.7395047295142948,
    0.7412052290360294,
    0.7413115102561377,
    0.7380167924327772,
    0.7402486980550537,
    0.736422574131151,
    0.7293017323838877,
    0.7298331384844298,
    0.7305771070251886,
    0.7348283558295249,
    0.7368476990115846,
    0.7395047295142948,
    0.7342969497289829,
    0.7336592624083325,
    0.7297268572643214,
    0.7291954511637794,
    0.7310022319056223,
    0.7319587628865979,
    0.7294080136039962,
    0.7268572643213944,
    0.7237751089382506,
    0.726750983101286,
    0.7269635455415028,
    0.7287703262833457,
    0.7344032309490913,
    0.7333404187480073,
    0.7282389201828037,
    0.7324901689871399,
    0.7341906685088745,
    0.7321713253268147,
    0.7341906685088745,
    0.7409926665958125,
    0.7470506961419917,
    0.7464130088213413,
    0.7444999468593899,
    0.7328090126474652,
    0.7361037304708258,
    0.7354660431501754,
    0.7359974492507174,
    0.7340843872887661,
    0.7367414177914763,
    0.7393984482941864,
    0.7366351365713678,
    0.7416303539164629,
    0.7477946646827506,
    0.748963758103943,
    0.7464130088213413,
    0.7459878839409076
  ]
}