{
  "epoch": [
    1,
    2000,
    4000,
    6000,
    8000,
    10000,
    12000,
    14000,
    16000,
    18000,
    20000,
    22000,
    24000,
    26000,
    28000,
    30000,
    32000,
    34000,
    36000,
    38000,
    40000,
    42000,
    44000,
    46000,
    48000,
    50000,
    52000,
    54000,
    56000,
    58000,
    60000,
    62000,
    64000,
    66000,
    68000,
    70000,
    72000,
    74000,
    76000,
    78000,
    80000,
    82000,
    84000,
    86000,
    88000,
    90000,
    92000,
    94000,
    96000,
    98000,
    100000,
    102000,
    104000,
    106000,
    108000,
    110000,
    112000,
    114000,
    116000,
    118000,
    120000,
    122000,
    124000,
    126000,
    128000,
    130000,
    132000,
    134000,
    136000,
    138000,
    140000,
    142000,
    144000,
    146000,
    148000,
    150000,
    152000,
    154000,
    156000,
    158000,
    160000,
    162000,
    164000,
    166000,
    168000,
    170000,
    172000,
    174000,
    176000,
    178000,
    180000,
    182000,
    184000,
    186000,
    188000,
    190000,
    192000,
    194000,
    196000,
    198000,
    200000
  ],
  "loss": [
    4.575121736526489,
    0.21158238016850592,
    0.005271886509747507,
    0.005115459698887432,
    0.005042312089210814,
    0.005018064695297197,
    0.00501024569863066,
    0.0050049824332913505,
    0.005003975329087578,
    0.00499853142172702,
    0.004995757734032868,
    0.004997206088875478,
    0.005001376677332349,
    0.004999138624757201,
    0.004995586632799872,
    0.005003011579678176,
    0.0050029850737108635,
    0.0050050776108901,
    0.0050114918758766835,
    0.005013838246905272,
    0.005003850666916198,
    0.0050038441643567985,
    0.00500982417011811,
    0.005007963184822945,
    0.005007143438351957,
    0.005007707644512574,
    0.00500467274325997,
    0.005001189473325344,
    0.005001236535706392,
    0.005004789190814939,
    0.005014145207982952,
    0.005011196755551742,
    0.0050082201978976755,
    0.005004743138915483,
    0.005006300216675657,
    0.0050058413275380605,
    0.005007847633319409,
    0.005006768091244196,
    0.005007181522051866,
    0.0050004201218907295,
    0.0050076965588853614,
    0.00500920727503285,
    0.005006549412194773,
    0.0050054146758800235,
    0.005004077181121778,
    0.005002203555187176,
    0.005010208258106823,
    0.00500258490162748,
    0.004997466211576773,
    0.004997597515712368,
    0.005006245017339034,
    0.00500464277697034,
    0.005006493485460841,
    0.005003843260230043,
    0.005001756989695439,
    0.0050078447642081785,
    0.0050024576518653005,
    0.004999428971151102,
    0.005001168069461923,
    0.005001847565118343,
    0.005000733031091058,
    0.005002757176880169,
    0.005002777546895313,
    0.005003315289079761,
    0.004999912610976599,
    0.005000490205610326,
    0.004996353634325848,
    0.0049989187662816265,
    0.005000860989753768,
    0.004995887136094441,
    0.0049990232587502036,
    0.004999351130338347,
    0.00500168264612793,
    0.004997457066300183,
    0.004996872640083889,
    0.004997768599430183,
    0.005002399603116965,
    0.005005809039827152,
    0.00500298278827283,
    0.005002656460030755,
    0.005000039008168018,
    0.005006647398732494,
    0.005002017420936845,
    0.005001577933209283,
    0.005002076798432867,
    0.005005891491289049,
    0.005005621639950738,
    0.005001094993167002,
    0.005001255827334022,
    0.005000388849987499,
    0.0049984619945987055,
    0.005003994338998603,
    0.005005127935121462,
    0.005002641084625785,
    0.0050017172434044166,
    0.0050045297525425315,
    0.0050019489387157865,
    0.005010265757757292,
    0.005006781181474494,
    0.004998770845779457,
    0.005008758114191848
  ],
  "train_acc": [
    0.0178,
    0.9968,
    0.9968,
    0.9968,
    0.9968,
    0.9968,
    0.9968,
    0.9968,
    0.9968,
    0.9968,
    0.9968,
    0.9968,
    0.9968,
    0.9968,
    0.9968,
    0.9968,
    0.9968,
    0.9968,
    0.9968,
    0.9968,
    0.9968,
    0.9968,
    0.9968,
    0.9968,
    0.9968,
    0.9968,
    0.9968,
    0.9968,
    0.9968,
    0.9968,
    0.9968,
    0.9968,
    0.9968,
    0.9968,
    0.9968,
    0.9968,
    0.9968,
    0.9968,
    0.9968,
    0.9968,
    0.9968,
    0.9968,
    0.9968,
    0.9968,
    0.9968,
    0.9968,
    0.9968,
    0.9968,
    0.9968,
    0.9968,
    0.9968,
    0.9968,
    0.9968,
    0.9968,
    0.9968,
    0.9968,
    0.9968,
    0.9968,
    0.9968,
    0.9968,
    0.9968,
    0.9968,
    0.9968,
    0.9968,
    0.9968,
    0.9968,
    0.9968,
    0.9968,
    0.9968,
    0.9968,
    0.9968,
    0.9968,
    0.9968,
    0.9968,
    0.9968,
    0.9968,
    0.9968,
    0.9968,
    0.9968,
    0.9968,
    0.9968,
    0.9968,
    0.9968,
    0.9968,
    0.9968,
    0.9968,
    0.9968,
    0.9968,
    0.9968,
    0.9968,
    0.9968,
    0.9968,
    0.9968,
    0.9968,
    0.9968,
    0.9968,
    0.9968,
    0.9968,
    0.9968,
    0.9968,
    0.9968
  ],
  "test_acc": [
    0.011690934211924752,
    0.4115208842597513,
    0.4114146030396429,
    0.4132213837814858,
    0.41502816452332875,
    0.4156658518439792,
    0.4176851950260389,
    0.41906685088744816,
    0.4256562865341694,
    0.4344776278031672,
    0.4465936868955256,
    0.4586034647677755,
    0.47932830268891485,
    0.4998405781698374,
    0.5222659156127112,
    0.5453289403762355,
    0.5646721224359655,
    0.5816771176533106,
    0.5977255818896801,
    0.608141141460304,
    0.6151557019874588,
    0.6258901052184079,
    0.6346051652672973,
    0.6436390689765118,
    0.6525666914656181,
    0.6595812519927728,
    0.6601126580933149,
    0.6626634073759167,
    0.6654267190987353,
    0.666170687639494,
    0.667446062280795,
    0.6712721862046976,
    0.673716654267191,
    0.6761611223296844,
    0.6816877457753215,
    0.6814751833351047,
    0.6832819640769476,
    0.6874269316611755,
    0.6911467743649697,
    0.69646083537039,
    0.7007120841747263,
    0.6994367095334254,
    0.695398023169306,
    0.6990115846529918,
    0.6985864597725582,
    0.7019874588160272,
    0.7067701137209055,
    0.7088957381230736,
    0.7095334254437241,
    0.7103836752045913,
    0.7139972366882772,
    0.7064512700605803,
    0.7071952386013391,
    0.7115527686257839,
    0.7109150813051334,
    0.7110213625252418,
    0.707407801041556,
    0.711340206185567,
    0.7148474864491444,
    0.72048039111489,
    0.7215432033159741,
    0.722287171856733,
    0.7201615474545647,
    0.7242002338186843,
    0.7243065150387926,
    0.717610798171963,
    0.7129344244871931,
    0.7155914549899033,
    0.7180359230523966,
    0.7201615474545647,
    0.7190987352534807,
    0.714209799128494,
    0.710808800085025,
    0.7086831756828569,
    0.7118716122861091,
    0.7119778935062174,
    0.7161228610904453,
    0.7193112976936975,
    0.7146349240089276,
    0.7155914549899033,
    0.7167605484110957,
    0.7166542671909873,
    0.718886172813264,
    0.7201615474545647,
    0.7198427037942395,
    0.7130407057073015,
    0.7159102986502285,
    0.71314698692741,
    0.7145286427888192,
    0.7144223615687109,
    0.7221808906366245,
    0.716547985970879,
    0.7125092996067595,
    0.7185673291529386,
    0.7207992347752152,
    0.7215432033159741,
    0.7207992347752152,
    0.7187798915931555,
    0.7168668296312042,
    0.7155914549899033,
    0.7169731108513125
  ]
}