{
  "epoch": [
    1,
    2000,
    4000,
    6000,
    8000,
    10000,
    12000,
    14000,
    16000,
    18000,
    20000,
    22000,
    24000,
    26000,
    28000,
    30000,
    32000,
    34000,
    36000,
    38000,
    40000,
    42000,
    44000,
    46000,
    48000,
    50000,
    52000,
    54000,
    56000,
    58000,
    60000,
    62000,
    64000,
    66000,
    68000,
    70000,
    72000,
    74000,
    76000,
    78000,
    80000,
    82000,
    84000,
    86000,
    88000,
    90000,
    92000,
    94000,
    96000,
    98000,
    100000,
    102000,
    104000,
    106000,
    108000,
    110000,
    112000,
    114000,
    116000,
    118000,
    120000,
    122000,
    124000,
    126000,
    128000,
    130000,
    132000,
    134000,
    136000,
    138000,
    140000,
    142000,
    144000,
    146000,
    148000,
    150000,
    152000,
    154000,
    156000,
    158000,
    160000,
    162000,
    164000,
    166000,
    168000,
    170000,
    172000,
    174000,
    176000,
    178000,
    180000,
    182000,
    184000,
    186000,
    188000,
    190000,
    192000,
    194000,
    196000,
    198000,
    200000
  ],
  "loss": [
    4.575027656555176,
    0.254794719128992,
    0.04157958474010229,
    0.04086508545870893,
    0.040412801409186794,
    0.04010744323870167,
    0.03984936319543049,
    0.03961238589491695,
    0.03940081735481508,
    0.0392047621068079,
    0.03910597205092199,
    0.03904881880171597,
    0.03902856351975351,
    0.03903617133689113,
    0.039052204431872815,
    0.03904961964027025,
    0.039053660528874025,
    0.0390306159905158,
    0.03903101278268732,
    0.039027177501516415,
    0.03903592125843279,
    0.03901927665914409,
    0.03901860065334477,
    0.03902026634113863,
    0.039014134276565166,
    0.03900603541661985,
    0.0390260380551219,
    0.03900526455044746,
    0.03901965668220073,
    0.03902310617417097,
    0.03899908576072194,
    0.038998835464706644,
    0.03901416268534958,
    0.03901517819897272,
    0.03899167872811667,
    0.038995702514145525,
    0.038998690813872965,
    0.03900381031683646,
    0.03900928685986437,
    0.038993270146846774,
    0.03900014061229303,
    0.038986669884389265,
    0.03897352730599232,
    0.038989456806890664,
    0.038977366537926716,
    0.03897482746201567,
    0.03897352852723561,
    0.03898126748846844,
    0.038991821991559115,
    0.03897400157721713,
    0.03898485974012874,
    0.03897171720904298,
    0.03896460343385115,
    0.03898540081451647,
    0.03899093709141016,
    0.038976689527463165,
    0.03897861599298194,
    0.03898411732129753,
    0.03898245574962348,
    0.03897603130633943,
    0.03899531356585212,
    0.038990939723607156,
    0.038981960729137066,
    0.038998271472239866,
    0.03898990595564246,
    0.03897252379287965,
    0.03897981562288478,
    0.03900077394414693,
    0.03899132182616741,
    0.038985205122549084,
    0.03897304086475633,
    0.03897732151905075,
    0.03895030952272937,
    0.038966792812244966,
    0.03897418115697801,
    0.038980775158014146,
    0.03897332144617103,
    0.03897507558180951,
    0.03896020008297637,
    0.03897130386284552,
    0.03898781263534911,
    0.03898750797407702,
    0.03899739713026211,
    0.03898791657821275,
    0.038971132270805536,
    0.03898285210789181,
    0.03899493830553256,
    0.03898974691843614,
    0.038995873143943025,
    0.038964459014416204,
    0.03898057916346006,
    0.03897762146135792,
    0.038970291514741254,
    0.03897287126504816,
    0.03900594510380179,
    0.03900577662996948,
    0.03900406164960005,
    0.03899143288945779,
    0.03898336949795485,
    0.039008014903310684,
    0.039006092498451474
  ],
  "train_acc": [
    0.0198,
    0.9742,
    0.9742,
    0.9742,
    0.9742,
    0.9742,
    0.9742,
    0.9742,
    0.9742,
    0.9742,
    0.9742,
    0.9742,
    0.9742,
    0.9742,
    0.9742,
    0.9742,
    0.9742,
    0.9742,
    0.9742,
    0.9742,
    0.9742,
    0.9742,
    0.9742,
    0.9742,
    0.9742,
    0.9742,
    0.9742,
    0.9742,
    0.9742,
    0.9742,
    0.9742,
    0.9742,
    0.9742,
    0.9742,
    0.9742,
    0.9742,
    0.9742,
    0.9742,
    0.9742,
    0.9742,
    0.9742,
    0.9742,
    0.9742,
    0.9742,
    0.9742,
    0.9742,
    0.9742,
    0.9742,
    0.9742,
    0.9742,
    0.9742,
    0.9742,
    0.9742,
    0.9742,
    0.9742,
    0.9742,
    0.9742,
    0.9742,
    0.9742,
    0.9742,
    0.9742,
    0.9742,
    0.9742,
    0.9742,
    0.9742,
    0.9742,
    0.9742,
    0.9742,
    0.9742,
    0.9742,
    0.9742,
    0.9742,
    0.9742,
    0.9742,
    0.9742,
    0.9742,
    0.9742,
    0.9742,
    0.9742,
    0.9742,
    0.9742,
    0.9742,
    0.9742,
    0.9742,
    0.9742,
    0.9742,
    0.9742,
    0.9742,
    0.9742,
    0.9742,
    0.9742,
    0.9742,
    0.9742,
    0.9742,
    0.9742,
    0.9742,
    0.9742,
    0.9742,
    0.9742,
    0.9742,
    0.9742
  ],
  "test_acc": [
    0.01147837177170794,
    0.38856414071633544,
    0.3895206716973111,
    0.3898395153576363,
    0.38930810925709425,
    0.38856414071633544,
    0.3899457965777447,
    0.3896269529174195,
    0.3899457965777447,
    0.38898926559676905,
    0.38909554681687747,
    0.3899457965777447,
    0.3882452970560102,
    0.3892018280369859,
    0.39026464023806995,
    0.3900520777978531,
    0.3896269529174195,
    0.3895206716973111,
    0.38930810925709425,
    0.38909554681687747,
    0.38930810925709425,
    0.390796046338612,
    0.39026464023806995,
    0.3897332341375279,
    0.38898926559676905,
    0.39015835901796153,
    0.3896269529174195,
    0.390796046338612,
    0.3895206716973111,
    0.39058348389839515,
    0.39026464023806995,
    0.39015835901796153,
    0.3900520777978531,
    0.38909554681687747,
    0.39026464023806995,
    0.38930810925709425,
    0.38930810925709425,
    0.3900520777978531,
    0.3898395153576363,
    0.3895206716973111,
    0.3896269529174195,
    0.3898395153576363,
    0.3900520777978531,
    0.39015835901796153,
    0.39068976511850356,
    0.3899457965777447,
    0.39068976511850356,
    0.3909023275587204,
    0.39015835901796153,
    0.39037092145817837,
    0.39037092145817837,
    0.39068976511850356,
    0.39047720267828673,
    0.39047720267828673,
    0.3895206716973111,
    0.39068976511850356,
    0.3898395153576363,
    0.38941439047720267,
    0.3899457965777447,
    0.3897332341375279,
    0.3911148899989372,
    0.3911148899989372,
    0.3899457965777447,
    0.38941439047720267,
    0.3899457965777447,
    0.390796046338612,
    0.39047720267828673,
    0.39068976511850356,
    0.3892018280369859,
    0.39047720267828673,
    0.39015835901796153,
    0.3897332341375279,
    0.3897332341375279,
    0.3899457965777447,
    0.3899457965777447,
    0.39143373365926243,
    0.3917525773195876,
    0.3911148899989372,
    0.39100860877882876,
    0.3909023275587204,
    0.3912211712190456,
    0.39026464023806995,
    0.3911148899989372,
    0.39068976511850356,
    0.39058348389839515,
    0.3917525773195876,
    0.39068976511850356,
    0.3912211712190456,
    0.39185885853969604,
    0.3915400148793708,
    0.39143373365926243,
    0.39058348389839515,
    0.3912211712190456,
    0.3909023275587204,
    0.3897332341375279,
    0.3912211712190456,
    0.3912211712190456,
    0.3900520777978531,
    0.39068976511850356,
    0.39047720267828673,
    0.3915400148793708
  ]
}