{
  "epoch": [
    1,
    2000,
    4000,
    6000,
    8000,
    10000,
    12000,
    14000,
    16000,
    18000,
    20000,
    22000,
    24000,
    26000,
    28000,
    30000,
    32000,
    34000,
    36000,
    38000,
    40000,
    42000,
    44000,
    46000,
    48000,
    50000,
    52000,
    54000,
    56000,
    58000,
    60000,
    62000,
    64000,
    66000,
    68000,
    70000,
    72000,
    74000,
    76000,
    78000,
    80000,
    82000,
    84000,
    86000,
    88000,
    90000,
    92000,
    94000,
    96000,
    98000,
    100000,
    102000,
    104000,
    106000,
    108000,
    110000,
    112000,
    114000,
    116000,
    118000,
    120000,
    122000,
    124000,
    126000,
    128000,
    130000,
    132000,
    134000,
    136000,
    138000,
    140000,
    142000,
    144000,
    146000,
    148000,
    150000,
    152000,
    154000,
    156000,
    158000,
    160000,
    162000,
    164000,
    166000,
    168000,
    170000,
    172000,
    174000,
    176000,
    178000,
    180000,
    182000,
    184000,
    186000,
    188000,
    190000,
    192000,
    194000,
    196000,
    198000,
    200000
  ],
  "loss": [
    4.575730705261231,
    0.24777574116846787,
    0.03721190373753198,
    0.03654064131099731,
    0.03609620285211131,
    0.03577876559239812,
    0.0355524074351415,
    0.03532806305289268,
    0.03514362563607283,
    0.035010448883892965,
    0.034958483957685534,
    0.03495046440265141,
    0.034942071373621,
    0.03494845802551135,
    0.034955766778625545,
    0.034950621916214,
    0.03495427758703008,
    0.03492984828930348,
    0.034929409310081976,
    0.034939505129819734,
    0.03493905427670106,
    0.03494217981421389,
    0.034919572412595155,
    0.03493425687169656,
    0.03492059627468698,
    0.034933716612262654,
    0.03492555590393022,
    0.03492154193930328,
    0.034929381721001115,
    0.03492919064224698,
    0.03492245611171238,
    0.03492626894237474,
    0.03491934400624595,
    0.03491678891167976,
    0.03492636754279956,
    0.034923153461236506,
    0.0349252206038218,
    0.03492822344871238,
    0.034905760942632334,
    0.03492404056172818,
    0.03490083139613271,
    0.034905305947782475,
    0.034917254185304045,
    0.03490939026530832,
    0.034901324662799015,
    0.034913200339488686,
    0.0349032897581812,
    0.034889566020993516,
    0.034896082542836666,
    0.034898085847496985,
    0.034904385572765026,
    0.03491440767943859,
    0.03490411577164196,
    0.034915312539367006,
    0.03490133614777587,
    0.03491747835525311,
    0.03491713738790713,
    0.03491016734093428,
    0.034917301520193,
    0.03490347551107407,
    0.034911574129760266,
    0.03489853883790783,
    0.03489805243164301,
    0.034904899372905494,
    0.03491653934018686,
    0.03490829038377851,
    0.034910610053641725,
    0.03490152594223619,
    0.03489988990174606,
    0.03489881272460334,
    0.03489931796770543,
    0.03489463868392632,
    0.03490850587650202,
    0.03491309388573281,
    0.034919763160031286,
    0.034912405392806975,
    0.03491681442749687,
    0.034903597148973495,
    0.03491683832067065,
    0.0349093983983621,
    0.03491741114663891,
    0.034906206179782746,
    0.034908310255315156,
    0.03490935736033134,
    0.03491092482074164,
    0.03490173943801783,
    0.03491051946929656,
    0.03489354503415525,
    0.03491846635909751,
    0.034908317102165895,
    0.034909931203024464,
    0.03490108373472467,
    0.03489321991219185,
    0.03490806914097629,
    0.03490518250544555,
    0.034903788403887304,
    0.03490020581483841,
    0.034916135264514016,
    0.0348943047194276,
    0.03489319185102358,
    0.03489873281880282
  ],
  "train_acc": [
    0.0148,
    0.9764,
    0.9764,
    0.9764,
    0.9764,
    0.9764,
    0.9764,
    0.9764,
    0.9764,
    0.9764,
    0.9764,
    0.9764,
    0.9764,
    0.9764,
    0.9764,
    0.9764,
    0.9764,
    0.9764,
    0.9764,
    0.9764,
    0.9764,
    0.9764,
    0.9764,
    0.9764,
    0.9764,
    0.9764,
    0.9764,
    0.9764,
    0.9764,
    0.9764,
    0.9764,
    0.9764,
    0.9764,
    0.9764,
    0.9764,
    0.9764,
    0.9764,
    0.9764,
    0.9764,
    0.9764,
    0.9764,
    0.9764,
    0.9764,
    0.9764,
    0.9764,
    0.9764,
    0.9764,
    0.9764,
    0.9764,
    0.9764,
    0.9764,
    0.9764,
    0.9764,
    0.9764,
    0.9764,
    0.9764,
    0.9764,
    0.9764,
    0.9764,
    0.9764,
    0.9764,
    0.9764,
    0.9764,
    0.9764,
    0.9764,
    0.9764,
    0.9764,
    0.9764,
    0.9764,
    0.9764,
    0.9764,
    0.9764,
    0.9764,
    0.9764,
    0.9764,
    0.9764,
    0.9764,
    0.9764,
    0.9764,
    0.9764,
    0.9764,
    0.9764,
    0.9764,
    0.9764,
    0.9764,
    0.9764,
    0.9764,
    0.9764,
    0.9764,
    0.9764,
    0.9764,
    0.9764,
    0.9764,
    0.9764,
    0.9764,
    0.9764,
    0.9764,
    0.9764,
    0.9764,
    0.9764,
    0.9764
  ],
  "test_acc": [
    0.011690934211924752,
    0.38484429801254116,
    0.3864385163141673,
    0.3859071102136252,
    0.38696992241470934,
    0.3854819853331916,
    0.3862259538739505,
    0.38696992241470934,
    0.3868636411946009,
    0.3851631416728664,
    0.3862259538739505,
    0.385056860452758,
    0.3847380167924328,
    0.38601339143373364,
    0.38558826655330003,
    0.38601339143373364,
    0.38611967265384206,
    0.3867573599744925,
    0.3854819853331916,
    0.385056860452758,
    0.3863322350940589,
    0.3862259538739505,
    0.38611967265384206,
    0.38739504729514296,
    0.3862259538739505,
    0.38696992241470934,
    0.3868636411946009,
    0.3867573599744925,
    0.38601339143373364,
    0.3854819853331916,
    0.38601339143373364,
    0.38580082899351686,
    0.3863322350940589,
    0.3868636411946009,
    0.3863322350940589,
    0.3864385163141673,
    0.38739504729514296,
    0.3863322350940589,
    0.3859071102136252,
    0.38611967265384206,
    0.3865447975342757,
    0.3867573599744925,
    0.38601339143373364,
    0.38611967265384206,
    0.3863322350940589,
    0.38696992241470934,
    0.38782017217557657,
    0.3867573599744925,
    0.38739504729514296,
    0.3871824848549261,
    0.38782017217557657,
    0.38728876607503454,
    0.3871824848549261,
    0.3870762036348177,
    0.3863322350940589,
    0.3866510787543841,
    0.3871824848549261,
    0.3863322350940589,
    0.38728876607503454,
    0.38760760973535974,
    0.38888298437666063,
    0.38728876607503454,
    0.38728876607503454,
    0.3898395153576363,
    0.3883515782761186,
    0.3896269529174195,
    0.3896269529174195,
    0.3900520777978531,
    0.38888298437666063,
    0.3882452970560102,
    0.388457859496227,
    0.38856414071633544,
    0.38941439047720267,
    0.38941439047720267,
    0.38898926559676905,
    0.39015835901796153,
    0.3899457965777447,
    0.38888298437666063,
    0.3881390158359018,
    0.3880327346157934,
    0.38867042193644386,
    0.3895206716973111,
    0.3899457965777447,
    0.39058348389839515,
    0.38888298437666063,
    0.3897332341375279,
    0.39037092145817837,
    0.3896269529174195,
    0.39047720267828673,
    0.39047720267828673,
    0.3915400148793708,
    0.38888298437666063,
    0.38930810925709425,
    0.39026464023806995,
    0.39068976511850356,
    0.390796046338612,
    0.390796046338612,
    0.3900520777978531,
    0.3896269529174195,
    0.39026464023806995,
    0.3915400148793708
  ]
}