{
  "epoch": [
    1,
    2000,
    4000,
    6000,
    8000,
    10000,
    12000,
    14000,
    16000,
    18000,
    20000,
    22000,
    24000,
    26000,
    28000,
    30000,
    32000,
    34000,
    36000,
    38000,
    40000,
    42000,
    44000,
    46000,
    48000,
    50000,
    52000,
    54000,
    56000,
    58000,
    60000,
    62000,
    64000,
    66000,
    68000,
    70000,
    72000,
    74000,
    76000,
    78000,
    80000,
    82000,
    84000,
    86000,
    88000,
    90000,
    92000,
    94000,
    96000,
    98000,
    100000,
    102000,
    104000,
    106000,
    108000,
    110000,
    112000,
    114000,
    116000,
    118000,
    120000,
    122000,
    124000,
    126000,
    128000,
    130000,
    132000,
    134000,
    136000,
    138000,
    140000,
    142000,
    144000,
    146000,
    148000,
    150000,
    152000,
    154000,
    156000,
    158000,
    160000,
    162000,
    164000,
    166000,
    168000,
    170000,
    172000,
    174000,
    176000,
    178000,
    180000,
    182000,
    184000,
    186000,
    188000,
    190000,
    192000,
    194000,
    196000,
    198000,
    200000
  ],
  "loss": [
    4.57612190246582,
    0.256308432749979,
    0.04651535048764199,
    0.04576930205095559,
    0.04528083474580199,
    0.044968279767083,
    0.04472514922479168,
    0.04451863646861166,
    0.04432952638315037,
    0.04409525413773954,
    0.04384189135925844,
    0.04365429488206282,
    0.04352761563193053,
    0.043468358814157546,
    0.04345972575456835,
    0.043493676893785596,
    0.043462352456199005,
    0.043439281464274976,
    0.04342795347124338,
    0.04344441802026704,
    0.04343000688720494,
    0.04344223335990682,
    0.04343446502224542,
    0.043427973264362665,
    0.04342132033295929,
    0.04342379200821742,
    0.04340858635054901,
    0.043422219880484045,
    0.04342665256196633,
    0.043396726808603854,
    0.04340636783735827,
    0.043406197068654,
    0.0434055372309871,
    0.04340747649986297,
    0.043412674774043265,
    0.043401624350249766,
    0.04339381279274821,
    0.04338301213905215,
    0.043391354739572854,
    0.04341899859076366,
    0.043390560100693254,
    0.04339882792383432,
    0.043401164256315676,
    0.04339346132101491,
    0.04339590229596943,
    0.04338640857767314,
    0.04338403001781553,
    0.04337956488225609,
    0.04340265756635927,
    0.043393865851545706,
    0.04340060889944434,
    0.043403384796530005,
    0.043385014999564736,
    0.04337840653653256,
    0.04337823351793922,
    0.04336589510990307,
    0.0433840568963904,
    0.043376866782270374,
    0.04338292798199691,
    0.04338150567151606,
    0.0433862913526129,
    0.04336911549409851,
    0.04338326397743076,
    0.04336951646078378,
    0.04336982931634411,
    0.04339440968381241,
    0.0433962898446247,
    0.043390930910315366,
    0.043382759054377676,
    0.04336584899253212,
    0.04338168831663206,
    0.04336816518148407,
    0.04338691968619823,
    0.04338183486284688,
    0.043381432099360975,
    0.04337490782518871,
    0.043369946838729086,
    0.04336990760806948,
    0.04337727269520983,
    0.0433620080803521,
    0.04337225403813645,
    0.04337769528646022,
    0.04338242176575586,
    0.04337557073319331,
    0.04339571389658377,
    0.04337954243365675,
    0.04338444191282615,
    0.043370129347592594,
    0.04338020628960803,
    0.04338461212860421,
    0.04337297560814768,
    0.04337738234261051,
    0.043390227747894826,
    0.04338255318985321,
    0.04336678706984967,
    0.04337017408963293,
    0.043377941620070484,
    0.043391147340880704,
    0.04337824595612474,
    0.04337295803325251,
    0.043383401503972706
  ],
  "train_acc": [
    0.0178,
    0.971,
    0.971,
    0.971,
    0.971,
    0.971,
    0.971,
    0.971,
    0.971,
    0.971,
    0.971,
    0.971,
    0.971,
    0.971,
    0.971,
    0.971,
    0.971,
    0.971,
    0.971,
    0.971,
    0.971,
    0.971,
    0.971,
    0.971,
    0.971,
    0.971,
    0.971,
    0.971,
    0.971,
    0.971,
    0.971,
    0.971,
    0.971,
    0.971,
    0.971,
    0.971,
    0.971,
    0.971,
    0.971,
    0.971,
    0.971,
    0.971,
    0.971,
    0.971,
    0.971,
    0.971,
    0.971,
    0.971,
    0.971,
    0.971,
    0.971,
    0.971,
    0.971,
    0.971,
    0.971,
    0.971,
    0.971,
    0.971,
    0.971,
    0.971,
    0.971,
    0.971,
    0.971,
    0.971,
    0.971,
    0.971,
    0.971,
    0.971,
    0.971,
    0.971,
    0.971,
    0.971,
    0.971,
    0.971,
    0.971,
    0.971,
    0.971,
    0.971,
    0.971,
    0.971,
    0.971,
    0.971,
    0.971,
    0.971,
    0.971,
    0.971,
    0.971,
    0.971,
    0.971,
    0.971,
    0.971,
    0.971,
    0.971,
    0.971,
    0.971,
    0.971,
    0.971,
    0.971,
    0.971,
    0.971,
    0.971
  ],
  "test_acc": [
    0.011584652991816347,
    0.38027420554787966,
    0.381655861409289,
    0.38144329896907214,
    0.3826123923902646,
    0.38112445530874695,
    0.382187267509831,
    0.38101817408863853,
    0.3826123923902646,
    0.3819747050696142,
    0.381655861409289,
    0.38069933042831333,
    0.38112445530874695,
    0.38112445530874695,
    0.3817621426293974,
    0.3817621426293974,
    0.38112445530874695,
    0.38144329896907214,
    0.3813370177489638,
    0.3813370177489638,
    0.3813370177489638,
    0.3820809862897226,
    0.38154958018918056,
    0.38080561164842175,
    0.38123073652885536,
    0.38101817408863853,
    0.382187267509831,
    0.38144329896907214,
    0.38069933042831333,
    0.38112445530874695,
    0.38250611117015626,
    0.3820809862897226,
    0.38154958018918056,
    0.3818684238495058,
    0.3819747050696142,
    0.3819747050696142,
    0.3829312360505899,
    0.3817621426293974,
    0.3838877670315655,
    0.382187267509831,
    0.3833563609310235,
    0.3820809862897226,
    0.3818684238495058,
    0.3833563609310235,
    0.3836752045913487,
    0.3830375172706983,
    0.3819747050696142,
    0.38154958018918056,
    0.38250611117015626,
    0.3817621426293974,
    0.3818684238495058,
    0.38101817408863853,
    0.38144329896907214,
    0.38101817408863853,
    0.3817621426293974,
    0.38144329896907214,
    0.382187267509831,
    0.382187267509831,
    0.38282495483048146,
    0.38239982995004784,
    0.3836752045913487,
    0.38271867361037304,
    0.3829312360505899,
    0.38154958018918056,
    0.3809118928685301,
    0.3818684238495058,
    0.38144329896907214,
    0.38314379849080665,
    0.38154958018918056,
    0.3829312360505899,
    0.3826123923902646,
    0.3817621426293974,
    0.382187267509831,
    0.38069933042831333,
    0.381655861409289,
    0.38080561164842175,
    0.38239982995004784,
    0.3819747050696142,
    0.3804867679880965,
    0.3818684238495058,
    0.3819747050696142,
    0.3829312360505899,
    0.38325007971091507,
    0.38239982995004784,
    0.38282495483048146,
    0.382187267509831,
    0.38239982995004784,
    0.3822935487299394,
    0.3829312360505899,
    0.38325007971091507,
    0.3813370177489638,
    0.3826123923902646,
    0.3826123923902646,
    0.382187267509831,
    0.3822935487299394,
    0.38325007971091507,
    0.3836752045913487,
    0.3826123923902646,
    0.3836752045913487,
    0.38399404825167394,
    0.3835689233712403
  ]
}