{
  "epoch": [
    1,
    2000,
    4000,
    6000,
    8000,
    10000,
    12000,
    14000,
    16000,
    18000,
    20000,
    22000,
    24000,
    26000,
    28000,
    30000,
    32000,
    34000,
    36000,
    38000,
    40000,
    42000,
    44000,
    46000,
    48000,
    50000,
    52000,
    54000,
    56000,
    58000,
    60000,
    62000,
    64000,
    66000,
    68000,
    70000,
    72000,
    74000,
    76000,
    78000,
    80000,
    82000,
    84000,
    86000,
    88000,
    90000,
    92000,
    94000,
    96000,
    98000,
    100000,
    102000,
    104000,
    106000,
    108000,
    110000,
    112000,
    114000,
    116000,
    118000,
    120000,
    122000,
    124000,
    126000,
    128000,
    130000,
    132000,
    134000,
    136000,
    138000,
    140000,
    142000,
    144000,
    146000,
    148000,
    150000,
    152000,
    154000,
    156000,
    158000,
    160000,
    162000,
    164000,
    166000,
    168000,
    170000,
    172000,
    174000,
    176000,
    178000,
    180000,
    182000,
    184000,
    186000,
    188000,
    190000,
    192000,
    194000,
    196000,
    198000,
    200000
  ],
  "loss": [
    4.575348138809204,
    0.2837694579873303,
    0.06617463756091893,
    0.06526015812931582,
    0.06464567978456616,
    0.06422060068584978,
    0.0639211966686882,
    0.06370221818489955,
    0.06354199774088339,
    0.06337335839904845,
    0.06325174889834598,
    0.0631309479814954,
    0.06303594548301772,
    0.06291236955430358,
    0.06279690696205943,
    0.06268138456922025,
    0.0625296585326083,
    0.06235245703337714,
    0.062124874879419804,
    0.061880220830719916,
    0.06164208832932636,
    0.061450843676831575,
    0.06133010165654123,
    0.061282253649830816,
    0.06127325461953878,
    0.06125807794053108,
    0.06125292257657275,
    0.06126020476836711,
    0.06122827619053423,
    0.061231092266459015,
    0.06124791321177035,
    0.06125442070951685,
    0.061243626144807786,
    0.06125265230769292,
    0.06125407180348411,
    0.061244532240647825,
    0.06122191284438595,
    0.06124201604137197,
    0.06124816276514903,
    0.0612333250714466,
    0.06122536802701652,
    0.061254842100292445,
    0.06122266291165725,
    0.061219080355390906,
    0.06119109822139144,
    0.06118762015663087,
    0.06120512877283618,
    0.06123561639096588,
    0.061215050171595065,
    0.0612147827337496,
    0.061215747914928946,
    0.06120292580183596,
    0.06119326748531312,
    0.06119908039532602,
    0.06119727178700268,
    0.0611944872728549,
    0.06120843925299123,
    0.061196724898181856,
    0.06119568530600518,
    0.061177851507626474,
    0.06121308885281906,
    0.06119923558486626,
    0.06119687289306894,
    0.06118773723412305,
    0.06118261064803228,
    0.06120095422901213,
    0.0611930475323461,
    0.061175877049192785,
    0.0611826291793026,
    0.06118777777478099,
    0.061203208114020524,
    0.06118465602761135,
    0.06120501447068527,
    0.061197452373243866,
    0.06121705534029752,
    0.06118930025286973,
    0.061190365831181405,
    0.061192333327140656,
    0.0611869219516404,
    0.06118643361460418,
    0.06121597363911569,
    0.06120329923182726,
    0.06120217525418848,
    0.061184610159695146,
    0.061201783054694536,
    0.061189931581821295,
    0.06119437412302941,
    0.06120277099562809,
    0.06119165259385481,
    0.06118241255646571,
    0.0611811860284768,
    0.06117028159769252,
    0.06119439237201586,
    0.06116870452407747,
    0.06118406190276146,
    0.061198540781252087,
    0.06118156497748568,
    0.06119308082414791,
    0.06118982616374269,
    0.06120133025990799,
    0.061198703602701424
  ],
  "train_acc": [
    0.0182,
    0.9594,
    0.9594,
    0.9594,
    0.9594,
    0.9594,
    0.9594,
    0.9594,
    0.9594,
    0.9594,
    0.9594,
    0.9594,
    0.9594,
    0.9594,
    0.9594,
    0.9594,
    0.9594,
    0.9594,
    0.9594,
    0.9594,
    0.9594,
    0.9594,
    0.9594,
    0.9594,
    0.9594,
    0.9594,
    0.9594,
    0.9594,
    0.9594,
    0.9594,
    0.9594,
    0.9594,
    0.9594,
    0.9594,
    0.9594,
    0.9594,
    0.9594,
    0.9594,
    0.9594,
    0.9594,
    0.9594,
    0.9594,
    0.9594,
    0.9594,
    0.9594,
    0.9594,
    0.9594,
    0.9594,
    0.9594,
    0.9594,
    0.9594,
    0.9594,
    0.9594,
    0.9594,
    0.9594,
    0.9594,
    0.9594,
    0.9594,
    0.9594,
    0.9594,
    0.9594,
    0.9594,
    0.9594,
    0.9594,
    0.9594,
    0.9594,
    0.9594,
    0.9594,
    0.9594,
    0.9594,
    0.9594,
    0.9594,
    0.9594,
    0.9594,
    0.9594,
    0.9594,
    0.9594,
    0.9594,
    0.9594,
    0.9594,
    0.9594,
    0.9594,
    0.9594,
    0.9594,
    0.9594,
    0.9594,
    0.9594,
    0.9594,
    0.9594,
    0.9594,
    0.9594,
    0.9594,
    0.9594,
    0.9594,
    0.9594,
    0.9594,
    0.9594,
    0.9594,
    0.9594,
    0.9594,
    0.9594
  ],
  "test_acc": [
    0.010734403230949091,
    0.3684769901158465,
    0.3680518652354129,
    0.3685832713359549,
    0.36837070889573814,
    0.3676267403549793,
    0.3676267403549793,
    0.36879583377617176,
    0.3673078966946541,
    0.3684769901158465,
    0.3678393027951961,
    0.3682644276756297,
    0.36922095865660537,
    0.36794558401530447,
    0.3693272398767138,
    0.3680518652354129,
    0.3669890530343288,
    0.3677330215750877,
    0.36837070889573814,
    0.36879583377617176,
    0.3684769901158465,
    0.36752045913487086,
    0.36752045913487086,
    0.3682644276756297,
    0.3695398023169306,
    0.369646083537039,
    0.3673078966946541,
    0.3684769901158465,
    0.3690083962163886,
    0.3678393027951961,
    0.3669890530343288,
    0.36837070889573814,
    0.36794558401530447,
    0.36667020937400363,
    0.3668827718142204,
    0.36837070889573814,
    0.36720161547454566,
    0.3684769901158465,
    0.3678393027951961,
    0.36794558401530447,
    0.3681581464555213,
    0.36794558401530447,
    0.3673078966946541,
    0.3677330215750877,
    0.3676267403549793,
    0.3677330215750877,
    0.3682644276756297,
    0.3681581464555213,
    0.3678393027951961,
    0.3677330215750877,
    0.3677330215750877,
    0.3680518652354129,
    0.36879583377617176,
    0.36720161547454566,
    0.36837070889573814,
    0.3676267403549793,
    0.3681581464555213,
    0.3681581464555213,
    0.36868955255606334,
    0.36868955255606334,
    0.3697523647571474,
    0.3676267403549793,
    0.36709533425443724,
    0.36720161547454566,
    0.36794558401530447,
    0.3690083962163886,
    0.3676267403549793,
    0.3682644276756297,
    0.3681581464555213,
    0.3689021149962802,
    0.3693272398767138,
    0.3680518652354129,
    0.3676267403549793,
    0.3689021149962802,
    0.36794558401530447,
    0.3680518652354129,
    0.36837070889573814,
    0.3697523647571474,
    0.3680518652354129,
    0.3681581464555213,
    0.3684769901158465,
    0.3681581464555213,
    0.3681581464555213,
    0.3678393027951961,
    0.3677330215750877,
    0.3678393027951961,
    0.36677649059411205,
    0.3682644276756297,
    0.3684769901158465,
    0.36752045913487086,
    0.36911467743649695,
    0.36794558401530447,
    0.3676267403549793,
    0.3677330215750877,
    0.3678393027951961,
    0.36837070889573814,
    0.36794558401530447,
    0.3680518652354129,
    0.3689021149962802,
    0.36794558401530447,
    0.36868955255606334
  ]
}