{
  "epoch": [
    1,
    2000,
    4000,
    6000,
    8000,
    10000,
    12000,
    14000,
    16000,
    18000,
    20000,
    22000,
    24000,
    26000,
    28000,
    30000,
    32000,
    34000,
    36000,
    38000,
    40000,
    42000,
    44000,
    46000,
    48000,
    50000,
    52000,
    54000,
    56000,
    58000,
    60000,
    62000,
    64000,
    66000,
    68000,
    70000,
    72000,
    74000,
    76000,
    78000,
    80000,
    82000,
    84000,
    86000,
    88000,
    90000,
    92000,
    94000,
    96000,
    98000,
    100000,
    102000,
    104000,
    106000,
    108000,
    110000,
    112000,
    114000,
    116000,
    118000,
    120000,
    122000,
    124000,
    126000,
    128000,
    130000,
    132000,
    134000,
    136000,
    138000,
    140000,
    142000,
    144000,
    146000,
    148000,
    150000,
    152000,
    154000,
    156000,
    158000,
    160000,
    162000,
    164000,
    166000,
    168000,
    170000,
    172000,
    174000,
    176000,
    178000,
    180000,
    182000,
    184000,
    186000,
    188000,
    190000,
    192000,
    194000,
    196000,
    198000,
    200000
  ],
  "loss": [
    4.576470375061035,
    0.28667115589725845,
    0.07551177082080394,
    0.07447184838857501,
    0.07368668546043336,
    0.0730830446910113,
    0.07262034770175814,
    0.07224975391011686,
    0.07196495861094444,
    0.07172534336522221,
    0.07150721511468291,
    0.07131363889779896,
    0.07115126110836864,
    0.07103622226472944,
    0.0709259405830875,
    0.0708151321651414,
    0.07068325004233048,
    0.07061844123918563,
    0.07053997111972421,
    0.07047982475440949,
    0.07038329606894404,
    0.07032236787993461,
    0.07022402453720569,
    0.07014191292114556,
    0.07006397488266229,
    0.06999677145499736,
    0.06995243928357958,
    0.06990217406023294,
    0.06986590868011117,
    0.06983848582375794,
    0.06979152123127133,
    0.06975205086674541,
    0.06970260183783249,
    0.06969357090052217,
    0.06962745801415295,
    0.06959132564719767,
    0.06958924512099475,
    0.06955511680822819,
    0.069503605703637,
    0.069450853824988,
    0.06936553682088852,
    0.06931775905117392,
    0.06923963229190558,
    0.0691464496393688,
    0.0690554871911183,
    0.06902184238806366,
    0.06887986757885664,
    0.06877958863917738,
    0.06864254634398967,
    0.06848099053334444,
    0.0683362239643,
    0.06811887733433396,
    0.06794157168921083,
    0.06776486402023583,
    0.0675581353219226,
    0.06735368346199393,
    0.06719968481119722,
    0.06708649830091745,
    0.06696647345032543,
    0.06684694705735893,
    0.06677495567835867,
    0.06678132258895784,
    0.06675146226622164,
    0.06676021947022527,
    0.06673527806457132,
    0.06674243206679821,
    0.06676555358413606,
    0.06676282702144236,
    0.06675856849215925,
    0.06675061596324668,
    0.06680470896624029,
    0.06682063637673855,
    0.0668229470522143,
    0.06685088045615703,
    0.06680795841887593,
    0.0667564261937514,
    0.0668061947196722,
    0.06679143251925707,
    0.06682226372789592,
    0.06678134686592967,
    0.06678375873444602,
    0.0667756442883052,
    0.06680261375792325,
    0.06679940826920792,
    0.06680335956728085,
    0.06678999988418073,
    0.06679817098341882,
    0.06683265569647774,
    0.0668337348273024,
    0.06680613645762205,
    0.06679806638527662,
    0.06677588733974844,
    0.0667574768345803,
    0.0667671998905018,
    0.06679452843107284,
    0.06687466746661812,
    0.06687223530802876,
    0.06683317820299417,
    0.06677467147838324,
    0.06677746328357607,
    0.06674265098124743
  ],
  "train_acc": [
    0.0214,
    0.9564,
    0.9564,
    0.9564,
    0.9564,
    0.9564,
    0.9564,
    0.9564,
    0.9564,
    0.9564,
    0.9564,
    0.9564,
    0.9564,
    0.9564,
    0.9564,
    0.9564,
    0.9564,
    0.9564,
    0.9564,
    0.9564,
    0.9564,
    0.9564,
    0.9564,
    0.9564,
    0.9564,
    0.9564,
    0.9564,
    0.9564,
    0.9564,
    0.9564,
    0.9564,
    0.9564,
    0.9564,
    0.9564,
    0.9564,
    0.9564,
    0.9564,
    0.9564,
    0.9564,
    0.9564,
    0.9564,
    0.9564,
    0.9564,
    0.9564,
    0.9564,
    0.9564,
    0.9564,
    0.9564,
    0.9564,
    0.9564,
    0.9564,
    0.9564,
    0.9564,
    0.9564,
    0.9564,
    0.9564,
    0.9564,
    0.9564,
    0.9564,
    0.9564,
    0.9564,
    0.9564,
    0.9564,
    0.9564,
    0.9564,
    0.9564,
    0.9564,
    0.9564,
    0.9564,
    0.9564,
    0.9564,
    0.9564,
    0.9564,
    0.9564,
    0.9564,
    0.9564,
    0.9564,
    0.9564,
    0.9564,
    0.9564,
    0.9564,
    0.9564,
    0.9564,
    0.9564,
    0.9564,
    0.9564,
    0.9564,
    0.9564,
    0.9564,
    0.9564,
    0.9564,
    0.9564,
    0.9564,
    0.9564,
    0.9564,
    0.9564,
    0.9564,
    0.9564,
    0.9564,
    0.9564,
    0.9564
  ],
  "test_acc": [
    0.012222340312466787,
    0.3684769901158465,
    0.36996492719736424,
    0.37028377085768943,
    0.37039005207779785,
    0.3714528642788819,
    0.370177489637581,
    0.36922095865660537,
    0.3690083962163886,
    0.3695398023169306,
    0.3695398023169306,
    0.3685832713359549,
    0.36911467743649695,
    0.369646083537039,
    0.3710277393984483,
    0.3713465830587735,
    0.3697523647571474,
    0.3707088957381231,
    0.36922095865660537,
    0.3690083962163886,
    0.369646083537039,
    0.3694335210968222,
    0.37166542671909875,
    0.370177489637581,
    0.3690083962163886,
    0.37049633329790627,
    0.3698586459772558,
    0.36911467743649695,
    0.3694335210968222,
    0.3709214581783399,
    0.3694335210968222,
    0.3685832713359549,
    0.3714528642788819,
    0.3694335210968222,
    0.3690083962163886,
    0.37028377085768943,
    0.36911467743649695,
    0.36911467743649695,
    0.3694335210968222,
    0.36879583377617176,
    0.36996492719736424,
    0.37124030183866513,
    0.3694335210968222,
    0.3707088957381231,
    0.36837070889573814,
    0.3693272398767138,
    0.3697523647571474,
    0.3694335210968222,
    0.37007120841747265,
    0.3695398023169306,
    0.37081517695823146,
    0.370177489637581,
    0.37081517695823146,
    0.3710277393984483,
    0.37177170793920716,
    0.37049633329790627,
    0.37081517695823146,
    0.3709214581783399,
    0.36996492719736424,
    0.37177170793920716,
    0.37028377085768943,
    0.37007120841747265,
    0.37007120841747265,
    0.3698586459772558,
    0.3713465830587735,
    0.37039005207779785,
    0.37081517695823146,
    0.37007120841747265,
    0.37039005207779785,
    0.3711340206185567,
    0.3707088957381231,
    0.3707088957381231,
    0.3695398023169306,
    0.37007120841747265,
    0.3706026145180147,
    0.36922095865660537,
    0.37124030183866513,
    0.3693272398767138,
    0.37081517695823146,
    0.3709214581783399,
    0.3693272398767138,
    0.37007120841747265,
    0.3709214581783399,
    0.3693272398767138,
    0.37166542671909875,
    0.37049633329790627,
    0.37007120841747265,
    0.37166542671909875,
    0.3709214581783399,
    0.3713465830587735,
    0.37124030183866513,
    0.3710277393984483,
    0.3711340206185567,
    0.37209055159953236,
    0.37177170793920716,
    0.3706026145180147,
    0.37124030183866513,
    0.37039005207779785,
    0.370177489637581,
    0.37198427037942394,
    0.37124030183866513
  ]
}