{
  "epoch": [
    1,
    2000,
    4000,
    6000,
    8000,
    10000,
    12000,
    14000,
    16000,
    18000,
    20000,
    22000,
    24000,
    26000,
    28000,
    30000,
    32000,
    34000,
    36000,
    38000,
    40000,
    42000,
    44000,
    46000,
    48000,
    50000,
    52000,
    54000,
    56000,
    58000,
    60000,
    62000,
    64000,
    66000,
    68000,
    70000,
    72000,
    74000,
    76000,
    78000,
    80000,
    82000,
    84000,
    86000,
    88000,
    90000,
    92000,
    94000,
    96000,
    98000,
    100000,
    102000,
    104000,
    106000,
    108000,
    110000,
    112000,
    114000,
    116000,
    118000,
    120000,
    122000,
    124000,
    126000,
    128000,
    130000,
    132000,
    134000,
    136000,
    138000,
    140000,
    142000,
    144000,
    146000,
    148000,
    150000,
    152000,
    154000,
    156000,
    158000,
    160000,
    162000,
    164000,
    166000,
    168000,
    170000,
    172000,
    174000,
    176000,
    178000,
    180000,
    182000,
    184000,
    186000,
    188000,
    190000,
    192000,
    194000,
    196000,
    198000,
    200000
  ],
  "loss": [
    4.575143098831177,
    0.21042034330698026,
    0.0039843768330880824,
    0.0038647311519152553,
    0.003805787479984315,
    0.0037839484463918524,
    0.003778977644680744,
    0.0037753035660163248,
    0.003773867294497544,
    0.0037726971795445157,
    0.0037739190350033667,
    0.00377578851957756,
    0.0037805974621470378,
    0.003779267562264681,
    0.003776083982879252,
    0.0037795544809381297,
    0.0037783053041498234,
    0.003780406324946971,
    0.0037789193850790758,
    0.0037837331879540877,
    0.003787337467538385,
    0.003783103164347839,
    0.0037811608040265307,
    0.003780605481244499,
    0.0037809475448050485,
    0.003779959478650929,
    0.0037788775550668904,
    0.0037758856853240524,
    0.0037765816270558567,
    0.0037777677727052926,
    0.003780524010026619,
    0.003783989593379595,
    0.0037795902499616167,
    0.003778235343055648,
    0.003777066351000083,
    0.0037750119892723502,
    0.003781400072854338,
    0.0037799067057370478,
    0.003782349965332319,
    0.0037761408896871958,
    0.0037804463220612113,
    0.003780041104553905,
    0.003780134266692999,
    0.003781067878271686,
    0.003779369906466578,
    0.003778749017729563,
    0.003783201615545345,
    0.0037792606837064556,
    0.00377971158554399,
    0.003780709110172733,
    0.0037848970664931536,
    0.0037811861565042386,
    0.0037768879994891733,
    0.003788828824102709,
    0.003783080958941864,
    0.003782674075163557,
    0.0037779448420267067,
    0.003782536522484981,
    0.0037796756807918883,
    0.0037750393422191168,
    0.003776447129738728,
    0.0037769490511377173,
    0.0037766700525549276,
    0.003780159380301635,
    0.0037738300256368235,
    0.003775248083790698,
    0.0037736787420040115,
    0.0037738240373653646,
    0.003771672652208049,
    0.0037684118980512004,
    0.0037702190141651946,
    0.003770034573073935,
    0.0037733263158675505,
    0.0037710531839700743,
    0.0037706300462009793,
    0.003772600172574904,
    0.003772531689443436,
    0.0037725896367969995,
    0.0037737206447204952,
    0.0037725786459296986,
    0.0037703568280494757,
    0.0037712579252909295,
    0.003772800066383079,
    0.003775997158511841,
    0.003774651006976874,
    0.0037729293809396288,
    0.0037723981306138363,
    0.0037722518047273667,
    0.003771443945103781,
    0.003769986791544995,
    0.0037691092766535925,
    0.0037715258931927407,
    0.003770577559167976,
    0.003770910432614306,
    0.003773263248256275,
    0.003775190880913057,
    0.0037711522179570338,
    0.0037763429016819125,
    0.0037750499639197686,
    0.0037714560174214084,
    0.0037752488968328096
  ],
  "train_acc": [
    0.017,
    0.9976,
    0.9976,
    0.9976,
    0.9976,
    0.9976,
    0.9976,
    0.9976,
    0.9976,
    0.9976,
    0.9976,
    0.9976,
    0.9976,
    0.9976,
    0.9976,
    0.9976,
    0.9976,
    0.9976,
    0.9976,
    0.9976,
    0.9976,
    0.9976,
    0.9976,
    0.9976,
    0.9976,
    0.9976,
    0.9976,
    0.9976,
    0.9976,
    0.9976,
    0.9976,
    0.9976,
    0.9976,
    0.9976,
    0.9976,
    0.9976,
    0.9976,
    0.9976,
    0.9976,
    0.9976,
    0.9976,
    0.9976,
    0.9976,
    0.9976,
    0.9976,
    0.9976,
    0.9976,
    0.9976,
    0.9976,
    0.9976,
    0.9976,
    0.9976,
    0.9976,
    0.9976,
    0.9976,
    0.9976,
    0.9976,
    0.9976,
    0.9976,
    0.9976,
    0.9976,
    0.9976,
    0.9976,
    0.9976,
    0.9976,
    0.9976,
    0.9976,
    0.9976,
    0.9976,
    0.9976,
    0.9976,
    0.9976,
    0.9976,
    0.9976,
    0.9976,
    0.9976,
    0.9976,
    0.9976,
    0.9976,
    0.9976,
    0.9976,
    0.9976,
    0.9976,
    0.9976,
    0.9976,
    0.9976,
    0.9976,
    0.9976,
    0.9976,
    0.9976,
    0.9976,
    0.9976,
    0.9976,
    0.9976,
    0.9976,
    0.9976,
    0.9976,
    0.9976,
    0.9976,
    0.9976,
    0.9976
  ],
  "test_acc": [
    0.01147837177170794,
    0.41215857158040176,
    0.41247741524072695,
    0.41290254012116057,
    0.4146030396428951,
    0.41662238282495484,
    0.4225741311510256,
    0.4302263789988309,
    0.4440429376129238,
    0.4610479328302689,
    0.48230417685195026,
    0.5067488574768838,
    0.5315123817621427,
    0.5641407163354235,
    0.5865660537782974,
    0.6148368583271336,
    0.6333297906259964,
    0.6515038792645339,
    0.6646827505579764,
    0.677649059411202,
    0.6927409926665958,
    0.6998618344138591,
    0.7077266447018812,
    0.7169731108513125,
    0.7248379211393347,
    0.7331278563077904,
    0.7328090126474652,
    0.739292167074078,
    0.742161760017005,
    0.7443936656392816,
    0.745562759060474,
    0.745031352959932,
    0.7471569773621001,
    0.7499202890849187,
    0.7499202890849187,
    0.7538526942289298,
    0.7522584759273037,
    0.7507705388457859,
    0.7483260707832926,
    0.7501328515251355,
    0.7536401317887129,
    0.7570411308321819,
    0.7521521947071952,
    0.7545966627696886,
    0.7573599744925071,
    0.754702943989797,
    0.7611860984164098,
    0.760973535976193,
    0.7598044425550006,
    0.7572536932723988,
    0.7590604740142417,
    0.7596981613348921,
    0.7561908810713147,
    0.7587416303539165,
    0.754702943989797,
    0.7554469125305558,
    0.7577850993729408,
    0.7612923796365182,
    0.7601232862153258,
    0.7616112232968435,
    0.7605484110957593,
    0.761504942076735,
    0.7621426293973855,
    0.7647996599000957,
    0.7671378467424806,
    0.7734084387288767,
    0.7697948772451908,
    0.7737272823892019,
    0.7789350621745138,
    0.7807418429163567,
    0.7791476246147305,
    0.7751089382506111,
    0.7708576894462749,
    0.7703262833457328,
    0.7718142204272505,
    0.7743649697098522,
    0.7777659687533213,
    0.778722499734297,
    0.7748963758103943,
    0.7750026570305028,
    0.7770220002125624,
    0.7786162185141885,
    0.7808481241364651,
    0.7743649697098522,
    0.772983313848443,
    0.7774471250929961,
    0.7801041555957062,
    0.7759591880114783,
    0.7777659687533213,
    0.7730895950685513,
    0.7765968753321288,
    0.7789350621745138,
    0.7754277819109363,
    0.7736210011690934,
    0.7719205016473589,
    0.7738335636093102,
    0.7734084387288767,
    0.7746838133701774,
    0.7793601870549474,
    0.7771282814326709,
    0.772451907747901
  ]
}