{
  "epoch": [
    1,
    2000,
    4000,
    6000,
    8000,
    10000,
    12000,
    14000,
    16000,
    18000,
    20000,
    22000,
    24000,
    26000,
    28000,
    30000,
    32000,
    34000,
    36000,
    38000,
    40000,
    42000,
    44000,
    46000,
    48000,
    50000,
    52000,
    54000,
    56000,
    58000,
    60000,
    62000,
    64000,
    66000,
    68000,
    70000,
    72000,
    74000,
    76000,
    78000,
    80000,
    82000,
    84000,
    86000,
    88000,
    90000,
    92000,
    94000,
    96000,
    98000,
    100000,
    102000,
    104000,
    106000,
    108000,
    110000,
    112000,
    114000,
    116000,
    118000,
    120000,
    122000,
    124000,
    126000,
    128000,
    130000,
    132000,
    134000,
    136000,
    138000,
    140000,
    142000,
    144000,
    146000,
    148000,
    150000,
    152000,
    154000,
    156000,
    158000,
    160000,
    162000,
    164000,
    166000,
    168000,
    170000,
    172000,
    174000,
    176000,
    178000,
    180000,
    182000,
    184000,
    186000,
    188000,
    190000,
    192000,
    194000,
    196000,
    198000,
    200000
  ],
  "loss": [
    4.576298761367798,
    0.2064599751483585,
    0.00633798489448146,
    0.006162274915361223,
    0.006077632603313909,
    0.006057664096588375,
    0.0060375975460047375,
    0.00603615237990097,
    0.006027657393063934,
    0.006026779111769861,
    0.006022976122763939,
    0.006021628084514525,
    0.006029813317433287,
    0.006019032202976762,
    0.006023051017923056,
    0.006026085640415872,
    0.006025791619848212,
    0.0060275624025260864,
    0.006029549740710575,
    0.006035803038105207,
    0.006037188070086355,
    0.0060354570931305685,
    0.006046021934307581,
    0.006039577288343514,
    0.006036186169095595,
    0.006044332884771093,
    0.006046458165430411,
    0.006048316817427712,
    0.006043917257860548,
    0.006050130176561643,
    0.006051711448847246,
    0.0060551108785773956,
    0.006055149383524393,
    0.006054173506548486,
    0.006054596315901908,
    0.0060575004620242595,
    0.0060535321816614605,
    0.00606129532560042,
    0.006054871457414495,
    0.006051421887229485,
    0.006049220158803865,
    0.00606065572497659,
    0.006058526578110907,
    0.006056770755359222,
    0.006054046899289654,
    0.006049732896455638,
    0.00603906266495748,
    0.006046434579685914,
    0.006047795416202672,
    0.006048857351335009,
    0.006047391290475833,
    0.006053903526522612,
    0.006047802085490542,
    0.006049500913625465,
    0.006041929732741414,
    0.006037888531124069,
    0.006043421345757249,
    0.006041412165226941,
    0.006042209062018965,
    0.00604325550158508,
    0.006034999882048542,
    0.006043670005869933,
    0.006050349652718118,
    0.006044650861431328,
    0.006044110161448299,
    0.006043324947110933,
    0.006049968227663831,
    0.006056298469327406,
    0.006063204799653896,
    0.006052806447290027,
    0.006047459422542702,
    0.00604385959310913,
    0.006043566725492182,
    0.006040862627384837,
    0.006040370788287329,
    0.006042472556866362,
    0.006042643247789545,
    0.006051551117417168,
    0.006047369533198523,
    0.0060462509387897954,
    0.006040613055520409,
    0.0060419823346661485,
    0.006047236208654291,
    0.006051268997593122,
    0.006042848899464065,
    0.006049252455444151,
    0.006050056281965229,
    0.006045541963676476,
    0.006038832371277146,
    0.006044620075257306,
    0.006047897960227088,
    0.006046180504593362,
    0.0060494885868066246,
    0.006045694796179737,
    0.006043455612232416,
    0.006051347488633344,
    0.006048917309243086,
    0.006047969572802824,
    0.006048429873547931,
    0.006041038125891661,
    0.006042433145459175
  ],
  "train_acc": [
    0.0204,
    0.996,
    0.996,
    0.996,
    0.996,
    0.996,
    0.996,
    0.996,
    0.996,
    0.996,
    0.996,
    0.996,
    0.996,
    0.996,
    0.996,
    0.996,
    0.996,
    0.996,
    0.996,
    0.996,
    0.996,
    0.996,
    0.996,
    0.996,
    0.996,
    0.996,
    0.996,
    0.996,
    0.996,
    0.996,
    0.996,
    0.996,
    0.996,
    0.996,
    0.996,
    0.996,
    0.996,
    0.996,
    0.996,
    0.996,
    0.996,
    0.996,
    0.996,
    0.996,
    0.996,
    0.996,
    0.996,
    0.996,
    0.996,
    0.996,
    0.996,
    0.996,
    0.996,
    0.996,
    0.996,
    0.996,
    0.996,
    0.996,
    0.996,
    0.996,
    0.996,
    0.996,
    0.996,
    0.996,
    0.996,
    0.996,
    0.996,
    0.996,
    0.996,
    0.996,
    0.996,
    0.996,
    0.996,
    0.996,
    0.996,
    0.996,
    0.996,
    0.996,
    0.996,
    0.996,
    0.996,
    0.996,
    0.996,
    0.996,
    0.996,
    0.996,
    0.996,
    0.996,
    0.996,
    0.996,
    0.996,
    0.996,
    0.996,
    0.996,
    0.996,
    0.996,
    0.996,
    0.996,
    0.996,
    0.996,
    0.996
  ],
  "test_acc": [
    0.0124349027526836,
    0.40620682325433094,
    0.4082261664363907,
    0.41003294717823363,
    0.4126899776809438,
    0.4131151025613774,
    0.4147093208630035,
    0.41821660112658093,
    0.42310553725156763,
    0.42905728557763845,
    0.43607184610479327,
    0.44595599957487514,
    0.4533956849824636,
    0.46072908916994365,
    0.47284514826230206,
    0.4841109575937932,
    0.4980337974279945,
    0.5137634180040387,
    0.5281113827186736,
    0.542565628653417,
    0.5587203741098948,
    0.5753002444468063,
    0.5882665533000319,
    0.599532362631523,
    0.6107981719630141,
    0.6230205122754809,
    0.6222765437347221,
    0.6207886066532043,
    0.6263152300988415,
    0.6320544159846955,
    0.63375491550643,
    0.64576469337868,
    0.6468275055797641,
    0.6500159421830163,
    0.6470400680199808,
    0.6509724731639919,
    0.6561802529493038,
    0.6589435646721225,
    0.6594749707726645,
    0.666170687639494,
    0.6716973110851313,
    0.6760548411095759,
    0.6787118716122861,
    0.6777553406313105,
    0.6812626208948879,
    0.6811563396747795,
    0.6851950260388989,
    0.6922095865660538,
    0.6932723987671379,
    0.693059836326921,
    0.6947603358486556,
    0.6952917419491976,
    0.6963545541502817,
    0.6979487724519078,
    0.6980550536720161,
    0.6966733978106069,
    0.6980550536720161,
    0.6957168668296312,
    0.6956105856095228,
    0.6986927409926666,
    0.6962482729301732,
    0.6991178658731002,
    0.6966733978106069,
    0.7008183653948348,
    0.7025188649165692,
    0.707939207142098,
    0.7041130832181953,
    0.7013497714953768,
    0.7012434902752683,
    0.6970985226910404,
    0.6999681156339674,
    0.6985864597725582,
    0.6999681156339674,
    0.6965671165904984,
    0.6995429907535339,
    0.70113720905516,
    0.7015623339355935,
    0.7000743968540759,
    0.7018811775959188,
    0.7000743968540759,
    0.7012434902752683,
    0.7048570517589542,
    0.7046444893187374,
    0.7062387076203634,
    0.7071952386013391,
    0.704006801998087,
    0.7053884578594962,
    0.7075140822616643,
    0.7126155808268679,
    0.7147412052290361,
    0.7179296418322882,
    0.7134658305877352,
    0.7062387076203634,
    0.7103836752045913,
    0.7112339249654586,
    0.7105962376448082,
    0.7135721118078435,
    0.7092145817833989,
    0.7086831756828569,
    0.7065575512806888,
    0.7127218620469763
  ]
}