{
  "epoch": [
    1,
    2000,
    4000,
    6000,
    8000,
    10000,
    12000,
    14000,
    16000,
    18000,
    20000,
    22000,
    24000,
    26000,
    28000,
    30000,
    32000,
    34000,
    36000,
    38000,
    40000,
    42000,
    44000,
    46000,
    48000,
    50000,
    52000,
    54000,
    56000,
    58000,
    60000,
    62000,
    64000,
    66000,
    68000,
    70000,
    72000,
    74000,
    76000,
    78000,
    80000,
    82000,
    84000,
    86000,
    88000,
    90000,
    92000,
    94000,
    96000,
    98000,
    100000,
    102000,
    104000,
    106000,
    108000,
    110000,
    112000,
    114000,
    116000,
    118000,
    120000,
    122000,
    124000,
    126000,
    128000,
    130000,
    132000,
    134000,
    136000,
    138000,
    140000,
    142000,
    144000,
    146000,
    148000,
    150000,
    152000,
    154000,
    156000,
    158000,
    160000,
    162000,
    164000,
    166000,
    168000,
    170000,
    172000,
    174000,
    176000,
    178000,
    180000,
    182000,
    184000,
    186000,
    188000,
    190000,
    192000,
    194000,
    196000,
    198000,
    200000
  ],
  "loss": [
    4.575632047653198,
    0.2500663032182206,
    0.040285915307886895,
    0.039636543409060684,
    0.0392167324995622,
    0.038937790515879166,
    0.03875834297398105,
    0.03853289410322905,
    0.038295936561422425,
    0.038063004215806724,
    0.03792241281634197,
    0.03785289780083113,
    0.03784148169015534,
    0.03783656572010368,
    0.03784622846506536,
    0.037860818191617726,
    0.037837384675443175,
    0.037821585031040016,
    0.03782370579852722,
    0.037823942462168636,
    0.03783912753448822,
    0.03785210125972517,
    0.03784250890677795,
    0.03782388407001272,
    0.0378257190448232,
    0.03782110897549428,
    0.03781556562166661,
    0.0378104745940771,
    0.037813740210514514,
    0.03781801805570722,
    0.03781269220567774,
    0.03779385681375861,
    0.03780093958834186,
    0.03780589832244441,
    0.037793116031913085,
    0.03780013737883419,
    0.03779213157086633,
    0.037794758961396294,
    0.03779928172663786,
    0.03780832789344713,
    0.037814103549392894,
    0.0378233407032676,
    0.03779858080004342,
    0.03780851758592762,
    0.0378209800423123,
    0.03779852185142227,
    0.03778457343974151,
    0.037811326629901304,
    0.037797735012276096,
    0.037782843461818996,
    0.03778930027289316,
    0.037782214744808154,
    0.037789877308346334,
    0.037793946253834296,
    0.0378082571556326,
    0.03780875244829804,
    0.037800927870860326,
    0.037790380035666746,
    0.03778903214372695,
    0.03779578574975021,
    0.03778643921087496,
    0.03777372688618488,
    0.03778269458706491,
    0.037777879423322155,
    0.03778538087741472,
    0.0377908772317227,
    0.037797605097526686,
    0.037785543614719065,
    0.03779313390990719,
    0.037804794967127964,
    0.03779975294610485,
    0.037786934201419355,
    0.037790202435478565,
    0.037789944752445445,
    0.03779159367457032,
    0.03778773451205343,
    0.03779892855873331,
    0.03779411158305593,
    0.03778965438636951,
    0.0377889699219726,
    0.037794675179198385,
    0.03779273225562647,
    0.03778717962224037,
    0.03778762376643717,
    0.03779263096642681,
    0.037785419840691614,
    0.03779971325919032,
    0.0377939637621399,
    0.03779019269188866,
    0.03778070422890596,
    0.0377892705948092,
    0.03778478189231828,
    0.03777940931972116,
    0.03779331930847839,
    0.03778384853284806,
    0.03776897621704266,
    0.037787063392950224,
    0.03777721840818413,
    0.037776072751078756,
    0.03777410332937725,
    0.0377756342717912
  ],
  "train_acc": [
    0.0142,
    0.9744,
    0.9744,
    0.9744,
    0.9744,
    0.9744,
    0.9744,
    0.9744,
    0.9744,
    0.9744,
    0.9744,
    0.9744,
    0.9744,
    0.9744,
    0.9744,
    0.9744,
    0.9744,
    0.9744,
    0.9744,
    0.9744,
    0.9744,
    0.9744,
    0.9744,
    0.9744,
    0.9744,
    0.9744,
    0.9744,
    0.9744,
    0.9744,
    0.9744,
    0.9744,
    0.9744,
    0.9744,
    0.9744,
    0.9744,
    0.9744,
    0.9744,
    0.9744,
    0.9744,
    0.9744,
    0.9744,
    0.9744,
    0.9744,
    0.9744,
    0.9744,
    0.9744,
    0.9744,
    0.9744,
    0.9744,
    0.9744,
    0.9744,
    0.9744,
    0.9744,
    0.9744,
    0.9744,
    0.9744,
    0.9744,
    0.9744,
    0.9744,
    0.9744,
    0.9744,
    0.9744,
    0.9744,
    0.9744,
    0.9744,
    0.9744,
    0.9744,
    0.9744,
    0.9744,
    0.9744,
    0.9744,
    0.9744,
    0.9744,
    0.9744,
    0.9744,
    0.9744,
    0.9744,
    0.9744,
    0.9744,
    0.9744,
    0.9744,
    0.9744,
    0.9744,
    0.9744,
    0.9744,
    0.9744,
    0.9744,
    0.9744,
    0.9744,
    0.9744,
    0.9744,
    0.9744,
    0.9744,
    0.9744,
    0.9744,
    0.9744,
    0.9744,
    0.9744,
    0.9744,
    0.9744,
    0.9744
  ],
  "test_acc": [
    0.010946965671165905,
    0.378786268466362,
    0.3801679243277713,
    0.37974279944733763,
    0.38027420554787966,
    0.3788925496864704,
    0.3803804867679881,
    0.3803804867679881,
    0.38123073652885536,
    0.37974279944733763,
    0.37942395578701243,
    0.37953023700712085,
    0.37910511212668724,
    0.37995536188755447,
    0.37867998724625357,
    0.37974279944733763,
    0.3801679243277713,
    0.37984908066744605,
    0.37910511212668724,
    0.37910511212668724,
    0.37974279944733763,
    0.38027420554787966,
    0.37984908066744605,
    0.38027420554787966,
    0.37942395578701243,
    0.3804867679880965,
    0.38069933042831333,
    0.38080561164842175,
    0.37995536188755447,
    0.37953023700712085,
    0.37984908066744605,
    0.3800616431076629,
    0.3804867679880965,
    0.38027420554787966,
    0.3804867679880965,
    0.37974279944733763,
    0.381655861409289,
    0.3801679243277713,
    0.38123073652885536,
    0.3804867679880965,
    0.38101817408863853,
    0.38069933042831333,
    0.38027420554787966,
    0.38101817408863853,
    0.38101817408863853,
    0.38069933042831333,
    0.37995536188755447,
    0.3804867679880965,
    0.3804867679880965,
    0.38112445530874695,
    0.3804867679880965,
    0.38144329896907214,
    0.38080561164842175,
    0.3805930492082049,
    0.3800616431076629,
    0.37984908066744605,
    0.38027420554787966,
    0.38069933042831333,
    0.37995536188755447,
    0.3801679243277713,
    0.38027420554787966,
    0.37942395578701243,
    0.379317674566904,
    0.37963651822722927,
    0.38080561164842175,
    0.38027420554787966,
    0.38027420554787966,
    0.3805930492082049,
    0.3803804867679881,
    0.3800616431076629,
    0.37910511212668724,
    0.37984908066744605,
    0.3801679243277713,
    0.3800616431076629,
    0.38027420554787966,
    0.3805930492082049,
    0.38027420554787966,
    0.38080561164842175,
    0.37963651822722927,
    0.38027420554787966,
    0.3805930492082049,
    0.3803804867679881,
    0.3809118928685301,
    0.38123073652885536,
    0.37974279944733763,
    0.38112445530874695,
    0.38123073652885536,
    0.381655861409289,
    0.38069933042831333,
    0.3804867679880965,
    0.38154958018918056,
    0.38154958018918056,
    0.3817621426293974,
    0.38250611117015626,
    0.38123073652885536,
    0.38101817408863853,
    0.3829312360505899,
    0.38250611117015626,
    0.3822935487299394,
    0.3813370177489638,
    0.3819747050696142
  ]
}