{
  "epoch": [
    1,
    2000,
    4000,
    6000,
    8000,
    10000,
    12000,
    14000,
    16000,
    18000,
    20000,
    22000,
    24000,
    26000,
    28000,
    30000,
    32000,
    34000,
    36000,
    38000,
    40000,
    42000,
    44000,
    46000,
    48000,
    50000,
    52000,
    54000,
    56000,
    58000,
    60000,
    62000,
    64000,
    66000,
    68000,
    70000,
    72000,
    74000,
    76000,
    78000,
    80000,
    82000,
    84000,
    86000,
    88000,
    90000,
    92000,
    94000,
    96000,
    98000,
    100000,
    102000,
    104000,
    106000,
    108000,
    110000,
    112000,
    114000,
    116000,
    118000,
    120000,
    122000,
    124000,
    126000,
    128000,
    130000,
    132000,
    134000,
    136000,
    138000,
    140000,
    142000,
    144000,
    146000,
    148000,
    150000,
    152000,
    154000,
    156000,
    158000,
    160000,
    162000,
    164000,
    166000,
    168000,
    170000,
    172000,
    174000,
    176000,
    178000,
    180000,
    182000,
    184000,
    186000,
    188000,
    190000,
    192000,
    194000,
    196000,
    198000,
    200000
  ],
  "loss": [
    4.575251626968384,
    0.21017354474531574,
    0.003378549892181084,
    0.003267390647049507,
    0.0032189548254169297,
    0.0032064112476899204,
    0.003192537558316643,
    0.0031901082338131586,
    0.00318934270342464,
    0.0031849467131720467,
    0.0031835785686613774,
    0.003183101143491847,
    0.0031870562401663002,
    0.003188965272887435,
    0.003189949385224564,
    0.003191503205320322,
    0.003194371953776637,
    0.003196471253739923,
    0.0031968884803925787,
    0.0032005141914505835,
    0.0031987337809442785,
    0.0031901338199371303,
    0.0031976433685149907,
    0.0031970234650915683,
    0.003196642534494306,
    0.003199130156547404,
    0.0032020424909889856,
    0.003198217363956252,
    0.0031913660497192046,
    0.0031987740292074287,
    0.0031943022804117724,
    0.003198428491172064,
    0.003198283356235173,
    0.0031950701387788018,
    0.0031982251253143148,
    0.0032000139905867335,
    0.003201924026995435,
    0.003201468392288099,
    0.003201588018319775,
    0.0032005977698658207,
    0.0031954953210513288,
    0.003198775766491547,
    0.0032016049802529203,
    0.0032059605751910553,
    0.0031977594288475496,
    0.0031955902459350548,
    0.0031967137953528963,
    0.003200092783741895,
    0.003202784501514133,
    0.0032041923759330245,
    0.0031989344150892608,
    0.0032090904642919933,
    0.0032008523424989555,
    0.0031978296484868585,
    0.003202306092221112,
    0.0031994050135061556,
    0.0031922220073164766,
    0.003197056758894054,
    0.003198739467464863,
    0.003196136985925554,
    0.0031993965003038988,
    0.003199379355352326,
    0.003197057855708175,
    0.003197414264000377,
    0.00319682827941092,
    0.0031965317669337247,
    0.0031947121832845236,
    0.003194609144641293,
    0.0031959740654475418,
    0.0031980441339508787,
    0.003196158687936925,
    0.0031943764580446817,
    0.003194599926738085,
    0.0031977189051633267,
    0.0031994508028802405,
    0.0031968879595446575,
    0.0031981459331246226,
    0.00319466016134424,
    0.003197079073440478,
    0.003193501162743606,
    0.0031916986645581374,
    0.0031977298046666825,
    0.003199348132201766,
    0.0031973878220689215,
    0.0031986435109463813,
    0.003195829374076772,
    0.0031980469715623037,
    0.0032031490023482732,
    0.0032032410741242826,
    0.0031962999433965047,
    0.003198137068233295,
    0.003201071295739079,
    0.0031995011246471593,
    0.003202353437625798,
    0.0031957247100961746,
    0.0031949142988702676,
    0.003188878751517187,
    0.0031906741735379294,
    0.0031896262692372047,
    0.003187907226028964,
    0.003198898439495577
  ],
  "train_acc": [
    0.0174,
    0.9978,
    0.9978,
    0.9978,
    0.9978,
    0.9978,
    0.9978,
    0.9978,
    0.9978,
    0.9978,
    0.9978,
    0.9978,
    0.9978,
    0.9978,
    0.9978,
    0.9978,
    0.9978,
    0.9978,
    0.9978,
    0.9978,
    0.9978,
    0.9978,
    0.9978,
    0.9978,
    0.9978,
    0.9978,
    0.9978,
    0.9978,
    0.9978,
    0.9978,
    0.9978,
    0.9978,
    0.9978,
    0.9978,
    0.9978,
    0.9978,
    0.9978,
    0.9978,
    0.9978,
    0.9978,
    0.9978,
    0.9978,
    0.9978,
    0.9978,
    0.9978,
    0.9978,
    0.9978,
    0.9978,
    0.9978,
    0.9978,
    0.9978,
    0.9978,
    0.9978,
    0.9978,
    0.9978,
    0.9978,
    0.9978,
    0.9978,
    0.9978,
    0.9978,
    0.9978,
    0.9978,
    0.9978,
    0.9978,
    0.9978,
    0.9978,
    0.9978,
    0.9978,
    0.9978,
    0.9978,
    0.9978,
    0.9978,
    0.9978,
    0.9978,
    0.9978,
    0.9978,
    0.9978,
    0.9978,
    0.9978,
    0.9978,
    0.9978,
    0.9978,
    0.9978,
    0.9978,
    0.9978,
    0.9978,
    0.9978,
    0.9978,
    0.9978,
    0.9978,
    0.9978,
    0.9978,
    0.9978,
    0.9978,
    0.9978,
    0.9978,
    0.9978,
    0.9978,
    0.9978,
    0.9978,
    0.9978
  ],
  "test_acc": [
    0.011584652991816347,
    0.4118397279200765,
    0.41258369646083537,
    0.41364650866191943,
    0.4159846955043044,
    0.42023594430864064,
    0.425018599213519,
    0.4344776278031672,
    0.44499946859389944,
    0.45743437134658305,
    0.47358911680306087,
    0.49665214156658516,
    0.5210968221915188,
    0.5460729089169943,
    0.5724306515038793,
    0.5953873950472951,
    0.6202572005526623,
    0.6381124455308747,
    0.6560739717291955,
    0.6730789669465406,
    0.6905090870443192,
    0.706876394941014,
    0.723349984057817,
    0.7323838877670316,
    0.7391858858539696,
    0.7464130088213413,
    0.7517270698267616,
    0.7562971622914231,
    0.7602295674354341,
    0.7670315655223722,
    0.770645127006058,
    0.774046126049527,
    0.7750026570305028,
    0.7759591880114783,
    0.782123498777766,
    0.7835051546391752,
    0.7836114358592836,
    0.7785099372940801,
    0.7778722499734297,
    0.7790413433946222,
    0.7795727494951642,
    0.7862684663619939,
    0.7873312785630779,
    0.7888192156445956,
    0.7885003719842704,
    0.7908385588266553,
    0.794664682750558,
    0.7967903071527261,
    0.7944521203103412,
    0.7963651822722925,
    0.7971091508130513,
    0.8019980869380381,
    0.7994473376554363,
    0.8012541183972792,
    0.8060367733021575,
    0.803804867679881,
    0.798065681794027,
    0.7995536188755447,
    0.7991284939951111,
    0.7988096503347858,
    0.8002975874163035,
    0.8039111488999894,
    0.8063556169624827,
    0.8076309916037836,
    0.8066744606228079,
    0.8098628972260602,
    0.8120948028483367,
    0.8162397704325646,
    0.8163460516526729,
    0.8103943033266022,
    0.8018918057179296,
    0.8073121479434584,
    0.8127324901689872,
    0.8164523328727814,
    0.8153895206716973,
    0.8130513338293124,
    0.8134764587097459,
    0.8207035816771177,
    0.821341268997768,
    0.8181528323945159,
    0.8210224253374429,
    0.8217663938782017,
    0.8232543309597194,
    0.8182591136146243,
    0.8193219258157084,
    0.8228292060792858,
    0.8227229248591774,
    0.8196407694760336,
    0.8196407694760336,
    0.8157083643320225,
    0.8146455521309385,
    0.8170900201934318,
    0.8225103624189606,
    0.8215538314379849,
    0.8182591136146243,
    0.8219789563184186,
    0.8234668933999363,
    0.8225103624189606,
    0.8241045807205867,
    0.8254862365819959,
    0.8289935168455734
  ]
}