{
  "epoch": [
    1,
    2000,
    4000,
    6000,
    8000,
    10000,
    12000,
    14000,
    16000,
    18000,
    20000,
    22000,
    24000,
    26000,
    28000,
    30000,
    32000,
    34000,
    36000,
    38000,
    40000,
    42000,
    44000,
    46000,
    48000,
    50000,
    52000,
    54000,
    56000,
    58000,
    60000,
    62000,
    64000,
    66000,
    68000,
    70000,
    72000,
    74000,
    76000,
    78000,
    80000,
    82000,
    84000,
    86000,
    88000,
    90000,
    92000,
    94000,
    96000,
    98000,
    100000,
    102000,
    104000,
    106000,
    108000,
    110000,
    112000,
    114000,
    116000,
    118000,
    120000,
    122000,
    124000,
    126000,
    128000,
    130000,
    132000,
    134000,
    136000,
    138000,
    140000,
    142000,
    144000,
    146000,
    148000,
    150000,
    152000,
    154000,
    156000,
    158000,
    160000,
    162000,
    164000,
    166000,
    168000,
    170000,
    172000,
    174000,
    176000,
    178000,
    180000,
    182000,
    184000,
    186000,
    188000,
    190000,
    192000,
    194000,
    196000,
    198000,
    200000
  ],
  "loss": [
    4.576034832000732,
    0.2673587895764887,
    0.05542081646109,
    0.054576724213920534,
    0.05387984427148476,
    0.053363923947326836,
    0.05292004626747221,
    0.05261980621982366,
    0.05235378359090537,
    0.05213024698933586,
    0.05194850376807153,
    0.051778192562330516,
    0.05162406296152622,
    0.05148381753657013,
    0.05130496485121548,
    0.051139312935993074,
    0.05097046153042466,
    0.05073281093500555,
    0.050473784586787224,
    0.05019820903493091,
    0.04993669635271653,
    0.04977818532586098,
    0.04967360241590068,
    0.04960549606261775,
    0.04956389489853755,
    0.04959051825515926,
    0.04959440237795934,
    0.049597210979647935,
    0.04959150189915672,
    0.049601817516610025,
    0.049619673405680804,
    0.04960065057612956,
    0.04958787745628506,
    0.049598607044946404,
    0.049628498778212814,
    0.049622005892544986,
    0.04962502288594842,
    0.04962847555857152,
    0.04963332806220278,
    0.04965031758481637,
    0.04963074291869998,
    0.0496457224579528,
    0.04966186414817348,
    0.049631447724997994,
    0.049650227564852684,
    0.04962466741790995,
    0.04963393094213679,
    0.04959762670332566,
    0.0495966373404488,
    0.049619207379221916,
    0.0496174970054999,
    0.04960420522913337,
    0.04959736473383382,
    0.049600625947397205,
    0.049621241574827585,
    0.049613260116335,
    0.04962078095870093,
    0.0496344919112511,
    0.04964387675570324,
    0.04965224952986464,
    0.04964116168273613,
    0.04961307704029605,
    0.04958989611249417,
    0.04957637032074854,
    0.04957970694666728,
    0.049593194337096067,
    0.04960484561985359,
    0.04961806687815115,
    0.04960740636009723,
    0.04962900100043043,
    0.04963256903160364,
    0.04961497525544837,
    0.04965480410447344,
    0.04966348593942821,
    0.04962865361236036,
    0.04961874781055376,
    0.049585097282659266,
    0.04958407302061096,
    0.04958342508282512,
    0.04963223578985781,
    0.049654436162952335,
    0.04962971128961071,
    0.049632123430352657,
    0.049638876077439636,
    0.0496399103933014,
    0.049648333699069916,
    0.049605458589084446,
    0.049616847617458555,
    0.04964460298167542,
    0.04962543083494529,
    0.049642633494082836,
    0.04960716993026435,
    0.04960292042726651,
    0.049611246047727764,
    0.04960608323235065,
    0.049607483489252625,
    0.0496118100784719,
    0.0495805180943571,
    0.04961689516436309,
    0.04964488889537751,
    0.049631761144287884
  ],
  "train_acc": [
    0.017,
    0.9676,
    0.9676,
    0.9676,
    0.9676,
    0.9676,
    0.9676,
    0.9676,
    0.9676,
    0.9676,
    0.9676,
    0.9676,
    0.9676,
    0.9676,
    0.9676,
    0.9676,
    0.9676,
    0.9676,
    0.9676,
    0.9676,
    0.9676,
    0.9676,
    0.9676,
    0.9676,
    0.9676,
    0.9676,
    0.9676,
    0.9676,
    0.9676,
    0.9676,
    0.9676,
    0.9676,
    0.9676,
    0.9676,
    0.9676,
    0.9676,
    0.9676,
    0.9676,
    0.9676,
    0.9676,
    0.9676,
    0.9676,
    0.9676,
    0.9676,
    0.9676,
    0.9676,
    0.9676,
    0.9676,
    0.9676,
    0.9676,
    0.9676,
    0.9676,
    0.9676,
    0.9676,
    0.9676,
    0.9676,
    0.9676,
    0.9676,
    0.9676,
    0.9676,
    0.9676,
    0.9676,
    0.9676,
    0.9676,
    0.9676,
    0.9676,
    0.9676,
    0.9676,
    0.9676,
    0.9676,
    0.9676,
    0.9676,
    0.9676,
    0.9676,
    0.9676,
    0.9676,
    0.9676,
    0.9676,
    0.9676,
    0.9676,
    0.9676,
    0.9676,
    0.9676,
    0.9676,
    0.9676,
    0.9676,
    0.9676,
    0.9676,
    0.9676,
    0.9676,
    0.9676,
    0.9676,
    0.9676,
    0.9676,
    0.9676,
    0.9676,
    0.9676,
    0.9676,
    0.9676,
    0.9676,
    0.9676
  ],
  "test_acc": [
    0.011053246891274312,
    0.38399404825167394,
    0.38431289191199913,
    0.38452545435221597,
    0.3859071102136252,
    0.38452545435221597,
    0.38441917313210755,
    0.3846317355723244,
    0.38580082899351686,
    0.38484429801254116,
    0.38452545435221597,
    0.38452545435221597,
    0.38569454777340845,
    0.3853757041130832,
    0.3853757041130832,
    0.38431289191199913,
    0.38558826655330003,
    0.3863322350940589,
    0.38558826655330003,
    0.3847380167924328,
    0.3859071102136252,
    0.3854819853331916,
    0.38569454777340845,
    0.3854819853331916,
    0.3854819853331916,
    0.38410032947178235,
    0.3865447975342757,
    0.3853757041130832,
    0.3847380167924328,
    0.3854819853331916,
    0.38431289191199913,
    0.3853757041130832,
    0.38558826655330003,
    0.385056860452758,
    0.3846317355723244,
    0.38526942289297483,
    0.38558826655330003,
    0.38484429801254116,
    0.38569454777340845,
    0.3867573599744925,
    0.38580082899351686,
    0.3859071102136252,
    0.3863322350940589,
    0.38580082899351686,
    0.38558826655330003,
    0.3871824848549261,
    0.3865447975342757,
    0.3862259538739505,
    0.3863322350940589,
    0.3867573599744925,
    0.3859071102136252,
    0.3842066106918907,
    0.3853757041130832,
    0.3870762036348177,
    0.38728876607503454,
    0.38739504729514296,
    0.385056860452758,
    0.3851631416728664,
    0.38601339143373364,
    0.3870762036348177,
    0.3862259538739505,
    0.3866510787543841,
    0.3865447975342757,
    0.3863322350940589,
    0.38760760973535974,
    0.3887767031565522,
    0.38739504729514296,
    0.38728876607503454,
    0.3883515782761186,
    0.38888298437666063,
    0.38898926559676905,
    0.38909554681687747,
    0.3898395153576363,
    0.3898395153576363,
    0.3892018280369859,
    0.39100860877882876,
    0.3899457965777447,
    0.390796046338612,
    0.38941439047720267,
    0.3899457965777447,
    0.3896269529174195,
    0.39100860877882876,
    0.38930810925709425,
    0.3897332341375279,
    0.38909554681687747,
    0.38941439047720267,
    0.39026464023806995,
    0.39068976511850356,
    0.3911148899989372,
    0.39037092145817837,
    0.39100860877882876,
    0.3928153895206717,
    0.39196513975980446,
    0.39185885853969604,
    0.39185885853969604,
    0.39217770220002124,
    0.39270910830056327,
    0.3928153895206717,
    0.3944096078222978,
    0.3932405144011053,
    0.3924965458603465
  ]
}