{
  "epoch": [
    1,
    2000,
    4000,
    6000,
    8000,
    10000,
    12000,
    14000,
    16000,
    18000,
    20000,
    22000,
    24000,
    26000,
    28000,
    30000,
    32000,
    34000,
    36000,
    38000,
    40000,
    42000,
    44000,
    46000,
    48000,
    50000,
    52000,
    54000,
    56000,
    58000,
    60000,
    62000,
    64000,
    66000,
    68000,
    70000,
    72000,
    74000,
    76000,
    78000,
    80000,
    82000,
    84000,
    86000,
    88000,
    90000,
    92000,
    94000,
    96000,
    98000,
    100000,
    102000,
    104000,
    106000,
    108000,
    110000,
    112000,
    114000,
    116000,
    118000,
    120000,
    122000,
    124000,
    126000,
    128000,
    130000,
    132000,
    134000,
    136000,
    138000,
    140000,
    142000,
    144000,
    146000,
    148000,
    150000,
    152000,
    154000,
    156000,
    158000,
    160000,
    162000,
    164000,
    166000,
    168000,
    170000,
    172000,
    174000,
    176000,
    178000,
    180000,
    182000,
    184000,
    186000,
    188000,
    190000,
    192000,
    194000,
    196000,
    198000,
    200000
  ],
  "loss": [
    4.575886964797974,
    0.21028681654779244,
    0.0065272889300674935,
    0.00634464218821847,
    0.006252701257360736,
    0.006227058924607541,
    0.00620815919124812,
    0.006196063495958118,
    0.006192275378628638,
    0.006191674628814613,
    0.006191425879609785,
    0.00619370920276445,
    0.006194512716546806,
    0.006190746321051321,
    0.0061932057775600765,
    0.006197333572173407,
    0.006201622969740904,
    0.006198464866276239,
    0.00619394916846053,
    0.006198561656228641,
    0.006206657946463461,
    0.00620863927320735,
    0.006204582797893051,
    0.006212548860458635,
    0.006210766878332095,
    0.006209315579732013,
    0.006212986309915437,
    0.0062131719937904275,
    0.006219488012736137,
    0.006212982776778845,
    0.006222045089791599,
    0.006216921438982633,
    0.0062144598499633335,
    0.006218427626763772,
    0.006210276951375439,
    0.006215591002543106,
    0.006212271967818591,
    0.006210127549097675,
    0.006213265134668613,
    0.006212331596601705,
    0.006221714902090194,
    0.0062161684818803084,
    0.006210226085887153,
    0.006214532671271367,
    0.006215800955767269,
    0.006209344035074309,
    0.006208153835486251,
    0.006214065117552831,
    0.0062146443447128035,
    0.00621442382832078,
    0.00620814346213349,
    0.006219819510694365,
    0.0062210011445437,
    0.006213162999861095,
    0.006219296448512423,
    0.0062223566549085745,
    0.006221966229142658,
    0.006221205183587682,
    0.006221940876598868,
    0.00621377185714955,
    0.00621091854315576,
    0.006210727233470875,
    0.006211517762123272,
    0.006216225094117598,
    0.0062077668896267585,
    0.006210516712444502,
    0.006212693358364811,
    0.0062175421144913786,
    0.006215765191083263,
    0.006218201977010452,
    0.006219979011928433,
    0.006212807598347449,
    0.006212931186109269,
    0.006205690070604938,
    0.006207520094019848,
    0.0062075621514580655,
    0.006210739196794312,
    0.006209714576961897,
    0.006216199218616421,
    0.006214654862872084,
    0.006220578410362973,
    0.006215832048444862,
    0.006214028323580685,
    0.006215900418380121,
    0.006223433865208023,
    0.006223760967867735,
    0.006224228112528298,
    0.006221654101401873,
    0.0062142039159111375,
    0.006216327748305788,
    0.006218548723029491,
    0.006211708821971636,
    0.006212364481724045,
    0.006215533290910554,
    0.0062110435617388216,
    0.006218401648173447,
    0.006216310406638709,
    0.006215585179975143,
    0.006214568301232249,
    0.006216827449501956,
    0.006216801664131091
  ],
  "train_acc": [
    0.0156,
    0.996,
    0.996,
    0.996,
    0.996,
    0.996,
    0.996,
    0.996,
    0.996,
    0.996,
    0.996,
    0.996,
    0.996,
    0.996,
    0.996,
    0.996,
    0.996,
    0.996,
    0.996,
    0.996,
    0.996,
    0.996,
    0.996,
    0.996,
    0.996,
    0.996,
    0.996,
    0.996,
    0.996,
    0.996,
    0.996,
    0.996,
    0.996,
    0.996,
    0.996,
    0.996,
    0.996,
    0.996,
    0.996,
    0.996,
    0.996,
    0.996,
    0.996,
    0.996,
    0.996,
    0.996,
    0.996,
    0.996,
    0.996,
    0.996,
    0.996,
    0.996,
    0.996,
    0.996,
    0.996,
    0.996,
    0.996,
    0.996,
    0.996,
    0.996,
    0.996,
    0.996,
    0.996,
    0.996,
    0.996,
    0.996,
    0.996,
    0.996,
    0.996,
    0.996,
    0.996,
    0.996,
    0.996,
    0.996,
    0.996,
    0.996,
    0.996,
    0.996,
    0.996,
    0.996,
    0.996,
    0.996,
    0.996,
    0.996,
    0.996,
    0.996,
    0.996,
    0.996,
    0.996,
    0.996,
    0.996,
    0.996,
    0.996,
    0.996,
    0.996,
    0.996,
    0.996,
    0.996,
    0.996,
    0.996,
    0.996
  ],
  "test_acc": [
    0.011797215432033159,
    0.40875757253693273,
    0.4093952598575832,
    0.4115208842597513,
    0.4132213837814858,
    0.4131151025613774,
    0.41417791476246146,
    0.41874800722712296,
    0.4209799128493995,
    0.42661281751514507,
    0.4349027526836008,
    0.4424487193112977,
    0.4532894037623552,
    0.46572430651503877,
    0.4762461473057711,
    0.48889361249867147,
    0.5021787650122224,
    0.5113189499415454,
    0.524285258794771,
    0.5370390052077798,
    0.5490487830800298,
    0.5606334360718461,
    0.5698799022212775,
    0.5785949622701668,
    0.5886916781804655,
    0.5935806143054523,
    0.5967690509087045,
    0.6073971729195451,
    0.611542140503773,
    0.6111170156233393,
    0.6122861090445318,
    0.6179190137102774,
    0.6254649803379743,
    0.6253586991178659,
    0.6296099479222022,
    0.6300350728026358,
    0.636624508449357,
    0.6396003826123924,
    0.6407694760335849,
    0.6411946009140185,
    0.6430013816558614,
    0.6461898182591136,
    0.6535232224465937,
    0.6505473482835583,
    0.6526729726857264,
    0.6507599107237751,
    0.6536295036667021,
    0.6557551280688703,
    0.6553300031884366,
    0.6522478478052928,
    0.6523541290254012,
    0.6580933149112552,
    0.6566053778297375,
    0.6579870336911467,
    0.6578807524710384,
    0.6576681900308216,
    0.6549048783080029,
    0.6590498458922308,
    0.6564990966096291,
    0.6603252205335317,
    0.6623445637155915,
    0.6626634073759167,
    0.6634073759166755,
    0.6665958125199277,
    0.6716973110851313,
    0.6707407801041556,
    0.6694654054628547,
    0.671378467424806,
    0.6725475608459985,
    0.67711765331066,
    0.6784993091720692,
    0.6772239345307685,
    0.6803060899139122,
    0.6808374960144542,
    0.6865766819003082,
    0.683388245297056,
    0.6798809650334786,
    0.6809437772345627,
    0.6814751833351047,
    0.6830694016367308,
    0.6847699011584653,
    0.6811563396747795,
    0.6819003082155383,
    0.6829631204166224,
    0.6875332128812839,
    0.6854075884791158,
    0.6814751833351047,
    0.6831756828568392,
    0.6850887448187906,
    0.6822191518758636,
    0.6804123711340206,
    0.6795621213731534,
    0.6800935274736954,
    0.683388245297056,
    0.6842384950579232,
    0.6821128706557551,
    0.6861515570198746,
    0.685726432139441,
    0.6854075884791158,
    0.6871080880008502,
    0.6895525560633436
  ]
}