{
  "epoch": [
    1,
    2000,
    4000,
    6000,
    8000,
    10000,
    12000,
    14000,
    16000,
    18000,
    20000,
    22000,
    24000,
    26000,
    28000,
    30000,
    32000,
    34000,
    36000,
    38000,
    40000,
    42000,
    44000,
    46000,
    48000,
    50000,
    52000,
    54000,
    56000,
    58000,
    60000,
    62000,
    64000,
    66000,
    68000,
    70000,
    72000,
    74000,
    76000,
    78000,
    80000,
    82000,
    84000,
    86000,
    88000,
    90000,
    92000,
    94000,
    96000,
    98000,
    100000,
    102000,
    104000,
    106000,
    108000,
    110000,
    112000,
    114000,
    116000,
    118000,
    120000,
    122000,
    124000,
    126000,
    128000,
    130000,
    132000,
    134000,
    136000,
    138000,
    140000,
    142000,
    144000,
    146000,
    148000,
    150000,
    152000,
    154000,
    156000,
    158000,
    160000,
    162000,
    164000,
    166000,
    168000,
    170000,
    172000,
    174000,
    176000,
    178000,
    180000,
    182000,
    184000,
    186000,
    188000,
    190000,
    192000,
    194000,
    196000,
    198000,
    200000
  ],
  "loss": [
    4.5753522396087645,
    0.2283967332093799,
    0.019238216041459238,
    0.018765428755653558,
    0.018530196657520717,
    0.018429635707550913,
    0.01837982456527534,
    0.01836265883758897,
    0.018357882742391668,
    0.018335032211255747,
    0.018339003957540262,
    0.01832966708589811,
    0.018322387001966128,
    0.01830970179011347,
    0.018303340196050705,
    0.018307396511314435,
    0.01831287383310264,
    0.018309084231843006,
    0.018299639264395227,
    0.018301716752839276,
    0.018307688247744227,
    0.018300089050771202,
    0.01830090632837964,
    0.018301384557038544,
    0.018294067249109505,
    0.018292400296893902,
    0.018302875197387766,
    0.018302395205647918,
    0.018296241182618543,
    0.018297106636202078,
    0.018306176610141636,
    0.01830133840321796,
    0.018296646882331697,
    0.01829943423087001,
    0.018294325824582482,
    0.018300284728314728,
    0.01830027181897153,
    0.018300974704534748,
    0.01829742889456684,
    0.018294005923939403,
    0.01830714538592147,
    0.018293992910708767,
    0.018296338153618853,
    0.01829151411348721,
    0.01829677352749277,
    0.018295045561736334,
    0.018303954481787513,
    0.018293125906528405,
    0.018303790976200253,
    0.01830914197897073,
    0.018317270477296553,
    0.01831679591832799,
    0.01830559407362016,
    0.018307049752003514,
    0.018319792211428255,
    0.018318658964469797,
    0.018317757161340282,
    0.018327756778767797,
    0.018311184905772097,
    0.01831710756109096,
    0.01831870959281805,
    0.018341180486796657,
    0.01833188062606907,
    0.018331127022008877,
    0.01833644269310171,
    0.018331239721819294,
    0.018324990349309518,
    0.01833497975138016,
    0.01833826529562939,
    0.018329182068485533,
    0.01833379521131283,
    0.018336218877107603,
    0.018334467820869758,
    0.018326749559800373,
    0.018325776257779217,
    0.018329983200249263,
    0.018330062154156623,
    0.01833707538753515,
    0.018336507061467274,
    0.01833900471236557,
    0.01834070961786201,
    0.01834272613742505,
    0.01833306289751781,
    0.018334628019412047,
    0.018325934243341908,
    0.018330650191789026,
    0.018337004125502425,
    0.018337860924087,
    0.01834888845740352,
    0.018330951177718817,
    0.018343227900587955,
    0.018341529700084357,
    0.01834454501188593,
    0.01833139084717259,
    0.018331822839775122,
    0.01834722220066488,
    0.018335309539741138,
    0.018325266212335555,
    0.018334223201690474,
    0.018328966511820907,
    0.0183278496457031
  ],
  "train_acc": [
    0.0194,
    0.9878,
    0.9878,
    0.9878,
    0.9878,
    0.9878,
    0.9878,
    0.9878,
    0.9878,
    0.9878,
    0.9878,
    0.9878,
    0.9878,
    0.9878,
    0.9878,
    0.9878,
    0.9878,
    0.9878,
    0.9878,
    0.9878,
    0.9878,
    0.9878,
    0.9878,
    0.9878,
    0.9878,
    0.9878,
    0.9878,
    0.9878,
    0.9878,
    0.9878,
    0.9878,
    0.9878,
    0.9878,
    0.9878,
    0.9878,
    0.9878,
    0.9878,
    0.9878,
    0.9878,
    0.9878,
    0.9878,
    0.9878,
    0.9878,
    0.9878,
    0.9878,
    0.9878,
    0.9878,
    0.9878,
    0.9878,
    0.9878,
    0.9878,
    0.9878,
    0.9878,
    0.9878,
    0.9878,
    0.9878,
    0.9878,
    0.9878,
    0.9878,
    0.9878,
    0.9878,
    0.9878,
    0.9878,
    0.9878,
    0.9878,
    0.9878,
    0.9878,
    0.9878,
    0.9878,
    0.9878,
    0.9878,
    0.9878,
    0.9878,
    0.9878,
    0.9878,
    0.9878,
    0.9878,
    0.9878,
    0.9878,
    0.9878,
    0.9878,
    0.9878,
    0.9878,
    0.9878,
    0.9878,
    0.9878,
    0.9878,
    0.9878,
    0.9878,
    0.9878,
    0.9878,
    0.9878,
    0.9878,
    0.9878,
    0.9878,
    0.9878,
    0.9878,
    0.9878,
    0.9878,
    0.9878,
    0.9878
  ],
  "test_acc": [
    0.011797215432033159,
    0.4048251673929217,
    0.40503772983313846,
    0.4064193856945478,
    0.4052502922733553,
    0.4053565734934637,
    0.40588797959400574,
    0.4065256669146562,
    0.4052502922733553,
    0.40503772983313846,
    0.4048251673929217,
    0.4053565734934637,
    0.40450632373259643,
    0.4065256669146562,
    0.4068445105749814,
    0.4065256669146562,
    0.4073759166755234,
    0.40769476033584867,
    0.4073759166755234,
    0.4098203847380168,
    0.40950154107769154,
    0.4093952598575832,
    0.40928897863747477,
    0.4113083218195345,
    0.41215857158040176,
    0.4131151025613774,
    0.41343394622170265,
    0.4126899776809438,
    0.41375278988202785,
    0.41534700818365394,
    0.4148156020831119,
    0.41407163354235305,
    0.416409820384738,
    0.415878414284196,
    0.41672866404506326,
    0.4172600701456053,
    0.41821660112658093,
    0.4204485067488575,
    0.4209799128493995,
    0.42204272505048357,
    0.42204272505048357,
    0.4238495057923265,
    0.4258688489743862,
    0.42608141141460304,
    0.4288447231374216,
    0.42895100435753003,
    0.4283133170368796,
    0.43150175364013177,
    0.4351153151238176,
    0.43564672122435966,
    0.43809118928685303,
    0.4392602827080455,
    0.44138590711021364,
    0.4428738441917313,
    0.44829418641726004,
    0.44499946859389944,
    0.4503135295993198,
    0.45169518546072907,
    0.4520140291210543,
    0.4530768413221384,
    0.4567966840259326,
    0.4586034647677755,
    0.46072908916994365,
    0.4581783398873419,
    0.4584971835476671,
    0.46072908916994365,
    0.4639175257731959,
    0.46668083749601447,
    0.46487405675417154,
    0.46827505579764056,
    0.4708258050802423,
    0.4704006801998087,
    0.4721011797215432,
    0.4719948985014348,
    0.47592730364544583,
    0.47890317780848124,
    0.47730895950685515,
    0.4811350834307578,
    0.4862365819959613,
    0.4862365819959613,
    0.4874056754171538,
    0.487724519077479,
    0.4841109575937932,
    0.49261345520246574,
    0.49622701668615155,
    0.4964395791263684,
    0.4956956105856095,
    0.49293229886279094,
    0.49176320544159846,
    0.4915506430013817,
    0.49473907960463387,
    0.49165692422149004,
    0.49505792326495907,
    0.5007971091508131,
    0.5028164523328728,
    0.503135295993198,
    0.5057923264959082,
    0.5091933255393772,
    0.5097247316399193,
    0.507067701137209,
    0.5132320119034967
  ]
}