{
  "epoch": [
    1,
    2000,
    4000,
    6000,
    8000,
    10000,
    12000,
    14000,
    16000,
    18000,
    20000,
    22000,
    24000,
    26000,
    28000,
    30000,
    32000,
    34000,
    36000,
    38000,
    40000,
    42000,
    44000,
    46000,
    48000,
    50000,
    52000,
    54000,
    56000,
    58000,
    60000,
    62000,
    64000,
    66000,
    68000,
    70000,
    72000,
    74000,
    76000,
    78000,
    80000,
    82000,
    84000,
    86000,
    88000,
    90000,
    92000,
    94000,
    96000,
    98000,
    100000,
    102000,
    104000,
    106000,
    108000,
    110000,
    112000,
    114000,
    116000,
    118000,
    120000,
    122000,
    124000,
    126000,
    128000,
    130000,
    132000,
    134000,
    136000,
    138000,
    140000,
    142000,
    144000,
    146000,
    148000,
    150000,
    152000,
    154000,
    156000,
    158000,
    160000,
    162000,
    164000,
    166000,
    168000,
    170000,
    172000,
    174000,
    176000,
    178000,
    180000,
    182000,
    184000,
    186000,
    188000,
    190000,
    192000,
    194000,
    196000,
    198000,
    200000
  ],
  "loss": [
    4.576333713531494,
    0.2051751211198343,
    0.005754286990444997,
    0.00559347557659771,
    0.005513196408742891,
    0.005486432877395893,
    0.005473216980311169,
    0.005470360085907184,
    0.005462367341645649,
    0.00545903287504091,
    0.005457142118279338,
    0.005457791792762037,
    0.005458067223448944,
    0.005458249813789556,
    0.005457233657556857,
    0.005455312429327803,
    0.005462302547947328,
    0.005466003011710443,
    0.0054636046288514305,
    0.005469852227642998,
    0.005470575255466412,
    0.005472935543446958,
    0.005482535363782232,
    0.005478628161566798,
    0.0054824157693688005,
    0.005485322383574397,
    0.005483350328427095,
    0.005486943565194357,
    0.005489230076023664,
    0.005501267721062652,
    0.005500102120961557,
    0.00549011504566218,
    0.005485556309331115,
    0.005490328543996083,
    0.005489716690699964,
    0.005488511420128319,
    0.005485283445722712,
    0.005486459748217329,
    0.005480637578477828,
    0.005483384362007426,
    0.005484636656082354,
    0.005490089706918265,
    0.005486059378482235,
    0.005482043205059209,
    0.005486270272130844,
    0.0054855140917907785,
    0.005488215036188598,
    0.0054852874738682686,
    0.0054788661812884675,
    0.005480244075195723,
    0.005484087219230712,
    0.00549038774801728,
    0.005492860744999287,
    0.005486355493059866,
    0.005485903658936146,
    0.005485973936855626,
    0.005490153729016873,
    0.005488622438896188,
    0.005484267925493644,
    0.005483144275266384,
    0.005479945398438463,
    0.005482359439061213,
    0.005481057757970283,
    0.005477873868331852,
    0.005482230222997714,
    0.0054828913447300945,
    0.005481829116094371,
    0.005483419770637737,
    0.00548865578688791,
    0.005487324742277879,
    0.0054877480105392454,
    0.005485217005772118,
    0.005488988878894972,
    0.005491628179655177,
    0.005490692716222119,
    0.005480993768538184,
    0.0054770853774893736,
    0.005477820202492435,
    0.005480363446930086,
    0.005480064372358341,
    0.005482619727068478,
    0.00548308929718969,
    0.005489269570381524,
    0.005489873816447475,
    0.005484771582397703,
    0.00548254429617669,
    0.0054861356297988524,
    0.005487206000915683,
    0.00547986763814934,
    0.005482742472140114,
    0.005482632183429757,
    0.005479715131578797,
    0.005486344334590626,
    0.00548291871314982,
    0.005478439360143635,
    0.00548623554563683,
    0.005482342756283742,
    0.005481120673057208,
    0.005480967529293536,
    0.005475865000009086,
    0.005480759447564886
  ],
  "train_acc": [
    0.0208,
    0.9964,
    0.9964,
    0.9964,
    0.9964,
    0.9964,
    0.9964,
    0.9964,
    0.9964,
    0.9964,
    0.9964,
    0.9964,
    0.9964,
    0.9964,
    0.9964,
    0.9964,
    0.9964,
    0.9964,
    0.9964,
    0.9964,
    0.9964,
    0.9964,
    0.9964,
    0.9964,
    0.9964,
    0.9964,
    0.9964,
    0.9964,
    0.9964,
    0.9964,
    0.9964,
    0.9964,
    0.9964,
    0.9964,
    0.9964,
    0.9964,
    0.9964,
    0.9964,
    0.9964,
    0.9964,
    0.9964,
    0.9964,
    0.9964,
    0.9964,
    0.9964,
    0.9964,
    0.9964,
    0.9964,
    0.9964,
    0.9964,
    0.9964,
    0.9964,
    0.9964,
    0.9964,
    0.9964,
    0.9964,
    0.9964,
    0.9964,
    0.9964,
    0.9964,
    0.9964,
    0.9964,
    0.9964,
    0.9964,
    0.9964,
    0.9964,
    0.9964,
    0.9964,
    0.9964,
    0.9964,
    0.9964,
    0.9964,
    0.9964,
    0.9964,
    0.9964,
    0.9964,
    0.9964,
    0.9964,
    0.9964,
    0.9964,
    0.9964,
    0.9964,
    0.9964,
    0.9964,
    0.9964,
    0.9964,
    0.9964,
    0.9964,
    0.9964,
    0.9964,
    0.9964,
    0.9964,
    0.9964,
    0.9964,
    0.9964,
    0.9964,
    0.9964,
    0.9964,
    0.9964,
    0.9964,
    0.9964
  ],
  "test_acc": [
    0.012647465192900414,
    0.40673822935487297,
    0.4083324476564991,
    0.4098203847380168,
    0.41205229036029334,
    0.4126899776809438,
    0.41417791476246146,
    0.41694122648528004,
    0.42278669359124244,
    0.42810075459666275,
    0.43394622170262515,
    0.44191731321075567,
    0.4527579976618132,
    0.46668083749601447,
    0.47922202146880644,
    0.49718354766712725,
    0.5154639175257731,
    0.5364013178871293,
    0.5568073121479434,
    0.5767881815283239,
    0.5927303645445849,
    0.605802954617919,
    0.6160059517483261,
    0.6310978850037199,
    0.6437453501966203,
    0.6506536295036667,
    0.6552237219683282,
    0.6658518439791689,
    0.6699968115633967,
    0.6711659049845892,
    0.6763736847699011,
    0.6800935274736954,
    0.6782867467318525,
    0.6827505579764056,
    0.6874269316611755,
    0.6905090870443192,
    0.6975236475714741,
    0.7033691146774365,
    0.6979487724519078,
    0.6989053034328834,
    0.6990115846529918,
    0.6975236475714741,
    0.69646083537039,
    0.6944414921883303,
    0.6978424912317993,
    0.6917844616856201,
    0.6983738973323413,
    0.702200021256244,
    0.7069826761611223,
    0.7143160803486024,
    0.717610798171963,
    0.7169731108513125,
    0.7154851737697949,
    0.7116590498458922,
    0.7167605484110957,
    0.7152726113295781,
    0.7203741098947816,
    0.7189924540333723,
    0.7223934530768413,
    0.7192050164735891,
    0.7172919545116377,
    0.7171856732915294,
    0.7164417047507705,
    0.7147412052290361,
    0.716547985970879,
    0.716016579870337,
    0.7126155808268679,
    0.7158040174301201,
    0.7171856732915294,
    0.7163354235306622,
    0.7180359230523966,
    0.7185673291529386,
    0.7218620469762993,
    0.7220746094165161,
    0.7205866723349984,
    0.7202678286746732,
    0.7202678286746732,
    0.7280263577425868,
    0.7316399192262727,
    0.7318524816664895,
    0.7317462004463812,
    0.7282389201828037,
    0.7287703262833457,
    0.7207992347752152,
    0.7235625464980338,
    0.7172919545116377,
    0.7137846742480604,
    0.7152726113295781,
    0.7159102986502285,
    0.7134658305877352,
    0.7171856732915294,
    0.716547985970879,
    0.7144223615687109,
    0.7159102986502285,
    0.719417578913806,
    0.7216494845360825,
    0.7231374216176002,
    0.7271761079817196,
    0.7255818896800935,
    0.726750983101286,
    0.7281326389626953
  ]
}