{
  "epoch": [
    1,
    2000,
    4000,
    6000,
    8000,
    10000,
    12000,
    14000,
    16000,
    18000,
    20000,
    22000,
    24000,
    26000,
    28000,
    30000,
    32000,
    34000,
    36000,
    38000,
    40000,
    42000,
    44000,
    46000,
    48000,
    50000,
    52000,
    54000,
    56000,
    58000,
    60000,
    62000,
    64000,
    66000,
    68000,
    70000,
    72000,
    74000,
    76000,
    78000,
    80000,
    82000,
    84000,
    86000,
    88000,
    90000,
    92000,
    94000,
    96000,
    98000,
    100000,
    102000,
    104000,
    106000,
    108000,
    110000,
    112000,
    114000,
    116000,
    118000,
    120000,
    122000,
    124000,
    126000,
    128000,
    130000,
    132000,
    134000,
    136000,
    138000,
    140000,
    142000,
    144000,
    146000,
    148000,
    150000,
    152000,
    154000,
    156000,
    158000,
    160000,
    162000,
    164000,
    166000,
    168000,
    170000,
    172000,
    174000,
    176000,
    178000,
    180000,
    182000,
    184000,
    186000,
    188000,
    190000,
    192000,
    194000,
    196000,
    198000,
    200000
  ],
  "loss": [
    4.575799417495728,
    0.20094839105598347,
    1.0214987297182177e-06,
    2.504624092487973e-07,
    2.3568972926497622e-07,
    2.2289507056285628e-07,
    2.223002051017886e-07,
    2.2114808790547614e-07,
    2.2333795759834628e-07,
    2.2964703733663328e-07,
    0.00011473330716779273,
    5.254549522232566e-06,
    0.00015899806691022745,
    2.4222074181214736e-05,
    2.368927169897006e-07,
    0.00019408385964640474,
    0.0002165027032594942,
    5.488220532154031e-06,
    0.00020726070486849367,
    3.089304587891206e-06,
    0.00016847416361738966,
    4.070396501688833e-07,
    0.00030137429926280104,
    0.0001862218576236046,
    5.15886596701165e-06,
    0.0002409292571561302,
    0.00010815500543681723,
    4.2172725745246e-06,
    7.029844805544485e-05,
    6.949213955394384e-07,
    0.00020056282097508457,
    0.00026139238016009545,
    5.5497338583457175e-06,
    0.0001041029499664667,
    0.00020912316602968061,
    5.17225282898508e-06,
    0.0001591769809442546,
    0.00015682392399621748,
    4.509371682779318e-06,
    0.0001737907184323717,
    1.1013696384736705e-06,
    0.00027035914826815314,
    0.0002675467470161145,
    4.944207117257804e-06,
    0.000161999252476609,
    0.0002067969732729665,
    5.022112929979272e-06,
    0.00033575277134194434,
    0.00025230708448067604,
    5.272773360742633e-06,
    0.0001560804924119786,
    9.318448386771081e-05,
    3.4333307769401245e-06,
    0.00011250820832157444,
    0.00014206719014862371,
    3.8994845824987574e-06,
    0.00020991726620351372,
    0.0001228029432810871,
    3.302530787306779e-06,
    0.0001698099324933743,
    0.00024166837891132146,
    4.689646186162832e-06,
    0.0001663595703070598,
    0.00016858523533181397,
    4.3573324766796875e-06,
    0.00012378718759468513,
    0.0002696986953019774,
    5.000172271979153e-06,
    0.0001500995314125113,
    0.00013485023304452427,
    9.483558084687687e-05,
    3.948227949948091e-06,
    0.00020409567413631606,
    0.00010329773851157214,
    3.834662299600211e-06,
    0.00019399848632581325,
    2.315711488015637e-06,
    0.00026644868427449066,
    0.0001052231445822116,
    8.826917607535733e-07,
    0.00035822744658624045,
    0.00019731709425267993,
    0.00015302834635084607,
    4.604187573566065e-06,
    0.00020845162943686262,
    2.24979270358574e-06,
    0.0002963669455188111,
    0.00024779749275899123,
    4.6456229587057865e-06,
    0.00013753253442038655,
    0.00023823084475612717,
    4.484483958540153e-06,
    0.00015532486236972148,
    0.0003414139060517897,
    4.786835759145447e-06,
    0.00020263489444857327,
    0.0002271864036691035,
    3.895518139955101e-06,
    0.0001964304439326348,
    0.00015111239038480945,
    2.924165174774629e-06
  ],
  "train_acc": [
    0.0216,
    1.0,
    1.0,
    1.0,
    1.0,
    1.0,
    1.0,
    1.0,
    1.0,
    1.0,
    1.0,
    1.0,
    0.9966,
    1.0,
    1.0,
    1.0,
    1.0,
    1.0,
    1.0,
    1.0,
    1.0,
    1.0,
    1.0,
    1.0,
    1.0,
    1.0,
    1.0,
    1.0,
    1.0,
    1.0,
    1.0,
    1.0,
    1.0,
    1.0,
    1.0,
    1.0,
    1.0,
    1.0,
    1.0,
    1.0,
    1.0,
    1.0,
    1.0,
    1.0,
    1.0,
    1.0,
    1.0,
    1.0,
    1.0,
    1.0,
    1.0,
    1.0,
    1.0,
    1.0,
    1.0,
    1.0,
    1.0,
    1.0,
    1.0,
    1.0,
    1.0,
    1.0,
    1.0,
    1.0,
    1.0,
    1.0,
    1.0,
    1.0,
    1.0,
    1.0,
    1.0,
    1.0,
    1.0,
    1.0,
    1.0,
    1.0,
    1.0,
    1.0,
    1.0,
    1.0,
    1.0,
    1.0,
    1.0,
    1.0,
    1.0,
    1.0,
    1.0,
    1.0,
    1.0,
    1.0,
    1.0,
    1.0,
    1.0,
    1.0,
    1.0,
    1.0,
    1.0,
    1.0,
    1.0,
    1.0,
    1.0
  ],
  "test_acc": [
    0.011903496652141566,
    0.37655436284408544,
    0.3768732065044107,
    0.3774046126049527,
    0.3784674248060368,
    0.3788925496864704,
    0.3817621426293974,
    0.3862259538739505,
    0.39217770220002124,
    0.4051440110532469,
    0.41853544478690613,
    0.44191731321075567,
    0.44096078222978,
    0.4874056754171538,
    0.5043043894143905,
    0.525879477096397,
    0.5418216601126581,
    0.5595706238707621,
    0.5716866829631204,
    0.5798703369114677,
    0.5958125199277288,
    0.599000956530981,
    0.6215325751939632,
    0.6263152300988415,
    0.6387501328515252,
    0.6489531299819322,
    0.642895100435753,
    0.6578807524710384,
    0.6693591242427464,
    0.667446062280795,
    0.6859389945796578,
    0.6895525560633436,
    0.6942289297481135,
    0.6986927409926666,
    0.7004995217345095,
    0.7121904559464343,
    0.7239876713784674,
    0.7146349240089276,
    0.7285577638431289,
    0.736953980231693,
    0.7310022319056223,
    0.7443936656392816,
    0.7467318524816665,
    0.7447125092996068,
    0.7533212881283877,
    0.7517270698267616,
    0.7585290679136997,
    0.7651185035604209,
    0.7675629716229142,
    0.7661813157615049,
    0.7730895950685513,
    0.7747900945902859,
    0.764905941120204,
    0.7734084387288767,
    0.7808481241364651,
    0.7686257838239983,
    0.7796790307152726,
    0.7842491231799341,
    0.7773408438728877,
    0.7891380593049209,
    0.7902008715060049,
    0.782123498777766,
    0.7926453395684983,
    0.7895631841853544,
    0.782654904878308,
    0.7900945902858965,
    0.7903071527261133,
    0.7894569029652461,
    0.7905197151663301,
    0.7963651822722925,
    0.7736210011690934,
    0.7959400573918589,
    0.8034860240195557,
    0.7934955893293655,
    0.7958337761717504,
    0.8033797427994473,
    0.7898820278456796,
    0.8058242108619407,
    0.8067807418429164,
    0.794664682750558,
    0.8063556169624827,
    0.8098628972260602,
    0.7955149325114252,
    0.8039111488999894,
    0.8120948028483367,
    0.8001913061961952,
    0.8125199277287704,
    0.8162397704325646,
    0.8065681794026995,
    0.8101817408863854,
    0.8139015835901796,
    0.8076309916037836,
    0.8131576150494207,
    0.8169837389733234,
    0.8089063662450845,
    0.8171963014135403,
    0.8216601126580934,
    0.8105005845467106,
    0.8205973004570093,
    0.824210861940695,
    0.8112445530874695
  ]
}