{
  "epoch": [
    1,
    2000,
    4000,
    6000,
    8000,
    10000,
    12000,
    14000,
    16000,
    18000,
    20000,
    22000,
    24000,
    26000,
    28000,
    30000,
    32000,
    34000,
    36000,
    38000,
    40000,
    42000,
    44000,
    46000,
    48000,
    50000,
    52000,
    54000,
    56000,
    58000,
    60000,
    62000,
    64000,
    66000,
    68000,
    70000,
    72000,
    74000,
    76000,
    78000,
    80000,
    82000,
    84000,
    86000,
    88000,
    90000,
    92000,
    94000,
    96000,
    98000,
    100000,
    102000,
    104000,
    106000,
    108000,
    110000,
    112000,
    114000,
    116000,
    118000,
    120000,
    122000,
    124000,
    126000,
    128000,
    130000,
    132000,
    134000,
    136000,
    138000,
    140000,
    142000,
    144000,
    146000,
    148000,
    150000,
    152000,
    154000,
    156000,
    158000,
    160000,
    162000,
    164000,
    166000,
    168000,
    170000,
    172000,
    174000,
    176000,
    178000,
    180000,
    182000,
    184000,
    186000,
    188000,
    190000,
    192000,
    194000,
    196000,
    198000,
    200000
  ],
  "loss": [
    4.575684356689453,
    0.2462258801457769,
    0.03684978284477256,
    0.03624919347348623,
    0.035832282393891364,
    0.03553680712501518,
    0.03530765665005892,
    0.03507863164073788,
    0.03489610822086688,
    0.03476232440713793,
    0.03469991200910881,
    0.03467109445957467,
    0.03467703911536373,
    0.034670993857225406,
    0.03466392754581757,
    0.03466271218201145,
    0.03465109077100642,
    0.03466813134499826,
    0.03464741962617263,
    0.034658759057847786,
    0.03464296902241185,
    0.03464591389093548,
    0.03465429648561403,
    0.03464795376183465,
    0.03463768254355527,
    0.034632192578120155,
    0.03463984085828997,
    0.03461363438982516,
    0.03463370499182492,
    0.03462505094418302,
    0.03462014931202866,
    0.034616451376210895,
    0.03462218259004876,
    0.03462845621476881,
    0.03463085430799984,
    0.03464122624699958,
    0.034632463667914275,
    0.03464602705314755,
    0.03463368215691298,
    0.03462892125835642,
    0.03461758558335714,
    0.034621830951562155,
    0.03463613847387023,
    0.03463745839721523,
    0.03461564310644753,
    0.034609617889905346,
    0.03460760007123463,
    0.034618277868349104,
    0.03462267097244039,
    0.03462004547165707,
    0.034632423355849457,
    0.0346383273828309,
    0.0346133422955405,
    0.03462066498049535,
    0.034621658599516374,
    0.03460990602876991,
    0.034610582998394965,
    0.034615511399740354,
    0.03461970603116788,
    0.03463151015168987,
    0.03462911642980762,
    0.034624286435544493,
    0.03461404556627385,
    0.03462219055411406,
    0.03463416831805371,
    0.03461607686365023,
    0.03461624765666202,
    0.03460753075624816,
    0.034607360595883804,
    0.03462659538616426,
    0.034606614940054715,
    0.034612115463335064,
    0.034625466657849026,
    0.03462905172668397,
    0.03464148969457019,
    0.03463303983132355,
    0.03464014053577557,
    0.03464137047096156,
    0.03461943368127104,
    0.034632400851743295,
    0.03464866307675839,
    0.034616288604214784,
    0.034627558229235,
    0.03462495116828941,
    0.034621726035373286,
    0.03461257810862735,
    0.03463798512399662,
    0.034634366011293605,
    0.034633991877920926,
    0.03462297982368618,
    0.034641793068079275,
    0.034631949027534574,
    0.034634853552887215,
    0.0346384229213465,
    0.034623727979930116,
    0.034624561908794566,
    0.03463023266908713,
    0.03462783499229699,
    0.034624267331836746,
    0.03461687862239778,
    0.034621140713710336
  ],
  "train_acc": [
    0.0138,
    0.9766,
    0.9766,
    0.9766,
    0.9766,
    0.9766,
    0.9766,
    0.9766,
    0.9766,
    0.9766,
    0.9766,
    0.9766,
    0.9766,
    0.9766,
    0.9766,
    0.9766,
    0.9766,
    0.9766,
    0.9766,
    0.9766,
    0.9766,
    0.9766,
    0.9766,
    0.9766,
    0.9766,
    0.9766,
    0.9766,
    0.9766,
    0.9766,
    0.9766,
    0.9766,
    0.9766,
    0.9766,
    0.9766,
    0.9766,
    0.9766,
    0.9766,
    0.9766,
    0.9766,
    0.9766,
    0.9766,
    0.9766,
    0.9766,
    0.9766,
    0.9766,
    0.9766,
    0.9766,
    0.9766,
    0.9766,
    0.9766,
    0.9766,
    0.9766,
    0.9766,
    0.9766,
    0.9766,
    0.9766,
    0.9766,
    0.9766,
    0.9766,
    0.9766,
    0.9766,
    0.9766,
    0.9766,
    0.9766,
    0.9766,
    0.9766,
    0.9766,
    0.9766,
    0.9766,
    0.9766,
    0.9766,
    0.9766,
    0.9766,
    0.9766,
    0.9766,
    0.9766,
    0.9766,
    0.9766,
    0.9766,
    0.9766,
    0.9766,
    0.9766,
    0.9766,
    0.9766,
    0.9766,
    0.9766,
    0.9766,
    0.9766,
    0.9766,
    0.9766,
    0.9766,
    0.9766,
    0.9766,
    0.9766,
    0.9766,
    0.9766,
    0.9766,
    0.9766,
    0.9766,
    0.9766,
    0.9766
  ],
  "test_acc": [
    0.011053246891274312,
    0.3822935487299394,
    0.3835689233712403,
    0.3835689233712403,
    0.38441917313210755,
    0.38314379849080665,
    0.3835689233712403,
    0.3836752045913487,
    0.3837814858114571,
    0.382187267509831,
    0.3830375172706983,
    0.38314379849080665,
    0.382187267509831,
    0.3830375172706983,
    0.3818684238495058,
    0.38399404825167394,
    0.3834626421511319,
    0.3830375172706983,
    0.3834626421511319,
    0.38282495483048146,
    0.3838877670315655,
    0.3838877670315655,
    0.3829312360505899,
    0.3837814858114571,
    0.3833563609310235,
    0.38441917313210755,
    0.38441917313210755,
    0.3846317355723244,
    0.3838877670315655,
    0.3830375172706983,
    0.3836752045913487,
    0.3837814858114571,
    0.3834626421511319,
    0.3834626421511319,
    0.3830375172706983,
    0.38314379849080665,
    0.3842066106918907,
    0.3837814858114571,
    0.3838877670315655,
    0.3842066106918907,
    0.38431289191199913,
    0.3835689233712403,
    0.3836752045913487,
    0.3838877670315655,
    0.38399404825167394,
    0.385056860452758,
    0.38441917313210755,
    0.385056860452758,
    0.3846317355723244,
    0.38399404825167394,
    0.3835689233712403,
    0.3842066106918907,
    0.385056860452758,
    0.38452545435221597,
    0.3835689233712403,
    0.38452545435221597,
    0.3838877670315655,
    0.3846317355723244,
    0.38410032947178235,
    0.38441917313210755,
    0.385056860452758,
    0.38441917313210755,
    0.3836752045913487,
    0.38410032947178235,
    0.3847380167924328,
    0.3838877670315655,
    0.3842066106918907,
    0.38526942289297483,
    0.3842066106918907,
    0.38484429801254116,
    0.3853757041130832,
    0.385056860452758,
    0.3854819853331916,
    0.385056860452758,
    0.3847380167924328,
    0.3849505792326496,
    0.3851631416728664,
    0.385056860452758,
    0.38452545435221597,
    0.38431289191199913,
    0.38558826655330003,
    0.3851631416728664,
    0.3853757041130832,
    0.38569454777340845,
    0.38441917313210755,
    0.38526942289297483,
    0.38441917313210755,
    0.3853757041130832,
    0.38410032947178235,
    0.385056860452758,
    0.38569454777340845,
    0.3849505792326496,
    0.3862259538739505,
    0.38611967265384206,
    0.38452545435221597,
    0.38558826655330003,
    0.3867573599744925,
    0.3864385163141673,
    0.38558826655330003,
    0.3853757041130832,
    0.38569454777340845
  ]
}