{
  "epoch": [
    1,
    2000,
    4000,
    6000,
    8000,
    10000,
    12000,
    14000,
    16000,
    18000,
    20000,
    22000,
    24000,
    26000,
    28000,
    30000,
    32000,
    34000,
    36000,
    38000,
    40000,
    42000,
    44000,
    46000,
    48000,
    50000,
    52000,
    54000,
    56000,
    58000,
    60000,
    62000,
    64000,
    66000,
    68000,
    70000,
    72000,
    74000,
    76000,
    78000,
    80000,
    82000,
    84000,
    86000,
    88000,
    90000,
    92000,
    94000,
    96000,
    98000,
    100000,
    102000,
    104000,
    106000,
    108000,
    110000,
    112000,
    114000,
    116000,
    118000,
    120000,
    122000,
    124000,
    126000,
    128000,
    130000,
    132000,
    134000,
    136000,
    138000,
    140000,
    142000,
    144000,
    146000,
    148000,
    150000,
    152000,
    154000,
    156000,
    158000,
    160000,
    162000,
    164000,
    166000,
    168000,
    170000,
    172000,
    174000,
    176000,
    178000,
    180000,
    182000,
    184000,
    186000,
    188000,
    190000,
    192000,
    194000,
    196000,
    198000,
    200000
  ],
  "loss": [
    4.576339864730835,
    0.20859255884585953,
    0.00852092331411006,
    0.008307540678094671,
    0.008207939394447005,
    0.008190889566800592,
    0.008162237992439368,
    0.008152611780744778,
    0.008145562655942719,
    0.00815300175310884,
    0.008143768329829574,
    0.008149051247580077,
    0.00815107692772718,
    0.008144268180276871,
    0.0081440879415684,
    0.008147293331336935,
    0.008151505360222416,
    0.008154809242091813,
    0.008150491589392999,
    0.008161003302376563,
    0.008161755712738505,
    0.00816884035862903,
    0.00817027864604873,
    0.00817329686772594,
    0.008172203232418363,
    0.008172822824117068,
    0.008178239323971855,
    0.008178983046868043,
    0.008181118208536993,
    0.008179932222280233,
    0.008188368105564893,
    0.00819767042706074,
    0.008199283135980104,
    0.008187429658492963,
    0.008177101892360122,
    0.008183098950958229,
    0.008176837076986035,
    0.008180907236454033,
    0.008179184299787215,
    0.008190876151576267,
    0.008186785564121566,
    0.00819809530650981,
    0.008197031841370607,
    0.008193245391030187,
    0.008192577166747251,
    0.008180832081863277,
    0.008182117201841723,
    0.008176236597271291,
    0.008179097008916402,
    0.00818192298396203,
    0.008192461045954983,
    0.008194802164692797,
    0.008203822531585928,
    0.008193725495571303,
    0.008191528455409942,
    0.008186492164461651,
    0.0081839852244431,
    0.008196485376069783,
    0.00819624088485493,
    0.008187234071368541,
    0.008183634318408973,
    0.008184716414673101,
    0.008183769844750574,
    0.008183060887661704,
    0.008189124845161778,
    0.008179702347047941,
    0.008174627604703218,
    0.00817728627906472,
    0.008180902479835403,
    0.008182670208139108,
    0.008183004171957881,
    0.00819151163629456,
    0.008192559696755764,
    0.008192539564023566,
    0.008190929936693528,
    0.008190775410478971,
    0.008198318396538937,
    0.00819047885913768,
    0.008181047509011866,
    0.008181395073061577,
    0.008196858465888406,
    0.008187388403356546,
    0.008186890110405777,
    0.008188613974272197,
    0.008189886971153077,
    0.008192390800712152,
    0.008203695794418405,
    0.008190758441400608,
    0.008187086750753357,
    0.008191666931230452,
    0.008188722890866505,
    0.008194480069224908,
    0.008191707442441808,
    0.008187996620367354,
    0.008183026055544457,
    0.008190841843942044,
    0.008195065845767286,
    0.008193050989479365,
    0.00818760497682426,
    0.008188836687894765,
    0.008180828917042889
  ],
  "train_acc": [
    0.0212,
    0.9948,
    0.9948,
    0.9948,
    0.9948,
    0.9948,
    0.9948,
    0.9948,
    0.9948,
    0.9948,
    0.9948,
    0.9948,
    0.9948,
    0.9948,
    0.9948,
    0.9948,
    0.9948,
    0.9948,
    0.9948,
    0.9948,
    0.9948,
    0.9948,
    0.9948,
    0.9948,
    0.9948,
    0.9948,
    0.9948,
    0.9948,
    0.9948,
    0.9948,
    0.9948,
    0.9948,
    0.9948,
    0.9948,
    0.9948,
    0.9948,
    0.9948,
    0.9948,
    0.9948,
    0.9948,
    0.9948,
    0.9948,
    0.9948,
    0.9948,
    0.9948,
    0.9948,
    0.9948,
    0.9948,
    0.9948,
    0.9948,
    0.9948,
    0.9948,
    0.9948,
    0.9948,
    0.9948,
    0.9948,
    0.9948,
    0.9948,
    0.9948,
    0.9948,
    0.9948,
    0.9948,
    0.9948,
    0.9948,
    0.9948,
    0.9948,
    0.9948,
    0.9948,
    0.9948,
    0.9948,
    0.9948,
    0.9948,
    0.9948,
    0.9948,
    0.9948,
    0.9948,
    0.9948,
    0.9948,
    0.9948,
    0.9948,
    0.9948,
    0.9948,
    0.9948,
    0.9948,
    0.9948,
    0.9948,
    0.9948,
    0.9948,
    0.9948,
    0.9948,
    0.9948,
    0.9948,
    0.9948,
    0.9948,
    0.9948,
    0.9948,
    0.9948,
    0.9948,
    0.9948,
    0.9948,
    0.9948
  ],
  "test_acc": [
    0.0124349027526836,
    0.40673822935487297,
    0.4073759166755234,
    0.40918269741736635,
    0.41045807205866724,
    0.4114146030396429,
    0.4127962589010522,
    0.4122648528005102,
    0.4143904772026783,
    0.4177914762461473,
    0.4217238813901584,
    0.4259751301944946,
    0.43065150387926454,
    0.43894143904772026,
    0.4441492188330322,
    0.45212031034116273,
    0.46072908916994365,
    0.47125092996067597,
    0.4750770538845786,
    0.4830481453927091,
    0.49303858008289936,
    0.5040918269741737,
    0.5103624189605697,
    0.5201402912105431,
    0.5271548517376979,
    0.5347008183653948,
    0.5421405037729833,
    0.549367626740355,
    0.55170581358274,
    0.5593580614305452,
    0.5639281538952067,
    0.5696673397810607,
    0.5751939632266978,
    0.5818896800935275,
    0.5883728345201403,
    0.5899670528217664,
    0.5936868955255606,
    0.5933680518652354,
    0.6010202997130407,
    0.6035710489956425,
    0.6046338611967266,
    0.6101604846423637,
    0.6129237963651822,
    0.618875544691253,
    0.6202572005526623,
    0.6224891061749389,
    0.6261026676586248,
    0.6306727601232862,
    0.6376873206504411,
    0.6417260070145605,
    0.6415134445743437,
    0.6445955999574875,
    0.6438516314167286,
    0.6474651929004145,
    0.6496970985226911,
    0.6494845360824743,
    0.6522478478052928,
    0.6522478478052928,
    0.6543734722074609,
    0.6529918163460516,
    0.6529918163460516,
    0.6579870336911467,
    0.6537357848868105,
    0.6546923158677862,
    0.6550111595281114,
    0.6606440641938569,
    0.6624508449356998,
    0.6644701881177596,
    0.6660644064193857,
    0.6650015942183016,
    0.6654267190987353,
    0.664576469337868,
    0.6657455627590605,
    0.6665958125199277,
    0.6670209374003614,
    0.6681900308215538,
    0.6672334998405781,
    0.6703156552237219,
    0.6741417791476246,
    0.6720161547454565,
    0.6715910298650228,
    0.6687214369220958,
    0.6691465618025295,
    0.6695716866829631,
    0.6680837496014455,
    0.6711659049845892,
    0.6647890317780848,
    0.6654267190987353,
    0.6657455627590605,
    0.6710596237644808,
    0.6675523435009034,
    0.6699968115633967,
    0.6705282176639388,
    0.6688277181422043,
    0.6701030927835051,
    0.6672334998405781,
    0.6703156552237219,
    0.6716973110851313,
    0.6779679030715272,
    0.6780741842916357,
    0.681050058454671
  ]
}