{
  "epoch": [
    1,
    2000,
    4000,
    6000,
    8000,
    10000,
    12000,
    14000,
    16000,
    18000,
    20000,
    22000,
    24000,
    26000,
    28000,
    30000,
    32000,
    34000,
    36000,
    38000,
    40000,
    42000,
    44000,
    46000,
    48000,
    50000,
    52000,
    54000,
    56000,
    58000,
    60000,
    62000,
    64000,
    66000,
    68000,
    70000,
    72000,
    74000,
    76000,
    78000,
    80000,
    82000,
    84000,
    86000,
    88000,
    90000,
    92000,
    94000,
    96000,
    98000,
    100000,
    102000,
    104000,
    106000,
    108000,
    110000,
    112000,
    114000,
    116000,
    118000,
    120000,
    122000,
    124000,
    126000,
    128000,
    130000,
    132000,
    134000,
    136000,
    138000,
    140000,
    142000,
    144000,
    146000,
    148000,
    150000,
    152000,
    154000,
    156000,
    158000,
    160000,
    162000,
    164000,
    166000,
    168000,
    170000,
    172000,
    174000,
    176000,
    178000,
    180000,
    182000,
    184000,
    186000,
    188000,
    190000,
    192000,
    194000,
    196000,
    198000,
    200000
  ],
  "loss": [
    4.576480579376221,
    0.2881055875952957,
    0.07669668881185353,
    0.0755857525171712,
    0.07479371606912463,
    0.07417761937808245,
    0.07370121164377778,
    0.0733188610959798,
    0.07301029681991786,
    0.07278029001168906,
    0.07255653731618077,
    0.07234499943330884,
    0.07214875117372721,
    0.07200098297279328,
    0.0718526008406654,
    0.07174289896786212,
    0.07158918525390327,
    0.07149234275240451,
    0.07141064000725746,
    0.07133950970675797,
    0.07127742218635977,
    0.0712135476950556,
    0.07118600150439888,
    0.07114987587500364,
    0.07109217187594623,
    0.07104452439825981,
    0.07099228690098972,
    0.07095303303711116,
    0.07088232785612344,
    0.07082897358834743,
    0.07075509401150047,
    0.07067827414106577,
    0.07068292949721217,
    0.07062997634969652,
    0.07056652023922652,
    0.07050610897727311,
    0.07046109157688915,
    0.07038787111639977,
    0.07036696904394775,
    0.07027734797485173,
    0.07020339904092253,
    0.07017484661675989,
    0.07010429810658098,
    0.07004444383010268,
    0.06999049242287875,
    0.06987450317759067,
    0.06977896502949298,
    0.0696373033888638,
    0.06951554718334228,
    0.06941498966738581,
    0.06931251346226781,
    0.06913301393799484,
    0.06897476494312287,
    0.06873224449092523,
    0.06857460916787386,
    0.06841779669839888,
    0.06828498716820032,
    0.06813693780507893,
    0.0679826862026006,
    0.06791919370591641,
    0.0678422631258145,
    0.06776479728743434,
    0.06775998269766569,
    0.06774192086029798,
    0.06773266715612263,
    0.06770434707496316,
    0.06773031609654427,
    0.06773357194829732,
    0.0677266739314422,
    0.06775447337264195,
    0.06774966144803911,
    0.06773151632603258,
    0.06778179576229304,
    0.06776989443916827,
    0.06780896282605826,
    0.06782420427836477,
    0.06780589760597795,
    0.06778913817424327,
    0.06779137384556234,
    0.06779688507542014,
    0.06776113439574838,
    0.06777448892425746,
    0.06781904300730675,
    0.06781056026248261,
    0.06781093470845372,
    0.0677826625501737,
    0.06777016827967018,
    0.06776509587178006,
    0.06775778762865811,
    0.06779483253285289,
    0.06782193561811001,
    0.06781568631306291,
    0.06789201976507903,
    0.06785023776423187,
    0.06783600092660635,
    0.06783082144055516,
    0.0678251614144072,
    0.06783831467637792,
    0.06783017921559513,
    0.06782046283520758,
    0.06779416166786105
  ],
  "train_acc": [
    0.0186,
    0.956,
    0.956,
    0.956,
    0.956,
    0.956,
    0.956,
    0.956,
    0.956,
    0.956,
    0.956,
    0.956,
    0.956,
    0.956,
    0.956,
    0.956,
    0.956,
    0.956,
    0.956,
    0.956,
    0.956,
    0.956,
    0.956,
    0.956,
    0.956,
    0.956,
    0.956,
    0.956,
    0.956,
    0.956,
    0.956,
    0.956,
    0.956,
    0.956,
    0.956,
    0.956,
    0.956,
    0.956,
    0.956,
    0.956,
    0.956,
    0.956,
    0.956,
    0.956,
    0.956,
    0.956,
    0.956,
    0.956,
    0.956,
    0.956,
    0.956,
    0.956,
    0.956,
    0.956,
    0.956,
    0.956,
    0.956,
    0.956,
    0.956,
    0.956,
    0.956,
    0.956,
    0.956,
    0.956,
    0.956,
    0.956,
    0.956,
    0.956,
    0.956,
    0.956,
    0.956,
    0.956,
    0.956,
    0.956,
    0.956,
    0.956,
    0.956,
    0.956,
    0.956,
    0.956,
    0.956,
    0.956,
    0.956,
    0.956,
    0.956,
    0.956,
    0.956,
    0.956,
    0.956,
    0.956,
    0.956,
    0.956,
    0.956,
    0.956,
    0.956,
    0.956,
    0.956,
    0.956,
    0.956,
    0.956,
    0.956
  ],
  "test_acc": [
    0.011797215432033159,
    0.3684769901158465,
    0.3698586459772558,
    0.3693272398767138,
    0.370177489637581,
    0.36996492719736424,
    0.36996492719736424,
    0.3690083962163886,
    0.3689021149962802,
    0.36996492719736424,
    0.37049633329790627,
    0.3697523647571474,
    0.36868955255606334,
    0.3695398023169306,
    0.37124030183866513,
    0.3709214581783399,
    0.36879583377617176,
    0.37028377085768943,
    0.3680518652354129,
    0.36922095865660537,
    0.3695398023169306,
    0.3689021149962802,
    0.3706026145180147,
    0.3697523647571474,
    0.36879583377617176,
    0.36996492719736424,
    0.37007120841747265,
    0.37007120841747265,
    0.36911467743649695,
    0.369646083537039,
    0.37007120841747265,
    0.3685832713359549,
    0.37177170793920716,
    0.370177489637581,
    0.3697523647571474,
    0.37081517695823146,
    0.36879583377617176,
    0.3695398023169306,
    0.3697523647571474,
    0.370177489637581,
    0.37028377085768943,
    0.37155914549899033,
    0.36996492719736424,
    0.3713465830587735,
    0.36868955255606334,
    0.3693272398767138,
    0.369646083537039,
    0.3682644276756297,
    0.37039005207779785,
    0.3682644276756297,
    0.3706026145180147,
    0.3698586459772558,
    0.370177489637581,
    0.37049633329790627,
    0.37028377085768943,
    0.3710277393984483,
    0.37049633329790627,
    0.3723031140397492,
    0.37049633329790627,
    0.3706026145180147,
    0.3698586459772558,
    0.3710277393984483,
    0.3710277393984483,
    0.370177489637581,
    0.3707088957381231,
    0.3698586459772558,
    0.37081517695823146,
    0.37049633329790627,
    0.3707088957381231,
    0.370177489637581,
    0.37049633329790627,
    0.369646083537039,
    0.36996492719736424,
    0.37124030183866513,
    0.37209055159953236,
    0.36996492719736424,
    0.3709214581783399,
    0.36879583377617176,
    0.370177489637581,
    0.3714528642788819,
    0.3710277393984483,
    0.37124030183866513,
    0.37155914549899033,
    0.37039005207779785,
    0.3709214581783399,
    0.37155914549899033,
    0.370177489637581,
    0.3714528642788819,
    0.3718779891593155,
    0.3711340206185567,
    0.3709214581783399,
    0.3714528642788819,
    0.370177489637581,
    0.3709214581783399,
    0.369646083537039,
    0.3709214581783399,
    0.3711340206185567,
    0.37177170793920716,
    0.3694335210968222,
    0.3714528642788819,
    0.3698586459772558
  ]
}