{
  "epoch": [
    1,
    2000,
    4000,
    6000,
    8000,
    10000,
    12000,
    14000,
    16000,
    18000,
    20000,
    22000,
    24000,
    26000,
    28000,
    30000,
    32000,
    34000,
    36000,
    38000,
    40000,
    42000,
    44000,
    46000,
    48000,
    50000,
    52000,
    54000,
    56000,
    58000,
    60000,
    62000,
    64000,
    66000,
    68000,
    70000,
    72000,
    74000,
    76000,
    78000,
    80000,
    82000,
    84000,
    86000,
    88000,
    90000,
    92000,
    94000,
    96000,
    98000,
    100000,
    102000,
    104000,
    106000,
    108000,
    110000,
    112000,
    114000,
    116000,
    118000,
    120000,
    122000,
    124000,
    126000,
    128000,
    130000,
    132000,
    134000,
    136000,
    138000,
    140000,
    142000,
    144000,
    146000,
    148000,
    150000,
    152000,
    154000,
    156000,
    158000,
    160000,
    162000,
    164000,
    166000,
    168000,
    170000,
    172000,
    174000,
    176000,
    178000,
    180000,
    182000,
    184000,
    186000,
    188000,
    190000,
    192000,
    194000,
    196000,
    198000,
    200000
  ],
  "loss": [
    4.576290941238403,
    0.20595950449284667,
    0.005758673309417843,
    0.005588347091299021,
    0.0055044113576271396,
    0.005480403479861276,
    0.005473226568170379,
    0.005468366714664782,
    0.005462189718572498,
    0.005456471461552205,
    0.005460698607952216,
    0.0054590466297278675,
    0.005456306085605704,
    0.005456981251090233,
    0.00546703265915839,
    0.005464865873204783,
    0.005461927492028794,
    0.00546953074135009,
    0.0054686772040356164,
    0.005470448870046928,
    0.005476835865698523,
    0.00547055718881645,
    0.0054799448174578215,
    0.005474282408905537,
    0.00547420467083635,
    0.005479381640917739,
    0.005471764630369145,
    0.00547497890987756,
    0.005480135285610978,
    0.005479626423432826,
    0.005482854731066879,
    0.0054774543700438424,
    0.005468782411687561,
    0.005476220574892046,
    0.0054801524168406395,
    0.005483605759631828,
    0.005484451820338324,
    0.005478552594887617,
    0.005478247393868593,
    0.005480860244216971,
    0.005483174201096188,
    0.005480881680597579,
    0.005483229279191201,
    0.005483209474022565,
    0.005480213121598715,
    0.005476738127024801,
    0.005474573072552959,
    0.0054815901983504625,
    0.005480722105968818,
    0.005486515616588181,
    0.005478254637424843,
    0.005479041720573077,
    0.005475809054564573,
    0.005478518882108701,
    0.0054762264747688656,
    0.005467851764442537,
    0.005466108943951555,
    0.005472234685264508,
    0.005473749470445703,
    0.005474997522729666,
    0.005477944701546365,
    0.005479797755163791,
    0.005475470421592691,
    0.0054664550928584035,
    0.005471457868735215,
    0.005473105212743511,
    0.005474141721384721,
    0.005475103881341938,
    0.005472243849151186,
    0.005471010255412083,
    0.005475796927175704,
    0.005475649253833829,
    0.0054794039802188365,
    0.005481888914589676,
    0.005474109070175148,
    0.005476636206233652,
    0.0054722024883095246,
    0.0054752974053844895,
    0.005469953333494169,
    0.005474859839069308,
    0.00547347323567047,
    0.005469634021185989,
    0.005474280403005032,
    0.005475333167134167,
    0.0054746945360353155,
    0.005473226372160994,
    0.005472278460009769,
    0.005472840377494681,
    0.005471536767644488,
    0.005475198005188188,
    0.005470348191704678,
    0.005470020035741117,
    0.005478265432954766,
    0.00547805096613505,
    0.0054720005332206,
    0.005472149568077878,
    0.005475611561586807,
    0.005478534480986838,
    0.00547723606562048,
    0.005478499911232701,
    0.0054826754909494515
  ],
  "train_acc": [
    0.0216,
    0.9964,
    0.9964,
    0.9964,
    0.9964,
    0.9964,
    0.9964,
    0.9964,
    0.9964,
    0.9964,
    0.9964,
    0.9964,
    0.9964,
    0.9964,
    0.9964,
    0.9964,
    0.9964,
    0.9964,
    0.9964,
    0.9964,
    0.9964,
    0.9964,
    0.9964,
    0.9964,
    0.9964,
    0.9964,
    0.9964,
    0.9964,
    0.9964,
    0.9964,
    0.9964,
    0.9964,
    0.9964,
    0.9964,
    0.9964,
    0.9964,
    0.9964,
    0.9964,
    0.9964,
    0.9964,
    0.9964,
    0.9964,
    0.9964,
    0.9964,
    0.9964,
    0.9964,
    0.9964,
    0.9964,
    0.9964,
    0.9964,
    0.9964,
    0.9964,
    0.9964,
    0.9964,
    0.9964,
    0.9964,
    0.9964,
    0.9964,
    0.9964,
    0.9964,
    0.9964,
    0.9964,
    0.9964,
    0.9964,
    0.9964,
    0.9964,
    0.9964,
    0.9964,
    0.9964,
    0.9964,
    0.9964,
    0.9964,
    0.9964,
    0.9964,
    0.9964,
    0.9964,
    0.9964,
    0.9964,
    0.9964,
    0.9964,
    0.9964,
    0.9964,
    0.9964,
    0.9964,
    0.9964,
    0.9964,
    0.9964,
    0.9964,
    0.9964,
    0.9964,
    0.9964,
    0.9964,
    0.9964,
    0.9964,
    0.9964,
    0.9964,
    0.9964,
    0.9964,
    0.9964,
    0.9964,
    0.9964
  ],
  "test_acc": [
    0.012541183972792008,
    0.4065256669146562,
    0.4084387288766075,
    0.4103517908385588,
    0.4119460091401849,
    0.4127962589010522,
    0.4152407269635455,
    0.4180040386863641,
    0.4208736316292911,
    0.42459347433308536,
    0.43383994048251673,
    0.44266128175151453,
    0.4503135295993198,
    0.4600914018492932,
    0.4738016792432777,
    0.48666170687639493,
    0.5004782654904878,
    0.5165267297268573,
    0.5349133808056117,
    0.5558507811669678,
    0.5700924646614943,
    0.5833776171750452,
    0.5938994579657775,
    0.6053778297374854,
    0.6124986714847487,
    0.6242958869167818,
    0.6320544159846955,
    0.6392815389520672,
    0.6469337867998725,
    0.6544797534275694,
    0.6614943139547242,
    0.6638325007971092,
    0.6711659049845892,
    0.6743543415878415,
    0.6725475608459985,
    0.674779466468275,
    0.6724412796258901,
    0.6754171537889255,
    0.6735040918269741,
    0.6762674035497928,
    0.6849824635986821,
    0.6892337124030183,
    0.6921033053459453,
    0.6909342119247529,
    0.6864704006801998,
    0.6858327133595493,
    0.6942289297481135,
    0.6990115846529918,
    0.6995429907535339,
    0.6983738973323413,
    0.7000743968540759,
    0.6998618344138591,
    0.6969922414709321,
    0.6972048039111489,
    0.6975236475714741,
    0.6995429907535339,
    0.7027314273567861,
    0.707939207142098,
    0.7148474864491444,
    0.7110213625252418,
    0.7083643320225316,
    0.7071952386013391,
    0.7073015198214475,
    0.7065575512806888,
    0.7161228610904453,
    0.7166542671909873,
    0.7171856732915294,
    0.7129344244871931,
    0.7121904559464343,
    0.7151663301094696,
    0.716016579870337,
    0.7189924540333723,
    0.7143160803486024,
    0.7122967371665426,
    0.7088957381230736,
    0.7116590498458922,
    0.7118716122861091,
    0.7122967371665426,
    0.7179296418322882,
    0.7205866723349984,
    0.7224997342969497,
    0.7210117972154321,
    0.7187798915931555,
    0.7166542671909873,
    0.7183547667127219,
    0.7203741098947816,
    0.7232437028377086,
    0.7221808906366245,
    0.7216494845360825,
    0.7207992347752152,
    0.7175045169518546,
    0.7146349240089276,
    0.7107025188649165,
    0.7093208630035073,
    0.7101711127643745,
    0.7164417047507705,
    0.7185673291529386,
    0.7169731108513125,
    0.7177170793920714,
    0.7151663301094696,
    0.7117653310660006
  ]
}