{
  "epoch": [
    1,
    2000,
    4000,
    6000,
    8000,
    10000,
    12000,
    14000,
    16000,
    18000,
    20000,
    22000,
    24000,
    26000,
    28000,
    30000,
    32000,
    34000,
    36000,
    38000,
    40000,
    42000,
    44000,
    46000,
    48000,
    50000,
    52000,
    54000,
    56000,
    58000,
    60000,
    62000,
    64000,
    66000,
    68000,
    70000,
    72000,
    74000,
    76000,
    78000,
    80000,
    82000,
    84000,
    86000,
    88000,
    90000,
    92000,
    94000,
    96000,
    98000,
    100000,
    102000,
    104000,
    106000,
    108000,
    110000,
    112000,
    114000,
    116000,
    118000,
    120000,
    122000,
    124000,
    126000,
    128000,
    130000,
    132000,
    134000,
    136000,
    138000,
    140000,
    142000,
    144000,
    146000,
    148000,
    150000,
    152000,
    154000,
    156000,
    158000,
    160000,
    162000,
    164000,
    166000,
    168000,
    170000,
    172000,
    174000,
    176000,
    178000,
    180000,
    182000,
    184000,
    186000,
    188000,
    190000,
    192000,
    194000,
    196000,
    198000,
    200000
  ],
  "loss": [
    4.5759100914001465,
    0.2111266557128027,
    0.006701774507147809,
    0.006505776615659457,
    0.006412814196441862,
    0.006386526701321515,
    0.006370661419273506,
    0.006353879749034922,
    0.006355574074353512,
    0.006352480337401351,
    0.006358585192741947,
    0.006358578033975186,
    0.006354353357398356,
    0.006355509365866161,
    0.006357485141840693,
    0.006368267864387613,
    0.006366791389621244,
    0.00636504616631185,
    0.0063671162983678625,
    0.006365355466224111,
    0.006370727204721569,
    0.006368304677588814,
    0.006368311339858713,
    0.006371398398932934,
    0.006371333645775954,
    0.006374808776931423,
    0.006377916558186251,
    0.006371461583805955,
    0.006370883371067854,
    0.006373902297738037,
    0.006372953184309276,
    0.006372865763005393,
    0.0063732395920832255,
    0.0063714759019215415,
    0.006371097766157132,
    0.006370102721662336,
    0.006363043827853136,
    0.006370370536700742,
    0.006372105849033319,
    0.006375812098796301,
    0.006375163420327973,
    0.006374253367265559,
    0.006373093352334063,
    0.00637644984870695,
    0.006370252506865694,
    0.006379865316716151,
    0.006383265783327294,
    0.006374249218002629,
    0.006367369952438027,
    0.006370800205636208,
    0.006368015874646496,
    0.006371319266760212,
    0.006372604621523459,
    0.006376012155756179,
    0.006376888251786763,
    0.006376924024654198,
    0.006378297899026488,
    0.0063781881422915986,
    0.006381801153829542,
    0.0063776771414985394,
    0.006375055318345437,
    0.006375234249179348,
    0.006377475046691702,
    0.006378897077192421,
    0.006370038153674273,
    0.006374238834435353,
    0.006368652010961295,
    0.0063695168756258465,
    0.006369700986737986,
    0.006373169662855053,
    0.006372129075160414,
    0.006375898167300219,
    0.006374956378951529,
    0.006368613443349192,
    0.006368253871814744,
    0.006374902777343072,
    0.006374548844328728,
    0.006371699484256608,
    0.006373414275859829,
    0.006370621131286096,
    0.006374832412284217,
    0.006373130101588522,
    0.006369870344942946,
    0.006361855318451016,
    0.006365057204415479,
    0.0063640758350106425,
    0.00636699588435919,
    0.006368778177232805,
    0.006378313608753163,
    0.0063794147150048695,
    0.006371692298378277,
    0.006368975248034013,
    0.006369151773998463,
    0.006373246306128016,
    0.00637841843287148,
    0.006367791061553177,
    0.006373781522438779,
    0.006374681090828224,
    0.006372450022475468,
    0.0063664467307563725,
    0.006371444333457963
  ],
  "train_acc": [
    0.0168,
    0.9958,
    0.9958,
    0.9958,
    0.9958,
    0.9958,
    0.9958,
    0.9958,
    0.9958,
    0.9958,
    0.9958,
    0.9958,
    0.9958,
    0.9958,
    0.9958,
    0.9958,
    0.9958,
    0.9958,
    0.9958,
    0.9958,
    0.9958,
    0.9958,
    0.9958,
    0.9958,
    0.9958,
    0.9958,
    0.9958,
    0.9958,
    0.9958,
    0.9958,
    0.9958,
    0.9958,
    0.9958,
    0.9958,
    0.9958,
    0.9958,
    0.9958,
    0.9958,
    0.9958,
    0.9958,
    0.9958,
    0.9958,
    0.9958,
    0.9958,
    0.9958,
    0.9958,
    0.9958,
    0.9958,
    0.9958,
    0.9958,
    0.9958,
    0.9958,
    0.9958,
    0.9958,
    0.9958,
    0.9958,
    0.9958,
    0.9958,
    0.9958,
    0.9958,
    0.9958,
    0.9958,
    0.9958,
    0.9958,
    0.9958,
    0.9958,
    0.9958,
    0.9958,
    0.9958,
    0.9958,
    0.9958,
    0.9958,
    0.9958,
    0.9958,
    0.9958,
    0.9958,
    0.9958,
    0.9958,
    0.9958,
    0.9958,
    0.9958,
    0.9958,
    0.9958,
    0.9958,
    0.9958,
    0.9958,
    0.9958,
    0.9958,
    0.9958,
    0.9958,
    0.9958,
    0.9958,
    0.9958,
    0.9958,
    0.9958,
    0.9958,
    0.9958,
    0.9958,
    0.9958,
    0.9958,
    0.9958
  ],
  "test_acc": [
    0.012222340312466787,
    0.4086512913168243,
    0.40886385375704115,
    0.41088319693910086,
    0.4118397279200765,
    0.4126899776809438,
    0.41492188330322033,
    0.4173663513657137,
    0.42023594430864064,
    0.4252311616537358,
    0.4299075353385057,
    0.4379849080667446,
    0.45127006058029545,
    0.463173557232437,
    0.48389839515357636,
    0.5007971091508131,
    0.5172706982676161,
    0.533956849824636,
    0.546498033797428,
    0.5620150919332554,
    0.5767881815283239,
    0.5827399298543947,
    0.5954936762674036,
    0.6036773302157509,
    0.6066532043787862,
    0.6095227973217132,
    0.6140928897863748,
    0.6210011690934212,
    0.6320544159846955,
    0.6364119460091402,
    0.6374747582102243,
    0.6378998830906579,
    0.6388564140716335,
    0.6424699755553194,
    0.6488468487618237,
    0.6523541290254012,
    0.6533106600063768,
    0.6553300031884366,
    0.658305877351472,
    0.6630885322563503,
    0.6633010946965671,
    0.6586247210117973,
    0.6618131576150494,
    0.6636199383568924,
    0.665639281538952,
    0.667977468381337,
    0.6695716866829631,
    0.6682963120416623,
    0.6725475608459985,
    0.6790307152726114,
    0.6811563396747795,
    0.6902965246041024,
    0.6880646189818259,
    0.6910404931448613,
    0.6912530555850781,
    0.6878520565416091,
    0.6861515570198746,
    0.6874269316611755,
    0.6834945265171645,
    0.6836008077372728,
    0.682856839196514,
    0.6858327133595493,
    0.683388245297056,
    0.6871080880008502,
    0.685726432139441,
    0.6875332128812839,
    0.6843447762780317,
    0.686789244340525,
    0.6858327133595493,
    0.6868955255606335,
    0.6899776809437772,
    0.6913593368051866,
    0.6906153682644277,
    0.6882771814220427,
    0.6921033053459453,
    0.6962482729301732,
    0.6947603358486556,
    0.6966733978106069,
    0.6939100860877883,
    0.6935912424274631,
    0.694866617068764,
    0.6950791795089808,
    0.6938038048676799,
    0.69646083537039,
    0.6989053034328834,
    0.7000743968540759,
    0.6936975236475714,
    0.6949728982888723,
    0.6945477734084388,
    0.6974173663513658,
    0.6947603358486556,
    0.6995429907535339,
    0.6952917419491976,
    0.694866617068764,
    0.6955043043894144,
    0.6952917419491976,
    0.6952917419491976,
    0.6944414921883303,
    0.6934849612073547,
    0.692528430226379,
    0.6914656180252949
  ]
}