{
  "epoch": [
    1,
    2000,
    4000,
    6000,
    8000,
    10000,
    12000,
    14000,
    16000,
    18000,
    20000,
    22000,
    24000,
    26000,
    28000,
    30000,
    32000,
    34000,
    36000,
    38000,
    40000,
    42000,
    44000,
    46000,
    48000,
    50000,
    52000,
    54000,
    56000,
    58000,
    60000,
    62000,
    64000,
    66000,
    68000,
    70000,
    72000,
    74000,
    76000,
    78000,
    80000,
    82000,
    84000,
    86000,
    88000,
    90000,
    92000,
    94000,
    96000,
    98000,
    100000,
    102000,
    104000,
    106000,
    108000,
    110000,
    112000,
    114000,
    116000,
    118000,
    120000,
    122000,
    124000,
    126000,
    128000,
    130000,
    132000,
    134000,
    136000,
    138000,
    140000,
    142000,
    144000,
    146000,
    148000,
    150000,
    152000,
    154000,
    156000,
    158000,
    160000,
    162000,
    164000,
    166000,
    168000,
    170000,
    172000,
    174000,
    176000,
    178000,
    180000,
    182000,
    184000,
    186000,
    188000,
    190000,
    192000,
    194000,
    196000,
    198000,
    200000
  ],
  "loss": [
    4.574977779388428,
    0.20635285708121345,
    0.000302513377901586,
    0.00028932037029416336,
    0.0002834026095003459,
    0.00028177255055949433,
    0.0002805985602183192,
    0.00028033330883847396,
    0.00028124208129241807,
    0.00028134421985517334,
    0.000281152262065099,
    0.00028166379757673494,
    0.00028149543625515466,
    0.0002806383777857427,
    0.0002803075158235288,
    0.00028024597130901514,
    0.00028065199581090854,
    0.0002803050661510319,
    0.00027957048760402116,
    0.00027938114336313477,
    0.00028011865391108087,
    0.00028040075724310756,
    0.00028103500208906027,
    0.0002795262188576366,
    0.0002801071253715982,
    0.00027962687777277465,
    0.00027937694321574256,
    0.0002797759163551035,
    0.00027981789621794135,
    0.00028013323270192886,
    0.00027964599742932774,
    0.00028012212886190113,
    0.00027943293557078233,
    0.0002795174563734605,
    0.000280697944981911,
    0.00028008266159131094,
    0.00027954028568448025,
    0.00027998868700417816,
    0.0002788289047009869,
    0.0002806825284501272,
    0.0002801625666346922,
    0.00027972917290466627,
    0.00027976162305345367,
    0.0002793090982554787,
    0.0002787206604003721,
    0.0002794399464156456,
    0.00027978511141427305,
    0.00027900121263152824,
    0.0002796865396606172,
    0.0002789555301206612,
    0.00027861790421052535,
    0.00028003389086821785,
    0.00027926605296658806,
    0.00027895086608724427,
    0.00027901586627758945,
    0.0002792963719467146,
    0.0002787031445267651,
    0.00027897599919423754,
    0.0002787332607964977,
    0.0002794685173183524,
    0.0002788927092639177,
    0.0002802072735007528,
    0.00027976097615489763,
    0.0002791960804296906,
    0.00027947309155619635,
    0.00027891702380877066,
    0.00027945246257693554,
    0.0002788130072775189,
    0.00027956854772809764,
    0.0002786098421258274,
    0.0002789826246065232,
    0.000278925943219555,
    0.0002789536588814457,
    0.0002787587078834974,
    0.00027918326729771365,
    0.00027921413803950443,
    0.00027875150953077607,
    0.00027893377614515344,
    0.00027907623312773284,
    0.00027818159336131246,
    0.0002792008377342107,
    0.0002798151819341335,
    0.00027931436418871344,
    0.00027893319754278636,
    0.0002786381524284721,
    0.00027905234009263256,
    0.00027922107540811537,
    0.00027883846486859485,
    0.0002796033199528303,
    0.00027843191715659827,
    0.00027817730330305677,
    0.0002795726267874535,
    0.0002786864941372812,
    0.00027851646127895863,
    0.0002793693431486453,
    0.00027918970625578015,
    0.00027944778969982734,
    0.0002786368587897691,
    0.00027865942812530306,
    0.00027900924491694993,
    0.00027831318787492377
  ],
  "train_acc": [
    0.0188,
    0.9998,
    0.9998,
    0.9998,
    0.9998,
    0.9998,
    0.9998,
    0.9998,
    0.9998,
    0.9998,
    0.9998,
    0.9998,
    0.9998,
    0.9998,
    0.9998,
    0.9998,
    0.9998,
    0.9998,
    0.9998,
    0.9998,
    0.9998,
    0.9998,
    0.9998,
    0.9998,
    0.9998,
    0.9998,
    0.9998,
    0.9998,
    0.9998,
    0.9998,
    0.9998,
    0.9998,
    0.9998,
    0.9998,
    0.9998,
    0.9998,
    0.9998,
    0.9998,
    0.9998,
    0.9998,
    0.9998,
    0.9998,
    0.9998,
    0.9998,
    0.9998,
    0.9998,
    0.9998,
    0.9998,
    0.9998,
    0.9998,
    0.9998,
    0.9998,
    0.9998,
    0.9998,
    0.9998,
    0.9998,
    0.9998,
    0.9998,
    0.9998,
    0.9998,
    0.9998,
    0.9998,
    0.9998,
    0.9998,
    0.9998,
    0.9998,
    0.9998,
    0.9998,
    0.9998,
    0.9998,
    0.9998,
    0.9998,
    0.9998,
    0.9998,
    0.9998,
    0.9998,
    0.9998,
    0.9998,
    0.9998,
    0.9998,
    0.9998,
    0.9998,
    0.9998,
    0.9998,
    0.9998,
    0.9998,
    0.9998,
    0.9998,
    0.9998,
    0.9998,
    0.9998,
    0.9998,
    0.9998,
    0.9998,
    0.9998,
    0.9998,
    0.9998,
    0.9998,
    0.9998,
    0.9998,
    0.9998
  ],
  "test_acc": [
    0.010628122010840685,
    0.37496014454245935,
    0.37496014454245935,
    0.3751727069826762,
    0.3757041130832182,
    0.376448081623977,
    0.37825486236581995,
    0.37995536188755447,
    0.3834626421511319,
    0.38782017217557657,
    0.39398448294186417,
    0.3994048251673929,
    0.4040811988521628,
    0.41173344669996814,
    0.4191731321075566,
    0.42661281751514507,
    0.43394622170262515,
    0.4420235944308641,
    0.4523328727813795,
    0.4612604952704857,
    0.46699968115633966,
    0.4725263046019768,
    0.47582102242533747,
    0.4799659900095653,
    0.4841109575937932,
    0.4845360824742268,
    0.4928260176426825,
    0.497396110107344,
    0.5004782654904878,
    0.5073865447975343,
    0.5123817621426294,
    0.5176958231480497,
    0.5204591348708684,
    0.525879477096397,
    0.5302370071208418,
    0.5358699117865873,
    0.5365075991072378,
    0.536826442767563,
    0.5375704113083218,
    0.5366138803273461,
    0.5394834732702731,
    0.5444786906153682,
    0.543097034753959,
    0.5433095971941758,
    0.5490487830800298,
    0.5511744074821979,
    0.5510681262620895,
    0.5537251567647996,
    0.5525560633436072,
    0.5547879689658838,
    0.5568073121479434,
    0.5595706238707621,
    0.5601020299713041,
    0.5602083111914125,
    0.55903921777022,
    0.560845998512063,
    0.5632904665745563,
    0.5643532787756403,
    0.5631841853544479,
    0.565309809756616,
    0.5656286534169412,
    0.5678605590392177,
    0.5696673397810607,
    0.568179402699543,
    0.5701987458816027,
    0.5708364332022532,
    0.5698799022212775,
    0.5718992454033373,
    0.5746625571261558,
    0.5739185885853969,
    0.5723243702837708,
    0.5734934637049633,
    0.5732809012647465,
    0.5741311510256137,
    0.5768944627484324,
    0.5780635561696248,
    0.5773195876288659,
    0.5784886810500585,
    0.5797640556913594,
    0.5811457115527686,
    0.5796577744712509,
    0.5788075247103837,
    0.5793389308109257,
    0.5778509937294081,
    0.5797640556913594,
    0.5787012434902753,
    0.5795514932511425,
    0.5783823998299501,
    0.5797640556913594,
    0.5799766181315762,
    0.5794452120310342,
    0.5777447125092996,
    0.5767881815283239,
    0.5753002444468063,
    0.5770007439685407,
    0.5763630566478903,
    0.5766819003082155,
    0.5788075247103837,
    0.5806143054522266,
    0.5826336486342863,
    0.5823148049739612
  ]
}