{
  "epoch": [
    1,
    2000,
    4000,
    6000,
    8000,
    10000,
    12000,
    14000,
    16000,
    18000,
    20000,
    22000,
    24000,
    26000,
    28000,
    30000,
    32000,
    34000,
    36000,
    38000,
    40000,
    42000,
    44000,
    46000,
    48000,
    50000,
    52000,
    54000,
    56000,
    58000,
    60000,
    62000,
    64000,
    66000,
    68000,
    70000,
    72000,
    74000,
    76000,
    78000,
    80000,
    82000,
    84000,
    86000,
    88000,
    90000,
    92000,
    94000,
    96000,
    98000,
    100000,
    102000,
    104000,
    106000,
    108000,
    110000,
    112000,
    114000,
    116000,
    118000,
    120000,
    122000,
    124000,
    126000,
    128000,
    130000,
    132000,
    134000,
    136000,
    138000,
    140000,
    142000,
    144000,
    146000,
    148000,
    150000,
    152000,
    154000,
    156000,
    158000,
    160000,
    162000,
    164000,
    166000,
    168000,
    170000,
    172000,
    174000,
    176000,
    178000,
    180000,
    182000,
    184000,
    186000,
    188000,
    190000,
    192000,
    194000,
    196000,
    198000,
    200000
  ],
  "loss": [
    4.575918483734131,
    0.20997674077182762,
    0.006113239041599506,
    0.005932143835573779,
    0.005854127595727776,
    0.005831329319352426,
    0.005814263366115061,
    0.005800567058288481,
    0.005797468678869772,
    0.005794264009215699,
    0.0058037400012163716,
    0.005798451886063423,
    0.005802349486239575,
    0.00579912222572959,
    0.005806190551527111,
    0.005807310581144315,
    0.005806737470219992,
    0.005808263879781817,
    0.005806235827254332,
    0.005813042103099422,
    0.005811716427069739,
    0.005820389020652529,
    0.005820971483053664,
    0.0058161903446030646,
    0.005814524721619686,
    0.0058168327770049015,
    0.005822474861487166,
    0.005816830087728603,
    0.005818481091525804,
    0.0058089235779096695,
    0.005807900750680665,
    0.0058105653298034955,
    0.005816448851421943,
    0.005815266638429412,
    0.005811606184178711,
    0.0058124804001011155,
    0.005809135146842353,
    0.005818959135973033,
    0.005814811429768489,
    0.005817441018303642,
    0.005811451880744423,
    0.0058121265508067005,
    0.005810977088937781,
    0.005811878291239571,
    0.005812906310782099,
    0.005810455611955701,
    0.005808025649995936,
    0.005802380807166557,
    0.005805041704517365,
    0.0058071394221781095,
    0.005808896713511485,
    0.005812025844893807,
    0.0058090821130685555,
    0.0058138128827229015,
    0.0058101633405956855,
    0.005809660785983587,
    0.00581864151246687,
    0.005818386255553081,
    0.005818857127215838,
    0.005813819012375659,
    0.005808426761334021,
    0.005812847577695917,
    0.005808649137104488,
    0.005814333678403337,
    0.005804551802226681,
    0.005814970418698099,
    0.005809558479217207,
    0.005809989642288583,
    0.005807270531776955,
    0.005809362516755216,
    0.005804595638782743,
    0.005802095751434049,
    0.005804282261170429,
    0.005808387622776865,
    0.005810544049168086,
    0.005804419567763719,
    0.00580687763761669,
    0.005807356116195091,
    0.005810050833295688,
    0.005818332904204051,
    0.00581262119553949,
    0.005807427675395039,
    0.00581281823667301,
    0.00581127979355951,
    0.00580836974057866,
    0.0058087411171007805,
    0.005814516587510435,
    0.005809596253305815,
    0.005818124388004591,
    0.005816160758247559,
    0.005815415825555661,
    0.005811648415993084,
    0.005814079409010482,
    0.005811276059209577,
    0.005813268967843539,
    0.005807427382236786,
    0.0058072645883700605,
    0.005812723825247803,
    0.005807553669609454,
    0.0058121406002897644,
    0.005815736205992547
  ],
  "train_acc": [
    0.0168,
    0.9962,
    0.9962,
    0.9962,
    0.9962,
    0.9962,
    0.9962,
    0.9962,
    0.9962,
    0.9962,
    0.9962,
    0.9962,
    0.9962,
    0.9962,
    0.9962,
    0.9962,
    0.9962,
    0.9962,
    0.9962,
    0.9962,
    0.9962,
    0.9962,
    0.9962,
    0.9962,
    0.9962,
    0.9962,
    0.9962,
    0.9962,
    0.9962,
    0.9962,
    0.9962,
    0.9962,
    0.9962,
    0.9962,
    0.9962,
    0.9962,
    0.9962,
    0.9962,
    0.9962,
    0.9962,
    0.9962,
    0.9962,
    0.9962,
    0.9962,
    0.9962,
    0.9962,
    0.9962,
    0.9962,
    0.9962,
    0.9962,
    0.9962,
    0.9962,
    0.9962,
    0.9962,
    0.9962,
    0.9962,
    0.9962,
    0.9962,
    0.9962,
    0.9962,
    0.9962,
    0.9962,
    0.9962,
    0.9962,
    0.9962,
    0.9962,
    0.9962,
    0.9962,
    0.9962,
    0.9962,
    0.9962,
    0.9962,
    0.9962,
    0.9962,
    0.9962,
    0.9962,
    0.9962,
    0.9962,
    0.9962,
    0.9962,
    0.9962,
    0.9962,
    0.9962,
    0.9962,
    0.9962,
    0.9962,
    0.9962,
    0.9962,
    0.9962,
    0.9962,
    0.9962,
    0.9962,
    0.9962,
    0.9962,
    0.9962,
    0.9962,
    0.9962,
    0.9962,
    0.9962,
    0.9962,
    0.9962
  ],
  "test_acc": [
    0.01211605909235838,
    0.40875757253693273,
    0.40960782229779996,
    0.4113083218195345,
    0.41332766500159424,
    0.4144967584227867,
    0.4172600701456053,
    0.419279413327665,
    0.42406206823254333,
    0.4302263789988309,
    0.4393665639281539,
    0.45052609203953664,
    0.46487405675417154,
    0.4820916144117334,
    0.49920289084918695,
    0.5178021043681581,
    0.5365075991072378,
    0.5531937506642576,
    0.5730683388245297,
    0.5848655542565628,
    0.5953873950472951,
    0.6072908916994367,
    0.618344138590711,
    0.6296099479222022,
    0.6339674779466469,
    0.6422574131151025,
    0.6483154426612817,
    0.6528855351259433,
    0.6560739717291955,
    0.6608566266340737,
    0.6699968115633967,
    0.6755234350090339,
    0.6732915293867574,
    0.6743543415878415,
    0.6761611223296844,
    0.6773302157508768,
    0.6804123711340206,
    0.6807312147943458,
    0.6844510574981401,
    0.6837070889573812,
    0.6860452757997662,
    0.6871080880008502,
    0.6879583377617176,
    0.6850887448187906,
    0.6847699011584653,
    0.6836008077372728,
    0.6905090870443192,
    0.695398023169306,
    0.6935912424274631,
    0.691997024125837,
    0.695398023169306,
    0.6932723987671379,
    0.692528430226379,
    0.6900839621638857,
    0.6940163673078967,
    0.6981613348921245,
    0.6978424912317993,
    0.6975236475714741,
    0.6933786799872462,
    0.6949728982888723,
    0.6969922414709321,
    0.6966733978106069,
    0.6970985226910404,
    0.6970985226910404,
    0.695398023169306,
    0.7002869592942927,
    0.6945477734084388,
    0.6935912424274631,
    0.6933786799872462,
    0.6963545541502817,
    0.7037942395578701,
    0.704006801998087,
    0.7000743968540759,
    0.697736210011691,
    0.6962482729301732,
    0.6979487724519078,
    0.7047507705388458,
    0.7065575512806888,
    0.7064512700605803,
    0.7043256456584122,
    0.7003932405144011,
    0.7027314273567861,
    0.7052821766393879,
    0.7026251461366777,
    0.6983738973323413,
    0.707939207142098,
    0.704006801998087,
    0.7046444893187374,
    0.7076203634817728,
    0.7105962376448082,
    0.7130407057073015,
    0.7117653310660006,
    0.7110213625252418,
    0.7121904559464343,
    0.7098522691040493,
    0.7115527686257839,
    0.7138909554681687,
    0.7137846742480604,
    0.7130407057073015,
    0.7175045169518546,
    0.7116590498458922
  ]
}