{
  "epoch": [
    1,
    2000,
    4000,
    6000,
    8000,
    10000,
    12000,
    14000,
    16000,
    18000,
    20000,
    22000,
    24000,
    26000,
    28000,
    30000,
    32000,
    34000,
    36000,
    38000,
    40000,
    42000,
    44000,
    46000,
    48000,
    50000,
    52000,
    54000
  ],
  "loss": [
    4.576124143600464,
    0.1988223515788145,
    8.258413453091861e-07,
    2.1106317521670802e-07,
    2.0572800533571467e-07,
    2.026687432334029e-07,
    2.0311556922010255e-07,
    8.405041906368638e-05,
    5.266040903180169e-07,
    0.0003018313183766807,
    0.00020598577453708201,
    5.277146023604473e-06,
    0.0001225248910660241,
    0.00017685202220249466,
    4.6288831952423945e-06,
    0.00014926392479849683,
    1.1365279907707305e-06,
    0.0003345444845702609,
    0.0002916092263528519,
    3.759090932784659e-06,
    0.0003216509590169153,
    0.0003095182547861043,
    3.2056185860099617e-06,
    0.00029064593755323217,
    0.00031827466911645247,
    0.00014570171013254197,
    3.674560419685946e-06,
    0.00018160188425313421
  ],
  "train_acc": [
    0.0212,
    1.0,
    1.0,
    1.0,
    1.0,
    1.0,
    1.0,
    1.0,
    1.0,
    1.0,
    1.0,
    1.0,
    1.0,
    1.0,
    1.0,
    1.0,
    1.0,
    1.0,
    1.0,
    1.0,
    1.0,
    1.0,
    1.0,
    1.0,
    1.0,
    1.0,
    1.0,
    1.0
  ],
  "test_acc": [
    0.013072590073334042,
    0.40875757253693273,
    0.41045807205866724,
    0.4131151025613774,
    0.4224678499309172,
    0.44553087469444147,
    0.5015410776915719,
    0.5596769050908704,
    0.6325858220852375,
    0.6933786799872462,
    0.6944414921883303,
    0.7993410564353278,
    0.821341268997768,
    0.8176214262939738,
    0.8777765968753322,
    0.8908491869486662,
    0.8991391221171219,
    0.9243277712828143,
    0.9251780210436816,
    0.9312360505898608,
    0.9442023594430864,
    0.9462217026251462,
    0.9495164204485067,
    0.9551493251142523,
    0.9585503241577213,
    0.9546179190137103,
    0.9604633861196726,
    0.9622701668615156
  ]
}