{
  "epoch": [
    1,
    2000,
    4000,
    6000,
    8000,
    10000,
    12000,
    14000,
    16000,
    18000,
    20000,
    22000,
    24000,
    26000,
    28000,
    30000,
    32000,
    34000,
    36000,
    38000,
    40000,
    42000,
    44000,
    46000,
    48000,
    50000,
    52000,
    54000,
    56000,
    58000,
    60000,
    62000,
    64000,
    66000,
    68000,
    70000,
    72000,
    74000,
    76000,
    78000,
    80000,
    82000,
    84000,
    86000,
    88000,
    90000,
    92000,
    94000,
    96000,
    98000,
    100000,
    102000,
    104000,
    106000,
    108000,
    110000,
    112000,
    114000,
    116000,
    118000,
    120000,
    122000,
    124000,
    126000,
    128000,
    130000,
    132000,
    134000,
    136000,
    138000,
    140000,
    142000,
    144000,
    146000,
    148000,
    150000,
    152000,
    154000,
    156000,
    158000,
    160000,
    162000,
    164000,
    166000,
    168000,
    170000,
    172000,
    174000,
    176000,
    178000,
    180000,
    182000,
    184000,
    186000,
    188000,
    190000,
    192000,
    194000,
    196000,
    198000,
    200000
  ],
  "loss": [
    4.575974655151367,
    0.20328409853078874,
    1.026236894205823e-06,
    2.422185473903937e-07,
    2.2109628769655388e-07,
    2.1830065589938385e-07,
    2.1930298020009787e-07,
    2.2436351385621832e-07,
    0.00016227907074743868,
    5.7499643633647675e-06,
    7.321752175292247e-05,
    4.4949333481341115e-07,
    0.00017265606669825644,
    0.00017928631997475718,
    5.2551293366867925e-06,
    0.0001240027525252273,
    5.233762325993041e-07,
    0.0003048844055946311,
    0.00013264045111566105,
    2.823277732087348e-06,
    0.00018036634328032406,
    0.00021422504888385136,
    3.972342435331911e-06,
    0.00017942225608577828,
    0.00014679886294405761,
    2.183276577708426e-06,
    0.00022963818896035875,
    0.0002728965246038989,
    0.0001546025944061782,
    4.934373145346171e-06,
    0.00020601269663960054,
    2.3734866463655636e-06,
    0.0002516905214006364,
    0.00026924379175809746,
    0.00011774806410925649,
    4.083398772537094e-06,
    0.00019898687377378437,
    0.0004177364053237348,
    6.294523379681039e-06,
    0.0003240146948156159,
    0.00016842344621300357,
    4.291136624132008e-06,
    0.00010113675085739189,
    0.00025299297977482736,
    4.909058838703828e-06,
    0.0003954362720411567,
    0.00015526224701328743,
    3.944403812322861e-06,
    0.00029893724098966387,
    0.00025092543022716286,
    4.865914582964592e-06,
    0.00027602376021959075,
    0.00024407070737690048,
    4.813019765543203e-06,
    0.0001894908190042898,
    0.00012642497451033775,
    0.0002858287023911906,
    5.4270573442693145e-06,
    0.0002701459929997661,
    2.6471846864978944e-06,
    0.0003373035354079732,
    0.0002486189203789316,
    0.00015130754463047325,
    4.427409548191719e-06,
    0.0002757028267366536,
    0.0002420919558100685,
    4.817445362445482e-06,
    0.00021951315455365333,
    0.00023591900852294216,
    4.794607743136936e-06,
    0.0003290636803165711,
    0.0002962365486766018,
    5.080366088813548e-06,
    0.00016624605581441613,
    0.00026960894278004377,
    4.647642210110803e-06,
    0.0002482253853523012,
    0.00018282270183190476,
    0.00015077210348437192,
    4.401747261498201e-06,
    0.00012543904011593412,
    0.00010687252228439092,
    2.7636424978012995e-06,
    0.00018465016614615024,
    0.0001091564255387901,
    0.00031999374923641073,
    5.771917817843075e-06,
    0.00022949441904482554,
    0.0002938935485337325,
    5.200504422154495e-06,
    0.00019273401140317716,
    0.0003317378340712395,
    5.484496778787928e-06,
    0.0003684009254360994,
    0.00013254903735797753,
    3.145849088075181e-06,
    0.0002944619262218836,
    0.00037555072785510577,
    5.042361264769824e-06,
    0.00020941840426970444,
    0.00012133865549565498
  ],
  "train_acc": [
    0.017,
    1.0,
    1.0,
    1.0,
    1.0,
    1.0,
    1.0,
    1.0,
    1.0,
    1.0,
    1.0,
    1.0,
    1.0,
    1.0,
    1.0,
    1.0,
    1.0,
    1.0,
    1.0,
    1.0,
    1.0,
    1.0,
    1.0,
    1.0,
    1.0,
    1.0,
    1.0,
    1.0,
    1.0,
    1.0,
    1.0,
    1.0,
    1.0,
    1.0,
    1.0,
    1.0,
    1.0,
    1.0,
    1.0,
    1.0,
    1.0,
    1.0,
    1.0,
    1.0,
    1.0,
    1.0,
    1.0,
    1.0,
    1.0,
    1.0,
    1.0,
    1.0,
    1.0,
    1.0,
    1.0,
    1.0,
    1.0,
    1.0,
    1.0,
    1.0,
    1.0,
    1.0,
    1.0,
    1.0,
    1.0,
    1.0,
    1.0,
    1.0,
    1.0,
    1.0,
    1.0,
    1.0,
    1.0,
    1.0,
    1.0,
    1.0,
    1.0,
    1.0,
    1.0,
    1.0,
    1.0,
    1.0,
    1.0,
    1.0,
    1.0,
    1.0,
    1.0,
    1.0,
    1.0,
    1.0,
    1.0,
    1.0,
    1.0,
    1.0,
    1.0,
    1.0,
    1.0,
    1.0,
    1.0,
    1.0,
    1.0
  ],
  "test_acc": [
    0.011797215432033159,
    0.3895206716973111,
    0.3897332341375279,
    0.39037092145817837,
    0.39196513975980446,
    0.3949410139228398,
    0.4066319481347646,
    0.4272505048357955,
    0.45413965352322244,
    0.49091295568073123,
    0.5151450738654479,
    0.543628440854501,
    0.5749814007864811,
    0.5967690509087045,
    0.6244021681368902,
    0.6440641938569455,
    0.6539483473270273,
    0.6846636199383569,
    0.7000743968540759,
    0.7078329259219895,
    0.7336592624083325,
    0.7419491975767882,
    0.7446062280794984,
    0.7679880965033479,
    0.7746838133701774,
    0.7655436284408546,
    0.7886066532043788,
    0.794664682750558,
    0.7538526942289298,
    0.8108194282070358,
    0.8159209267722394,
    0.8066744606228079,
    0.8227229248591774,
    0.826017642682538,
    0.8237857370602615,
    0.8285683919651398,
    0.8361143585928367,
    0.7841428419598258,
    0.8451482623020512,
    0.8474864491444362,
    0.8361143585928367,
    0.8384525454352216,
    0.8436603252205336,
    0.845360824742268,
    0.8418535444786907,
    0.8473801679243278,
    0.8489743862259539,
    0.841959825698799,
    0.8521628228292061,
    0.8547135721118079,
    0.8495057923264959,
    0.8588585396960358,
    0.8572643213944096,
    0.851100010628122,
    0.8562015091933255,
    0.8589648209161441,
    0.8347327027314274,
    0.8623658199596131,
    0.8641726007014561,
    0.8522691040493144,
    0.8635349133808056,
    0.8651291316824317,
    0.8606653204378786,
    0.859177383356361,
    0.8650228504623233,
    0.8635349133808056,
    0.8628972260601552,
    0.8677861621851419,
    0.8686364119460092,
    0.859708789456903,
    0.8690615368264427,
    0.8682112870655755,
    0.8639600382612392,
    0.8667233499840579,
    0.8664045063237326,
    0.8592836645764693,
    0.8667233499840579,
    0.8672547560845999,
    0.8594962270166862,
    0.8652354129025401,
    0.8703369114677436,
    0.8689552556063344,
    0.859708789456903,
    0.8706557551280689,
    0.868848974386226,
    0.832819640769476,
    0.8670421936443831,
    0.8696992241470932,
    0.8590711021362525,
    0.8660856626634074,
    0.8713997236688277,
    0.862046976299288,
    0.8706557551280689,
    0.8735253480709958,
    0.8762886597938144,
    0.8637474758210224,
    0.8719311297693697,
    0.8729939419704538,
    0.8678924434052503,
    0.8731002231905622,
    0.8742693166117547
  ]
}