{
  "epoch": [
    1,
    2000,
    4000,
    6000,
    8000,
    10000,
    12000,
    14000,
    16000,
    18000,
    20000,
    22000,
    24000,
    26000,
    28000,
    30000,
    32000,
    34000,
    36000,
    38000,
    40000,
    42000,
    44000,
    46000,
    48000,
    50000,
    52000,
    54000,
    56000,
    58000,
    60000,
    62000,
    64000,
    66000,
    68000,
    70000,
    72000,
    74000,
    76000,
    78000,
    80000,
    82000,
    84000,
    86000,
    88000,
    90000,
    92000,
    94000,
    96000,
    98000,
    100000,
    102000,
    104000,
    106000,
    108000,
    110000,
    112000,
    114000,
    116000,
    118000,
    120000,
    122000,
    124000,
    126000,
    128000,
    130000,
    132000,
    134000,
    136000,
    138000,
    140000,
    142000,
    144000,
    146000,
    148000,
    150000,
    152000,
    154000,
    156000,
    158000,
    160000,
    162000,
    164000,
    166000,
    168000,
    170000,
    172000,
    174000,
    176000,
    178000,
    180000,
    182000,
    184000,
    186000,
    188000,
    190000,
    192000,
    194000,
    196000,
    198000,
    200000
  ],
  "loss": [
    4.576136302947998,
    0.2687483456633378,
    0.05684914799518883,
    0.05594562555113807,
    0.05520118848476559,
    0.05463511326704174,
    0.054187843214347955,
    0.05388011626787484,
    0.05362008165018633,
    0.05338784884121269,
    0.05320271459128707,
    0.05302295574592426,
    0.05283543220609427,
    0.05271235895045102,
    0.05252527063665911,
    0.05235674107996747,
    0.05217872086651623,
    0.0519859375404194,
    0.051769212271645666,
    0.05151351614370942,
    0.05123636693106964,
    0.051022284663747995,
    0.050816912697907536,
    0.05073269852772355,
    0.050663991241250185,
    0.050661989518720654,
    0.05062817987203598,
    0.05067821457274258,
    0.05063515845341608,
    0.05066162601066753,
    0.050713730726763606,
    0.050714483065065,
    0.05067911655148491,
    0.050733334836363796,
    0.050710692940745504,
    0.050749741491675375,
    0.050731681334599855,
    0.05070627401815728,
    0.050708567074872556,
    0.050704899861197916,
    0.05069376884400845,
    0.05071434258269146,
    0.050671527206897736,
    0.050703716615214944,
    0.05074220051243901,
    0.05071829158533365,
    0.050722844181442635,
    0.05068445501299575,
    0.050665545903798195,
    0.05067542366078123,
    0.05068400280708447,
    0.05068500200277194,
    0.050694252786319706,
    0.05071527055753395,
    0.050698606381751596,
    0.05072165460167453,
    0.05069689876921475,
    0.05067860126681626,
    0.050693935656268146,
    0.050662167262565345,
    0.05068493682211265,
    0.050683528680354355,
    0.05070056873569265,
    0.050669907938316466,
    0.05066120813824236,
    0.050693746763654055,
    0.05069610289009288,
    0.05072405982585624,
    0.05067333911443129,
    0.05069127119686455,
    0.050666495492402465,
    0.05066053238259628,
    0.050670773744769394,
    0.05067263853289187,
    0.05069130012346432,
    0.050710752831958236,
    0.050717104183975605,
    0.05070878968173638,
    0.05067540694884956,
    0.0506736644865945,
    0.050739474365673956,
    0.05069301141910255,
    0.05065304841976613,
    0.05063724467381835,
    0.050662555801775304,
    0.050664792563021185,
    0.050661069411132485,
    0.05065041190152988,
    0.050676968782860786,
    0.050688515500165524,
    0.05066727164909243,
    0.05065073350919411,
    0.05061714709838852,
    0.05062871462246403,
    0.05067279779082164,
    0.050638553298730404,
    0.0506986211986281,
    0.050700180106796326,
    0.05073438233351335,
    0.0506879924855195,
    0.05068394505865872
  ],
  "train_acc": [
    0.0176,
    0.967,
    0.967,
    0.967,
    0.967,
    0.967,
    0.967,
    0.967,
    0.967,
    0.967,
    0.967,
    0.967,
    0.967,
    0.967,
    0.967,
    0.967,
    0.967,
    0.967,
    0.967,
    0.967,
    0.967,
    0.967,
    0.967,
    0.967,
    0.967,
    0.967,
    0.967,
    0.967,
    0.967,
    0.967,
    0.967,
    0.967,
    0.967,
    0.967,
    0.967,
    0.967,
    0.967,
    0.967,
    0.967,
    0.967,
    0.967,
    0.967,
    0.967,
    0.967,
    0.967,
    0.967,
    0.967,
    0.967,
    0.967,
    0.967,
    0.967,
    0.967,
    0.967,
    0.967,
    0.967,
    0.967,
    0.967,
    0.967,
    0.967,
    0.967,
    0.967,
    0.967,
    0.967,
    0.967,
    0.967,
    0.967,
    0.967,
    0.967,
    0.967,
    0.967,
    0.967,
    0.967,
    0.967,
    0.967,
    0.967,
    0.967,
    0.967,
    0.967,
    0.967,
    0.967,
    0.967,
    0.967,
    0.967,
    0.967,
    0.967,
    0.967,
    0.967,
    0.967,
    0.967,
    0.967,
    0.967,
    0.967,
    0.967,
    0.967,
    0.967,
    0.967,
    0.967,
    0.967,
    0.967,
    0.967,
    0.967
  ],
  "test_acc": [
    0.01115952811138272,
    0.3846317355723244,
    0.38441917313210755,
    0.38431289191199913,
    0.3859071102136252,
    0.38452545435221597,
    0.38410032947178235,
    0.38452545435221597,
    0.3853757041130832,
    0.38441917313210755,
    0.3842066106918907,
    0.38410032947178235,
    0.3846317355723244,
    0.38452545435221597,
    0.3853757041130832,
    0.3842066106918907,
    0.3846317355723244,
    0.3846317355723244,
    0.38484429801254116,
    0.38558826655330003,
    0.3863322350940589,
    0.38601339143373364,
    0.3849505792326496,
    0.3851631416728664,
    0.3838877670315655,
    0.38441917313210755,
    0.38441917313210755,
    0.3854819853331916,
    0.38569454777340845,
    0.3853757041130832,
    0.38484429801254116,
    0.3853757041130832,
    0.3847380167924328,
    0.3853757041130832,
    0.3851631416728664,
    0.3854819853331916,
    0.3853757041130832,
    0.385056860452758,
    0.3863322350940589,
    0.3866510787543841,
    0.3862259538739505,
    0.3871824848549261,
    0.38611967265384206,
    0.3853757041130832,
    0.3846317355723244,
    0.3868636411946009,
    0.3862259538739505,
    0.3863322350940589,
    0.38601339143373364,
    0.38601339143373364,
    0.3866510787543841,
    0.38558826655330003,
    0.3853757041130832,
    0.38760760973535974,
    0.3868636411946009,
    0.3881390158359018,
    0.3866510787543841,
    0.3866510787543841,
    0.38782017217557657,
    0.3866510787543841,
    0.38771389095546815,
    0.38739504729514296,
    0.38867042193644386,
    0.38739504729514296,
    0.3880327346157934,
    0.38782017217557657,
    0.3896269529174195,
    0.3868636411946009,
    0.3870762036348177,
    0.39015835901796153,
    0.39026464023806995,
    0.3897332341375279,
    0.3896269529174195,
    0.38898926559676905,
    0.39058348389839515,
    0.3895206716973111,
    0.390796046338612,
    0.3900520777978531,
    0.38888298437666063,
    0.3887767031565522,
    0.39143373365926243,
    0.3909023275587204,
    0.3899457965777447,
    0.39047720267828673,
    0.39058348389839515,
    0.3915400148793708,
    0.3915400148793708,
    0.39143373365926243,
    0.3923902646402381,
    0.39355935806143055,
    0.3926028270804549,
    0.3926028270804549,
    0.3928153895206717,
    0.39483473270273145,
    0.3944096078222978,
    0.3962163885641407,
    0.3953661388032735,
    0.3958975449038155,
    0.3961101073440323,
    0.3946221702625146,
    0.39504729514294823
  ]
}