{
  "epoch": [
    1,
    2000,
    4000,
    6000,
    8000,
    10000,
    12000,
    14000,
    16000,
    18000,
    20000,
    22000,
    24000,
    26000,
    28000,
    30000,
    32000,
    34000,
    36000,
    38000,
    40000,
    42000,
    44000,
    46000,
    48000,
    50000,
    52000,
    54000,
    56000,
    58000,
    60000,
    62000,
    64000
  ],
  "loss": [
    4.575181150436402,
    0.20538169341621584,
    9.313677976457768e-07,
    2.2082255959645636e-07,
    2.1019133711135395e-07,
    2.0873710277058422e-07,
    2.1074395001576818e-07,
    0.0001934308112165958,
    5.656156605360252e-06,
    0.00035462532672357556,
    5.664100857627119e-06,
    0.0003030569708044993,
    0.00019479728769402415,
    4.663121603342546e-06,
    0.00028725686721554737,
    2.532685783995703e-06,
    0.00037604477896693,
    0.00027298458336254044,
    0.00023628195349253644,
    4.8352309723100005e-06,
    0.0002448510227129226,
    0.00025268992173445,
    4.783901950025182e-06,
    0.00036347922969347837,
    0.0002875561150622836,
    4.677661426767088e-06,
    0.00044866715761033476,
    0.00044087987031393895,
    5.28752147657201e-06,
    0.00029019125695909265,
    0.000278067327080575,
    3.59226634544072e-06,
    0.0004074005234906849
  ],
  "train_acc": [
    0.0174,
    1.0,
    1.0,
    1.0,
    1.0,
    1.0,
    1.0,
    1.0,
    1.0,
    1.0,
    1.0,
    1.0,
    1.0,
    1.0,
    1.0,
    1.0,
    1.0,
    1.0,
    1.0,
    1.0,
    1.0,
    1.0,
    1.0,
    1.0,
    1.0,
    1.0,
    1.0,
    1.0,
    1.0,
    1.0,
    1.0,
    1.0,
    1.0
  ],
  "test_acc": [
    0.011584652991816347,
    0.41332766500159424,
    0.41375278988202785,
    0.4146030396428951,
    0.4191731321075566,
    0.43277712828143267,
    0.46689339993623125,
    0.5270485705175896,
    0.6185567010309279,
    0.6631948134764587,
    0.7438622595387395,
    0.7854182166011265,
    0.8153895206716973,
    0.8525879477096397,
    0.8623658199596131,
    0.8789456902965246,
    0.9031778084812414,
    0.9125305558507811,
    0.8986077160165798,
    0.9264533956849824,
    0.9313423318099692,
    0.9284727388670422,
    0.9402699542990753,
    0.9431395472420023,
    0.943564672122436,
    0.9486661706876395,
    0.9505792326495908,
    0.9491975767881815,
    0.9552556063343607,
    0.9554681687745775,
    0.9567435434158784,
    0.9548304814539271,
    0.9589754490381549
  ]
}