{
  "epoch": [
    1,
    2000,
    4000,
    6000,
    8000,
    10000,
    12000,
    14000,
    16000,
    18000,
    20000,
    22000,
    24000,
    26000,
    28000,
    30000,
    32000,
    34000,
    36000,
    38000,
    40000,
    42000,
    44000,
    46000,
    48000,
    50000,
    52000,
    54000,
    56000,
    58000,
    60000,
    62000,
    64000,
    66000,
    68000,
    70000,
    72000,
    74000,
    76000,
    78000,
    80000,
    82000,
    84000,
    86000,
    88000,
    90000,
    92000,
    94000,
    96000,
    98000,
    100000,
    102000,
    104000,
    106000,
    108000,
    110000,
    112000,
    114000,
    116000,
    118000,
    120000,
    122000,
    124000,
    126000,
    128000,
    130000,
    132000,
    134000,
    136000,
    138000,
    140000,
    142000,
    144000,
    146000,
    148000,
    150000,
    152000,
    154000,
    156000,
    158000,
    160000,
    162000,
    164000,
    166000,
    168000,
    170000,
    172000,
    174000,
    176000,
    178000,
    180000,
    182000,
    184000,
    186000,
    188000,
    190000,
    192000,
    194000,
    196000,
    198000,
    200000
  ],
  "loss": [
    4.5761922836303714,
    0.25560476013653544,
    0.04759822468748316,
    0.046889942918810996,
    0.04640570888561197,
    0.04611787589583546,
    0.04586864416245371,
    0.0456620024385862,
    0.045422260485962034,
    0.045201219595689325,
    0.044989936431962994,
    0.04485435395222157,
    0.04476580139799043,
    0.04475968829682097,
    0.0447417165748775,
    0.04472936636405066,
    0.04473393069175072,
    0.044742361355852335,
    0.04473695524209179,
    0.044722354166768494,
    0.044722382675204425,
    0.0447070538174361,
    0.0446889762013685,
    0.04469421675326302,
    0.044677609993610534,
    0.04470241240542382,
    0.04469835830619559,
    0.04467923727119341,
    0.044671937791258096,
    0.04467695418233052,
    0.044677859856467696,
    0.044696233090292664,
    0.044678658581431954,
    0.04469900441300124,
    0.04470196203775704,
    0.044686426057945934,
    0.04470694801961072,
    0.04471854484146461,
    0.04470884209973738,
    0.04468541737920605,
    0.044681168294511735,
    0.04469512346452102,
    0.04468546617012471,
    0.04468510576849803,
    0.044675455040857195,
    0.04464152342127636,
    0.04465975132696331,
    0.04466492293397896,
    0.04465471929339692,
    0.044653728974703696,
    0.04466015771888197,
    0.04465799681544304,
    0.044666765846125785,
    0.044669603279978036,
    0.04464637118484825,
    0.044654398270091045,
    0.04468502579997294,
    0.04466367376027629,
    0.04466630425518379,
    0.04465676281768829,
    0.04464678876176476,
    0.0446605925229378,
    0.04467767510805279,
    0.044659613635391,
    0.04465427704113536,
    0.04469542903397232,
    0.04468031766144559,
    0.04467662206729874,
    0.04466615947699174,
    0.044660011061280966,
    0.044643241105601195,
    0.04465644897548482,
    0.044644301815051586,
    0.04464390305262059,
    0.04465335459699854,
    0.044648140469752254,
    0.04463052875939757,
    0.04465178855452687,
    0.04464593999898061,
    0.04463952770195902,
    0.04466408053385094,
    0.0446485268517863,
    0.0446541996284388,
    0.04465298865120858,
    0.044640744894696396,
    0.044658795147994534,
    0.044632088614813985,
    0.04463467535488307,
    0.044641174542019144,
    0.044631993968365716,
    0.044658068864513185,
    0.044642032295838,
    0.044652392144221814,
    0.04464155387887731,
    0.04465124233923853,
    0.044660931794159114,
    0.0446585616922006,
    0.0446550065908581,
    0.044644668785948305,
    0.04464689610679634,
    0.0446507742471993
  ],
  "train_acc": [
    0.0204,
    0.9708,
    0.9708,
    0.9708,
    0.9708,
    0.9708,
    0.9708,
    0.9708,
    0.9708,
    0.9708,
    0.9708,
    0.9708,
    0.9708,
    0.9708,
    0.9708,
    0.9708,
    0.9708,
    0.9708,
    0.9708,
    0.9708,
    0.9708,
    0.9708,
    0.9708,
    0.9708,
    0.9708,
    0.9708,
    0.9708,
    0.9708,
    0.9708,
    0.9708,
    0.9708,
    0.9708,
    0.9708,
    0.9708,
    0.9708,
    0.9708,
    0.9708,
    0.9708,
    0.9708,
    0.9708,
    0.9708,
    0.9708,
    0.9708,
    0.9708,
    0.9708,
    0.9708,
    0.9708,
    0.9708,
    0.9708,
    0.9708,
    0.9708,
    0.9708,
    0.9708,
    0.9708,
    0.9708,
    0.9708,
    0.9708,
    0.9708,
    0.9708,
    0.9708,
    0.9708,
    0.9708,
    0.9708,
    0.9708,
    0.9708,
    0.9708,
    0.9708,
    0.9708,
    0.9708,
    0.9708,
    0.9708,
    0.9708,
    0.9708,
    0.9708,
    0.9708,
    0.9708,
    0.9708,
    0.9708,
    0.9708,
    0.9708,
    0.9708,
    0.9708,
    0.9708,
    0.9708,
    0.9708,
    0.9708,
    0.9708,
    0.9708,
    0.9708,
    0.9708,
    0.9708,
    0.9708,
    0.9708,
    0.9708,
    0.9708,
    0.9708,
    0.9708,
    0.9708,
    0.9708,
    0.9708,
    0.9708
  ],
  "test_acc": [
    0.011797215432033159,
    0.3784674248060368,
    0.3785737060261452,
    0.3803804867679881,
    0.3789988309065788,
    0.3792113933467956,
    0.37910511212668724,
    0.379317674566904,
    0.3788925496864704,
    0.37974279944733763,
    0.379317674566904,
    0.3804867679880965,
    0.37910511212668724,
    0.37910511212668724,
    0.37963651822722927,
    0.37995536188755447,
    0.37910511212668724,
    0.37910511212668724,
    0.379317674566904,
    0.378786268466362,
    0.3789988309065788,
    0.37910511212668724,
    0.378786268466362,
    0.378786268466362,
    0.37910511212668724,
    0.3792113933467956,
    0.3800616431076629,
    0.37963651822722927,
    0.378786268466362,
    0.3785737060261452,
    0.3785737060261452,
    0.37953023700712085,
    0.37942395578701243,
    0.3803804867679881,
    0.37974279944733763,
    0.3809118928685301,
    0.3792113933467956,
    0.37963651822722927,
    0.37953023700712085,
    0.37974279944733763,
    0.38027420554787966,
    0.37995536188755447,
    0.379317674566904,
    0.38027420554787966,
    0.3800616431076629,
    0.37995536188755447,
    0.38080561164842175,
    0.37984908066744605,
    0.38027420554787966,
    0.38101817408863853,
    0.3800616431076629,
    0.3805930492082049,
    0.3813370177489638,
    0.38144329896907214,
    0.37974279944733763,
    0.38027420554787966,
    0.37942395578701243,
    0.3801679243277713,
    0.3789988309065788,
    0.37974279944733763,
    0.38112445530874695,
    0.3805930492082049,
    0.3805930492082049,
    0.3801679243277713,
    0.3809118928685301,
    0.37984908066744605,
    0.38112445530874695,
    0.38112445530874695,
    0.3804867679880965,
    0.3809118928685301,
    0.379317674566904,
    0.3800616431076629,
    0.37974279944733763,
    0.38101817408863853,
    0.38080561164842175,
    0.38080561164842175,
    0.3803804867679881,
    0.38101817408863853,
    0.38080561164842175,
    0.3801679243277713,
    0.37995536188755447,
    0.3800616431076629,
    0.3803804867679881,
    0.3804867679880965,
    0.3803804867679881,
    0.3800616431076629,
    0.38080561164842175,
    0.3813370177489638,
    0.37984908066744605,
    0.3801679243277713,
    0.3801679243277713,
    0.3800616431076629,
    0.37995536188755447,
    0.3817621426293974,
    0.38080561164842175,
    0.3800616431076629,
    0.3822935487299394,
    0.3818684238495058,
    0.38144329896907214,
    0.381655861409289,
    0.3805930492082049
  ]
}