{
  "epoch": [
    1,
    2000,
    4000,
    6000,
    8000,
    10000,
    12000,
    14000,
    16000,
    18000,
    20000,
    22000,
    24000,
    26000,
    28000,
    30000,
    32000,
    34000,
    36000,
    38000,
    40000,
    42000,
    44000,
    46000,
    48000,
    50000,
    52000,
    54000,
    56000,
    58000,
    60000,
    62000,
    64000,
    66000,
    68000,
    70000,
    72000,
    74000,
    76000,
    78000,
    80000,
    82000,
    84000,
    86000,
    88000,
    90000,
    92000,
    94000,
    96000,
    98000,
    100000,
    102000,
    104000,
    106000,
    108000,
    110000,
    112000,
    114000,
    116000,
    118000,
    120000,
    122000,
    124000,
    126000,
    128000,
    130000,
    132000,
    134000,
    136000,
    138000,
    140000,
    142000,
    144000,
    146000,
    148000,
    150000,
    152000,
    154000,
    156000,
    158000,
    160000,
    162000,
    164000,
    166000,
    168000,
    170000,
    172000,
    174000,
    176000,
    178000,
    180000,
    182000,
    184000,
    186000,
    188000,
    190000,
    192000,
    194000,
    196000,
    198000,
    200000
  ],
  "loss": [
    4.575113677978516,
    0.21146534516518622,
    0.004466701429992672,
    0.00433466121107724,
    0.004266844958201481,
    0.004251823013371243,
    0.004241252368115781,
    0.004230296005741464,
    0.004225875022732223,
    0.004227728005149385,
    0.004227229941390336,
    0.004230938636317836,
    0.00423437959772807,
    0.004231823290981214,
    0.00422902056860771,
    0.004229416164012003,
    0.004229520744582047,
    0.004235363733478705,
    0.004230469930305152,
    0.004235302576628341,
    0.004235128167878081,
    0.004235798651759643,
    0.0042353316699828844,
    0.004238480475010581,
    0.004235597143559382,
    0.004239836556331239,
    0.004236983662486805,
    0.004232900549174009,
    0.004230630810578793,
    0.004231021963913413,
    0.004235224427230592,
    0.004237220988751801,
    0.004233832470932666,
    0.0042312878038345955,
    0.004235547516498329,
    0.004233438612331627,
    0.00423238005223166,
    0.00423491831069367,
    0.004236228845992053,
    0.0042369188528542994,
    0.004235821697881546,
    0.004241302848494538,
    0.004241479018410767,
    0.004243642485662011,
    0.004245007007462982,
    0.004238918141454712,
    0.004239994948396011,
    0.004236464449116054,
    0.004233430806493026,
    0.004236863279618425,
    0.004241777146630294,
    0.004241816315976151,
    0.00424291354218308,
    0.00424314847570334,
    0.004238115348213023,
    0.004239773787046678,
    0.004241401757795442,
    0.004240448738330654,
    0.004239426188932292,
    0.004238208321784832,
    0.004241267296128209,
    0.0042408599613025,
    0.004239064811617216,
    0.004241680677371837,
    0.00422980078148507,
    0.0042336457057309115,
    0.004236655415795328,
    0.0042356903172567776,
    0.004238591700097606,
    0.004231987177400499,
    0.004233183013676173,
    0.0042310926660252745,
    0.004235041475416461,
    0.004232517521492579,
    0.004233082977891506,
    0.0042381080768162365,
    0.004238467104738776,
    0.004236992648429588,
    0.004237496533224826,
    0.00423253092619022,
    0.0042285979919947,
    0.004233889286899688,
    0.004234715375067816,
    0.004234271671312614,
    0.004232169695367837,
    0.004238436237693731,
    0.004238154369967234,
    0.0042317011524748,
    0.004230669209632012,
    0.004231490146719132,
    0.004231509917445495,
    0.0042332193493567665,
    0.004232109348624942,
    0.004235971500318,
    0.0042366748358816245,
    0.004241343572431103,
    0.004238160380974404,
    0.0042418482997536484,
    0.004238861216988676,
    0.004230615486102602,
    0.00423661237905091
  ],
  "train_acc": [
    0.0172,
    0.9972,
    0.9972,
    0.9972,
    0.9972,
    0.9972,
    0.9972,
    0.9972,
    0.9972,
    0.9972,
    0.9972,
    0.9972,
    0.9972,
    0.9972,
    0.9972,
    0.9972,
    0.9972,
    0.9972,
    0.9972,
    0.9972,
    0.9972,
    0.9972,
    0.9972,
    0.9972,
    0.9972,
    0.9972,
    0.9972,
    0.9972,
    0.9972,
    0.9972,
    0.9972,
    0.9972,
    0.9972,
    0.9972,
    0.9972,
    0.9972,
    0.9972,
    0.9972,
    0.9972,
    0.9972,
    0.9972,
    0.9972,
    0.9972,
    0.9972,
    0.9972,
    0.9972,
    0.9972,
    0.9972,
    0.9972,
    0.9972,
    0.9972,
    0.9972,
    0.9972,
    0.9972,
    0.9972,
    0.9972,
    0.9972,
    0.9972,
    0.9972,
    0.9972,
    0.9972,
    0.9972,
    0.9972,
    0.9972,
    0.9972,
    0.9972,
    0.9972,
    0.9972,
    0.9972,
    0.9972,
    0.9972,
    0.9972,
    0.9972,
    0.9972,
    0.9972,
    0.9972,
    0.9972,
    0.9972,
    0.9972,
    0.9972,
    0.9972,
    0.9972,
    0.9972,
    0.9972,
    0.9972,
    0.9972,
    0.9972,
    0.9972,
    0.9972,
    0.9972,
    0.9972,
    0.9972,
    0.9972,
    0.9972,
    0.9972,
    0.9972,
    0.9972,
    0.9972,
    0.9972,
    0.9972,
    0.9972
  ],
  "test_acc": [
    0.011690934211924752,
    0.4119460091401849,
    0.4116271654798597,
    0.4126899776809438,
    0.4142841959825699,
    0.4159846955043044,
    0.4181103199064725,
    0.42193644383037515,
    0.42788819215644597,
    0.43809118928685303,
    0.45127006058029545,
    0.4676373684769901,
    0.4849612073546604,
    0.5052609203953662,
    0.5308746944414922,
    0.5539377192050164,
    0.5748751195663726,
    0.5948559889467531,
    0.605802954617919,
    0.6207886066532043,
    0.6296099479222022,
    0.6425762567754277,
    0.6506536295036667,
    0.6544797534275694,
    0.666170687639494,
    0.6757359974492507,
    0.6793495589329366,
    0.6837070889573812,
    0.6924221490062706,
    0.695398023169306,
    0.6983738973323413,
    0.6990115846529918,
    0.6992241470932087,
    0.7008183653948348,
    0.7065575512806888,
    0.7057073015198214,
    0.7070889573812308,
    0.7107025188649165,
    0.7144223615687109,
    0.7180359230523966,
    0.7161228610904453,
    0.7192050164735891,
    0.7152726113295781,
    0.7192050164735891,
    0.7238813901583591,
    0.7218620469762993,
    0.7226060155170582,
    0.7261132957806355,
    0.7261132957806355,
    0.7280263577425868,
    0.7261132957806355,
    0.7279200765224785,
    0.7279200765224785,
    0.7246253586991178,
    0.7259007333404187,
    0.7307896694654055,
    0.7242002338186843,
    0.7239876713784674,
    0.723349984057817,
    0.7248379211393347,
    0.7264321394409607,
    0.7263258582208524,
    0.7325964502072484,
    0.7350409182697417,
    0.7368476990115846,
    0.7390796046338612,
    0.7337655436284408,
    0.7365288553512594,
    0.7308959506855138,
    0.7313210755659475,
    0.7321713253268147,
    0.7418429163566798,
    0.7429057285577638,
    0.7442873844191731,
    0.7457753215006908,
    0.7420554787968966,
    0.7427994473376555,
    0.7447125092996068,
    0.7402486980550537,
    0.7458816027207993,
    0.7485386332235094,
    0.7417366351365714,
    0.7379105112126687,
    0.7404612604952705,
    0.7408863853757041,
    0.7427994473376555,
    0.7436496970985227,
    0.7416303539164629,
    0.7422680412371134,
    0.7415240726963546,
    0.743755978318631,
    0.748432352003401,
    0.745031352959932,
    0.748432352003401,
    0.7444999468593899,
    0.7462004463811245,
    0.7462004463811245,
    0.7473695398023169,
    0.7442873844191731,
    0.751301944946328,
    0.749495164204485
  ]
}