{
  "epoch": [
    1,
    2000,
    4000,
    6000,
    8000,
    10000,
    12000,
    14000,
    16000,
    18000,
    20000,
    22000,
    24000,
    26000,
    28000,
    30000,
    32000,
    34000,
    36000,
    38000,
    40000,
    42000,
    44000,
    46000,
    48000,
    50000,
    52000,
    54000,
    56000,
    58000,
    60000,
    62000,
    64000,
    66000,
    68000,
    70000,
    72000,
    74000
  ],
  "loss": [
    4.576303768157959,
    0.19909299118150808,
    8.42556364051461e-07,
    2.120612150157797e-07,
    2.0665148460139448e-07,
    2.0420302707719883e-07,
    2.0330173659175445e-07,
    0.00015134818789893032,
    3.382357856531115e-06,
    0.00016850073252413226,
    7.204013307103097e-05,
    2.837512877674442e-06,
    8.678774446073376e-05,
    0.00032145886408093956,
    5.5998324855139e-06,
    0.0002141816236418606,
    0.0002372338979709511,
    5.0759369030245696e-06,
    0.0003474566588312655,
    2.8777080312508475e-06,
    0.00044770591975498773,
    0.00028005083151551134,
    0.00016539731465350514,
    3.920231474780422e-06,
    0.0001337779096082926,
    9.851920959017377e-05,
    0.0001353037892794184,
    3.863559986749721e-06,
    0.0002870206163627543,
    0.0003400528096033703,
    4.744982958857236e-06,
    0.0005228837745656094,
    0.0004103464903535105,
    5.014294535566677e-06,
    0.00029369537859094306,
    0.00024227100010480314,
    3.856063522592023e-06,
    0.0004527620616356554
  ],
  "train_acc": [
    0.0214,
    1.0,
    1.0,
    1.0,
    1.0,
    1.0,
    1.0,
    1.0,
    1.0,
    1.0,
    1.0,
    1.0,
    1.0,
    1.0,
    1.0,
    1.0,
    1.0,
    1.0,
    1.0,
    1.0,
    1.0,
    1.0,
    1.0,
    1.0,
    1.0,
    1.0,
    1.0,
    1.0,
    1.0,
    1.0,
    1.0,
    1.0,
    1.0,
    1.0,
    1.0,
    1.0,
    1.0,
    1.0
  ],
  "test_acc": [
    0.012541183972792008,
    0.40769476033584867,
    0.40928897863747477,
    0.41258369646083537,
    0.4201296630885323,
    0.44627484323520034,
    0.4972898288872356,
    0.5427781910936338,
    0.6182378573706027,
    0.6625571261558083,
    0.7080454883622064,
    0.7483260707832926,
    0.7852056541609098,
    0.7843554044000425,
    0.8455733871824849,
    0.8551386969922414,
    0.8435540440004251,
    0.8933999362312679,
    0.9025401211605909,
    0.9078541821660112,
    0.9250717398235732,
    0.929216707407801,
    0.9260282708045489,
    0.9394197045382081,
    0.9449463279838453,
    0.94930385800829,
    0.9386757359974492,
    0.9552556063343607,
    0.9583377617175045,
    0.9454777340843873,
    0.9642895100435753,
    0.9642895100435753,
    0.9495164204485067,
    0.9682219151875864,
    0.9693910086087788,
    0.9716229142310554,
    0.972048039111489,
    0.9751301944946328
  ]
}