{
  "epoch": [
    1,
    2000,
    4000,
    6000,
    8000,
    10000,
    12000,
    14000,
    16000,
    18000,
    20000,
    22000,
    24000,
    26000,
    28000,
    30000,
    32000,
    34000,
    36000,
    38000,
    40000,
    42000,
    44000,
    46000,
    48000,
    50000,
    52000,
    54000,
    56000,
    58000,
    60000,
    62000,
    64000,
    66000,
    68000,
    70000,
    72000,
    74000,
    76000,
    78000,
    80000,
    82000,
    84000,
    86000,
    88000,
    90000,
    92000,
    94000,
    96000,
    98000,
    100000,
    102000,
    104000,
    106000,
    108000,
    110000,
    112000,
    114000,
    116000,
    118000,
    120000,
    122000,
    124000,
    126000,
    128000,
    130000,
    132000,
    134000,
    136000,
    138000,
    140000,
    142000,
    144000,
    146000,
    148000,
    150000,
    152000,
    154000,
    156000,
    158000,
    160000,
    162000,
    164000,
    166000,
    168000,
    170000,
    172000,
    174000,
    176000,
    178000,
    180000,
    182000,
    184000,
    186000,
    188000,
    190000,
    192000,
    194000,
    196000,
    198000,
    200000
  ],
  "loss": [
    4.576543664932251,
    0.2757938608890581,
    0.06558747486108914,
    0.06478218910964206,
    0.06419784500515088,
    0.06382435473008082,
    0.06355569357369095,
    0.06332567345136776,
    0.06315894392011687,
    0.06299450718276203,
    0.0628570728608407,
    0.0627283293236047,
    0.06258650402240455,
    0.0624595890997909,
    0.06232582616116852,
    0.06219023750256747,
    0.06201505671180785,
    0.061848205593600866,
    0.06152905713804066,
    0.06129792277468368,
    0.061135230103228244,
    0.06102184410719201,
    0.06098552731247619,
    0.060947137552499774,
    0.06091999475862831,
    0.06092678122222424,
    0.06093178194761276,
    0.06091383183607832,
    0.06092573636854067,
    0.06091913492102176,
    0.06091167652122676,
    0.060906098101940004,
    0.06091935914177447,
    0.060907171649578956,
    0.06089403886618092,
    0.06089866040078923,
    0.06089336434835568,
    0.0608949008542113,
    0.06088525825012475,
    0.06088044928116724,
    0.06085906054209918,
    0.060897501515969635,
    0.060884422181919216,
    0.06088287140708417,
    0.06089450914915651,
    0.06087887442167848,
    0.060896107078064234,
    0.06085898553011939,
    0.06086393808508292,
    0.06086088001932949,
    0.06088252889337018,
    0.060865421687811616,
    0.06085034947022796,
    0.06083775948630646,
    0.060843500275351105,
    0.06084852422783151,
    0.06085947222728282,
    0.060854281606618314,
    0.06084401147821918,
    0.06085087444037199,
    0.06084668405391276,
    0.06084489707639441,
    0.0608485168421641,
    0.060852366806566714,
    0.060864558727853,
    0.06086963860206306,
    0.06086900365641341,
    0.06088183310339227,
    0.06088959263432771,
    0.06087760944971815,
    0.06087160142268985,
    0.06085478453459218,
    0.060838483617827295,
    0.06084905523462221,
    0.06085027322592214,
    0.060854326284024866,
    0.06083987412871793,
    0.06084477452877909,
    0.0608458978519775,
    0.06084522662432864,
    0.06084185263728723,
    0.06082393814949319,
    0.06082914309836924,
    0.0608314525431022,
    0.060834102025721225,
    0.06085942843910307,
    0.06085427074553445,
    0.060841183255705984,
    0.0608538309042342,
    0.060847441144566985,
    0.060842653760034594,
    0.06083304364886135,
    0.06083597905142233,
    0.06083549337098375,
    0.060832744733337316,
    0.06083081363569945,
    0.06083533114893362,
    0.0608398530033417,
    0.06085909964265302,
    0.06083832912631333,
    0.060829848277848216
  ],
  "train_acc": [
    0.0208,
    0.9596,
    0.9596,
    0.9596,
    0.9596,
    0.9596,
    0.9596,
    0.9596,
    0.9596,
    0.9596,
    0.9596,
    0.9596,
    0.9596,
    0.9596,
    0.9596,
    0.9596,
    0.9596,
    0.9596,
    0.9596,
    0.9596,
    0.9596,
    0.9596,
    0.9596,
    0.9596,
    0.9596,
    0.9596,
    0.9596,
    0.9596,
    0.9596,
    0.9596,
    0.9596,
    0.9596,
    0.9596,
    0.9596,
    0.9596,
    0.9596,
    0.9596,
    0.9596,
    0.9596,
    0.9596,
    0.9596,
    0.9596,
    0.9596,
    0.9596,
    0.9596,
    0.9596,
    0.9596,
    0.9596,
    0.9596,
    0.9596,
    0.9596,
    0.9596,
    0.9596,
    0.9596,
    0.9596,
    0.9596,
    0.9596,
    0.9596,
    0.9596,
    0.9596,
    0.9596,
    0.9596,
    0.9596,
    0.9596,
    0.9596,
    0.9596,
    0.9596,
    0.9596,
    0.9596,
    0.9596,
    0.9596,
    0.9596,
    0.9596,
    0.9596,
    0.9596,
    0.9596,
    0.9596,
    0.9596,
    0.9596,
    0.9596,
    0.9596,
    0.9596,
    0.9596,
    0.9596,
    0.9596,
    0.9596,
    0.9596,
    0.9596,
    0.9596,
    0.9596,
    0.9596,
    0.9596,
    0.9596,
    0.9596,
    0.9596,
    0.9596,
    0.9596,
    0.9596,
    0.9596,
    0.9596,
    0.9596
  ],
  "test_acc": [
    0.01147837177170794,
    0.36135614836858326,
    0.36220639812945055,
    0.3632692103305346,
    0.36252524178977574,
    0.36263152300988416,
    0.3618875544691253,
    0.3634817727707514,
    0.3627378042299926,
    0.36220639812945055,
    0.362844085450101,
    0.36390689765118506,
    0.3624189605696673,
    0.3627378042299926,
    0.362844085450101,
    0.36210011690934213,
    0.363375491550643,
    0.36252524178977574,
    0.36220639812945055,
    0.3624189605696673,
    0.3616749920289085,
    0.3631629291104262,
    0.3635880539908598,
    0.3627378042299926,
    0.363375491550643,
    0.3623126793495589,
    0.3631629291104262,
    0.36263152300988416,
    0.36263152300988416,
    0.3627378042299926,
    0.3630566478903178,
    0.36422574131151025,
    0.36411946009140184,
    0.36411946009140184,
    0.36390689765118506,
    0.36295036667020936,
    0.3623126793495589,
    0.3627378042299926,
    0.36252524178977574,
    0.3630566478903178,
    0.36380061643107664,
    0.36380061643107664,
    0.3630566478903178,
    0.3635880539908598,
    0.36220639812945055,
    0.3627378042299926,
    0.36390689765118506,
    0.3635880539908598,
    0.3623126793495589,
    0.3627378042299926,
    0.3635880539908598,
    0.3623126793495589,
    0.363375491550643,
    0.3624189605696673,
    0.3624189605696673,
    0.36210011690934213,
    0.3624189605696673,
    0.3623126793495589,
    0.3624189605696673,
    0.3630566478903178,
    0.3636943352109682,
    0.363375491550643,
    0.36411946009140184,
    0.3632692103305346,
    0.3636943352109682,
    0.3635880539908598,
    0.36380061643107664,
    0.36422574131151025,
    0.3640131788712934,
    0.3644383037517271,
    0.3635880539908598,
    0.3636943352109682,
    0.36252524178977574,
    0.36571367839302793,
    0.3630566478903178,
    0.36433202253161867,
    0.3631629291104262,
    0.3631629291104262,
    0.363375491550643,
    0.3630566478903178,
    0.3632692103305346,
    0.3636943352109682,
    0.3634817727707514,
    0.3632692103305346,
    0.3648634286321607,
    0.3632692103305346,
    0.36390689765118506,
    0.3635880539908598,
    0.3632692103305346,
    0.36263152300988416,
    0.36295036667020936,
    0.3632692103305346,
    0.36465086619194387,
    0.3634817727707514,
    0.36295036667020936,
    0.36295036667020936,
    0.36252524178977574,
    0.36380061643107664,
    0.3634817727707514,
    0.3634817727707514,
    0.3627378042299926
  ]
}