{
  "epoch": [
    1,
    2000,
    4000,
    6000,
    8000,
    10000,
    12000,
    14000,
    16000,
    18000,
    20000,
    22000,
    24000,
    26000,
    28000,
    30000,
    32000,
    34000,
    36000,
    38000,
    40000,
    42000,
    44000,
    46000,
    48000,
    50000,
    52000,
    54000,
    56000,
    58000,
    60000,
    62000,
    64000,
    66000,
    68000,
    70000,
    72000,
    74000,
    76000,
    78000,
    80000,
    82000,
    84000,
    86000,
    88000,
    90000,
    92000,
    94000,
    96000,
    98000,
    100000,
    102000,
    104000,
    106000,
    108000,
    110000,
    112000,
    114000,
    116000,
    118000,
    120000,
    122000,
    124000,
    126000,
    128000,
    130000,
    132000,
    134000,
    136000,
    138000,
    140000,
    142000,
    144000,
    146000,
    148000,
    150000,
    152000,
    154000,
    156000,
    158000,
    160000,
    162000,
    164000,
    166000,
    168000,
    170000,
    172000,
    174000,
    176000,
    178000,
    180000,
    182000,
    184000,
    186000,
    188000,
    190000,
    192000,
    194000,
    196000,
    198000,
    200000
  ],
  "loss": [
    4.575992059707642,
    0.1996405610458439,
    9.138180380055872e-07,
    2.282989803482849e-07,
    2.1624605606547221e-07,
    2.134940256311779e-07,
    2.1328221551115688e-07,
    2.1563813285538913e-07,
    8.379976607150396e-05,
    4.546910356910417e-06,
    2.108520481385767e-07,
    0.0002711868520276191,
    4.958054674055745e-07,
    0.00018690576231781292,
    2.4670352776752227e-07,
    0.00022148736862402315,
    0.00017625176064917057,
    4.631489938489608e-06,
    0.00011873617963614507,
    0.000141507558691562,
    4.200331638786281e-06,
    0.0002790717281127293,
    2.538479542989336e-06,
    0.00017554405802734153,
    0.000197539557371001,
    3.4215262593207284e-06,
    0.0002639637041767095,
    5.715511452194733e-07,
    0.00031090721677860887,
    0.0002044545551715814,
    0.00016887243347803605,
    4.550190181176106e-06,
    0.00022990444905563408,
    0.0001620119877827335,
    6.888098390035679e-06,
    9.886811624591231e-05,
    5.148320271437967e-07,
    0.0003751147989461359,
    0.00021522477238521275,
    0.00018053060710706106,
    4.760530224987747e-06,
    0.00022812622623731755,
    2.333290484323669e-06,
    0.00023330886650672298,
    0.00022243759054982847,
    2.4450061850401995e-06,
    0.00022874870932560967,
    0.0002713272047089134,
    4.340378272698331e-06,
    0.0003229513147219535,
    0.00020914975147247645,
    4.3462272881775736e-06,
    0.00010275692031071201,
    0.0001714138173168081,
    1.950407680500632e-06,
    0.0002984043542008557,
    0.0001479888862043829,
    0.00010441351764755708,
    3.4873840935162548e-06,
    0.0001326371190676376,
    0.00042077723984082456,
    5.598568818979288e-06,
    0.00015458770085294304,
    0.00014588162459322972,
    3.2227443673356505e-06,
    0.0001874483701163129,
    0.00013030351492526008,
    7.791333702639847e-05,
    3.2314350212651276e-06,
    0.0002692922959254197,
    0.0002463364537566825,
    5.2257115593732805e-06,
    0.00016583322988713789,
    0.0001169811756207018,
    3.528493674399158e-06,
    0.00034771563928330946,
    0.0001485320509502607,
    3.598689157663415e-06,
    9.75690899161826e-05,
    0.00012248906643240004,
    0.00015870536610986435,
    4.232292788852021e-06,
    0.0003028302841530909,
    0.0002495618735414865,
    5.2493465213729e-06,
    0.00013363776483473302,
    0.000224180438714815,
    4.604150800763307e-06,
    0.0002186473490105456,
    0.00033760140295002115,
    5.115185994937121e-06,
    0.00022700157553382853,
    0.00012084577023730745,
    3.343214906982439e-06,
    0.0001343024474046942,
    0.00019499156430646068,
    3.78338585106377e-06,
    0.00021815228860827603,
    0.0002585670989019633,
    3.4732901097747517e-06,
    0.00017752960894720432
  ],
  "train_acc": [
    0.0228,
    1.0,
    1.0,
    1.0,
    1.0,
    1.0,
    1.0,
    1.0,
    1.0,
    1.0,
    1.0,
    1.0,
    1.0,
    1.0,
    1.0,
    1.0,
    1.0,
    1.0,
    1.0,
    1.0,
    1.0,
    1.0,
    1.0,
    1.0,
    1.0,
    1.0,
    1.0,
    1.0,
    1.0,
    1.0,
    1.0,
    1.0,
    1.0,
    0.9998,
    1.0,
    1.0,
    1.0,
    1.0,
    1.0,
    1.0,
    1.0,
    1.0,
    1.0,
    1.0,
    1.0,
    1.0,
    1.0,
    1.0,
    1.0,
    1.0,
    1.0,
    1.0,
    1.0,
    1.0,
    1.0,
    1.0,
    1.0,
    1.0,
    1.0,
    1.0,
    1.0,
    1.0,
    1.0,
    1.0,
    1.0,
    1.0,
    1.0,
    1.0,
    1.0,
    1.0,
    1.0,
    1.0,
    1.0,
    1.0,
    1.0,
    1.0,
    1.0,
    1.0,
    1.0,
    1.0,
    1.0,
    1.0,
    1.0,
    1.0,
    1.0,
    1.0,
    1.0,
    1.0,
    1.0,
    1.0,
    1.0,
    1.0,
    1.0,
    1.0,
    1.0,
    1.0,
    1.0,
    1.0,
    1.0,
    1.0,
    1.0
  ],
  "test_acc": [
    0.012222340312466787,
    0.3892018280369859,
    0.3898395153576363,
    0.39196513975980446,
    0.394197045382081,
    0.39834201296630883,
    0.4082261664363907,
    0.4267190987352535,
    0.44882559251780213,
    0.47943458390902327,
    0.5061111701562334,
    0.5324689127431183,
    0.5605271548517377,
    0.5918801147837177,
    0.6150494207673504,
    0.6458709745987884,
    0.6579870336911467,
    0.6803060899139122,
    0.6924221490062706,
    0.7049633329790626,
    0.7180359230523966,
    0.7351471994898502,
    0.7397172919545116,
    0.7593793176745669,
    0.7661813157615049,
    0.7669252843022638,
    0.7845679668402593,
    0.7741524072696354,
    0.79987246253587,
    0.8034860240195557,
    0.7683069401636731,
    0.8103943033266022,
    0.8128387713890955,
    0.6906153682644277,
    0.8201721755765756,
    0.821341268997768,
    0.8102880221064938,
    0.8361143585928367,
    0.836220639812945,
    0.8216601126580934,
    0.840897013497715,
    0.8451482623020512,
    0.8360080773727282,
    0.8464236369433521,
    0.8499309172069295,
    0.8428100754596662,
    0.8522691040493144,
    0.8540758847911574,
    0.8497183547667128,
    0.8605590392177702,
    0.8623658199596131,
    0.8552449782123499,
    0.8618344138590711,
    0.8647040068019981,
    0.8592836645764693,
    0.868848974386226,
    0.8676798809650335,
    0.8630035072802635,
    0.8649165692422149,
    0.8670421936443831,
    0.856839196513976,
    0.8689552556063344,
    0.8700180678074184,
    0.8737379105112126,
    0.8655542565628653,
    0.875119566372622,
    0.8752258475927304,
    0.8690615368264427,
    0.8700180678074184,
    0.877457753215007,
    0.8580082899351684,
    0.8783080029758742,
    0.8790519715166331,
    0.8784142841959826,
    0.8746944414921883,
    0.8790519715166331,
    0.8800085024976086,
    0.8724625358699117,
    0.8777765968753322,
    0.8828780954405356,
    0.863641194600914,
    0.8797959400573918,
    0.8831969391008608,
    0.8468487618237858,
    0.8828780954405356,
    0.8836220639812945,
    0.8769263471144648,
    0.8814964395791264,
    0.8847911574024869,
    0.8666170687639494,
    0.8860665320437878,
    0.8878733127856308,
    0.8870230630247635,
    0.8814964395791264,
    0.8838346264215113,
    0.8861728132638963,
    0.8805399085981507,
    0.8882984376660644,
    0.8914868742693166,
    0.8839409076416197,
    0.8890424062068233
  ]
}