{
  "epoch": [
    1,
    2000,
    4000,
    6000,
    8000,
    10000,
    12000,
    14000,
    16000,
    18000,
    20000,
    22000,
    24000,
    26000,
    28000,
    30000,
    32000,
    34000,
    36000,
    38000,
    40000,
    42000,
    44000,
    46000,
    48000,
    50000,
    52000,
    54000,
    56000,
    58000,
    60000,
    62000,
    64000,
    66000,
    68000,
    70000,
    72000,
    74000,
    76000,
    78000,
    80000,
    82000,
    84000,
    86000,
    88000,
    90000,
    92000,
    94000,
    96000,
    98000,
    100000,
    102000,
    104000,
    106000,
    108000,
    110000,
    112000,
    114000,
    116000,
    118000,
    120000,
    122000,
    124000,
    126000,
    128000,
    130000,
    132000,
    134000,
    136000,
    138000,
    140000,
    142000,
    144000,
    146000,
    148000,
    150000,
    152000,
    154000,
    156000,
    158000,
    160000,
    162000,
    164000,
    166000,
    168000,
    170000,
    172000,
    174000,
    176000,
    178000,
    180000,
    182000,
    184000,
    186000,
    188000,
    190000,
    192000,
    194000,
    196000,
    198000,
    200000
  ],
  "loss": [
    4.5750508308410645,
    0.26082303828441944,
    0.046193671729322525,
    0.04533679137090221,
    0.04469673468898982,
    0.04423201566496864,
    0.04388522236300632,
    0.043596174647379665,
    0.043343780455272644,
    0.04310475905095227,
    0.04283197726048529,
    0.042501860086247324,
    0.042184386632218955,
    0.04194931292627007,
    0.04181448632115498,
    0.041748000043537466,
    0.041747040147567166,
    0.0417406210206449,
    0.04171972230854444,
    0.04175787240942009,
    0.041784325509984045,
    0.04181329286680557,
    0.041855480979662386,
    0.04184030359424651,
    0.041832771135121585,
    0.041821507211588324,
    0.041781252920394765,
    0.04179985709255561,
    0.04177471129666083,
    0.04176585449492559,
    0.041762245146930214,
    0.041782804487645625,
    0.0417514701734297,
    0.041792609461396936,
    0.04179243851387873,
    0.04177688288008794,
    0.04179896983872168,
    0.04178767783055082,
    0.041770925720967356,
    0.04180295424479991,
    0.041807022468466314,
    0.04180285880533047,
    0.041772315993951634,
    0.04177512617018074,
    0.041753058896027505,
    0.041745677771698686,
    0.04179970268136822,
    0.04177666881415062,
    0.04180829236498103,
    0.041761157194897536,
    0.041783251980179924,
    0.041795035898126665,
    0.041783548134425655,
    0.04178268167320639,
    0.041768400363903495,
    0.0417625091386959,
    0.04174766314029694,
    0.041777075606677684,
    0.04179435868565924,
    0.04179104379052296,
    0.04179974229848012,
    0.04178394739525393,
    0.04178074955102056,
    0.041776322428323326,
    0.04177129876483232,
    0.041782853142824025,
    0.041752707872679456,
    0.04173335800366476,
    0.041783864568686116,
    0.04175012527718209,
    0.04175039684297517,
    0.041774156126612796,
    0.04178840095857158,
    0.041747968565206975,
    0.041762393383402374,
    0.04177776132947765,
    0.04177434031092562,
    0.041755692794639615,
    0.04175575331589207,
    0.04174719748636708,
    0.04174817893570289,
    0.04173935754615814,
    0.04175319515913725,
    0.041754065762646494,
    0.04175209078993648,
    0.04177603985518217,
    0.041789115503337235,
    0.041781488872878254,
    0.04178188126850873,
    0.041778984125610444,
    0.04176776623050682,
    0.04179019276308827,
    0.04179136374257505,
    0.0417818525117822,
    0.041779619587864726,
    0.0417784263767302,
    0.041767467721179126,
    0.04175537483533844,
    0.041769354282598946,
    0.04176159495851025,
    0.041765683522075416
  ],
  "train_acc": [
    0.0158,
    0.9732,
    0.9732,
    0.9732,
    0.9732,
    0.9732,
    0.9732,
    0.9732,
    0.9732,
    0.9732,
    0.9732,
    0.9732,
    0.9732,
    0.9732,
    0.9732,
    0.9732,
    0.9732,
    0.9732,
    0.9732,
    0.9732,
    0.9732,
    0.9732,
    0.9732,
    0.9732,
    0.9732,
    0.9732,
    0.9732,
    0.9732,
    0.9732,
    0.9732,
    0.9732,
    0.9732,
    0.9732,
    0.9732,
    0.9732,
    0.9732,
    0.9732,
    0.9732,
    0.9732,
    0.9732,
    0.9732,
    0.9732,
    0.9732,
    0.9732,
    0.9732,
    0.9732,
    0.9732,
    0.9732,
    0.9732,
    0.9732,
    0.9732,
    0.9732,
    0.9732,
    0.9732,
    0.9732,
    0.9732,
    0.9732,
    0.9732,
    0.9732,
    0.9732,
    0.9732,
    0.9732,
    0.9732,
    0.9732,
    0.9732,
    0.9732,
    0.9732,
    0.9732,
    0.9732,
    0.9732,
    0.9732,
    0.9732,
    0.9732,
    0.9732,
    0.9732,
    0.9732,
    0.9732,
    0.9732,
    0.9732,
    0.9732,
    0.9732,
    0.9732,
    0.9732,
    0.9732,
    0.9732,
    0.9732,
    0.9732,
    0.9732,
    0.9732,
    0.9732,
    0.9732,
    0.9732,
    0.9732,
    0.9732,
    0.9732,
    0.9732,
    0.9732,
    0.9732,
    0.9732,
    0.9732,
    0.9732
  ],
  "test_acc": [
    0.010734403230949091,
    0.3898395153576363,
    0.38930810925709425,
    0.3892018280369859,
    0.39037092145817837,
    0.3896269529174195,
    0.39047720267828673,
    0.3895206716973111,
    0.39068976511850356,
    0.38909554681687747,
    0.39100860877882876,
    0.38941439047720267,
    0.3909023275587204,
    0.39026464023806995,
    0.39026464023806995,
    0.3887767031565522,
    0.38909554681687747,
    0.39026464023806995,
    0.3897332341375279,
    0.3896269529174195,
    0.38909554681687747,
    0.39037092145817837,
    0.3912211712190456,
    0.390796046338612,
    0.3915400148793708,
    0.391327452439154,
    0.39015835901796153,
    0.391327452439154,
    0.3912211712190456,
    0.3920714209799129,
    0.39143373365926243,
    0.3915400148793708,
    0.39015835901796153,
    0.39026464023806995,
    0.39058348389839515,
    0.39068976511850356,
    0.3915400148793708,
    0.3916462960994792,
    0.3917525773195876,
    0.3909023275587204,
    0.39058348389839515,
    0.39355935806143055,
    0.39217770220002124,
    0.3928153895206717,
    0.39196513975980446,
    0.39217770220002124,
    0.3929216707407801,
    0.39366563928153897,
    0.39270910830056327,
    0.3928153895206717,
    0.3930279519608885,
    0.3940907641619726,
    0.3944096078222978,
    0.39525985758316506,
    0.39377192050164733,
    0.39387820172175575,
    0.39345307684132214,
    0.3949410139228398,
    0.3958975449038155,
    0.3945158890424062,
    0.39525985758316506,
    0.39515357636305665,
    0.3963226697842491,
    0.3945158890424062,
    0.39547242002338184,
    0.39483473270273145,
    0.3958975449038155,
    0.3977043256456584,
    0.3961101073440323,
    0.39547242002338184,
    0.39642895100435754,
    0.3969603571048996,
    0.3963226697842491,
    0.39855457540652567,
    0.3962163885641407,
    0.39844829418641725,
    0.39823573174620047,
    0.3979168880858752,
    0.3986608566266341,
    0.3990859815070677,
    0.3987671378467425,
    0.3987671378467425,
    0.3987671378467425,
    0.3979168880858752,
    0.39961738760760973,
    0.39855457540652567,
    0.400467637368477,
    0.40089276224891063,
    0.4002550749282602,
    0.4011053246891274,
    0.3994048251673929,
    0.4020618556701031,
    0.40503772983313846,
    0.4036560739717292,
    0.4035497927516208,
    0.4021681368902115,
    0.4007864810288022,
    0.4018492932298863,
    0.4007864810288022,
    0.4020618556701031,
    0.4005739185885854
  ]
}