{
  "epoch": [
    1,
    2000,
    4000,
    6000,
    8000,
    10000,
    12000,
    14000,
    16000,
    18000,
    20000,
    22000,
    24000,
    26000,
    28000,
    30000,
    32000,
    34000,
    36000,
    38000,
    40000,
    42000,
    44000,
    46000,
    48000,
    50000,
    52000,
    54000,
    56000,
    58000,
    60000,
    62000,
    64000,
    66000,
    68000,
    70000,
    72000,
    74000,
    76000,
    78000,
    80000,
    82000,
    84000,
    86000,
    88000,
    90000,
    92000,
    94000,
    96000,
    98000,
    100000,
    102000,
    104000,
    106000,
    108000,
    110000,
    112000,
    114000,
    116000,
    118000,
    120000,
    122000,
    124000,
    126000,
    128000,
    130000,
    132000,
    134000,
    136000,
    138000,
    140000,
    142000,
    144000,
    146000,
    148000,
    150000,
    152000,
    154000,
    156000,
    158000,
    160000,
    162000,
    164000,
    166000,
    168000,
    170000,
    172000,
    174000,
    176000,
    178000,
    180000,
    182000,
    184000,
    186000,
    188000,
    190000,
    192000,
    194000,
    196000,
    198000,
    200000
  ],
  "loss": [
    4.575743722915649,
    0.2918224455061005,
    0.07946042785476894,
    0.0784246083136648,
    0.07761736620049924,
    0.07704136061109602,
    0.07658599011767656,
    0.07619973136801272,
    0.07591213696021587,
    0.07564851715993136,
    0.07543770192153752,
    0.07525814806893467,
    0.07507766152676194,
    0.0749501166831702,
    0.07482178065814078,
    0.07471644523646682,
    0.07464625556599348,
    0.07456267730928957,
    0.07446610926277936,
    0.07441426466181875,
    0.07435363352261484,
    0.07430134816821665,
    0.07424842962864786,
    0.07419346746262163,
    0.07414140940513461,
    0.07403624242786318,
    0.07397381115052849,
    0.07394139180704952,
    0.07390601403862238,
    0.07387357341907919,
    0.07383628226872534,
    0.07380169915417209,
    0.07376013655401767,
    0.07374615317787975,
    0.07369557636361569,
    0.07366236098594964,
    0.07362134905122221,
    0.07360433886628598,
    0.07354925566073507,
    0.07349007201492787,
    0.07344615094419568,
    0.07342062635850162,
    0.07340866418946534,
    0.0733550240393728,
    0.07330430811978876,
    0.0733237980550155,
    0.07331655931696296,
    0.0732751397287473,
    0.07328650521282107,
    0.073249586873129,
    0.07322189035397023,
    0.07320259946975857,
    0.07314838172513992,
    0.07309657216481864,
    0.07306593176983296,
    0.07302243571430445,
    0.07297016403079033,
    0.07289465333539992,
    0.07287434715237469,
    0.07285588394384832,
    0.07278305892599747,
    0.07269460545349866,
    0.07267879153918474,
    0.07263558055851609,
    0.07252278768848627,
    0.07240645091068,
    0.07230083988755942,
    0.07221476885918528,
    0.07210046023521573,
    0.07202182102426886,
    0.07188911055661738,
    0.0717467945151031,
    0.07155762582663447,
    0.07136287089288235,
    0.07121443518195301,
    0.07099362210296094,
    0.07087672637235373,
    0.07076727322377264,
    0.07061784744095058,
    0.07049034628160297,
    0.07046114052943886,
    0.0703495642222464,
    0.07030812545716762,
    0.07028583752159029,
    0.07031222968939692,
    0.07033250594511628,
    0.07035733838193119,
    0.07034960914868861,
    0.07034405419100076,
    0.07036600118391216,
    0.0704263042293489,
    0.07043560736477375,
    0.0704220884455368,
    0.07035812625549734,
    0.07031057013180107,
    0.07036355388499796,
    0.07034864492863417,
    0.07031188591402024,
    0.07034725440833718,
    0.07031467312835157,
    0.07039186280220747
  ],
  "train_acc": [
    0.0178,
    0.954,
    0.954,
    0.954,
    0.954,
    0.954,
    0.954,
    0.954,
    0.954,
    0.954,
    0.954,
    0.954,
    0.954,
    0.954,
    0.954,
    0.954,
    0.954,
    0.954,
    0.954,
    0.954,
    0.954,
    0.954,
    0.954,
    0.954,
    0.954,
    0.954,
    0.954,
    0.954,
    0.954,
    0.954,
    0.954,
    0.954,
    0.954,
    0.954,
    0.954,
    0.954,
    0.954,
    0.954,
    0.954,
    0.954,
    0.954,
    0.954,
    0.954,
    0.954,
    0.954,
    0.954,
    0.954,
    0.954,
    0.954,
    0.954,
    0.954,
    0.954,
    0.954,
    0.954,
    0.954,
    0.954,
    0.954,
    0.954,
    0.954,
    0.954,
    0.954,
    0.954,
    0.954,
    0.954,
    0.954,
    0.954,
    0.954,
    0.954,
    0.954,
    0.954,
    0.954,
    0.954,
    0.954,
    0.954,
    0.954,
    0.954,
    0.954,
    0.954,
    0.954,
    0.954,
    0.954,
    0.954,
    0.954,
    0.954,
    0.954,
    0.954,
    0.954,
    0.954,
    0.954,
    0.954,
    0.954,
    0.954,
    0.954,
    0.954,
    0.954,
    0.954,
    0.954,
    0.954,
    0.954,
    0.954,
    0.954
  ],
  "test_acc": [
    0.010840684451057498,
    0.3631629291104262,
    0.3616749920289085,
    0.3631629291104262,
    0.36295036667020936,
    0.3618875544691253,
    0.36380061643107664,
    0.3616749920289085,
    0.3623126793495589,
    0.3640131788712934,
    0.3619938356892337,
    0.36433202253161867,
    0.363375491550643,
    0.3624189605696673,
    0.3623126793495589,
    0.36252524178977574,
    0.3635880539908598,
    0.36210011690934213,
    0.3627378042299926,
    0.3632692103305346,
    0.36252524178977574,
    0.3632692103305346,
    0.36380061643107664,
    0.362844085450101,
    0.3631629291104262,
    0.36433202253161867,
    0.3635880539908598,
    0.3627378042299926,
    0.3624189605696673,
    0.36295036667020936,
    0.36390689765118506,
    0.36210011690934213,
    0.3630566478903178,
    0.36220639812945055,
    0.36263152300988416,
    0.3624189605696673,
    0.36422574131151025,
    0.3611435859283665,
    0.3634817727707514,
    0.3635880539908598,
    0.3630566478903178,
    0.36295036667020936,
    0.3624189605696673,
    0.363375491550643,
    0.3627378042299926,
    0.3632692103305346,
    0.36390689765118506,
    0.3624189605696673,
    0.3632692103305346,
    0.3636943352109682,
    0.36380061643107664,
    0.3635880539908598,
    0.36390689765118506,
    0.3648634286321607,
    0.36252524178977574,
    0.36380061643107664,
    0.3635880539908598,
    0.3630566478903178,
    0.3623126793495589,
    0.3635880539908598,
    0.363375491550643,
    0.3619938356892337,
    0.36220639812945055,
    0.36252524178977574,
    0.3632692103305346,
    0.3632692103305346,
    0.3627378042299926,
    0.36454458497183545,
    0.36263152300988416,
    0.36124986714847485,
    0.363375491550643,
    0.3635880539908598,
    0.3624189605696673,
    0.36380061643107664,
    0.363375491550643,
    0.3635880539908598,
    0.3627378042299926,
    0.36454458497183545,
    0.362844085450101,
    0.3624189605696673,
    0.36252524178977574,
    0.36210011690934213,
    0.363375491550643,
    0.3634817727707514,
    0.3652885535125943,
    0.3634817727707514,
    0.36252524178977574,
    0.36263152300988416,
    0.363375491550643,
    0.3635880539908598,
    0.36390689765118506,
    0.3627378042299926,
    0.3623126793495589,
    0.3624189605696673,
    0.3631629291104262,
    0.3630566478903178,
    0.3644383037517271,
    0.36433202253161867,
    0.3624189605696673,
    0.3634817727707514,
    0.36422574131151025
  ]
}