{
  "epoch": [
    1,
    2000,
    4000,
    6000,
    8000,
    10000,
    12000,
    14000,
    16000,
    18000,
    20000,
    22000,
    24000,
    26000,
    28000,
    30000,
    32000,
    34000,
    36000,
    38000,
    40000,
    42000,
    44000,
    46000,
    48000,
    50000,
    52000,
    54000,
    56000,
    58000,
    60000,
    62000,
    64000,
    66000,
    68000,
    70000,
    72000,
    74000,
    76000,
    78000,
    80000,
    82000,
    84000,
    86000,
    88000,
    90000,
    92000,
    94000,
    96000,
    98000,
    100000,
    102000,
    104000,
    106000,
    108000,
    110000,
    112000,
    114000,
    116000,
    118000,
    120000,
    122000,
    124000,
    126000,
    128000,
    130000,
    132000,
    134000,
    136000,
    138000,
    140000,
    142000,
    144000,
    146000,
    148000,
    150000,
    152000,
    154000,
    156000,
    158000,
    160000,
    162000,
    164000,
    166000,
    168000,
    170000,
    172000,
    174000,
    176000,
    178000,
    180000,
    182000,
    184000,
    186000,
    188000,
    190000,
    192000,
    194000,
    196000,
    198000,
    200000
  ],
  "loss": [
    4.575251770019531,
    0.24395511043106596,
    0.03186708387387917,
    0.031221077096415684,
    0.03082952392618172,
    0.03056161427204497,
    0.030355686091049574,
    0.030223599832784383,
    0.030165235979948194,
    0.030138649159367197,
    0.030112765023182147,
    0.030116852678265423,
    0.030109819983039052,
    0.030102142146555707,
    0.0301161358772777,
    0.030119541743723676,
    0.030099918351625093,
    0.0300932187278755,
    0.03009286826257594,
    0.030099938474595547,
    0.030107550692511722,
    0.03008702617743984,
    0.030086179296066985,
    0.030087467908067628,
    0.03007824973273091,
    0.03006673430155497,
    0.030057341859070583,
    0.030057937959069386,
    0.03006698723491281,
    0.030058770637633278,
    0.030062899982486853,
    0.03005741606503725,
    0.030059395099128597,
    0.030066299195121975,
    0.030068613824946806,
    0.030062356202490627,
    0.030062426984263584,
    0.03006764516727999,
    0.030064763108897025,
    0.03006519868639298,
    0.03005891106952913,
    0.030047899515368043,
    0.030049835277022794,
    0.03006161353138741,
    0.03005550715480931,
    0.03005204963062424,
    0.030068110051751137,
    0.030073177494853734,
    0.03007439725487493,
    0.03006238803579472,
    0.03006584075060673,
    0.03006503103733994,
    0.030045652759820223,
    0.030053149485285393,
    0.030061737634427845,
    0.03005872978696134,
    0.030054071251209825,
    0.030068010064447297,
    0.030055468951212243,
    0.030051076901517808,
    0.030059729488566517,
    0.03004781531118788,
    0.03006345965170767,
    0.03007420846228488,
    0.030061224614456296,
    0.030067260639928282,
    0.03008376937680878,
    0.030082735247211532,
    0.0300765339726815,
    0.03008183470419608,
    0.030079116013483145,
    0.030075084792636333,
    0.030054856693372132,
    0.030070909127220512,
    0.030060550004732796,
    0.0300620609939564,
    0.03006834625219926,
    0.03007316356995143,
    0.030071621004631743,
    0.030082381180720402,
    0.030063561687991024,
    0.030068319083377718,
    0.030064420859375968,
    0.030064760562125592,
    0.0300716349077411,
    0.03008990229219198,
    0.030097555216075853,
    0.03007651129551232,
    0.03006687866812572,
    0.03006030467681121,
    0.030070968210301363,
    0.030073611793108284,
    0.0300758933681529,
    0.030079881310858765,
    0.03008255969923921,
    0.030074246317101642,
    0.030084775692317635,
    0.030077234249562025,
    0.030082765820180067,
    0.030074123787879943,
    0.03007107850247994
  ],
  "train_acc": [
    0.0194,
    0.98,
    0.98,
    0.98,
    0.98,
    0.98,
    0.98,
    0.98,
    0.98,
    0.98,
    0.98,
    0.98,
    0.98,
    0.98,
    0.98,
    0.98,
    0.98,
    0.98,
    0.98,
    0.98,
    0.98,
    0.98,
    0.98,
    0.98,
    0.98,
    0.98,
    0.98,
    0.98,
    0.98,
    0.98,
    0.98,
    0.98,
    0.98,
    0.98,
    0.98,
    0.98,
    0.98,
    0.98,
    0.98,
    0.98,
    0.98,
    0.98,
    0.98,
    0.98,
    0.98,
    0.98,
    0.98,
    0.98,
    0.98,
    0.98,
    0.98,
    0.98,
    0.98,
    0.98,
    0.98,
    0.98,
    0.98,
    0.98,
    0.98,
    0.98,
    0.98,
    0.98,
    0.98,
    0.98,
    0.98,
    0.98,
    0.98,
    0.98,
    0.98,
    0.98,
    0.98,
    0.98,
    0.98,
    0.98,
    0.98,
    0.98,
    0.98,
    0.98,
    0.98,
    0.98,
    0.98,
    0.98,
    0.98,
    0.98,
    0.98,
    0.98,
    0.98,
    0.98,
    0.98,
    0.98,
    0.98,
    0.98,
    0.98,
    0.98,
    0.98,
    0.98,
    0.98,
    0.98,
    0.98,
    0.98,
    0.98
  ],
  "test_acc": [
    0.011903496652141566,
    0.3943033266021894,
    0.3949410139228398,
    0.39515357636305665,
    0.3946221702625146,
    0.3953661388032735,
    0.3961101073440323,
    0.3957912636837071,
    0.3949410139228398,
    0.3940907641619726,
    0.3946221702625146,
    0.3957912636837071,
    0.39483473270273145,
    0.3943033266021894,
    0.39525985758316506,
    0.3945158890424062,
    0.3945158890424062,
    0.3945158890424062,
    0.3945158890424062,
    0.3940907641619726,
    0.3940907641619726,
    0.3949410139228398,
    0.39483473270273145,
    0.39483473270273145,
    0.3944096078222978,
    0.3958975449038155,
    0.39472845148262303,
    0.3949410139228398,
    0.39504729514294823,
    0.3957912636837071,
    0.39600382612392393,
    0.3962163885641407,
    0.3957912636837071,
    0.39483473270273145,
    0.39557870124349026,
    0.3953661388032735,
    0.39557870124349026,
    0.39600382612392393,
    0.39547242002338184,
    0.3957912636837071,
    0.39600382612392393,
    0.3958975449038155,
    0.3953661388032735,
    0.3963226697842491,
    0.39600382612392393,
    0.39674779466468274,
    0.39674779466468274,
    0.3969603571048996,
    0.39674779466468274,
    0.39727920076522477,
    0.39653523222446596,
    0.39653523222446596,
    0.39727920076522477,
    0.3978106068657668,
    0.397066638325008,
    0.3973854819853332,
    0.39823573174620047,
    0.3990859815070677,
    0.39727920076522477,
    0.3966415134445743,
    0.39823573174620047,
    0.3987671378467425,
    0.3986608566266341,
    0.39887341906685087,
    0.39929854394728453,
    0.39961738760760973,
    0.3994048251673929,
    0.4002550749282602,
    0.3989797002869593,
    0.39844829418641725,
    0.3994048251673929,
    0.4003613561483686,
    0.3991922627271761,
    0.399936231267935,
    0.3991922627271761,
    0.3990859815070677,
    0.4002550749282602,
    0.400467637368477,
    0.3989797002869593,
    0.40014879370815176,
    0.4018492932298863,
    0.40131788712934424,
    0.39929854394728453,
    0.40014879370815176,
    0.4005739185885854,
    0.40174301200977786,
    0.40291210543097034,
    0.4022744181103199,
    0.4018492932298863,
    0.40099904346901905,
    0.4021681368902115,
    0.4023806993304283,
    0.40269954299075356,
    0.4024869805505367,
    0.4028058242108619,
    0.40429376129237965,
    0.40333723031140395,
    0.40344351153151237,
    0.4032309490912956,
    0.4049314486130301,
    0.40450632373259643
  ]
}