{
  "epoch": [
    1,
    2000,
    4000,
    6000,
    8000,
    10000,
    12000,
    14000,
    16000,
    18000,
    20000,
    22000,
    24000,
    26000,
    28000,
    30000,
    32000,
    34000,
    36000,
    38000,
    40000,
    42000,
    44000,
    46000,
    48000,
    50000,
    52000,
    54000,
    56000,
    58000,
    60000,
    62000,
    64000,
    66000,
    68000,
    70000,
    72000,
    74000,
    76000,
    78000,
    80000,
    82000,
    84000,
    86000,
    88000,
    90000,
    92000,
    94000,
    96000,
    98000,
    100000,
    102000,
    104000,
    106000,
    108000,
    110000,
    112000,
    114000,
    116000,
    118000,
    120000,
    122000,
    124000,
    126000,
    128000,
    130000,
    132000,
    134000,
    136000,
    138000,
    140000,
    142000,
    144000,
    146000,
    148000,
    150000,
    152000,
    154000,
    156000,
    158000,
    160000,
    162000,
    164000,
    166000,
    168000,
    170000,
    172000,
    174000,
    176000,
    178000,
    180000,
    182000,
    184000,
    186000,
    188000,
    190000,
    192000,
    194000,
    196000,
    198000,
    200000
  ],
  "loss": [
    4.575244998931884,
    0.28799349880996733,
    0.071761569310911,
    0.0706834425566718,
    0.06983845919612795,
    0.06922967335805297,
    0.06875002617537976,
    0.0683581989850849,
    0.06806515177693218,
    0.06779660544153303,
    0.06757071884544566,
    0.06735534556619822,
    0.06718099437970668,
    0.06699838397949934,
    0.06688902422450482,
    0.06677904547862709,
    0.06666926817670464,
    0.06658738336917013,
    0.0664990897802636,
    0.06641126398723572,
    0.06632175230272114,
    0.06624119701385497,
    0.06618298546858131,
    0.06611869364688173,
    0.06606115609426051,
    0.06596893518324941,
    0.06592831958662719,
    0.06586228184532374,
    0.06575973693253473,
    0.06566990399537607,
    0.06558797597223893,
    0.06551611260529608,
    0.06544660930698737,
    0.06537382446229457,
    0.06530500099221244,
    0.06525325957667083,
    0.06516312613841146,
    0.06500728208422661,
    0.0649037250522524,
    0.06476412885673344,
    0.064654850997217,
    0.06447908478155732,
    0.06425059351958334,
    0.06401202155835926,
    0.06380370233152062,
    0.06353209924353287,
    0.06334497591741384,
    0.06325196792809293,
    0.0631050117097795,
    0.0630301464855671,
    0.06298759289029986,
    0.06289937689658254,
    0.06289139939052985,
    0.06286775901103392,
    0.06287686986457557,
    0.06289292376227677,
    0.06293689531087876,
    0.06290759621849283,
    0.06291179114980623,
    0.06290598957827315,
    0.06287922018356622,
    0.06288918147254735,
    0.06292050110911951,
    0.0629405148871243,
    0.06292611419586465,
    0.06295213125832379,
    0.06291947351237759,
    0.06293991002123803,
    0.06294937686752528,
    0.06295057215904817,
    0.06288753762170672,
    0.06295573854707182,
    0.06297430396368726,
    0.06298797086486593,
    0.06299808241799473,
    0.0629681819325313,
    0.06297258746810258,
    0.06296796218082308,
    0.06295167144080624,
    0.0629352399174124,
    0.06298600757997483,
    0.06297523517506197,
    0.06298550148569047,
    0.06300230168402195,
    0.06301504654306918,
    0.06300222987923772,
    0.06295216081961989,
    0.0629606978347525,
    0.06293992931488901,
    0.06294799530617892,
    0.06295991080086678,
    0.06290901670195162,
    0.06291564215701073,
    0.06289216490257532,
    0.06290728888716549,
    0.06294607396880164,
    0.0629051113974303,
    0.06292130167651921,
    0.06295922864228487,
    0.06294607905568556,
    0.0629092263664119
  ],
  "train_acc": [
    0.0214,
    0.9594,
    0.9594,
    0.9594,
    0.9594,
    0.9594,
    0.9594,
    0.9594,
    0.9594,
    0.9594,
    0.9594,
    0.9594,
    0.9594,
    0.9594,
    0.9594,
    0.9594,
    0.9594,
    0.9594,
    0.9594,
    0.9594,
    0.9594,
    0.9594,
    0.9594,
    0.9594,
    0.9594,
    0.9594,
    0.9594,
    0.9594,
    0.9594,
    0.9594,
    0.9594,
    0.9594,
    0.9594,
    0.9594,
    0.9594,
    0.9594,
    0.9594,
    0.9594,
    0.9594,
    0.9594,
    0.9594,
    0.9594,
    0.9594,
    0.9594,
    0.9594,
    0.9594,
    0.9594,
    0.9594,
    0.9594,
    0.9594,
    0.9594,
    0.9594,
    0.9594,
    0.9594,
    0.9594,
    0.9594,
    0.9594,
    0.9594,
    0.9594,
    0.9594,
    0.9594,
    0.9594,
    0.9594,
    0.9594,
    0.9594,
    0.9594,
    0.9594,
    0.9594,
    0.9594,
    0.9594,
    0.9594,
    0.9594,
    0.9594,
    0.9594,
    0.9594,
    0.9594,
    0.9594,
    0.9594,
    0.9594,
    0.9594,
    0.9594,
    0.9594,
    0.9594,
    0.9594,
    0.9594,
    0.9594,
    0.9594,
    0.9594,
    0.9594,
    0.9594,
    0.9594,
    0.9594,
    0.9594,
    0.9594,
    0.9594,
    0.9594,
    0.9594,
    0.9594,
    0.9594,
    0.9594,
    0.9594
  ],
  "test_acc": [
    0.011372090551599533,
    0.36539483473270273,
    0.36539483473270273,
    0.36677649059411205,
    0.3660325220533532,
    0.3663513657136784,
    0.36709533425443724,
    0.36592624083324476,
    0.3677330215750877,
    0.3669890530343288,
    0.3661388032734616,
    0.36709533425443724,
    0.36560739717291957,
    0.36720161547454566,
    0.3676267403549793,
    0.3684769901158465,
    0.36741417791476244,
    0.36560739717291957,
    0.36720161547454566,
    0.3668827718142204,
    0.36868955255606334,
    0.36794558401530447,
    0.36677649059411205,
    0.36720161547454566,
    0.3661388032734616,
    0.36720161547454566,
    0.3663513657136784,
    0.3669890530343288,
    0.3673078966946541,
    0.3678393027951961,
    0.3678393027951961,
    0.3664576469337868,
    0.3665639281538952,
    0.36741417791476244,
    0.36624508449356996,
    0.3673078966946541,
    0.3677330215750877,
    0.36752045913487086,
    0.3661388032734616,
    0.3685832713359549,
    0.36677649059411205,
    0.3682644276756297,
    0.3680518652354129,
    0.3680518652354129,
    0.36741417791476244,
    0.36794558401530447,
    0.36741417791476244,
    0.3660325220533532,
    0.36720161547454566,
    0.36709533425443724,
    0.3676267403549793,
    0.36592624083324476,
    0.3668827718142204,
    0.3661388032734616,
    0.3663513657136784,
    0.3665639281538952,
    0.3680518652354129,
    0.36592624083324476,
    0.36667020937400363,
    0.36720161547454566,
    0.3669890530343288,
    0.36879583377617176,
    0.3661388032734616,
    0.36741417791476244,
    0.3684769901158465,
    0.3681581464555213,
    0.3668827718142204,
    0.36709533425443724,
    0.36709533425443724,
    0.36752045913487086,
    0.36720161547454566,
    0.3684769901158465,
    0.3680518652354129,
    0.3678393027951961,
    0.36752045913487086,
    0.3684769901158465,
    0.3694335210968222,
    0.3684769901158465,
    0.36709533425443724,
    0.3693272398767138,
    0.370177489637581,
    0.3684769901158465,
    0.3673078966946541,
    0.36624508449356996,
    0.3678393027951961,
    0.36868955255606334,
    0.3680518652354129,
    0.3678393027951961,
    0.36794558401530447,
    0.36752045913487086,
    0.3677330215750877,
    0.3685832713359549,
    0.36794558401530447,
    0.37049633329790627,
    0.36996492719736424,
    0.3714528642788819,
    0.3697523647571474,
    0.3693272398767138,
    0.3684769901158465,
    0.3694335210968222,
    0.36879583377617176
  ]
}