{
  "epoch": [
    1,
    2000,
    4000,
    6000,
    8000,
    10000,
    12000,
    14000,
    16000,
    18000,
    20000,
    22000,
    24000,
    26000,
    28000,
    30000,
    32000,
    34000,
    36000,
    38000,
    40000,
    42000,
    44000,
    46000,
    48000,
    50000,
    52000,
    54000,
    56000,
    58000,
    60000,
    62000,
    64000,
    66000,
    68000,
    70000,
    72000,
    74000,
    76000,
    78000,
    80000,
    82000,
    84000,
    86000,
    88000,
    90000,
    92000,
    94000,
    96000,
    98000,
    100000,
    102000,
    104000,
    106000,
    108000,
    110000,
    112000,
    114000,
    116000,
    118000,
    120000,
    122000,
    124000,
    126000,
    128000,
    130000,
    132000,
    134000,
    136000,
    138000,
    140000,
    142000,
    144000,
    146000,
    148000,
    150000,
    152000,
    154000,
    156000,
    158000,
    160000,
    162000,
    164000,
    166000,
    168000,
    170000,
    172000,
    174000,
    176000,
    178000,
    180000,
    182000,
    184000,
    186000,
    188000,
    190000,
    192000,
    194000,
    196000,
    198000,
    200000
  ],
  "loss": [
    4.5753223419189455,
    0.20539716821297363,
    9.148395231015627e-07,
    2.1386414229169758e-07,
    2.0949066891660095e-07,
    2.0659554431929904e-07,
    6.196381838885685e-05,
    3.6337776003712464e-06,
    0.00032225095708973017,
    5.701990696968551e-06,
    0.00032703074773542085,
    4.091350733716581e-06,
    0.0004047240162000385,
    0.00026469098645524414,
    3.7405703970982528e-06,
    0.0002544078636239064,
    0.0003288341798650535,
    4.369244772282599e-06,
    0.0004292661650629931,
    0.0005256859570860108,
    5.021197182266235e-06,
    0.0003095332449989627,
    0.0003085089888073561,
    0.00033546453781446885,
    4.884133499783161e-06,
    0.00046897730036226266,
    0.055175582657847555,
    0.03924272583196871,
    0.03254770837803371,
    0.029357360970927403,
    0.02813297497117892,
    0.027673348848684692,
    0.027480764559609815,
    0.02741226835551206,
    0.02740927299039904,
    0.027403249899251386,
    0.027389763268362732,
    0.027358717777836137,
    0.027391051214328034,
    0.027389272058429198,
    0.027398269810760392,
    0.027374359144316986,
    0.027360602321475743,
    0.027349419270199724,
    0.027353241718630305,
    0.0273380715547828,
    0.027369492341182196,
    0.02734236092697829,
    0.02734081264822744,
    0.027363672800245695,
    0.0273524769264739,
    0.02734764157140162,
    0.027353018130036072,
    0.027386392130795866,
    0.027375816134968773,
    0.027356577251758427,
    0.027356261412939058,
    0.02735249754791148,
    0.02736226769662462,
    0.02737929371264763,
    0.02736135906034615,
    0.0273539708330296,
    0.027343514846451582,
    0.02734604557030834,
    0.02734365836433135,
    0.027364999895123764,
    0.027349463728582487,
    0.027353523971070534,
    0.027352349714236335,
    0.027380103064142167,
    0.027352970147458838,
    0.027365714346151798,
    0.027372265131375754,
    0.027356968713155946,
    0.027357580184261314,
    0.027374373831786217,
    0.027367625493439844,
    0.027362353083165362,
    0.02734361173028592,
    0.027352115350775422,
    0.0273577004984254,
    0.02734852250246331,
    0.027347124654008077,
    0.027341792920581066,
    0.027345734610711225,
    0.027349942658329383,
    0.027350002825679256,
    0.027346087740780785,
    0.027329325370350852,
    0.027333172569284216,
    0.027350096522900276,
    0.027357079858169892,
    0.02733716108626686,
    0.027340033515309916,
    0.027355230206390843,
    0.02734457990564406,
    0.027347108148084952,
    0.027343230579700322,
    0.027346462504239753,
    0.027364410271821543,
    0.027357656547008082
  ],
  "train_acc": [
    0.017,
    1.0,
    1.0,
    1.0,
    1.0,
    1.0,
    1.0,
    1.0,
    1.0,
    1.0,
    1.0,
    1.0,
    1.0,
    1.0,
    1.0,
    1.0,
    1.0,
    1.0,
    1.0,
    1.0,
    1.0,
    1.0,
    1.0,
    1.0,
    1.0,
    1.0,
    0.9814,
    0.9822,
    0.9822,
    0.9824,
    0.9824,
    0.9824,
    0.9824,
    0.9824,
    0.9824,
    0.9824,
    0.9824,
    0.9824,
    0.9824,
    0.9824,
    0.9824,
    0.9824,
    0.9824,
    0.9824,
    0.9824,
    0.9824,
    0.9824,
    0.9824,
    0.9824,
    0.9824,
    0.9824,
    0.9824,
    0.9824,
    0.9824,
    0.9824,
    0.9824,
    0.9824,
    0.9824,
    0.9824,
    0.9824,
    0.9824,
    0.9824,
    0.9824,
    0.9824,
    0.9824,
    0.9824,
    0.9824,
    0.9824,
    0.9824,
    0.9824,
    0.9824,
    0.9824,
    0.9824,
    0.9824,
    0.9824,
    0.9824,
    0.9824,
    0.9824,
    0.9824,
    0.9824,
    0.9824,
    0.9824,
    0.9824,
    0.9824,
    0.9824,
    0.9824,
    0.9824,
    0.9824,
    0.9824,
    0.9824,
    0.9824,
    0.9824,
    0.9824,
    0.9824,
    0.9824,
    0.9824,
    0.9824,
    0.9824,
    0.9824,
    0.9824,
    0.9824
  ],
  "test_acc": [
    0.01147837177170794,
    0.4155595706238708,
    0.4161972579445212,
    0.4181103199064725,
    0.42746306727601235,
    0.4584971835476671,
    0.5117440748219789,
    0.5902858964820916,
    0.6562865341694123,
    0.7532150069082794,
    0.7852056541609098,
    0.8403656073971729,
    0.8768200658943565,
    0.8928685301307259,
    0.9028589648209161,
    0.9227335529811882,
    0.928153895206717,
    0.9356998618344139,
    0.9485598894675311,
    0.9522797321713253,
    0.9542990753533851,
    0.9580189180571793,
    0.9608885110001063,
    0.9421830162610266,
    0.9655648846848762,
    0.9675842278669359,
    0.797002869592943,
    0.6041024550961845,
    0.5101498565203528,
    0.45913487086831756,
    0.42767562971622913,
    0.4143904772026783,
    0.41003294717823363,
    0.4061005420342226,
    0.4057816983738973,
    0.40599426081411416,
    0.4053565734934637,
    0.4049314486130301,
    0.40450632373259643,
    0.40471888617281326,
    0.4048251673929217,
    0.4057816983738973,
    0.40588797959400574,
    0.4065256669146562,
    0.4064193856945478,
    0.4055691359336805,
    0.40769476033584867,
    0.4081198852162823,
    0.40758847911574025,
    0.4097141035179084,
    0.4083324476564991,
    0.4082261664363907,
    0.40790732277606545,
    0.4070570730151982,
    0.4078010415559571,
    0.4065256669146562,
    0.4061005420342226,
    0.4081198852162823,
    0.407269635455415,
    0.40769476033584867,
    0.4068445105749814,
    0.40716335423530664,
    0.40769476033584867,
    0.407269635455415,
    0.4069507917950898,
    0.4083324476564991,
    0.4070570730151982,
    0.40801360399617387,
    0.4093952598575832,
    0.4113083218195345,
    0.4113083218195345,
    0.41056435327877566,
    0.41290254012116057,
    0.4131151025613774,
    0.4139653523222447,
    0.4146030396428951,
    0.41407163354235305,
    0.4155595706238708,
    0.4165161016048464,
    0.4147093208630035,
    0.4147093208630035,
    0.4173663513657137,
    0.41662238282495484,
    0.41715378892549687,
    0.4172600701456053,
    0.419279413327665,
    0.42034222552874906,
    0.4217238813901584,
    0.4223615687108088,
    0.4238495057923265,
    0.42363694335210966,
    0.42363694335210966,
    0.42129875650972476,
    0.425018599213519,
    0.4234243809118929,
    0.42278669359124244,
    0.42310553725156763,
    0.42193644383037515,
    0.425550005314061,
    0.4222552874907004,
    0.42448719311297695
  ],