{
  "epoch": [
    1,
    2000,
    4000,
    6000,
    8000,
    10000,
    12000,
    14000,
    16000,
    18000,
    20000,
    22000,
    24000,
    26000,
    28000,
    30000,
    32000,
    34000,
    36000,
    38000,
    40000,
    42000,
    44000,
    46000,
    48000,
    50000,
    52000,
    54000,
    56000,
    58000,
    60000,
    62000,
    64000,
    66000,
    68000,
    70000,
    72000,
    74000,
    76000,
    78000,
    80000,
    82000,
    84000,
    86000,
    88000,
    90000,
    92000,
    94000,
    96000,
    98000,
    100000,
    102000,
    104000,
    106000,
    108000,
    110000,
    112000,
    114000,
    116000,
    118000,
    120000,
    122000,
    124000,
    126000,
    128000,
    130000,
    132000,
    134000,
    136000,
    138000,
    140000,
    142000,
    144000,
    146000,
    148000,
    150000,
    152000,
    154000,
    156000,
    158000,
    160000,
    162000,
    164000,
    166000,
    168000,
    170000,
    172000,
    174000,
    176000,
    178000,
    180000,
    182000,
    184000,
    186000,
    188000,
    190000,
    192000,
    194000,
    196000,
    198000,
    200000
  ],
  "loss": [
    4.57510986328125,
    0.2400687528907854,
    0.029355801663035527,
    0.02869531794753857,
    0.028203947522910312,
    0.027849026118312033,
    0.02759573092334904,
    0.027461595720471816,
    0.027395929694920777,
    0.027379922168375925,
    0.027378749777236953,
    0.027385016887192613,
    0.027371516645466908,
    0.027365222256816923,
    0.02736538380100392,
    0.027350532515347005,
    0.027368279895861634,
    0.027347990854876117,
    0.02735717343064025,
    0.027351035323133693,
    0.027352644220809453,
    0.027358289885451085,
    0.02736784916673787,
    0.02737574754334055,
    0.027373837375361473,
    0.027373241375014186,
    0.02737610502152238,
    0.027364618894830346,
    0.02733221399458125,
    0.027340182137303055,
    0.02732313432074152,
    0.02731638879913371,
    0.027321063146949747,
    0.027340643423097208,
    0.027339588116668166,
    0.027344279309920966,
    0.027351546456618234,
    0.027352314416132867,
    0.027348905957769603,
    0.027331438690423964,
    0.027369606889854185,
    0.027360504363058136,
    0.02737269754570443,
    0.027370949664968065,
    0.027367072689905764,
    0.027342883739015087,
    0.027361425252305345,
    0.027356782294390723,
    0.027346370517928154,
    0.027334083678224125,
    0.02732562380777672,
    0.027327153409738094,
    0.027326665871497242,
    0.02733240256307181,
    0.027339178592525423,
    0.027334876098157837,
    0.027327284722495824,
    0.027317812058422715,
    0.02732213584915735,
    0.0273350922153797,
    0.027327794747287408,
    0.027334257352165877,
    0.02732461411645636,
    0.027315260466677135,
    0.02733615310085006,
    0.027349208595557138,
    0.02734729937016964,
    0.027340277270996013,
    0.027338589022122325,
    0.027342171600461006,
    0.027335702394042163,
    0.02732999271140434,
    0.02731977073093876,
    0.027332139758276752,
    0.027331630672723987,
    0.027327181919803843,
    0.027338970218482427,
    0.027352308668475597,
    0.02732484451599885,
    0.027329563742596655,
    0.02734566942099482,
    0.027329370730300433,
    0.027328581049642527,
    0.02731668105693534,
    0.027331629337766207,
    0.027335209908336402,
    0.027336365338601173,
    0.027331802545068784,
    0.02734365404509008,
    0.027339388784207403,
    0.02733943340163678,
    0.027333060916047543,
    0.027341608611587433,
    0.027343279124237597,
    0.027337466606579257,
    0.027321164390910417,
    0.027327246310282497,
    0.027331511764414607,
    0.02734076439817436,
    0.02734641951341182,
    0.027323120157467202
  ],
  "train_acc": [
    0.0178,
    0.9824,
    0.9824,
    0.9824,
    0.9824,
    0.9824,
    0.9824,
    0.9824,
    0.9824,
    0.9824,
    0.9824,
    0.9824,
    0.9824,
    0.9824,
    0.9824,
    0.9824,
    0.9824,
    0.9824,
    0.9824,
    0.9824,
    0.9824,
    0.9824,
    0.9824,
    0.9824,
    0.9824,
    0.9824,
    0.9824,
    0.9824,
    0.9824,
    0.9824,
    0.9824,
    0.9824,
    0.9824,
    0.9824,
    0.9824,
    0.9824,
    0.9824,
    0.9824,
    0.9824,
    0.9824,
    0.9824,
    0.9824,
    0.9824,
    0.9824,
    0.9824,
    0.9824,
    0.9824,
    0.9824,
    0.9824,
    0.9824,
    0.9824,
    0.9824,
    0.9824,
    0.9824,
    0.9824,
    0.9824,
    0.9824,
    0.9824,
    0.9824,
    0.9824,
    0.9824,
    0.9824,
    0.9824,
    0.9824,
    0.9824,
    0.9824,
    0.9824,
    0.9824,
    0.9824,
    0.9824,
    0.9824,
    0.9824,
    0.9824,
    0.9824,
    0.9824,
    0.9824,
    0.9824,
    0.9824,
    0.9824,
    0.9824,
    0.9824,
    0.9824,
    0.9824,
    0.9824,
    0.9824,
    0.9824,
    0.9824,
    0.9824,
    0.9824,
    0.9824,
    0.9824,
    0.9824,
    0.9824,
    0.9824,
    0.9824,
    0.9824,
    0.9824,
    0.9824,
    0.9824,
    0.9824,
    0.9824
  ],
  "test_acc": [
    0.011372090551599533,
    0.39982995004782657,
    0.40004251248804334,
    0.40163673078966944,
    0.4006801998086938,
    0.40131788712934424,
    0.40142416834945266,
    0.4011053246891274,
    0.4015304495695611,
    0.4007864810288022,
    0.4011053246891274,
    0.4015304495695611,
    0.40142416834945266,
    0.40142416834945266,
    0.4021681368902115,
    0.40163673078966944,
    0.4019555744499947,
    0.4020618556701031,
    0.40259326177064514,
    0.4015304495695611,
    0.40312466787118717,
    0.40333723031140395,
    0.4023806993304283,
    0.4028058242108619,
    0.4032309490912956,
    0.4039749176320544,
    0.40440004251248807,
    0.40461260495270485,
    0.40312466787118717,
    0.40429376129237965,
    0.40312466787118717,
    0.40386863641194604,
    0.4035497927516208,
    0.4037623551918376,
    0.40503772983313846,
    0.40546285471357213,
    0.4065256669146562,
    0.40546285471357213,
    0.4051440110532469,
    0.40631310447443936,
    0.4061005420342226,
    0.4066319481347646,
    0.4066319481347646,
    0.40758847911574025,
    0.4073759166755234,
    0.4070570730151982,
    0.40620682325433094,
    0.4082261664363907,
    0.4066319481347646,
    0.4085450100967159,
    0.40790732277606545,
    0.4082261664363907,
    0.41077691571899244,
    0.4102455096184504,
    0.40907641619725793,
    0.4099266659581252,
    0.4093952598575832,
    0.4099266659581252,
    0.40950154107769154,
    0.4116271654798597,
    0.4116271654798597,
    0.4122648528005102,
    0.41247741524072695,
    0.4115208842597513,
    0.41045807205866724,
    0.41407163354235305,
    0.4144967584227867,
    0.413540227441811,
    0.416409820384738,
    0.4142841959825699,
    0.4151344457434371,
    0.4146030396428951,
    0.4151344457434371,
    0.41534700818365394,
    0.4152407269635455,
    0.4175789138059305,
    0.41715378892549687,
    0.41662238282495484,
    0.41672866404506326,
    0.4163035391646296,
    0.4177914762461473,
    0.41906685088744816,
    0.4189605696673398,
    0.42034222552874906,
    0.4197045382080986,
    0.419279413327665,
    0.42129875650972476,
    0.42129875650972476,
    0.4218301626102668,
    0.422680412371134,
    0.4229992560314592,
    0.4238495057923265,
    0.4237432245722181,
    0.4242746306727601,
    0.42363694335210966,
    0.4235306621320013,
    0.4252311616537358,
    0.425018599213519,
    0.4252311616537358,
    0.4241683494526517,
    0.42310553725156763
  ],