{
  "epoch": [
    1,
    2000,
    4000,
    6000,
    8000,
    10000,
    12000,
    14000,
    16000,
    18000,
    20000,
    22000,
    24000,
    26000,
    28000,
    30000,
    32000,
    34000,
    36000,
    38000,
    40000,
    42000,
    44000,
    46000,
    48000,
    50000,
    52000,
    54000,
    56000,
    58000,
    60000,
    62000,
    64000,
    66000,
    68000,
    70000,
    72000,
    74000,
    76000,
    78000,
    80000,
    82000,
    84000,
    86000,
    88000,
    90000,
    92000,
    94000,
    96000,
    98000,
    100000,
    102000,
    104000
  ],
  "loss": [
    4.576101064682007,
    0.23305118537103556,
    0.02790837818006985,
    0.027279290666105224,
    0.026833708168496378,
    0.026522888157726264,
    0.026351156859495677,
    0.02622972673967015,
    0.02619974713269621,
    0.026210039455303924,
    0.026215367735014296,
    0.026235634466959163,
    0.02621905746825505,
    0.026215130009828135,
    0.026218374559120274,
    0.02622414402065333,
    0.026214119647443294,
    0.02620714014689438,
    0.026218509645899758,
    0.02621173497941345,
    0.026200615538330748,
    0.02620751882083714,
    0.026180380304926074,
    0.02620261947249528,
    0.026196889434685,
    0.026198511343030258,
    0.2125053163477305,
    9.956299603658182e-07,
    2.2645365884912393e-07,
    2.1752966925774332e-07,
    2.1668097575044953e-07,
    2.1556137420901678e-07,
    0.00010270482260498426,
    3.080738549832773e-06,
    7.974941819280445e-05,
    0.00016711060699382187,
    4.956229898738229e-06,
    0.00031406142766680814,
    4.108979542041169e-06,
    0.0003470127496485503,
    0.0002752924959327615,
    4.665940271963365e-06,
    0.00035116061489911203,
    0.00042000860277610104,
    5.216220151871909e-06,
    0.0007043819058840377,
    0.000240733874195616,
    4.479082435688753e-06,
    0.00026167455396244036,
    0.00023425818956286477,
    3.7837756639333973e-06,
    0.00021245927467463587,
    0.00041266249442325814
  ],
  "train_acc": [
    0.0214,
    0.983,
    0.983,
    0.983,
    0.983,
    0.983,
    0.983,
    0.983,
    0.983,
    0.983,
    0.983,
    0.983,
    0.983,
    0.983,
    0.983,
    0.983,
    0.983,
    0.983,
    0.983,
    0.983,
    0.983,
    0.983,
    0.983,
    0.983,
    0.983,
    0.983,
    1.0,
    1.0,
    1.0,
    1.0,
    1.0,
    1.0,
    1.0,
    1.0,
    1.0,
    1.0,
    1.0,
    1.0,
    1.0,
    1.0,
    1.0,
    1.0,
    1.0,
    1.0,
    1.0,
    1.0,
    1.0,
    1.0,
    1.0,
    1.0,
    1.0,
    1.0,
    1.0
  ],
  "test_acc": [
    0.011797215432033159,
    0.3957912636837071,
    0.39504729514294823,
    0.39525985758316506,
    0.3962163885641407,
    0.39557870124349026,
    0.3961101073440323,
    0.3956849824635987,
    0.39525985758316506,
    0.3957912636837071,
    0.39557870124349026,
    0.3966415134445743,
    0.3958975449038155,
    0.3961101073440323,
    0.39600382612392393,
    0.39685407588479116,
    0.3958975449038155,
    0.39600382612392393,
    0.3958975449038155,
    0.3966415134445743,
    0.39642895100435754,
    0.397066638325008,
    0.39642895100435754,
    0.3969603571048996,
    0.39717291954511635,
    0.39685407588479116,
    0.4102455096184504,
    0.41045807205866724,
    0.4115208842597513,
    0.4146030396428951,
    0.42363694335210966,
    0.44935699861834416,
    0.4844298012541184,
    0.5712615580826867,
    0.6388564140716335,
    0.6662769688596025,
    0.7689446274843236,
    0.7995536188755447,
    0.8403656073971729,
    0.868848974386226,
    0.8786268466361994,
    0.9019024338399405,
    0.9145498990328409,
    0.9213518971197789,
    0.9318737379105112,
    0.9365501115952811,
    0.9324051440110532,
    0.9466468275055797,
    0.9507917950898076,
    0.9514294824104581,
    0.9548304814539271,
    0.9597194175789138,
    0.9628015729620576
  ],
  "phase": [
    1,
    1,
    1,
    1,
    1,
    1,
    1,
    1,
    1,
    1,
    1,
    1,
    1,
    1,
    1,
    1,
    1,
    1,
    1,
    1,
    1,
    1,
    1,
    1,
    1,
    1,
    2,
    2,
    2,
    2,
    2,
    2,
    2,
    2,
    2,
    2,
    2,
    2,
    2,
    2,
    2,
    2,
    2,
    2,
    2,
    2,
    2,
    2,
    2,
    2,
    2,
    2,
    2
  ]
}