{
  "epoch": [
    1,
    2000,
    4000,
    6000,
    8000,
    10000,
    12000,
    14000,
    16000,
    18000,
    20000,
    22000,
    24000,
    26000,
    28000,
    30000,
    32000,
    34000,
    36000,
    38000,
    40000,
    42000,
    44000,
    46000,
    48000,
    50000,
    52000,
    54000,
    56000,
    58000,
    60000,
    62000,
    64000,
    66000,
    68000,
    70000,
    72000,
    74000,
    76000,
    78000,
    80000,
    82000,
    84000,
    86000,
    88000
  ],
  "loss": [
    4.5753326416015625,
    0.237558530172936,
    0.026762874671677126,
    0.02616810934660025,
    0.025819012239295988,
    0.0255756939859828,
    0.02546617624766659,
    0.02540477892232593,
    0.025364899016590788,
    0.025351844313531182,
    0.025346362299029715,
    0.02536330603584647,
    0.025359317766176538,
    0.025343805867270565,
    0.025338181268563496,
    0.02536635954189114,
    0.025354626251000444,
    0.025336327482841443,
    0.02533915505455807,
    0.02533335467124125,
    0.02533981272059027,
    0.02531743202561047,
    0.02533719814242795,
    0.025333264274522663,
    0.025322348019306083,
    0.025328099406394175,
    0.0011897529308831914,
    1.970645741288024e-07,
    2.063527464805759e-07,
    2.037105201722511e-07,
    2.0178826101542312e-07,
    0.00011065288454141822,
    3.483128034249461e-06,
    4.4128204182811e-05,
    2.1893321433594793e-07,
    0.00023846244170144218,
    0.00024022122147892376,
    2.7760791020064347e-06,
    0.0003766420299453223,
    0.0002750722263698293,
    4.1607533931326655e-06,
    0.0004466815855342297,
    0.00018240964429522464,
    2.9290887989532164e-06,
    0.0004104918530350972
  ],
  "train_acc": [
    0.0172,
    0.9832,
    0.9832,
    0.9832,
    0.9832,
    0.9832,
    0.9832,
    0.9832,
    0.9832,
    0.9832,
    0.9832,
    0.9832,
    0.9832,
    0.9832,
    0.9832,
    0.9832,
    0.9832,
    0.9832,
    0.9832,
    0.9832,
    0.9832,
    0.9832,
    0.9832,
    0.9832,
    0.9832,
    0.9832,
    1.0,
    1.0,
    1.0,
    1.0,
    1.0,
    1.0,
    1.0,
    1.0,
    1.0,
    1.0,
    1.0,
    1.0,
    1.0,
    1.0,
    1.0,
    1.0,
    1.0,
    1.0,
    1.0
  ],
  "test_acc": [
    0.011265809331491126,
    0.40004251248804334,
    0.400467637368477,
    0.4003613561483686,
    0.4005739185885854,
    0.40142416834945266,
    0.4006801998086938,
    0.4007864810288022,
    0.4006801998086938,
    0.40089276224891063,
    0.4002550749282602,
    0.40131788712934424,
    0.40014879370815176,
    0.40131788712934424,
    0.40131788712934424,
    0.4015304495695611,
    0.4015304495695611,
    0.4018492932298863,
    0.4018492932298863,
    0.4028058242108619,
    0.40301838665107875,
    0.4032309490912956,
    0.4028058242108619,
    0.40291210543097034,
    0.4032309490912956,
    0.4020618556701031,
    0.419279413327665,
    0.4218301626102668,
    0.4330959719417579,
    0.46699968115633966,
    0.533425443724094,
    0.6067594855988947,
    0.7070889573812308,
    0.767775534063131,
    0.8216601126580934,
    0.8709745987883941,
    0.8922308428100755,
    0.9145498990328409,
    0.9316611754702944,
    0.9421830162610266,
    0.9510043575300244,
    0.9600382612392391,
    0.965777447125093,
    0.9681156339674779,
    0.9728982888723563
  ],
  "phase": [
    1,
    1,
    1,
    1,
    1,
    1,
    1,
    1,
    1,
    1,
    1,
    1,
    1,
    1,
    1,
    1,
    1,
    1,
    1,
    1,
    1,
    1,
    1,
    1,
    1,
    1,
    2,
    2,
    2,
    2,
    2,
    2,
    2,
    2,
    2,
    2,
    2,
    2,
    2,
    2,
    2,
    2,
    2,
    2,
    2
  ]
}