{
  "epoch": [
    1,
    2000,
    4000,
    6000,
    8000,
    10000,
    12000,
    14000,
    16000,
    18000,
    20000,
    22000,
    24000,
    26000,
    28000,
    30000,
    32000,
    34000,
    36000,
    38000,
    40000,
    42000,
    44000,
    46000,
    48000,
    50000,
    52000,
    54000,
    56000
  ],
  "loss": [
    4.5753223419189455,
    0.20539716821297363,
    9.148395231015627e-07,
    2.1386414229169758e-07,
    2.0949066891660095e-07,
    2.0659554431929904e-07,
    6.196381838885685e-05,
    3.6337776003712464e-06,
    0.00032225095708973017,
    5.701990696968551e-06,
    0.00032703074773542085,
    4.091350733716581e-06,
    0.0004047240162000385,
    0.00026469098645524414,
    3.7405703970982528e-06,
    0.0002544078636239064,
    0.0003288341798650535,
    4.369244772282599e-06,
    0.0004292661650629931,
    0.0005256859570860108,
    5.021197182266235e-06,
    0.0003095332449989627,
    0.0003085089888073561,
    0.00033546453781446885,
    4.884133499783161e-06,
    0.00046897730036226266,
    0.000448423069415869,
    5.225064178273442e-06,
    0.000495380012571087
  ],
  "train_acc": [
    0.017,
    1.0,
    1.0,
    1.0,
    1.0,
    1.0,
    1.0,
    1.0,
    1.0,
    1.0,
    1.0,
    1.0,
    1.0,
    1.0,
    1.0,
    1.0,
    1.0,
    1.0,
    1.0,
    1.0,
    1.0,
    1.0,
    1.0,
    1.0,
    1.0,
    1.0,
    1.0,
    1.0,
    1.0
  ],
  "test_acc": [
    0.01147837177170794,
    0.4155595706238708,
    0.4161972579445212,
    0.4181103199064725,
    0.42746306727601235,
    0.4584971835476671,
    0.5117440748219789,
    0.5902858964820916,
    0.6562865341694123,
    0.7532150069082794,
    0.7852056541609098,
    0.8403656073971729,
    0.8768200658943565,
    0.8928685301307259,
    0.9028589648209161,
    0.9227335529811882,
    0.928153895206717,
    0.9356998618344139,
    0.9485598894675311,
    0.9522797321713253,
    0.9542990753533851,
    0.9580189180571793,
    0.9608885110001063,
    0.9421830162610266,
    0.9655648846848762,
    0.9675842278669359,
    0.9507917950898076,
    0.9686470400680199,
    0.9704538208098629
  ],
  "phase": [
    1,
    1,
    1,
    1,
    1,
    1,
    1,
    1,
    1,
    1,
    1,
    1,
    1,
    1,
    1,
    1,
    1,
    1,
    1,
    1,
    1,
    1,
    1,
    1,
    1,
    1,
    1,
    1,
    1
  ]
}