{
  "epoch": [
    1,
    2000,
    4000,
    6000,
    8000,
    10000,
    12000,
    14000,
    16000,
    18000,
    20000,
    22000,
    24000,
    26000,
    28000,
    30000,
    32000,
    34000,
    36000,
    38000,
    40000,
    42000,
    44000,
    46000,
    48000,
    50000,
    52000,
    54000,
    56000,
    58000,
    60000,
    62000,
    64000,
    66000,
    68000,
    70000,
    72000,
    74000,
    76000,
    78000,
    80000,
    82000,
    84000,
    86000,
    88000,
    90000,
    92000,
    94000,
    96000
  ],
  "loss": [
    4.575844430923462,
    0.22846193661672876,
    0.022759212380292593,
    0.02218543173893122,
    0.021767948102368973,
    0.02156112292405451,
    0.021456681835185735,
    0.021435550167760813,
    0.021411396993673407,
    0.021367825024132616,
    0.02139823149277363,
    0.02139621513367165,
    0.021394974627601916,
    0.02139987361424719,
    0.02139452495360747,
    0.021402750349906272,
    0.021413751495513132,
    0.021403522323630752,
    0.021376815185742453,
    0.02136761955691036,
    0.0213656823365367,
    0.021362331627774983,
    0.02135640497135464,
    0.02136661190191482,
    0.021389922665501944,
    0.0213869724256685,
    0.20051719447343444,
    8.290682841590069e-07,
    2.1412862274416967e-07,
    2.0439881343747855e-07,
    2.0096577240593662e-07,
    1.981244480916189e-07,
    1.9624050695767893e-07,
    0.00032711568673703584,
    4.299347198864467e-06,
    0.00011436100390541383,
    0.0002575583742355057,
    4.8555269493313345e-06,
    0.00017122783045006145,
    7.572725062622965e-07,
    0.00039694459295147697,
    0.0003599375860133783,
    3.885641366372284e-06,
    0.00028176932639560875,
    0.00047407459324476804,
    4.774158986500509e-06,
    0.00017500194693328766,
    0.00038648818419312396,
    3.834418838236076e-06
  ],
  "train_acc": [
    0.0146,
    0.986,
    0.986,
    0.986,
    0.986,
    0.986,
    0.986,
    0.986,
    0.986,
    0.986,
    0.986,
    0.986,
    0.986,
    0.986,
    0.986,
    0.986,
    0.986,
    0.986,
    0.986,
    0.986,
    0.986,
    0.986,
    0.986,
    0.986,
    0.986,
    0.986,
    1.0,
    1.0,
    1.0,
    1.0,
    1.0,
    1.0,
    1.0,
    1.0,
    1.0,
    1.0,
    1.0,
    1.0,
    1.0,
    1.0,
    1.0,
    1.0,
    1.0,
    1.0,
    1.0,
    1.0,
    1.0,
    1.0,
    1.0
  ],
  "test_acc": [
    0.01041555957062387,
    0.3962163885641407,
    0.3963226697842491,
    0.39557870124349026,
    0.3962163885641407,
    0.3969603571048996,
    0.3966415134445743,
    0.39727920076522477,
    0.39600382612392393,
    0.3962163885641407,
    0.39674779466468274,
    0.39557870124349026,
    0.39759804442555,
    0.39823573174620047,
    0.39887341906685087,
    0.39834201296630883,
    0.3986608566266341,
    0.39812945052609205,
    0.3977043256456584,
    0.39844829418641725,
    0.3979168880858752,
    0.3986608566266341,
    0.3990859815070677,
    0.3994048251673929,
    0.39961738760760973,
    0.4002550749282602,
    0.4126899776809438,
    0.41332766500159424,
    0.415878414284196,
    0.4218301626102668,
    0.4408545010096716,
    0.4811350834307578,
    0.5467105962376448,
    0.5981507067701137,
    0.699330428313317,
    0.7613986608566267,
    0.7915825273674142,
    0.850037198427038,
    0.8712934424487193,
    0.8903177808481242,
    0.9149750239132746,
    0.9251780210436816,
    0.9365501115952811,
    0.9472845148262302,
    0.952173450951217,
    0.9559995748751196,
    0.9613136358805399,
    0.9650334785843342,
    0.966840259326177
  ],
  "phase": [
    1,
    1,
    1,
    1,
    1,
    1,
    1,
    1,
    1,
    1,
    1,
    1,
    1,
    1,
    1,
    1,
    1,
    1,
    1,
    1,
    1,
    1,
    1,
    1,
    1,
    1,
    2,
    2,
    2,
    2,
    2,
    2,
    2,
    2,
    2,
    2,
    2,
    2,
    2,
    2,
    2,
    2,
    2,
    2,
    2,
    2,
    2,
    2,
    2
  ]
}