{
  "epoch": [
    1,
    2000,
    4000,
    6000,
    8000,
    10000,
    12000,
    14000,
    16000,
    18000,
    20000,
    22000,
    24000,
    26000,
    28000,
    30000,
    32000,
    34000,
    36000,
    38000,
    40000,
    42000,
    44000,
    46000,
    48000,
    50000,
    52000,
    54000,
    56000,
    58000,
    60000,
    62000,
    64000,
    66000,
    68000,
    70000,
    72000,
    74000,
    76000,
    78000,
    80000,
    82000,
    84000
  ],
  "loss": [
    4.575844430923462,
    0.22846193661672876,
    0.022759212380292593,
    0.02218543173893122,
    0.021767948102368973,
    0.02156112292405451,
    0.021456681835185735,
    0.021435550167760813,
    0.021411396993673407,
    0.021367825024132616,
    0.02139823149277363,
    0.02139621513367165,
    0.021394974627601916,
    0.02139987361424719,
    0.02139452495360747,
    0.021402750349906272,
    0.021413751495513132,
    0.021403522323630752,
    0.021376815185742453,
    0.02136761955691036,
    0.0213656823365367,
    0.021362331627774983,
    0.02135640497135464,
    0.02136661190191482,
    0.021389922665501944,
    0.0213869724256685,
    0.0013551087752058579,
    1.809455928089676e-07,
    1.8328477109506024e-07,
    1.8126902812198863e-07,
    1.8295442381344172e-07,
    0.00038268789799305767,
    5.3198195682469416e-06,
    0.000141852758357129,
    0.00019750861416451286,
    3.981047985645603e-06,
    0.000312106168862276,
    0.00020136280191193308,
    3.862505105677627e-06,
    0.0001597666415876745,
    0.00042869794363105667,
    4.644819051422644e-06,
    0.0002607841337739998
  ],
  "train_acc": [
    0.0146,
    0.986,
    0.986,
    0.986,
    0.986,
    0.986,
    0.986,
    0.986,
    0.986,
    0.986,
    0.986,
    0.986,
    0.986,
    0.986,
    0.986,
    0.986,
    0.986,
    0.986,
    0.986,
    0.986,
    0.986,
    0.986,
    0.986,
    0.986,
    0.986,
    0.986,
    1.0,
    1.0,
    1.0,
    1.0,
    1.0,
    1.0,
    1.0,
    1.0,
    1.0,
    1.0,
    1.0,
    1.0,
    1.0,
    1.0,
    1.0,
    1.0,
    1.0
  ],
  "test_acc": [
    0.01041555957062387,
    0.3962163885641407,
    0.3963226697842491,
    0.39557870124349026,
    0.3962163885641407,
    0.3969603571048996,
    0.3966415134445743,
    0.39727920076522477,
    0.39600382612392393,
    0.3962163885641407,
    0.39674779466468274,
    0.39557870124349026,
    0.39759804442555,
    0.39823573174620047,
    0.39887341906685087,
    0.39834201296630883,
    0.3986608566266341,
    0.39812945052609205,
    0.3977043256456584,
    0.39844829418641725,
    0.3979168880858752,
    0.3986608566266341,
    0.3990859815070677,
    0.3994048251673929,
    0.39961738760760973,
    0.4002550749282602,
    0.4201296630885323,
    0.43426506536295034,
    0.47762780316718034,
    0.5601020299713041,
    0.6652141566585185,
    0.742693166117547,
    0.8314379849080668,
    0.8712934424487193,
    0.8937187798915932,
    0.9226272717610798,
    0.9358061430545223,
    0.9418641726007014,
    0.9525985758316505,
    0.9590817302582634,
    0.9573812307365288,
    0.9672653842066107,
    0.970241258369646
  ],
  "phase": [
    1,
    1,
    1,
    1,
    1,
    1,
    1,
    1,
    1,
    1,
    1,
    1,
    1,
    1,
    1,
    1,
    1,
    1,
    1,
    1,
    1,
    1,
    1,
    1,
    1,
    1,
    2,
    2,
    2,
    2,
    2,
    2,
    2,
    2,
    2,
    2,
    2,
    2,
    2,
    2,
    2,
    2,
    2
  ]
}