{
  "epoch": [
    1,
    2000,
    4000,
    6000,
    8000,
    10000,
    12000,
    14000,
    16000,
    18000,
    20000,
    22000,
    24000,
    26000,
    28000,
    30000,
    32000,
    34000,
    36000,
    38000,
    40000,
    42000,
    44000,
    46000,
    48000,
    50000,
    52000
  ],
  "loss": [
    4.576160430908203,
    0.19801154048933955,
    7.907644194460772e-07,
    2.052492282906826e-07,
    2.0492838148555849e-07,
    2.031962331216164e-07,
    9.791548098047614e-05,
    3.5025900832856393e-06,
    0.00012081664230470252,
    5.148772582721577e-05,
    2.713277760494748e-06,
    0.00026722307050243687,
    0.00016177534014556017,
    4.577358960031575e-06,
    0.0003868413950662706,
    5.0363885604454595e-06,
    0.00027512768218664334,
    0.00022136715300890303,
    3.7076588331750315e-06,
    0.0003658436270671217,
    0.00042928962935608864,
    4.105627382477195e-06,
    0.00034573034511945194,
    0.0003383263469745174,
    4.068034947540866e-06,
    0.00041154666306314665,
    0.051110443219938316
  ],
  "train_acc": [
    0.0208,
    1.0,
    1.0,
    1.0,
    1.0,
    1.0,
    1.0,
    1.0,
    1.0,
    1.0,
    1.0,
    1.0,
    1.0,
    1.0,
    1.0,
    1.0,
    1.0,
    1.0,
    1.0,
    1.0,
    1.0,
    1.0,
    1.0,
    1.0,
    1.0,
    1.0,
    0.9828
  ],
  "test_acc": [
    0.012860027633117228,
    0.4103517908385588,
    0.4126899776809438,
    0.41832288234668935,
    0.43564672122435966,
    0.47890317780848124,
    0.5303432883409501,
    0.6163247954086513,
    0.6731852481666489,
    0.7277075140822616,
    0.7752152194707195,
    0.8072058667233499,
    0.8041237113402062,
    0.8794770963970666,
    0.8910617493888829,
    0.9157189924540333,
    0.9309172069295355,
    0.9376129237963652,
    0.945902858964821,
    0.9547242002338187,
    0.9572749495164204,
    0.9600382612392391,
    0.9649271973642257,
    0.9653523222446594,
    0.9662025720055266,
    0.970241258369646,
    0.7738335636093102
  ],
  "phase": [
    1,
    1,
    1,
    1,
    1,
    1,
    1,
    1,
    1,
    1,
    1,
    1,
    1,
    1,
    1,
    1,
    1,
    1,
    1,
    1,
    1,
    1,
    1,
    1,
    1,
    1,
    2
  ]
}