{
  "epoch": [
    1,
    2000,
    4000,
    6000,
    8000,
    10000,
    12000,
    14000,
    16000,
    18000,
    20000,
    22000,
    24000,
    26000,
    28000,
    30000,
    32000,
    34000,
    36000,
    38000,
    40000,
    42000,
    44000,
    46000,
    48000,
    50000,
    52000,
    54000,
    56000,
    58000,
    60000,
    62000,
    64000,
    66000,
    68000,
    70000,
    72000,
    74000,
    76000,
    78000,
    80000,
    82000,
    84000,
    86000,
    88000,
    90000,
    92000,
    94000,
    96000
  ],
  "loss": [
    4.575655078887939,
    0.22945510670065175,
    0.022594858991249932,
    0.02207199869385222,
    0.021792490821459797,
    0.021630707458849065,
    0.021550322276278167,
    0.021521016368549317,
    0.021502296274271793,
    0.02150246849494288,
    0.021484191769594325,
    0.021480792774050496,
    0.02148094292576425,
    0.02146899010424968,
    0.021453149690735154,
    0.02146522187545197,
    0.02147781479205005,
    0.02146311749407323,
    0.021454791496368125,
    0.021461547484272158,
    0.02145722707938403,
    0.02144194712950848,
    0.021435792541713454,
    0.02144184815402841,
    0.021436664056987503,
    0.021443296097638086,
    0.20051719447343444,
    8.290682841590069e-07,
    2.1412862274416967e-07,
    2.0439881343747855e-07,
    2.0096577240593662e-07,
    1.981244480916189e-07,
    1.9624050695767893e-07,
    0.00032711568673703584,
    4.299347198864467e-06,
    0.00011436100390541383,
    0.0002575583742355057,
    4.8555269493313345e-06,
    0.00017122783045006145,
    7.572725062622965e-07,
    0.00039694459295147697,
    0.0003599375860133783,
    3.885641366372284e-06,
    0.00028176932639560875,
    0.00047407459324476804,
    4.774158986500509e-06,
    0.00017500194693328766,
    0.00038648818419312396,
    3.834418838236076e-06
  ],
  "train_acc": [
    0.016,
    0.9858,
    0.9858,
    0.9858,
    0.9858,
    0.9858,
    0.9858,
    0.9858,
    0.9858,
    0.9858,
    0.9858,
    0.9858,
    0.9858,
    0.9858,
    0.9858,
    0.9858,
    0.9858,
    0.9858,
    0.9858,
    0.9858,
    0.9858,
    0.9858,
    0.9858,
    0.9858,
    0.9858,
    0.9858,
    1.0,
    1.0,
    1.0,
    1.0,
    1.0,
    1.0,
    1.0,
    1.0,
    1.0,
    1.0,
    1.0,
    1.0,
    1.0,
    1.0,
    1.0,
    1.0,
    1.0,
    1.0,
    1.0,
    1.0,
    1.0,
    1.0,
    1.0
  ],
  "test_acc": [
    0.01115952811138272,
    0.39600382612392393,
    0.3963226697842491,
    0.39653523222446596,
    0.397066638325008,
    0.39685407588479116,
    0.3963226697842491,
    0.39727920076522477,
    0.397066638325008,
    0.39759804442555,
    0.397066638325008,
    0.39727920076522477,
    0.397066638325008,
    0.397066638325008,
    0.3962163885641407,
    0.3979168880858752,
    0.3990859815070677,
    0.3990859815070677,
    0.3979168880858752,
    0.399936231267935,
    0.3991922627271761,
    0.3994048251673929,
    0.39972366882771815,
    0.40099904346901905,
    0.4023806993304283,
    0.4022744181103199,
    0.4126899776809438,
    0.41332766500159424,
    0.415878414284196,
    0.4218301626102668,
    0.4408545010096716,
    0.4811350834307578,
    0.5467105962376448,
    0.5981507067701137,
    0.699330428313317,
    0.7613986608566267,
    0.7915825273674142,
    0.850037198427038,
    0.8712934424487193,
    0.8903177808481242,
    0.9149750239132746,
    0.9251780210436816,
    0.9365501115952811,
    0.9472845148262302,
    0.952173450951217,
    0.9559995748751196,
    0.9613136358805399,
    0.9650334785843342,
    0.966840259326177
  ],
  "phase": [
    1,
    1,
    1,
    1,
    1,
    1,
    1,
    1,
    1,
    1,
    1,
    1,
    1,
    1,
    1,
    1,
    1,
    1,
    1,
    1,
    1,
    1,
    1,
    1,
    1,
    1,
    2,
    2,
    2,
    2,
    2,
    2,
    2,
    2,
    2,
    2,
    2,
    2,
    2,
    2,
    2,
    2,
    2,
    2,
    2,
    2,
    2,
    2,
    2
  ]
}