{
  "epoch": [
    1,
    2000,
    4000,
    6000,
    8000,
    10000,
    12000,
    14000,
    16000,
    18000,
    20000,
    22000,
    24000,
    26000,
    28000,
    30000,
    32000,
    34000,
    36000,
    38000,
    40000,
    42000,
    44000,
    46000,
    48000,
    50000,
    52000,
    54000,
    56000,
    58000,
    60000,
    62000,
    64000,
    66000,
    68000,
    70000,
    72000,
    74000,
    76000,
    78000,
    80000,
    82000,
    84000,
    86000,
    88000,
    90000,
    92000,
    94000,
    96000,
    98000,
    100000,
    102000,
    104000,
    106000,
    108000,
    110000,
    112000,
    114000,
    116000,
    118000,
    120000,
    122000,
    124000,
    126000,
    128000,
    130000,
    132000,
    134000,
    136000,
    138000,
    140000,
    142000,
    144000,
    146000,
    148000,
    150000,
    152000,
    154000,
    156000,
    158000,
    160000,
    162000,
    164000,
    166000,
    168000,
    170000,
    172000,
    174000,
    176000,
    178000,
    180000,
    182000,
    184000,
    186000,
    188000,
    190000,
    192000,
    194000,
    196000,
    198000,
    200000
  ],
  "loss": [
    4.575844430923462,
    0.22846193661672876,
    0.022759212380292593,
    0.02218543173893122,
    0.021767948102368973,
    0.02156112292405451,
    0.021456681835185735,
    0.021435550167760813,
    0.021411396993673407,
    0.021367825024132616,
    0.02139823149277363,
    0.02139621513367165,
    0.021394974627601916,
    0.02139987361424719,
    0.02139452495360747,
    0.021402750349906272,
    0.021413751495513132,
    0.021403522323630752,
    0.021376815185742453,
    0.02136761955691036,
    0.0213656823365367,
    0.021362331627774983,
    0.02135640497135464,
    0.02136661190191482,
    0.021389922665501944,
    0.0213869724256685,
    0.02137540858630091,
    0.02138698400998255,
    0.02138149388268357,
    0.02137349316694308,
    0.021384528441051952,
    0.021361512934090568,
    0.021358258512662723,
    0.021350521433539688,
    0.021374730698321947,
    0.021360087058739735,
    0.021364720500982367,
    0.02137257111584768,
    0.02138006124671083,
    0.021356593919976147,
    0.021371741367597133,
    0.02136723244911991,
    0.02136033476332668,
    0.02134949475270696,
    0.021360221336665562,
    0.021353048218321055,
    0.02136489926109789,
    0.021356216920143924,
    0.021370699177542703,
    0.021349856342631392,
    0.021350012660271023,
    0.02136123880466912,
    0.021346624842635355,
    0.021358993233507498,
    0.02134091145368875,
    0.021358060717012267,
    0.02134076488200808,
    0.02134974954605568,
    0.021363864713092335,
    0.02135089795670938,
    0.02134905572743155,
    0.021365717510995454,
    0.021362750090740155,
    0.021383289216051343,
    0.021372630345524522,
    0.021357646694849245,
    0.021360496554453857,
    0.021344038151088172,
    0.021345021106954663,
    0.021353065363224597,
    0.021361862328089773,
    0.021365301610599272,
    0.02137611502930522,
    0.02137682319028536,
    0.021376318900112528,
    0.021361989699164405,
    0.021371942773775663,
    0.021367952155624516,
    0.021365744875301608,
    0.021388656941149383,
    0.02137379720583558,
    0.021378000005555804,
    0.021373618433182126,
    0.02135491733427625,
    0.021363064315658993,
    0.021362705754395573,
    0.021369570531044154,
    0.021363134460675063,
    0.021340004835464062,
    0.0213429268302978,
    0.021354410934529732,
    0.021347541629965418,
    0.021356544524698984,
    0.021360086140991188,
    0.021346232449181844,
    0.02135058519244194,
    0.021372142137540795,
    0.021372386150504463,
    0.02135951672458323,
    0.021347935213614257,
    0.021374880581127947
  ],
  "train_acc": [
    0.0146,
    0.986,
    0.986,
    0.986,
    0.986,
    0.986,
    0.986,
    0.986,
    0.986,
    0.986,
    0.986,
    0.986,
    0.986,
    0.986,
    0.986,
    0.986,
    0.986,
    0.986,
    0.986,
    0.986,
    0.986,
    0.986,
    0.986,
    0.986,
    0.986,
    0.986,
    0.986,
    0.986,
    0.986,
    0.986,
    0.986,
    0.986,
    0.986,
    0.986,
    0.986,
    0.986,
    0.986,
    0.986,
    0.986,
    0.986,
    0.986,
    0.986,
    0.986,
    0.986,
    0.986,
    0.986,
    0.986,
    0.986,
    0.986,
    0.986,
    0.986,
    0.986,
    0.986,
    0.986,
    0.986,
    0.986,
    0.986,
    0.986,
    0.986,
    0.986,
    0.986,
    0.986,
    0.986,
    0.986,
    0.986,
    0.986,
    0.986,
    0.986,
    0.986,
    0.986,
    0.986,
    0.986,
    0.986,
    0.986,
    0.986,
    0.986,
    0.986,
    0.986,
    0.986,
    0.986,
    0.986,
    0.986,
    0.986,
    0.986,
    0.986,
    0.986,
    0.986,
    0.986,
    0.986,
    0.986,
    0.986,
    0.986,
    0.986,
    0.986,
    0.986,
    0.986,
    0.986,
    0.986,
    0.986,
    0.986,
    0.986
  ],
  "test_acc": [
    0.01041555957062387,
    0.3962163885641407,
    0.3963226697842491,
    0.39557870124349026,
    0.3962163885641407,
    0.3969603571048996,
    0.3966415134445743,
    0.39727920076522477,
    0.39600382612392393,
    0.3962163885641407,
    0.39674779466468274,
    0.39557870124349026,
    0.39759804442555,
    0.39823573174620047,
    0.39887341906685087,
    0.39834201296630883,
    0.3986608566266341,
    0.39812945052609205,
    0.3977043256456584,
    0.39844829418641725,
    0.3979168880858752,
    0.3986608566266341,
    0.3990859815070677,
    0.3994048251673929,
    0.39961738760760973,
    0.4002550749282602,
    0.39972366882771815,
    0.40089276224891063,
    0.4006801998086938,
    0.40131788712934424,
    0.40174301200977786,
    0.4035497927516208,
    0.40301838665107875,
    0.4028058242108619,
    0.40259326177064514,
    0.40333723031140395,
    0.4035497927516208,
    0.40333723031140395,
    0.4055691359336805,
    0.4053565734934637,
    0.4051440110532469,
    0.40588797959400574,
    0.40620682325433094,
    0.40748219789563184,
    0.40886385375704115,
    0.4093952598575832,
    0.41088319693910086,
    0.41120204059942606,
    0.4089701349771495,
    0.40928897863747477,
    0.4089701349771495,
    0.41045807205866724,
    0.410139228398342,
    0.41290254012116057,
    0.4118397279200765,
    0.4127962589010522,
    0.41290254012116057,
    0.41205229036029334,
    0.4144967584227867,
    0.4127962589010522,
    0.4127962589010522,
    0.41662238282495484,
    0.4188542884472314,
    0.4181103199064725,
    0.41672866404506326,
    0.41821660112658093,
    0.4165161016048464,
    0.4180040386863641,
    0.42023594430864064,
    0.422680412371134,
    0.4238495057923265,
    0.42363694335210966,
    0.42448719311297695,
    0.4268253799553619,
    0.4262939738548199,
    0.4262939738548199,
    0.4283133170368796,
    0.42916356679774686,
    0.42916356679774686,
    0.428419598256988,
    0.4303326602189393,
    0.4301200977787225,
    0.43267084706132425,
    0.4305452226591561,
    0.43192687852056544,
    0.43150175364013177,
    0.4321394409607822,
    0.4316080348602402,
    0.431820597300457,
    0.4344776278031672,
    0.4361781273249017,
    0.43522159634392604,
    0.4332022531618663,
    0.4358592836645765,
    0.43979168880858754,
    0.4391540014879371,
    0.4408545010096716,
    0.4420235944308641,
    0.4396854075884791,
    0.4415984695504304,
    0.44053565734934635
  ],