{
  "epoch": [
    1,
    2000,
    4000,
    6000,
    8000,
    10000,
    12000,
    14000,
    16000,
    18000,
    20000,
    22000,
    24000,
    26000,
    28000,
    30000,
    32000,
    34000,
    36000,
    38000,
    40000,
    42000,
    44000,
    46000,
    48000,
    50000,
    52000,
    54000,
    56000,
    58000,
    60000,
    62000,
    64000,
    66000,
    68000,
    70000,
    72000,
    74000,
    76000,
    78000,
    80000,
    82000,
    84000,
    86000,
    88000,
    90000,
    92000,
    94000,
    96000,
    98000,
    100000,
    102000,
    104000,
    106000,
    108000,
    110000,
    112000,
    114000,
    116000,
    118000,
    120000,
    122000,
    124000,
    126000,
    128000,
    130000,
    132000,
    134000,
    136000,
    138000,
    140000,
    142000,
    144000,
    146000,
    148000,
    150000,
    152000,
    154000,
    156000,
    158000,
    160000,
    162000,
    164000,
    166000,
    168000,
    170000,
    172000,
    174000,
    176000,
    178000,
    180000,
    182000,
    184000,
    186000,
    188000,
    190000,
    192000,
    194000,
    196000,
    198000,
    200000
  ],
  "loss": [
    4.5753223419189455,
    0.20539716821297363,
    9.148395231015627e-07,
    2.1386414229169758e-07,
    2.0949066891660095e-07,
    2.0659554431929904e-07,
    6.196381838885685e-05,
    3.6337776003712464e-06,
    0.00032225095708973017,
    5.701990696968551e-06,
    0.00032703074773542085,
    4.091350733716581e-06,
    0.0004047240162000385,
    0.00026469098645524414,
    3.7405703970982528e-06,
    0.0002544078636239064,
    0.0003288341798650535,
    4.369244772282599e-06,
    0.0004292661650629931,
    0.0005256859570860108,
    5.021197182266235e-06,
    0.0003095332449989627,
    0.0003085089888073561,
    0.00033546453781446885,
    4.884133499783161e-06,
    0.00046897730036226266,
    0.05192634492160287,
    0.036379293997166676,
    0.030011774647934364,
    0.026975258143199607,
    0.025902080202288926,
    0.025581147232674992,
    0.025462734058103523,
    0.02542963971812278,
    0.025393691206583753,
    0.025388878272450528,
    0.02536730578239076,
    0.025366249846061693,
    0.025372430959157647,
    0.025367055330704897,
    0.025370488875149748,
    0.025363315025740303,
    0.02534867574488744,
    0.02534576240959577,
    0.025342254204221537,
    0.025334712552162818,
    0.025346251577348447,
    0.025334257222805173,
    0.025337579674553128,
    0.025338610763126053,
    0.025320604817126877,
    0.02532334998412989,
    0.025321906559099442,
    0.02533438169541769,
    0.025327949001290834,
    0.02531892850539298,
    0.025322753407631536,
    0.025314158152253366,
    0.02530567799292039,
    0.02532412937860936,
    0.025335510728380178,
    0.02531700415990781,
    0.025315951547352597,
    0.025315571026713588,
    0.02533963738968596,
    0.02533706765982788,
    0.02534529247926548,
    0.02533078479259275,
    0.025332600780273787,
    0.025324960688140708,
    0.025343472838355228,
    0.02533257906055078,
    0.025327932237577625,
    0.025320743076212238,
    0.025336249297391623,
    0.0253346527783433,
    0.025327343801502138,
    0.02532567894065287,
    0.025336757143493743,
    0.025343353534885683,
    0.02533496654788032,
    0.025337909498880616,
    0.025355465748428833,
    0.025342243656050412,
    0.02533899265199434,
    0.025326378636760637,
    0.025339771917136385,
    0.025338733636960386,
    0.025345058551547117,
    0.025332589869981166,
    0.02533062107209116,
    0.025320399351161905,
    0.02533738134286832,
    0.025339916795084717,
    0.02535802592835389,
    0.025346323492075315,
    0.02534385839367751,
    0.025351008666236886,
    0.025341132006701083,
    0.0253356009734096,
    0.025338048044149766
  ],
  "train_acc": [
    0.017,
    1.0,
    1.0,
    1.0,
    1.0,
    1.0,
    1.0,
    1.0,
    1.0,
    1.0,
    1.0,
    1.0,
    1.0,
    1.0,
    1.0,
    1.0,
    1.0,
    1.0,
    1.0,
    1.0,
    1.0,
    1.0,
    1.0,
    1.0,
    1.0,
    1.0,
    0.9824,
    0.9828,
    0.9832,
    0.9832,
    0.9832,
    0.9832,
    0.9832,
    0.9832,
    0.9832,
    0.9832,
    0.9832,
    0.9832,
    0.9832,
    0.9832,
    0.9832,
    0.9832,
    0.9832,
    0.9832,
    0.9832,
    0.9832,
    0.9832,
    0.9832,
    0.9832,
    0.9832,
    0.9832,
    0.9832,
    0.9832,
    0.9832,
    0.9832,
    0.9832,
    0.9832,
    0.9832,
    0.9832,
    0.9832,
    0.9832,
    0.9832,
    0.9832,
    0.9832,
    0.9832,
    0.9832,
    0.9832,
    0.9832,
    0.9832,
    0.9832,
    0.9832,
    0.9832,
    0.9832,
    0.9832,
    0.9832,
    0.9832,
    0.9832,
    0.9832,
    0.9832,
    0.9832,
    0.9832,
    0.9832,
    0.9832,
    0.9832,
    0.9832,
    0.9832,
    0.9832,
    0.9832,
    0.9832,
    0.9832,
    0.9832,
    0.9832,
    0.9832,
    0.9832,
    0.9832,
    0.9832,
    0.9832,
    0.9832,
    0.9832,
    0.9832,
    0.9832
  ],
  "test_acc": [
    0.01147837177170794,
    0.4155595706238708,
    0.4161972579445212,
    0.4181103199064725,
    0.42746306727601235,
    0.4584971835476671,
    0.5117440748219789,
    0.5902858964820916,
    0.6562865341694123,
    0.7532150069082794,
    0.7852056541609098,
    0.8403656073971729,
    0.8768200658943565,
    0.8928685301307259,
    0.9028589648209161,
    0.9227335529811882,
    0.928153895206717,
    0.9356998618344139,
    0.9485598894675311,
    0.9522797321713253,
    0.9542990753533851,
    0.9580189180571793,
    0.9608885110001063,
    0.9421830162610266,
    0.9655648846848762,
    0.9675842278669359,
    0.767775534063131,
    0.5648846848761824,
    0.48357955149325116,
    0.45127006058029545,
    0.42650653629503665,
    0.4156658518439792,
    0.4103517908385588,
    0.4082261664363907,
    0.4065256669146562,
    0.4070570730151982,
    0.4061005420342226,
    0.40758847911574025,
    0.4066319481347646,
    0.4066319481347646,
    0.4064193856945478,
    0.40599426081411416,
    0.4082261664363907,
    0.4066319481347646,
    0.4068445105749814,
    0.40599426081411416,
    0.4057816983738973,
    0.40631310447443936,
    0.40620682325433094,
    0.4061005420342226,
    0.4068445105749814,
    0.4073759166755234,
    0.4078010415559571,
    0.40790732277606545,
    0.407269635455415,
    0.4064193856945478,
    0.4081198852162823,
    0.4098203847380168,
    0.40886385375704115,
    0.40918269741736635,
    0.41088319693910086,
    0.4110957593793177,
    0.4113083218195345,
    0.4126899776809438,
    0.4118397279200765,
    0.4122648528005102,
    0.41407163354235305,
    0.41247741524072695,
    0.41534700818365394,
    0.4147093208630035,
    0.4131151025613774,
    0.41215857158040176,
    0.4110957593793177,
    0.4147093208630035,
    0.41407163354235305,
    0.4155595706238708,
    0.4161972579445212,
    0.4180040386863641,
    0.41789775746625574,
    0.41906685088744816,
    0.42023594430864064,
    0.4206610691890743,
    0.422149006270592,
    0.42161760017004996,
    0.4222552874907004,
    0.4224678499309172,
    0.42129875650972476,
    0.4222552874907004,
    0.42289297481135085,
    0.425018599213519,
    0.4259751301944946,
    0.42576256775427784,
    0.4279944733765544,
    0.42640025507492824,
    0.4275693484961207,
    0.42746306727601235,
    0.42810075459666275,
    0.4285258794770964,
    0.4268253799553619,
    0.43075778509937296,
    0.4286321606972048
  ],