{
  "epoch": [
    1,
    2000,
    4000,
    6000,
    8000,
    10000,
    12000,
    14000,
    16000,
    18000,
    20000,
    22000,
    24000,
    26000,
    28000,
    30000,
    32000,
    34000,
    36000,
    38000,
    40000,
    42000,
    44000,
    46000,
    48000,
    50000,
    52000,
    54000,
    56000,
    58000,
    60000,
    62000,
    64000,
    66000,
    68000,
    70000,
    72000,
    74000,
    76000,
    78000,
    80000,
    82000,
    84000,
    86000,
    88000,
    90000,
    92000,
    94000,
    96000,
    98000
  ],
  "loss": [
    4.57510986328125,
    0.2400687528907854,
    0.029355801663035527,
    0.02869531794753857,
    0.028203947522910312,
    0.027849026118312033,
    0.02759573092334904,
    0.027461595720471816,
    0.027395929694920777,
    0.027379922168375925,
    0.027378749777236953,
    0.027385016887192613,
    0.027371516645466908,
    0.027365222256816923,
    0.02736538380100392,
    0.027350532515347005,
    0.027368279895861634,
    0.027347990854876117,
    0.02735717343064025,
    0.027351035323133693,
    0.027352644220809453,
    0.027358289885451085,
    0.02736784916673787,
    0.02737574754334055,
    0.027373837375361473,
    0.027373241375014186,
    0.20206825092853994,
    8.214841830188391e-07,
    2.098678311057256e-07,
    2.0562928703995452e-07,
    2.0328450094098115e-07,
    2.021475374739623e-07,
    0.00011525534069510783,
    0.00012930437586468173,
    4.5526274308187455e-06,
    0.0002057729997248103,
    2.980426812570869e-06,
    0.0002486384696616824,
    0.0002853632593764054,
    4.6608542551595635e-06,
    0.0002910015999912879,
    0.0003000926272643213,
    4.71716531874975e-06,
    0.00035862389811833564,
    0.0006172326120394452,
    5.460526951139144e-06,
    0.0005140980390754084,
    0.00045355663196451276,
    5.118840864020768e-06,
    0.00017853665416790393
  ],
  "train_acc": [
    0.0178,
    0.9824,
    0.9824,
    0.9824,
    0.9824,
    0.9824,
    0.9824,
    0.9824,
    0.9824,
    0.9824,
    0.9824,
    0.9824,
    0.9824,
    0.9824,
    0.9824,
    0.9824,
    0.9824,
    0.9824,
    0.9824,
    0.9824,
    0.9824,
    0.9824,
    0.9824,
    0.9824,
    0.9824,
    0.9824,
    1.0,
    1.0,
    1.0,
    1.0,
    1.0,
    1.0,
    1.0,
    1.0,
    1.0,
    1.0,
    1.0,
    1.0,
    1.0,
    1.0,
    1.0,
    1.0,
    1.0,
    1.0,
    1.0,
    1.0,
    1.0,
    1.0,
    1.0,
    1.0
  ],
  "test_acc": [
    0.011372090551599533,
    0.39982995004782657,
    0.40004251248804334,
    0.40163673078966944,
    0.4006801998086938,
    0.40131788712934424,
    0.40142416834945266,
    0.4011053246891274,
    0.4015304495695611,
    0.4007864810288022,
    0.4011053246891274,
    0.4015304495695611,
    0.40142416834945266,
    0.40142416834945266,
    0.4021681368902115,
    0.40163673078966944,
    0.4019555744499947,
    0.4020618556701031,
    0.40259326177064514,
    0.4015304495695611,
    0.40312466787118717,
    0.40333723031140395,
    0.4023806993304283,
    0.4028058242108619,
    0.4032309490912956,
    0.4039749176320544,
    0.4156658518439792,
    0.4165161016048464,
    0.42023594430864064,
    0.4320331597406738,
    0.46816877457753214,
    0.5320437878626847,
    0.6002763311722819,
    0.6613880327346158,
    0.7599107237751089,
    0.7960463386119673,
    0.8490806674460623,
    0.8831969391008608,
    0.8970134977149538,
    0.9271973642257413,
    0.9359124242746307,
    0.9365501115952811,
    0.9507917950898076,
    0.9545116377936018,
    0.9494101392283983,
    0.9611010734403231,
    0.9624827293017324,
    0.9596131363588054,
    0.9651397598044426,
    0.9672653842066107
  ],
  "phase": [
    1,
    1,
    1,
    1,
    1,
    1,
    1,
    1,
    1,
    1,
    1,
    1,
    1,
    1,
    1,
    1,
    1,
    1,
    1,
    1,
    1,
    1,
    1,
    1,
    1,
    1,
    2,
    2,
    2,
    2,
    2,
    2,
    2,
    2,
    2,
    2,
    2,
    2,
    2,
    2,
    2,
    2,
    2,
    2,
    2,
    2,
    2,
    2,
    2,
    2
  ]
}