{
  "epoch": [
    1,
    2000,
    4000,
    6000,
    8000,
    10000,
    12000,
    14000,
    16000,
    18000,
    20000,
    22000,
    24000,
    26000,
    28000,
    30000,
    32000,
    34000,
    36000,
    38000,
    40000,
    42000,
    44000,
    46000,
    48000,
    50000,
    52000,
    54000,
    56000,
    58000,
    60000,
    62000,
    64000,
    66000,
    68000,
    70000,
    72000,
    74000,
    76000,
    78000,
    80000,
    82000
  ],
  "loss": [
    4.575655078887939,
    0.22945510670065175,
    0.022594858991249932,
    0.02207199869385222,
    0.021792490821459797,
    0.021630707458849065,
    0.021550322276278167,
    0.021521016368549317,
    0.021502296274271793,
    0.02150246849494288,
    0.021484191769594325,
    0.021480792774050496,
    0.02148094292576425,
    0.02146899010424968,
    0.021453149690735154,
    0.02146522187545197,
    0.02147781479205005,
    0.02146311749407323,
    0.021454791496368125,
    0.021461547484272158,
    0.02145722707938403,
    0.02144194712950848,
    0.021435792541713454,
    0.02144184815402841,
    0.021436664056987503,
    0.021443296097638086,
    0.0011495421029711552,
    1.9196104439771488e-07,
    1.8708164825582685e-07,
    1.8672432659130323e-07,
    0.00014457259968025867,
    1.4401869862567196e-06,
    0.000258365747284553,
    0.00036525006825591146,
    4.848980818925952e-06,
    0.0002567561273492558,
    0.00034618742459456586,
    4.7106143313911275e-06,
    0.0004165665091581857,
    0.00046231892636980517,
    4.887693168212337e-06,
    0.00031513400550736394
  ],
  "train_acc": [
    0.016,
    0.9858,
    0.9858,
    0.9858,
    0.9858,
    0.9858,
    0.9858,
    0.9858,
    0.9858,
    0.9858,
    0.9858,
    0.9858,
    0.9858,
    0.9858,
    0.9858,
    0.9858,
    0.9858,
    0.9858,
    0.9858,
    0.9858,
    0.9858,
    0.9858,
    0.9858,
    0.9858,
    0.9858,
    0.9858,
    1.0,
    1.0,
    1.0,
    1.0,
    1.0,
    1.0,
    1.0,
    1.0,
    1.0,
    1.0,
    1.0,
    1.0,
    1.0,
    1.0,
    1.0,
    1.0
  ],
  "test_acc": [
    0.01115952811138272,
    0.39600382612392393,
    0.3963226697842491,
    0.39653523222446596,
    0.397066638325008,
    0.39685407588479116,
    0.3963226697842491,
    0.39727920076522477,
    0.397066638325008,
    0.39759804442555,
    0.397066638325008,
    0.39727920076522477,
    0.397066638325008,
    0.397066638325008,
    0.3962163885641407,
    0.3979168880858752,
    0.3990859815070677,
    0.3990859815070677,
    0.3979168880858752,
    0.399936231267935,
    0.3991922627271761,
    0.3994048251673929,
    0.39972366882771815,
    0.40099904346901905,
    0.4023806993304283,
    0.4022744181103199,
    0.42129875650972476,
    0.4383037517270698,
    0.4944202359443086,
    0.6036773302157509,
    0.6935912424274631,
    0.8074184291635668,
    0.8691678180465512,
    0.8933999362312679,
    0.9332553937719205,
    0.946434265065363,
    0.9432458284621107,
    0.9681156339674779,
    0.9708789456902965,
    0.966840259326177,
    0.979381443298969,
    0.9803379742799447
  ],
  "phase": [
    1,
    1,
    1,
    1,
    1,
    1,
    1,
    1,
    1,
    1,
    1,
    1,
    1,
    1,
    1,
    1,
    1,
    1,
    1,
    1,
    1,
    1,
    1,
    1,
    1,
    1,
    2,
    2,
    2,
    2,
    2,
    2,
    2,
    2,
    2,
    2,
    2,
    2,
    2,
    2,
    2,
    2
  ]
}