{
  "epoch": [
    1,
    2000,
    4000,
    6000,
    8000,
    10000,
    12000,
    14000,
    16000,
    18000,
    20000,
    22000,
    24000,
    26000,
    28000,
    30000,
    32000,
    34000,
    36000,
    38000,
    40000,
    42000,
    44000,
    46000,
    48000,
    50000,
    52000,
    54000,
    56000,
    58000,
    60000,
    62000,
    64000,
    66000,
    68000,
    70000,
    72000,
    74000,
    76000,
    78000,
    80000,
    82000,
    84000,
    86000,
    88000,
    90000,
    92000,
    94000,
    96000,
    98000,
    100000,
    102000,
    104000,
    106000,
    108000,
    110000,
    112000,
    114000,
    116000,
    118000,
    120000,
    122000,
    124000,
    126000,
    128000,
    130000,
    132000,
    134000,
    136000,
    138000,
    140000,
    142000,
    144000,
    146000,
    148000,
    150000,
    152000,
    154000,
    156000,
    158000,
    160000,
    162000,
    164000,
    166000,
    168000,
    170000,
    172000,
    174000,
    176000,
    178000,
    180000,
    182000,
    184000,
    186000,
    188000,
    190000,
    192000,
    194000,
    196000,
    198000,
    200000
  ],
  "loss": [
    4.5760680675506595,
    0.23104860301440738,
    0.026931894707283938,
    0.026380967766232787,
    0.026037264570686967,
    0.025848709840211086,
    0.025731382149015554,
    0.025664150547469036,
    0.02563439691043459,
    0.025628019074513578,
    0.025606769516994244,
    0.02560871583025437,
    0.025592942090542057,
    0.02558476826949045,
    0.025585004257108086,
    0.02558319696828257,
    0.025588626691582614,
    0.025593565480038525,
    0.025589352922025136,
    0.025580942522501572,
    0.025581392182642593,
    0.025573160072159953,
    0.025574364390526898,
    0.025581637041433715,
    0.025580884150974453,
    0.025566427137958817,
    0.0255730587456841,
    0.025566579398978502,
    0.02557333631545771,
    0.02558108672159724,
    0.025579102688794954,
    0.02556836324026808,
    0.02557346587551292,
    0.025560215981234796,
    0.025563169097481294,
    0.02557306029307656,
    0.02557292129220441,
    0.02557066928781569,
    0.02556511270252522,
    0.025566827197768725,
    0.025575969178020023,
    0.025570024121389725,
    0.02556162361174356,
    0.025571125689195468,
    0.025575135150947607,
    0.02557618741095066,
    0.025589613125193863,
    0.02557721987720579,
    0.025585908962530084,
    0.025587828674400227,
    0.02558303024044726,
    0.02557587097142823,
    0.025571953607467002,
    0.02556564101073891,
    0.025567000522464512,
    0.025562076666834764,
    0.025565600786858704,
    0.025572466709185393,
    0.025575366864306854,
    0.025574513144604863,
    0.025578477539354934,
    0.025587942299898712,
    0.02559143925763201,
    0.025569098238064907,
    0.02558454770129174,
    0.02556212074831128,
    0.025569307686178946,
    0.025574392412183806,
    0.025557694019936024,
    0.025567992639262228,
    0.025582855102280155,
    0.025571019068639726,
    0.025563102135038936,
    0.025572459726780652,
    0.025579034938965923,
    0.025567252631741574,
    0.025572168391756713,
    0.02558018727435265,
    0.025579854756500573,
    0.025576077684643678,
    0.025589296737872063,
    0.025571299347444437,
    0.025572001004591585,
    0.02558315616778564,
    0.025585776313836687,
    0.02558894567920361,
    0.025602942247060126,
    0.02560624075299129,
    0.025598158549470826,
    0.025582311466592365,
    0.025587047270615584,
    0.025580688455468042,
    0.025573327269405127,
    0.025588768961140887,
    0.025586919290875084,
    0.025606005130661653,
    0.025609092632890677,
    0.025630223930068315,
    0.025622918936423957,
    0.025602835948346184,
    0.02561522311067674
  ],
  "train_acc": [
    0.022,
    0.9832,
    0.9832,
    0.9832,
    0.9832,
    0.9832,
    0.9832,
    0.9832,
    0.9832,
    0.9832,
    0.9832,
    0.9832,
    0.9832,
    0.9832,
    0.9832,
    0.9832,
    0.9832,
    0.9832,
    0.9832,
    0.9832,
    0.9832,
    0.9832,
    0.9832,
    0.9832,
    0.9832,
    0.9832,
    0.9832,
    0.9832,
    0.9832,
    0.9832,
    0.9832,
    0.9832,
    0.9832,
    0.9832,
    0.9832,
    0.9832,
    0.9832,
    0.9832,
    0.9832,
    0.9832,
    0.9832,
    0.9832,
    0.9832,
    0.9832,
    0.9832,
    0.9832,
    0.9832,
    0.9832,
    0.9832,
    0.9832,
    0.9832,
    0.9832,
    0.9832,
    0.9832,
    0.9832,
    0.9832,
    0.9832,
    0.9832,
    0.9832,
    0.9832,
    0.9832,
    0.9832,
    0.9832,
    0.9832,
    0.9832,
    0.9832,
    0.9832,
    0.9832,
    0.9832,
    0.9832,
    0.9832,
    0.9832,
    0.9832,
    0.9832,
    0.9832,
    0.9832,
    0.9832,
    0.9832,
    0.9832,
    0.9832,
    0.9832,
    0.9832,
    0.9832,
    0.9832,
    0.9832,
    0.9832,
    0.9832,
    0.9832,
    0.9832,
    0.9832,
    0.9832,
    0.9832,
    0.9832,
    0.9832,
    0.9832,
    0.9832,
    0.9832,
    0.9832,
    0.9832,
    0.9832,
    0.9832
  ],
  "test_acc": [
    0.01317887129344245,
    0.3946221702625146,
    0.3949410139228398,
    0.39547242002338184,
    0.3956849824635987,
    0.3957912636837071,
    0.39547242002338184,
    0.3958975449038155,
    0.39504729514294823,
    0.3958975449038155,
    0.39472845148262303,
    0.3953661388032735,
    0.3957912636837071,
    0.3962163885641407,
    0.3957912636837071,
    0.39504729514294823,
    0.39717291954511635,
    0.3969603571048996,
    0.39653523222446596,
    0.3974917632054416,
    0.39759804442555,
    0.39685407588479116,
    0.3974917632054416,
    0.39727920076522477,
    0.39717291954511635,
    0.3978106068657668,
    0.397066638325008,
    0.3978106068657668,
    0.3978106068657668,
    0.39929854394728453,
    0.39834201296630883,
    0.39855457540652567,
    0.3991922627271761,
    0.39855457540652567,
    0.3989797002869593,
    0.3986608566266341,
    0.39855457540652567,
    0.3995111063875013,
    0.3994048251673929,
    0.39844829418641725,
    0.39844829418641725,
    0.40131788712934424,
    0.400467637368477,
    0.4003613561483686,
    0.40099904346901905,
    0.40174301200977786,
    0.40131788712934424,
    0.4020618556701031,
    0.4018492932298863,
    0.40333723031140395,
    0.40131788712934424,
    0.4006801998086938,
    0.40174301200977786,
    0.4028058242108619,
    0.40461260495270485,
    0.4035497927516208,
    0.4048251673929217,
    0.4040811988521628,
    0.4037623551918376,
    0.4053565734934637,
    0.4061005420342226,
    0.4057816983738973,
    0.40790732277606545,
    0.407269635455415,
    0.4068445105749814,
    0.40716335423530664,
    0.4083324476564991,
    0.4083324476564991,
    0.40907641619725793,
    0.4099266659581252,
    0.4099266659581252,
    0.4098203847380168,
    0.4116271654798597,
    0.41375278988202785,
    0.413008821341269,
    0.41173344669996814,
    0.4131151025613774,
    0.41237113402061853,
    0.41077691571899244,
    0.4118397279200765,
    0.41237113402061853,
    0.4144967584227867,
    0.4131151025613774,
    0.413008821341269,
    0.413008821341269,
    0.41364650866191943,
    0.4151344457434371,
    0.4147093208630035,
    0.41332766500159424,
    0.41364650866191943,
    0.4144967584227867,
    0.41492188330322033,
    0.41502816452332875,
    0.4193856945477734,
    0.4176851950260389,
    0.4191731321075566,
    0.41906685088744816,
    0.41959825698799025,
    0.4214050377298331,
    0.42023594430864064,
    0.4189605696673398
  ],