{
  "epoch": [
    1,
    2000,
    4000,
    6000,
    8000,
    10000,
    12000,
    14000,
    16000,
    18000,
    20000,
    22000,
    24000,
    26000,
    28000,
    30000,
    32000,
    34000,
    36000,
    38000,
    40000,
    42000,
    44000
  ],
  "loss": [
    4.57591142654419,
    0.20193393173265778,
    8.621292098936806e-07,
    2.1035784597174256e-07,
    2.0786807362469518e-07,
    2.0713675856924852e-07,
    2.0938092410389685e-07,
    0.00023357230195755036,
    0.0001754034542704595,
    5.065179046633261e-06,
    0.00018888050311514492,
    1.1986770573997773e-06,
    0.0002749696480598068,
    0.00027663558308373766,
    3.0895865696706438e-06,
    0.0002965067486477253,
    0.00040165030296009975,
    4.613400545746771e-06,
    0.0002105181902968944,
    0.0005351857619715055,
    3.1319729707419698e-06,
    0.0006561287804434364,
    0.0002534774899074172
  ],
  "train_acc": [
    0.0178,
    1.0,
    1.0,
    1.0,
    1.0,
    1.0,
    1.0,
    1.0,
    1.0,
    1.0,
    1.0,
    1.0,
    1.0,
    1.0,
    1.0,
    1.0,
    1.0,
    1.0,
    1.0,
    1.0,
    1.0,
    1.0,
    1.0
  ],
  "test_acc": [
    0.01211605909235838,
    0.41247741524072695,
    0.41343394622170265,
    0.4168349452651716,
    0.4275693484961207,
    0.45541502816452334,
    0.5271548517376979,
    0.6008077372728239,
    0.6629822510362419,
    0.7554469125305558,
    0.7895631841853544,
    0.829950047826549,
    0.8762886597938144,
    0.8936124986714847,
    0.9112551812094802,
    0.9303858008289935,
    0.934955893293655,
    0.9436709533425444,
    0.9520671697311085,
    0.9540865129131683,
    0.9534488255925178,
    0.9613136358805399,
    0.9636518227229248
  ],
  "phase": [
    1,
    1,
    1,
    1,
    1,
    1,
    1,
    1,
    1,
    1,
    1,
    1,
    1,
    1,
    1,
    1,
    1,
    1,
    1,
    1,
    1,
    1,
    1
  ]
}