{
  "epoch": [
    1,
    2000,
    4000,
    6000,
    8000,
    10000,
    12000,
    14000,
    16000,
    18000,
    20000,
    22000,
    24000,
    26000,
    28000,
    30000,
    32000,
    34000,
    36000,
    38000,
    40000,
    42000,
    44000,
    46000,
    48000,
    50000,
    52000,
    54000,
    56000,
    58000,
    60000,
    62000,
    64000,
    66000,
    68000,
    70000,
    72000,
    74000,
    76000,
    78000,
    80000,
    82000,
    84000,
    86000,
    88000
  ],
  "loss": [
    4.57510986328125,
    0.2400687528907854,
    0.029355801663035527,
    0.02869531794753857,
    0.028203947522910312,
    0.027849026118312033,
    0.02759573092334904,
    0.027461595720471816,
    0.027395929694920777,
    0.027379922168375925,
    0.027378749777236953,
    0.027385016887192613,
    0.027371516645466908,
    0.027365222256816923,
    0.02736538380100392,
    0.027350532515347005,
    0.027368279895861634,
    0.027347990854876117,
    0.02735717343064025,
    0.027351035323133693,
    0.027352644220809453,
    0.027358289885451085,
    0.02736784916673787,
    0.02737574754334055,
    0.027373837375361473,
    0.027373241375014186,
    0.001079636171464373,
    1.8709480752292506e-07,
    1.972281551232413e-07,
    1.9521816142287206e-07,
    8.313234891818268e-05,
    2.203428031935317e-06,
    0.0003637737411290914,
    0.0002027018021094193,
    5.017200538065936e-06,
    0.0001886367537135051,
    0.00031895170842873954,
    5.153952556209873e-06,
    0.00026961144142929357,
    0.0002136845272524205,
    4.192057600685217e-06,
    0.00030057033841795187,
    0.0004523142819489095,
    0.0002038139270305706,
    4.235942034255658e-06
  ],
  "train_acc": [
    0.0178,
    0.9824,
    0.9824,
    0.9824,
    0.9824,
    0.9824,
    0.9824,
    0.9824,
    0.9824,
    0.9824,
    0.9824,
    0.9824,
    0.9824,
    0.9824,
    0.9824,
    0.9824,
    0.9824,
    0.9824,
    0.9824,
    0.9824,
    0.9824,
    0.9824,
    0.9824,
    0.9824,
    0.9824,
    0.9824,
    1.0,
    1.0,
    1.0,
    1.0,
    1.0,
    1.0,
    1.0,
    1.0,
    1.0,
    1.0,
    1.0,
    1.0,
    1.0,
    1.0,
    1.0,
    1.0,
    1.0,
    1.0,
    1.0
  ],
  "test_acc": [
    0.011372090551599533,
    0.39982995004782657,
    0.40004251248804334,
    0.40163673078966944,
    0.4006801998086938,
    0.40131788712934424,
    0.40142416834945266,
    0.4011053246891274,
    0.4015304495695611,
    0.4007864810288022,
    0.4011053246891274,
    0.4015304495695611,
    0.40142416834945266,
    0.40142416834945266,
    0.4021681368902115,
    0.40163673078966944,
    0.4019555744499947,
    0.4020618556701031,
    0.40259326177064514,
    0.4015304495695611,
    0.40312466787118717,
    0.40333723031140395,
    0.4023806993304283,
    0.4028058242108619,
    0.4032309490912956,
    0.4039749176320544,
    0.4214050377298331,
    0.4299075353385057,
    0.4612604952704857,
    0.5347008183653948,
    0.6083537039005208,
    0.7031565522372197,
    0.760973535976193,
    0.7688383462642151,
    0.8694866617068764,
    0.8872356254649804,
    0.8985014347964715,
    0.9266659581251993,
    0.937825486236582,
    0.9448400467637369,
    0.9520671697311085,
    0.9598256987990222,
    0.9628015729620576,
    0.9501541077691572,
    0.9670528217663938
  ],
  "phase": [
    1,
    1,
    1,
    1,
    1,
    1,
    1,
    1,
    1,
    1,
    1,
    1,
    1,
    1,
    1,
    1,
    1,
    1,
    1,
    1,
    1,
    1,
    1,
    1,
    1,
    1,
    2,
    2,
    2,
    2,
    2,
    2,
    2,
    2,
    2,
    2,
    2,
    2,
    2,
    2,
    2,
    2,
    2,
    2,
    2
  ]
}