{
  "epoch": [
    1,
    2000,
    4000,
    6000,
    8000,
    10000,
    12000,
    14000,
    16000,
    18000,
    20000,
    22000,
    24000,
    26000,
    28000,
    30000,
    32000,
    34000,
    36000,
    38000,
    40000,
    42000,
    44000,
    46000,
    48000,
    50000,
    52000,
    54000,
    56000,
    58000,
    60000,
    62000,
    64000,
    66000,
    68000,
    70000,
    72000,
    74000,
    76000,
    78000,
    80000,
    82000,
    84000,
    86000,
    88000,
    90000
  ],
  "loss": [
    4.576101064682007,
    0.23305118537103556,
    0.02790837818006985,
    0.027279290666105224,
    0.026833708168496378,
    0.026522888157726264,
    0.026351156859495677,
    0.02622972673967015,
    0.02619974713269621,
    0.026210039455303924,
    0.026215367735014296,
    0.026235634466959163,
    0.02621905746825505,
    0.026215130009828135,
    0.026218374559120274,
    0.02622414402065333,
    0.026214119647443294,
    0.02620714014689438,
    0.026218509645899758,
    0.02621173497941345,
    0.026200615538330748,
    0.02620751882083714,
    0.026180380304926074,
    0.02620261947249528,
    0.026196889434685,
    0.026198511343030258,
    0.0012958218504441447,
    1.8567022723061655e-07,
    1.8861056964354362e-07,
    1.856628298725127e-07,
    1.8100360807054017e-07,
    0.000338479257796579,
    4.056079153851755e-06,
    0.00014554438301602062,
    0.00021955280067539036,
    3.785858884170068e-06,
    0.00018339869078192662,
    0.0004337841938358295,
    4.7025605475319306e-06,
    0.00034127399230140013,
    0.000397956634250621,
    4.804431819604815e-06,
    0.00047549175932744313,
    2.749468690850776e-06,
    0.0008315297712059813,
    0.0005155348550520642
  ],
  "train_acc": [
    0.0214,
    0.983,
    0.983,
    0.983,
    0.983,
    0.983,
    0.983,
    0.983,
    0.983,
    0.983,
    0.983,
    0.983,
    0.983,
    0.983,
    0.983,
    0.983,
    0.983,
    0.983,
    0.983,
    0.983,
    0.983,
    0.983,
    0.983,
    0.983,
    0.983,
    0.983,
    1.0,
    1.0,
    1.0,
    1.0,
    1.0,
    1.0,
    1.0,
    1.0,
    1.0,
    1.0,
    1.0,
    1.0,
    1.0,
    1.0,
    1.0,
    1.0,
    1.0,
    1.0,
    1.0,
    1.0
  ],
  "test_acc": [
    0.011797215432033159,
    0.3957912636837071,
    0.39504729514294823,
    0.39525985758316506,
    0.3962163885641407,
    0.39557870124349026,
    0.3961101073440323,
    0.3956849824635987,
    0.39525985758316506,
    0.3957912636837071,
    0.39557870124349026,
    0.3966415134445743,
    0.3958975449038155,
    0.3961101073440323,
    0.39600382612392393,
    0.39685407588479116,
    0.3958975449038155,
    0.39600382612392393,
    0.3958975449038155,
    0.3966415134445743,
    0.39642895100435754,
    0.397066638325008,
    0.39642895100435754,
    0.3969603571048996,
    0.39717291954511635,
    0.39685407588479116,
    0.4155595706238708,
    0.4252311616537358,
    0.45541502816452334,
    0.5314061005420342,
    0.6466149431395473,
    0.7247316399192263,
    0.8190030821553831,
    0.8650228504623233,
    0.8918057179296418,
    0.919545116377936,
    0.9304920820491019,
    0.9363375491550643,
    0.9556807312147944,
    0.959506855138697,
    0.9431395472420023,
    0.9707726644701881,
    0.969709852269104,
    0.9704538208098629,
    0.9771495376766925,
    0.9776809437772346
  ],
  "phase": [
    1,
    1,
    1,
    1,
    1,
    1,
    1,
    1,
    1,
    1,
    1,
    1,
    1,
    1,
    1,
    1,
    1,
    1,
    1,
    1,
    1,
    1,
    1,
    1,
    1,
    1,
    2,
    2,
    2,
    2,
    2,
    2,
    2,
    2,
    2,
    2,
    2,
    2,
    2,
    2,
    2,
    2,
    2,
    2,
    2,
    2
  ]
}