{
  "epoch": [
    1,
    2000,
    4000,
    6000,
    8000,
    10000,
    12000,
    14000,
    16000,
    18000,
    20000,
    22000,
    24000,
    26000,
    28000,
    30000,
    32000,
    34000,
    36000,
    38000,
    40000,
    42000,
    44000,
    46000,
    48000,
    50000,
    52000,
    54000,
    56000,
    58000,
    60000,
    62000,
    64000,
    66000,
    68000,
    70000,
    72000,
    74000,
    76000,
    78000,
    80000,
    82000,
    84000,
    86000,
    88000,
    90000,
    92000,
    94000,
    96000,
    98000
  ],
  "loss": [
    4.5753326416015625,
    0.237558530172936,
    0.026762874671677126,
    0.02616810934660025,
    0.025819012239295988,
    0.0255756939859828,
    0.02546617624766659,
    0.02540477892232593,
    0.025364899016590788,
    0.025351844313531182,
    0.025346362299029715,
    0.02536330603584647,
    0.025359317766176538,
    0.025343805867270565,
    0.025338181268563496,
    0.02536635954189114,
    0.025354626251000444,
    0.025336327482841443,
    0.02533915505455807,
    0.02533335467124125,
    0.02533981272059027,
    0.02531743202561047,
    0.02533719814242795,
    0.025333264274522663,
    0.025322348019306083,
    0.025328099406394175,
    0.20206825092853994,
    8.214841830188391e-07,
    2.098678311057256e-07,
    2.0562928703995452e-07,
    2.0328450094098115e-07,
    2.021475374739623e-07,
    0.00011525534069510783,
    0.00012930437586468173,
    4.5526274308187455e-06,
    0.0002057729997248103,
    2.980426812570869e-06,
    0.0002486384696616824,
    0.0002853632593764054,
    4.6608542551595635e-06,
    0.0002910015999912879,
    0.0003000926272643213,
    4.71716531874975e-06,
    0.00035862389811833564,
    0.0006172326120394452,
    5.460526951139144e-06,
    0.0005140980390754084,
    0.00045355663196451276,
    5.118840864020768e-06,
    0.00017853665416790393
  ],
  "train_acc": [
    0.0172,
    0.9832,
    0.9832,
    0.9832,
    0.9832,
    0.9832,
    0.9832,
    0.9832,
    0.9832,
    0.9832,
    0.9832,
    0.9832,
    0.9832,
    0.9832,
    0.9832,
    0.9832,
    0.9832,
    0.9832,
    0.9832,
    0.9832,
    0.9832,
    0.9832,
    0.9832,
    0.9832,
    0.9832,
    0.9832,
    1.0,
    1.0,
    1.0,
    1.0,
    1.0,
    1.0,
    1.0,
    1.0,
    1.0,
    1.0,
    1.0,
    1.0,
    1.0,
    1.0,
    1.0,
    1.0,
    1.0,
    1.0,
    1.0,
    1.0,
    1.0,
    1.0,
    1.0,
    1.0
  ],
  "test_acc": [
    0.011265809331491126,
    0.40004251248804334,
    0.400467637368477,
    0.4003613561483686,
    0.4005739185885854,
    0.40142416834945266,
    0.4006801998086938,
    0.4007864810288022,
    0.4006801998086938,
    0.40089276224891063,
    0.4002550749282602,
    0.40131788712934424,
    0.40014879370815176,
    0.40131788712934424,
    0.40131788712934424,
    0.4015304495695611,
    0.4015304495695611,
    0.4018492932298863,
    0.4018492932298863,
    0.4028058242108619,
    0.40301838665107875,
    0.4032309490912956,
    0.4028058242108619,
    0.40291210543097034,
    0.4032309490912956,
    0.4020618556701031,
    0.4156658518439792,
    0.4165161016048464,
    0.42023594430864064,
    0.4320331597406738,
    0.46816877457753214,
    0.5320437878626847,
    0.6002763311722819,
    0.6613880327346158,
    0.7599107237751089,
    0.7960463386119673,
    0.8490806674460623,
    0.8831969391008608,
    0.8970134977149538,
    0.9271973642257413,
    0.9359124242746307,
    0.9365501115952811,
    0.9507917950898076,
    0.9545116377936018,
    0.9494101392283983,
    0.9611010734403231,
    0.9624827293017324,
    0.9596131363588054,
    0.9651397598044426,
    0.9672653842066107
  ],
  "phase": [
    1,
    1,
    1,
    1,
    1,
    1,
    1,
    1,
    1,
    1,
    1,
    1,
    1,
    1,
    1,
    1,
    1,
    1,
    1,
    1,
    1,
    1,
    1,
    1,
    1,
    1,
    2,
    2,
    2,
    2,
    2,
    2,
    2,
    2,
    2,
    2,
    2,
    2,
    2,
    2,
    2,
    2,
    2,
    2,
    2,
    2,
    2,
    2,
    2,
    2
  ]
}