{
  "epoch": [
    1,
    2000,
    4000,
    6000,
    8000,
    10000,
    12000,
    14000,
    16000,
    18000,
    20000,
    22000,
    24000,
    26000,
    28000,
    30000,
    32000,
    34000,
    36000,
    38000,
    40000,
    42000,
    44000,
    46000,
    48000,
    50000,
    52000,
    54000,
    56000,
    58000,
    60000,
    62000,
    64000,
    66000,
    68000,
    70000,
    72000,
    74000,
    76000,
    78000,
    80000,
    82000,
    84000,
    86000,
    88000,
    90000,
    92000,
    94000,
    96000,
    98000,
    100000,
    102000,
    104000,
    106000,
    108000,
    110000,
    112000,
    114000,
    116000,
    118000,
    120000,
    122000,
    124000,
    126000,
    128000,
    130000,
    132000,
    134000,
    136000,
    138000,
    140000,
    142000,
    144000,
    146000,
    148000,
    150000,
    152000,
    154000,
    156000,
    158000,
    160000,
    162000,
    164000,
    166000,
    168000,
    170000,
    172000,
    174000,
    176000,
    178000,
    180000,
    182000,
    184000,
    186000,
    188000,
    190000,
    192000,
    194000,
    196000,
    198000,
    200000
  ],
  "loss": [
    4.5756550312042235,
    0.21063275183359442,
    0.006978586559946921,
    0.006787458549601044,
    0.006697848780966268,
    0.006669138375822392,
    0.006661203717533574,
    0.006652753365550467,
    0.00665099458099695,
    0.006651423319106662,
    0.006645201092722367,
    0.006650920898440364,
    0.00664997131785321,
    0.006649117035502403,
    0.006647076571648836,
    0.006648891154940834,
    0.006648593172076672,
    0.0066517577821911455,
    0.0066520475098956495,
    0.0066555105685377385,
    0.006642195352177463,
    0.0066519981326154404,
    0.006651983163406655,
    0.006658027556955704,
    0.006652981266757598,
    0.006659857823884771,
    0.006667960955562418,
    0.006667098765150861,
    0.006654952464451384,
    0.00665251356622098,
    0.006664612393352391,
    0.0066641640925229695,
    0.0066646848365733416,
    0.006662152052698215,
    0.006659219490197461,
    0.006660367211347724,
    0.006657424192703451,
    0.006656162810743653,
    0.006662672429688108,
    0.006663272242089136,
    0.006661329005575169,
    0.006659946680581435,
    0.006660031469422562,
    0.006662114890748057,
    0.006660940109499634,
    0.006656344394768608,
    0.0066603774472906805,
    0.006663099156068931,
    0.006658760873999074,
    0.006654518185077711,
    0.006655787811392456,
    0.006657689377566692,
    0.006661564408796666,
    0.006664783732978961,
    0.006656430467572581,
    0.006658183634722646,
    0.00666168368961797,
    0.006663916776703187,
    0.006668934833813371,
    0.006662687030188797,
    0.006661561517816588,
    0.006663035126273141,
    0.006662501540689216,
    0.006659528407410256,
    0.006666057076312577,
    0.0066666831444510905,
    0.006658248438312626,
    0.00665898924529405,
    0.006660235671498115,
    0.006656765282379768,
    0.006663522917869894,
    0.006658773257554395,
    0.006660047587127959,
    0.0066607254573118595,
    0.00666372706704016,
    0.0066623847603808515,
    0.0066633245295750895,
    0.006663078598232903,
    0.0066672304839466975,
    0.006663504719488192,
    0.006664874321585223,
    0.00666616821678642,
    0.006665276229421671,
    0.0066647487688416985,
    0.006663184299207715,
    0.006663626603845083,
    0.0066566587811521406,
    0.006653341872748501,
    0.006655193779957709,
    0.006659076624462885,
    0.006660637620487569,
    0.006663643585327273,
    0.006661399889734618,
    0.006655049297205408,
    0.006659501117164299,
    0.006658049163763649,
    0.006658118503989605,
    0.006658085344403889,
    0.006657890320920354,
    0.006657775335917883,
    0.006664291533470767
  ],
  "train_acc": [
    0.016,
    0.9962,
    0.9962,
    0.9962,
    0.9962,
    0.9962,
    0.9962,
    0.9962,
    0.9962,
    0.9962,
    0.9962,
    0.9962,
    0.9962,
    0.9962,
    0.9962,
    0.9962,
    0.9962,
    0.9962,
    0.9962,
    0.9962,
    0.9962,
    0.9962,
    0.9962,
    0.9962,
    0.9962,
    0.9962,
    0.9962,
    0.9962,
    0.9962,
    0.9962,
    0.9962,
    0.9962,
    0.9962,
    0.9962,
    0.9962,
    0.9962,
    0.9962,
    0.9962,
    0.9962,
    0.9962,
    0.9962,
    0.9962,
    0.9962,
    0.9962,
    0.9962,
    0.9962,
    0.9962,
    0.9962,
    0.9962,
    0.9962,
    0.9962,
    0.9962,
    0.9962,
    0.9962,
    0.9962,
    0.9962,
    0.9962,
    0.9962,
    0.9962,
    0.9962,
    0.9962,
    0.9962,
    0.9962,
    0.9962,
    0.9962,
    0.9962,
    0.9962,
    0.9962,
    0.9962,
    0.9962,
    0.9962,
    0.9962,
    0.9962,
    0.9962,
    0.9962,
    0.9962,
    0.9962,
    0.9962,
    0.9962,
    0.9962,
    0.9962,
    0.9962,
    0.9962,
    0.9962,
    0.9962,
    0.9962,
    0.9962,
    0.9962,
    0.9962,
    0.9962,
    0.9962,
    0.9962,
    0.9962,
    0.9962,
    0.9962,
    0.9962,
    0.9962,
    0.9962,
    0.9962,
    0.9962,
    0.9962
  ],
  "test_acc": [
    0.01115952811138272,
    0.3995111063875013,
    0.40142416834945266,
    0.40142416834945266,
    0.40333723031140395,
    0.40471888617281326,
    0.4066319481347646,
    0.4082261664363907,
    0.4114146030396429,
    0.415878414284196,
    0.4189605696673398,
    0.4238495057923265,
    0.43267084706132425,
    0.4393665639281539,
    0.44638112445530875,
    0.4550961845041981,
    0.4672122435965565,
    0.47571474120522905,
    0.4828355829524923,
    0.49601445424593477,
    0.5068551386969923,
    0.51567647996599,
    0.522478478052928,
    0.532150069082793,
    0.5427781910936338,
    0.552768625783824,
    0.5601020299713041,
    0.5612711233924965,
    0.5712615580826867,
    0.5823148049739612,
    0.5848655542565628,
    0.5918801147837177,
    0.5934743330853438,
    0.5982569879902221,
    0.6008077372728239,
    0.6070783292592199,
    0.6073971729195451,
    0.60973535976193,
    0.6095227973217132,
    0.6118609841640982,
    0.6186629822510362,
    0.6228079498352641,
    0.6261026676586248,
    0.6259963864385163,
    0.6288659793814433,
    0.6310978850037199,
    0.6384312891912,
    0.641300882134127,
    0.6370496333297906,
    0.6396003826123924,
    0.6443830375172707,
    0.64576469337868,
    0.6420448506748857,
    0.6416197257944521,
    0.6411946009140185,
    0.6458709745987884,
    0.6495908173025826,
    0.6559676905090871,
    0.6579870336911467,
    0.6587310022319056,
    0.6564990966096291,
    0.6542671909873525,
    0.6511850356042087,
    0.6538420661069189,
    0.6572430651503879,
    0.6522478478052928,
    0.6539483473270273,
    0.6557551280688703,
    0.6499096609629078,
    0.6492719736422574,
    0.6546923158677862,
    0.6572430651503879,
    0.6555425656286534,
    0.6555425656286534,
    0.6575619088107132,
    0.6618131576150494,
    0.6630885322563503,
    0.665639281538952,
    0.6634073759166755,
    0.66510787543841,
    0.666170687639494,
    0.6669146561802529,
    0.6652141566585185,
    0.6686151557019875,
    0.6688277181422043,
    0.6669146561802529,
    0.666170687639494,
    0.6730789669465406,
    0.6777553406313105,
    0.6767988096503348,
    0.6770113720905516,
    0.6723349984057817,
    0.671909873525348,
    0.6710596237644808,
    0.6699968115633967,
    0.6735040918269741,
    0.6770113720905516,
    0.676586247210118,
    0.6727601232862154,
    0.6775427781910937,
    0.6766925284302264
  ]
}