{
  "epoch": [
    1,
    2000,
    4000,
    6000,
    8000,
    10000,
    12000,
    14000,
    16000,
    18000,
    20000,
    22000,
    24000,
    26000,
    28000,
    30000,
    32000,
    34000,
    36000,
    38000,
    40000,
    42000,
    44000,
    46000,
    48000,
    50000,
    52000,
    54000,
    56000,
    58000,
    60000,
    62000,
    64000,
    66000,
    68000,
    70000,
    72000,
    74000,
    76000,
    78000,
    80000,
    82000,
    84000,
    86000,
    88000,
    90000,
    92000,
    94000,
    96000,
    98000,
    100000,
    102000,
    104000,
    106000,
    108000,
    110000,
    112000,
    114000,
    116000,
    118000,
    120000,
    122000,
    124000,
    126000,
    128000,
    130000,
    132000,
    134000,
    136000,
    138000,
    140000,
    142000,
    144000,
    146000,
    148000,
    150000,
    152000,
    154000,
    156000,
    158000,
    160000,
    162000,
    164000,
    166000,
    168000,
    170000,
    172000,
    174000,
    176000,
    178000,
    180000,
    182000,
    184000,
    186000,
    188000,
    190000,
    192000,
    194000,
    196000,
    198000,
    200000
  ],
  "loss": [
    4.575733709335327,
    0.20225237726082015,
    9.225819458272611e-07,
    2.2271176120440826e-07,
    2.11282916454536e-07,
    2.1214719308630947e-07,
    2.1132272405210983e-07,
    2.176352281828997e-07,
    0.00015433891584818368,
    3.44231834145603e-07,
    0.0002692778292085691,
    0.00022968721813132974,
    6.273580141383661e-06,
    0.00019940636807272086,
    3.866000943693138e-06,
    0.0005229283163243196,
    0.00013470276711552458,
    4.332941115590927e-06,
    0.0002592052501652141,
    2.3751976394507322e-06,
    0.00033092344984865963,
    0.00025043266167722747,
    4.537151243743409e-06,
    0.00012246937668642275,
    0.00012369298081680354,
    0.00012279483033242827,
    3.753602679842061e-06,
    9.178919629698398e-05,
    0.0001228399920208126,
    3.2740603638458763e-06,
    0.0002555792567508995,
    0.0001611587614257452,
    0.00017963347463172922,
    4.302202834584534e-06,
    0.00030683694792277906,
    3.4630952766889323e-06,
    0.00019378349665440453,
    0.00026811917211416584,
    0.00011726416634167478,
    3.588206007162853e-06,
    0.00015816346752028066,
    0.00015328239018651927,
    3.2480757846478524e-06,
    0.0002124967578802668,
    0.00022936195413223573,
    0.00018350113496862547,
    4.370939656475059e-06,
    0.0003212758994481149,
    0.00017876675211567913,
    4.132322445178005e-06,
    0.0001470290680996051,
    0.0002810579764757904,
    4.541053331637102e-06,
    0.00019935085988808296,
    0.00029916657291876236,
    4.203645289118896e-06,
    0.000496823135300744,
    0.0005282185612755406,
    5.249386957176938e-06,
    0.00019760123291534128,
    0.00015811422699409547,
    0.0002421527847979654,
    4.42197173187111e-06,
    0.00024089073108197283,
    0.0002871678543704974,
    4.673489760145344e-06,
    0.00038139973690049303,
    0.00026096972770494134,
    4.389240595205024e-06,
    0.00020837443402258913,
    0.00022395344183795486,
    3.912548166199059e-06,
    0.0003144174302997925,
    0.0003250331879588842,
    4.060848178179554e-06,
    0.000261251298122427,
    0.000355650056730137,
    3.2993711565502793e-06,
    0.00025927515637957227,
    0.0002544718465708904,
    0.00025748168832969326,
    4.898428537853761e-06,
    0.0004202905455398387,
    0.00026205035075275236,
    4.480007409792819e-06,
    0.0002117652008357176,
    0.00022463499798912353,
    4.271493525506287e-06,
    0.0002671457078413269,
    0.0003523450115921328,
    4.682483538770299e-06,
    0.00019027919083587576,
    0.00019510217330028894,
    2.2986091680081698e-06,
    0.0004634629793555732,
    0.0003215275984028459,
    0.0002172148128654456,
    4.275468345948496e-06,
    0.00024345289625136602,
    0.0001896394509801965,
    3.818593842119356e-06
  ],
  "train_acc": [
    0.0152,
    1.0,
    1.0,
    1.0,
    1.0,
    1.0,
    1.0,
    1.0,
    1.0,
    1.0,
    1.0,
    1.0,
    1.0,
    1.0,
    1.0,
    1.0,
    1.0,
    1.0,
    1.0,
    1.0,
    1.0,
    1.0,
    1.0,
    1.0,
    1.0,
    1.0,
    1.0,
    1.0,
    1.0,
    1.0,
    1.0,
    1.0,
    1.0,
    1.0,
    1.0,
    1.0,
    1.0,
    1.0,
    1.0,
    1.0,
    1.0,
    1.0,
    1.0,
    1.0,
    1.0,
    1.0,
    1.0,
    1.0,
    1.0,
    1.0,
    1.0,
    1.0,
    1.0,
    1.0,
    1.0,
    1.0,
    1.0,
    1.0,
    1.0,
    1.0,
    1.0,
    1.0,
    1.0,
    1.0,
    1.0,
    1.0,
    1.0,
    1.0,
    1.0,
    1.0,
    1.0,
    1.0,
    1.0,
    1.0,
    1.0,
    1.0,
    1.0,
    1.0,
    1.0,
    1.0,
    1.0,
    1.0,
    1.0,
    1.0,
    1.0,
    1.0,
    1.0,
    1.0,
    1.0,
    1.0,
    1.0,
    1.0,
    1.0,
    1.0,
    1.0,
    1.0,
    1.0,
    1.0,
    1.0,
    1.0,
    1.0
  ],
  "test_acc": [
    0.010840684451057498,
    0.40004251248804334,
    0.40099904346901905,
    0.4023806993304283,
    0.40758847911574025,
    0.41832288234668935,
    0.44096078222978,
    0.48070995855032417,
    0.5226910404931449,
    0.5693484961207355,
    0.6111170156233393,
    0.5900733340418748,
    0.6890211499628016,
    0.7036879583377618,
    0.7307896694654055,
    0.7540652566691466,
    0.779253905834839,
    0.7966840259326177,
    0.8102880221064938,
    0.8167711765331066,
    0.8346264215113189,
    0.839621638856414,
    0.8415347008183653,
    0.8519502603889892,
    0.859708789456903,
    0.8552449782123499,
    0.8667233499840579,
    0.8768200658943565,
    0.8772451907747901,
    0.8759698161334892,
    0.8888298437666065,
    0.8936124986714847,
    0.8574768838346264,
    0.897332341375279,
    0.8985014347964715,
    0.8998830906578807,
    0.9061536826442768,
    0.9082793070464449,
    0.9094484004676374,
    0.9090232755872037,
    0.913805930492082,
    0.9148687426931661,
    0.9087044319268786,
    0.9173132107556595,
    0.916144117334467,
    0.8993516845573387,
    0.9165692422149007,
    0.9186948666170688,
    0.9160378361143586,
    0.9168880858752259,
    0.919013710277394,
    0.9211393346795621,
    0.9193325539377192,
    0.9211393346795621,
    0.9239026464023807,
    0.9198639600382612,
    0.9266659581251993,
    0.92528430226379,
    0.9243277712828143,
    0.9249654586034648,
    0.9270910830056329,
    0.9025401211605909,
    0.9239026464023807,
    0.9253905834838984,
    0.9173132107556595,
    0.9239026464023807,
    0.927622489106175,
    0.925815708364332,
    0.9243277712828143,
    0.9268785205654161,
    0.9278350515463918,
    0.9235838027420554,
    0.9278350515463918,
    0.9301732383887767,
    0.9246466149431396,
    0.9290041449675842,
    0.9296418322882347,
    0.9237963651822723,
    0.9277287703262833,
    0.9297481135083431,
    0.9171006483154427,
    0.9283664576469338,
    0.931554894250186,
    0.9216707407801041,
    0.9300669571686683,
    0.9308109257094271,
    0.9325114252311617,
    0.9271973642257413,
    0.931554894250186,
    0.9342119247528962,
    0.9297481135083431,
    0.9328302688914869,
    0.9341056435327878,
    0.9283664576469338,
    0.9330428313317037,
    0.934424487193113,
    0.9295355510681262,
    0.9328302688914869,
    0.9354872993941971,
    0.9368689552556063,
    0.9314486130300775
  ]
}