{
  "epoch": [
    1,
    2000,
    4000,
    6000,
    8000,
    10000,
    12000,
    14000,
    16000,
    18000,
    20000,
    22000,
    24000,
    26000,
    28000,
    30000,
    32000,
    34000,
    36000,
    38000,
    40000,
    42000,
    44000,
    46000,
    48000,
    50000,
    52000,
    54000,
    56000,
    58000,
    60000,
    62000,
    64000,
    66000,
    68000,
    70000,
    72000,
    74000,
    76000,
    78000,
    80000,
    82000,
    84000,
    86000,
    88000,
    90000,
    92000,
    94000,
    96000,
    98000,
    100000,
    102000,
    104000,
    106000,
    108000,
    110000,
    112000,
    114000,
    116000,
    118000,
    120000,
    122000,
    124000,
    126000,
    128000,
    130000,
    132000,
    134000,
    136000,
    138000,
    140000,
    142000,
    144000,
    146000,
    148000,
    150000,
    152000,
    154000,
    156000,
    158000,
    160000,
    162000,
    164000,
    166000,
    168000,
    170000,
    172000,
    174000,
    176000,
    178000,
    180000,
    182000,
    184000,
    186000,
    188000,
    190000,
    192000,
    194000,
    196000,
    198000,
    200000
  ],
  "loss": [
    4.575787115097046,
    0.2131870448355974,
    0.00964238665866991,
    0.009386006420949363,
    0.00926313474519659,
    0.009238605262923288,
    0.009228256051540798,
    0.009212626118798247,
    0.009196103731218968,
    0.009184873198621721,
    0.009186923230330593,
    0.009188843789438862,
    0.009180665137586546,
    0.009178753031774765,
    0.009180977763703765,
    0.009179708641613986,
    0.009180962349221139,
    0.009172358187556774,
    0.009174213207085561,
    0.009177365713881922,
    0.009177992687431481,
    0.009181780317620385,
    0.009172633482673623,
    0.009174754839650924,
    0.009179568893278027,
    0.009192742884562689,
    0.00918986720823149,
    0.009186839872252564,
    0.009185140730863642,
    0.009174154853512001,
    0.009186232784400295,
    0.009185031912853064,
    0.009187059595322893,
    0.009188785797909868,
    0.00918774062270156,
    0.009201083000395115,
    0.009208273839958087,
    0.009210349396304737,
    0.009201983431116167,
    0.009193691275051047,
    0.009199215394009853,
    0.009200645098552783,
    0.009199586020429059,
    0.009212270513244079,
    0.009214397073944548,
    0.009212920493089142,
    0.009205913185450327,
    0.009201067809890164,
    0.009210686565733149,
    0.009215579261078027,
    0.009215098890878976,
    0.009203566344453176,
    0.009205201257937907,
    0.009217170757064783,
    0.009205458796099651,
    0.009211469328796153,
    0.009206475865731848,
    0.009206840606946574,
    0.00921450039277086,
    0.009209806850523524,
    0.009206282747357174,
    0.009210223681855444,
    0.00920971060056151,
    0.009218613822111654,
    0.009208995888362968,
    0.009214707824005483,
    0.009216676208394075,
    0.00920389865185022,
    0.009208754185130357,
    0.00921072833955772,
    0.00921692833217751,
    0.009221221326629147,
    0.009218104321032835,
    0.009211914715449134,
    0.009215827914898046,
    0.009212817233695283,
    0.009207457072009944,
    0.00919965953239932,
    0.009205472393652003,
    0.009209504844210516,
    0.009204259639912409,
    0.009208559518727014,
    0.00921722333584191,
    0.00921129671143039,
    0.00920868961488701,
    0.009204960389614944,
    0.009208636465843337,
    0.009209804618651476,
    0.00920615094264792,
    0.009209313370181157,
    0.009216178231221216,
    0.009200795356227932,
    0.009197138204548176,
    0.009197813405425493,
    0.009203560495958472,
    0.009208368726299147,
    0.009211441723734722,
    0.009207008466335884,
    0.009207570462145211,
    0.009217975022005512,
    0.009213572391191903
  ],
  "train_acc": [
    0.0152,
    0.9946,
    0.9946,
    0.9946,
    0.9946,
    0.9946,
    0.9946,
    0.9946,
    0.9946,
    0.9946,
    0.9946,
    0.9946,
    0.9946,
    0.9946,
    0.9946,
    0.9946,
    0.9946,
    0.9946,
    0.9946,
    0.9946,
    0.9946,
    0.9946,
    0.9946,
    0.9946,
    0.9946,
    0.9946,
    0.9946,
    0.9946,
    0.9946,
    0.9946,
    0.9946,
    0.9946,
    0.9946,
    0.9946,
    0.9946,
    0.9946,
    0.9946,
    0.9946,
    0.9946,
    0.9946,
    0.9946,
    0.9946,
    0.9946,
    0.9946,
    0.9946,
    0.9946,
    0.9946,
    0.9946,
    0.9946,
    0.9946,
    0.9946,
    0.9946,
    0.9946,
    0.9946,
    0.9946,
    0.9946,
    0.9946,
    0.9946,
    0.9946,
    0.9946,
    0.9946,
    0.9946,
    0.9946,
    0.9946,
    0.9946,
    0.9946,
    0.9946,
    0.9946,
    0.9946,
    0.9946,
    0.9946,
    0.9946,
    0.9946,
    0.9946,
    0.9946,
    0.9946,
    0.9946,
    0.9946,
    0.9946,
    0.9946,
    0.9946,
    0.9946,
    0.9946,
    0.9946,
    0.9946,
    0.9946,
    0.9946,
    0.9946,
    0.9946,
    0.9946,
    0.9946,
    0.9946,
    0.9946,
    0.9946,
    0.9946,
    0.9946,
    0.9946,
    0.9946,
    0.9946,
    0.9946,
    0.9946
  ],
  "test_acc": [
    0.01115952811138272,
    0.39887341906685087,
    0.39961738760760973,
    0.39982995004782657,
    0.400467637368477,
    0.4007864810288022,
    0.40142416834945266,
    0.40174301200977786,
    0.40163673078966944,
    0.4035497927516208,
    0.4064193856945478,
    0.4070570730151982,
    0.40769476033584867,
    0.4116271654798597,
    0.41385907110213627,
    0.416409820384738,
    0.419279413327665,
    0.4224678499309172,
    0.4238495057923265,
    0.42788819215644597,
    0.4308640663194813,
    0.43352109682219153,
    0.43841003294717823,
    0.4423424380911893,
    0.44499946859389944,
    0.45127006058029545,
    0.45424593474333086,
    0.4580720586672335,
    0.4627484323520034,
    0.4671059623764481,
    0.47284514826230206,
    0.4784780529280476,
    0.4844298012541184,
    0.48666170687639493,
    0.4918694866617069,
    0.49952173450951215,
    0.5044106706344988,
    0.5089807630991604,
    0.5083430757785099,
    0.5149325114252311,
    0.5191837602295675,
    0.525879477096397,
    0.5273674141779148,
    0.5300244446806249,
    0.5357636305664789,
    0.5404400042512488,
    0.5423530662132001,
    0.5461791901371028,
    0.5433095971941758,
    0.5449038154958019,
    0.5492613455202465,
    0.553300031884366,
    0.5547879689658838,
    0.5644595599957487,
    0.5691359336805186,
    0.568179402699543,
    0.5703050271017112,
    0.5696673397810607,
    0.5687108088000851,
    0.5762567754277819,
    0.5779572749495164,
    0.5809331491125518,
    0.5815708364332023,
    0.5784886810500585,
    0.5760442129875651,
    0.5790200871506005,
    0.5808268678924434,
    0.5809331491125518,
    0.5873100223190563,
    0.5887979594005739,
    0.590923583802742,
    0.591454989903284,
    0.5894356467212244,
    0.590923583802742,
    0.5926240833244766,
    0.5960250823679456,
    0.5936868955255606,
    0.5977255818896801,
    0.5976193006695717,
    0.5992135189711978,
    0.5988946753108726,
    0.6027207992347752,
    0.6046338611967266,
    0.600595174832607,
    0.5974067382293549,
    0.6028270804548836,
    0.6042087363162929,
    0.6078222977999788,
    0.6145180146668083,
    0.6150494207673504,
    0.6105856095227973,
    0.6088851100010628,
    0.60973535976193,
    0.6169624827293018,
    0.6177064512700606,
    0.6191943883515783,
    0.6127112339249654,
    0.6105856095227973,
    0.612604952704857,
    0.6118609841640982,
    0.6114358592836646
  ]
}