{
  "epoch": [
    1,
    2000,
    4000,
    6000,
    8000,
    10000,
    12000,
    14000,
    16000,
    18000,
    20000,
    22000,
    24000,
    26000,
    28000,
    30000,
    32000,
    34000,
    36000,
    38000,
    40000,
    42000,
    44000,
    46000,
    48000,
    50000,
    52000,
    54000,
    56000,
    58000,
    60000,
    62000,
    64000,
    66000,
    68000,
    70000,
    72000,
    74000,
    76000,
    78000,
    80000,
    82000,
    84000,
    86000,
    88000,
    90000,
    92000,
    94000,
    96000,
    98000,
    100000,
    102000,
    104000,
    106000,
    108000,
    110000,
    112000,
    114000,
    116000,
    118000,
    120000,
    122000,
    124000,
    126000,
    128000,
    130000,
    132000,
    134000,
    136000,
    138000,
    140000,
    142000,
    144000,
    146000,
    148000,
    150000,
    152000,
    154000,
    156000,
    158000,
    160000,
    162000,
    164000,
    166000,
    168000,
    170000,
    172000,
    174000,
    176000,
    178000,
    180000,
    182000,
    184000,
    186000,
    188000,
    190000,
    192000,
    194000,
    196000,
    198000,
    200000
  ],
  "loss": [
    4.575749158859253,
    0.225945406835065,
    0.020481355812679975,
    0.01994974572713254,
    0.01960843143843813,
    0.01945648216626141,
    0.019354637111141347,
    0.01933080972478492,
    0.0193449097914272,
    0.019346022324997467,
    0.019340656134294112,
    0.019322515812155324,
    0.019310028035251888,
    0.019315975593117766,
    0.019317471509007738,
    0.019326910879358183,
    0.019306822914036455,
    0.019314046363090163,
    0.019306550097244326,
    0.019316719031485262,
    0.019312908662320116,
    0.019314694978739135,
    0.019305826478404925,
    0.019301256651591128,
    0.01929766152361408,
    0.01929923088152427,
    0.01930730855028378,
    0.019322086072096137,
    0.01931638483562274,
    0.019302696769312025,
    0.019311479620845055,
    0.01929758151974529,
    0.01930385537215043,
    0.019313919065217486,
    0.019293418037414085,
    0.019304481207509525,
    0.01929929244503146,
    0.019296112953568808,
    0.019307387819315774,
    0.01930522210841718,
    0.019308436104038266,
    0.019306298149807843,
    0.019321088194020557,
    0.019322002106066792,
    0.019308903752162588,
    0.019306023622571958,
    0.019309803469630425,
    0.019301192685274873,
    0.01931880974455271,
    0.019311845996632472,
    0.019303627807751765,
    0.01930933918596711,
    0.019293981889099813,
    0.01929918899544282,
    0.019283051985671044,
    0.019313797423895447,
    0.019309554700553417,
    0.019306155702809337,
    0.019284538123942912,
    0.019299907143751623,
    0.01931188293277519,
    0.019311000529234297,
    0.01932312235190766,
    0.0193205518871604,
    0.019322378069226397,
    0.01930659190978622,
    0.019304906436568126,
    0.01930034393160604,
    0.01930133700494189,
    0.019317706546047704,
    0.01932225179830566,
    0.01932161119717639,
    0.019311912106187084,
    0.019314814390428363,
    0.01931505558071076,
    0.019302286124089733,
    0.019296921022154856,
    0.01928821200312814,
    0.01927734691768419,
    0.019298813750757836,
    0.019308098632097245,
    0.01930847416772158,
    0.01930602072137408,
    0.019290127561311238,
    0.019299387877970003,
    0.019301627266057768,
    0.01930815893212566,
    0.019309433766582514,
    0.019308867469790856,
    0.019296472592826467,
    0.019312465725548098,
    0.019302161995740606,
    0.019300775512866675,
    0.01929101058165543,
    0.01930144535463769,
    0.01931664804557804,
    0.01930795778512686,
    0.019295564576995092,
    0.01929278586144792,
    0.01929553912075935,
    0.019284870917664374
  ],
  "train_acc": [
    0.0158,
    0.9874,
    0.9874,
    0.9874,
    0.9874,
    0.9874,
    0.9874,
    0.9874,
    0.9874,
    0.9874,
    0.9874,
    0.9874,
    0.9874,
    0.9874,
    0.9874,
    0.9874,
    0.9874,
    0.9874,
    0.9874,
    0.9874,
    0.9874,
    0.9874,
    0.9874,
    0.9874,
    0.9874,
    0.9874,
    0.9874,
    0.9874,
    0.9874,
    0.9874,
    0.9874,
    0.9874,
    0.9874,
    0.9874,
    0.9874,
    0.9874,
    0.9874,
    0.9874,
    0.9874,
    0.9874,
    0.9874,
    0.9874,
    0.9874,
    0.9874,
    0.9874,
    0.9874,
    0.9874,
    0.9874,
    0.9874,
    0.9874,
    0.9874,
    0.9874,
    0.9874,
    0.9874,
    0.9874,
    0.9874,
    0.9874,
    0.9874,
    0.9874,
    0.9874,
    0.9874,
    0.9874,
    0.9874,
    0.9874,
    0.9874,
    0.9874,
    0.9874,
    0.9874,
    0.9874,
    0.9874,
    0.9874,
    0.9874,
    0.9874,
    0.9874,
    0.9874,
    0.9874,
    0.9874,
    0.9874,
    0.9874,
    0.9874,
    0.9874,
    0.9874,
    0.9874,
    0.9874,
    0.9874,
    0.9874,
    0.9874,
    0.9874,
    0.9874,
    0.9874,
    0.9874,
    0.9874,
    0.9874,
    0.9874,
    0.9874,
    0.9874,
    0.9874,
    0.9874,
    0.9874,
    0.9874,
    0.9874
  ],
  "test_acc": [
    0.01115952811138272,
    0.39717291954511635,
    0.3969603571048996,
    0.3969603571048996,
    0.3973854819853332,
    0.39717291954511635,
    0.3978106068657668,
    0.3987671378467425,
    0.39759804442555,
    0.3973854819853332,
    0.39834201296630883,
    0.39887341906685087,
    0.39834201296630883,
    0.39972366882771815,
    0.3986608566266341,
    0.3987671378467425,
    0.39812945052609205,
    0.3987671378467425,
    0.39972366882771815,
    0.4006801998086938,
    0.39982995004782657,
    0.39929854394728453,
    0.4005739185885854,
    0.40099904346901905,
    0.40163673078966944,
    0.4024869805505367,
    0.40142416834945266,
    0.40259326177064514,
    0.40333723031140395,
    0.4019555744499947,
    0.4035497927516208,
    0.40471888617281326,
    0.4056754171537889,
    0.40673822935487297,
    0.4086512913168243,
    0.4102455096184504,
    0.4098203847380168,
    0.41173344669996814,
    0.41120204059942606,
    0.413540227441811,
    0.4139653523222447,
    0.41577213306408756,
    0.41662238282495484,
    0.4176851950260389,
    0.4181103199064725,
    0.41821660112658093,
    0.4206610691890743,
    0.41991710064831544,
    0.4201296630885323,
    0.4206610691890743,
    0.42193644383037515,
    0.422149006270592,
    0.42491231799341056,
    0.42576256775427784,
    0.4270379423955787,
    0.4262939738548199,
    0.42640025507492824,
    0.42937612923796364,
    0.4303326602189393,
    0.42948241045807206,
    0.42948241045807206,
    0.4321394409607822,
    0.43245828462110747,
    0.43383994048251673,
    0.43256456584121583,
    0.434158784142842,
    0.43235200340099905,
    0.43426506536295034,
    0.43352109682219153,
    0.4332022531618663,
    0.43394622170262515,
    0.43224572218089063,
    0.43267084706132425,
    0.4321394409607822,
    0.43224572218089063,
    0.437559783186311,
    0.43596556488468485,
    0.43713465830587733,
    0.43724093952598575,
    0.43724093952598575,
    0.4363906897651185,
    0.43894143904772026,
    0.43894143904772026,
    0.4395791263683707,
    0.43809118928685303,
    0.43979168880858754,
    0.4415984695504304,
    0.4420235944308641,
    0.4408545010096716,
    0.4387288766075035,
    0.4410670634498884,
    0.44053565734934635,
    0.44096078222978,
    0.4423424380911893,
    0.4439366563928154,
    0.44797534275693485,
    0.44648740567541717,
    0.44765649909660965,
    0.4457434371346583,
    0.4456371559145499,
    0.4437240939525986
  ]
}