{
  "epoch": [
    1,
    2000,
    4000,
    6000,
    8000,
    10000,
    12000,
    14000,
    16000,
    18000,
    20000,
    22000,
    24000,
    26000,
    28000,
    30000,
    32000,
    34000,
    36000,
    38000,
    40000,
    42000,
    44000,
    46000,
    48000,
    50000,
    52000,
    54000,
    56000,
    58000,
    60000,
    62000,
    64000,
    66000,
    68000,
    70000,
    72000,
    74000,
    76000,
    78000,
    80000,
    82000,
    84000,
    86000,
    88000,
    90000,
    92000,
    94000
  ],
  "loss": [
    4.576096916198731,
    0.19874359106640402,
    8.461674295467958e-07,
    2.1353463090321155e-07,
    2.0565912761156823e-07,
    2.0525290984849676e-07,
    2.0523080070091736e-07,
    0.00013967859961484734,
    5.24054021999234e-06,
    0.00019098640878166152,
    4.728787591913886e-06,
    0.0001373761097881996,
    5.150871175672478e-07,
    0.0002723826383158382,
    0.000285437956598021,
    5.0741066643560375e-06,
    0.00021208337701220757,
    0.0003271937919153984,
    4.843528996983082e-06,
    0.0002446012303864478,
    0.00033293747768854513,
    4.928180537077509e-06,
    0.0001941823651655824,
    0.00039016258690997813,
    4.9477178530402454e-06,
    0.0003267226147568259,
    0.00028291173943599616,
    4.5688014672549575e-06,
    0.0002842861000228105,
    0.00025951570395232865,
    4.284901494156656e-06,
    0.0003667599160384171,
    0.0004486971040807099,
    5.226747611175853e-06,
    0.0002240122432750958,
    0.00021828526806721128,
    2.7058970888163003e-06,
    0.0005882078031007488,
    0.00038152470951447127,
    3.7887062588943366e-06,
    0.00035207813686868975,
    0.0003216777662362631,
    0.00016775895672313014,
    3.882746490109668e-06,
    0.00020121747021882187,
    0.0003871029636346762,
    4.570325150796606e-06,
    0.0005419233842664986
  ],
  "train_acc": [
    0.0218,
    1.0,
    1.0,
    1.0,
    1.0,
    1.0,
    1.0,
    1.0,
    1.0,
    1.0,
    1.0,
    1.0,
    1.0,
    1.0,
    1.0,
    1.0,
    1.0,
    1.0,
    1.0,
    1.0,
    1.0,
    1.0,
    1.0,
    1.0,
    1.0,
    1.0,
    1.0,
    1.0,
    1.0,
    1.0,
    1.0,
    1.0,
    1.0,
    1.0,
    1.0,
    1.0,
    1.0,
    1.0,
    1.0,
    1.0,
    1.0,
    1.0,
    1.0,
    1.0,
    1.0,
    1.0,
    1.0,
    1.0
  ],
  "test_acc": [
    0.012541183972792008,
    0.40461260495270485,
    0.40620682325433094,
    0.4086512913168243,
    0.4152407269635455,
    0.43426506536295034,
    0.47103836752045913,
    0.5183335104687001,
    0.5827399298543947,
    0.6208948878733128,
    0.6812626208948879,
    0.716016579870337,
    0.7507705388457859,
    0.7921139334679562,
    0.8059304920820491,
    0.8412158571580401,
    0.8560952279732171,
    0.8639600382612392,
    0.8771389095546817,
    0.8928685301307259,
    0.8958444042937613,
    0.907535338505686,
    0.9152938675735998,
    0.9189074290572856,
    0.9249654586034648,
    0.9290041449675842,
    0.9319800191306197,
    0.9319800191306197,
    0.937825486236582,
    0.9379317674566904,
    0.9366563928153895,
    0.939632266978425,
    0.9415453289403762,
    0.9415453289403762,
    0.945902858964821,
    0.9454777340843873,
    0.941226485280051,
    0.9496227016686152,
    0.9496227016686152,
    0.9449463279838453,
    0.9519608885110001,
    0.9525985758316505,
    0.9478159209267722,
    0.9522797321713253,
    0.9537676692528431,
    0.9504729514294824,
    0.9512169199702413,
    0.9558932936550112
  ]
}