{
  "epoch": [
    1,
    2000,
    4000,
    6000,
    8000,
    10000,
    12000,
    14000,
    16000,
    18000,
    20000,
    22000,
    24000,
    26000,
    28000,
    30000,
    32000,
    34000,
    36000,
    38000,
    40000,
    42000,
    44000,
    46000,
    48000,
    50000,
    52000,
    54000,
    56000,
    58000,
    60000,
    62000,
    64000,
    66000,
    68000,
    70000,
    72000,
    74000,
    76000,
    78000,
    80000,
    82000,
    84000,
    86000,
    88000,
    90000,
    92000,
    94000,
    96000,
    98000,
    100000,
    102000,
    104000,
    106000,
    108000,
    110000,
    112000,
    114000,
    116000,
    118000,
    120000,
    122000,
    124000,
    126000,
    128000,
    130000,
    132000,
    134000,
    136000,
    138000,
    140000,
    142000,
    144000,
    146000,
    148000,
    150000,
    152000,
    154000,
    156000,
    158000,
    160000,
    162000,
    164000,
    166000,
    168000,
    170000,
    172000,
    174000,
    176000,
    178000,
    180000,
    182000,
    184000,
    186000,
    188000,
    190000,
    192000,
    194000,
    196000,
    198000,
    200000
  ],
  "loss": [
    4.575206279754639,
    0.20543028444817468,
    9.549255576821737e-07,
    2.2455356964456996e-07,
    2.1310255523445676e-07,
    2.1425229996268058e-07,
    2.1524105353520896e-07,
    0.00010967575847146022,
    5.024766401216141e-06,
    0.0001251702459220084,
    3.0434097666699243e-06,
    0.00019169852538274766,
    0.00018224120453468658,
    5.216548716862235e-06,
    0.0001496435033264767,
    1.183331688024225e-06,
    0.00020628266313519675,
    0.00021458867681137193,
    4.0075361341692424e-06,
    0.00017497018913401163,
    0.0001463195236927433,
    0.00011504588892153506,
    3.878377686733358e-06,
    0.00028035716893615544,
    0.00018564759402264953,
    4.380892521870549e-06,
    0.0002829036773215364,
    0.0004339399329310311,
    5.752744232100326e-06,
    0.000302625054466705,
    0.0001637334230144532,
    4.217183988147611e-06,
    0.00017470323916874762,
    0.0002794176535126169,
    4.213743781349422e-06,
    0.00027350157204675724,
    0.0003467144944486932,
    4.2750055202219525e-06,
    0.00029757337055847017,
    0.00018997521144140635,
    0.0001814674545645083,
    4.360127747070664e-06,
    0.00022312473687215615,
    0.0002535654341952615,
    4.530512833118649e-06,
    0.00010974589413013689,
    0.0001213221862829407,
    0.00039675460442472146,
    5.297751344269841e-06,
    0.0002008613226751393,
    0.00039420687592642663,
    5.122892127135259e-06,
    0.00030010849716567163,
    0.0002897404926837247,
    4.412257923413421e-06,
    0.000360262723443244,
    0.0002942110229983804,
    3.502512556504911e-06,
    0.0002798327232462782,
    0.00028494993789751535,
    0.0003392062891576053,
    5.662781845975928e-06,
    0.00037027915638673434,
    0.00019179077367661535,
    4.216312374316545e-06,
    0.0002699838071795426,
    0.00024393325802572646,
    4.273131993139146e-06,
    0.00031719674685196255,
    0.0003468737390979847,
    4.4370263540265855e-06,
    0.00042638726514444586,
    0.00026463441313478384,
    3.420669662037312e-06,
    0.0003783143162756943,
    0.00020155179548034995,
    0.0004717347081773504,
    5.882555335209361e-06,
    0.00039959564913012925,
    0.0002023795428282881,
    4.3361304775245914e-06,
    0.0001833055912736647,
    0.00017249946688901617,
    0.00020908421922167264,
    4.612059985404926e-06,
    0.00019900355605129255,
    0.0002422408437382856,
    4.666812043780055e-06,
    0.0001926122496277685,
    0.0002745449324077057,
    4.423495864345739e-06,
    0.00021549799923308867,
    0.0002988874862440177,
    0.00015150946985173378,
    3.979104286518265e-06,
    0.0005050884185760623,
    0.0002745990396832731,
    4.781835502244292e-06,
    0.0001720765246586801,
    0.00017835765823243292,
    2.5148107339440173e-06
  ],
  "train_acc": [
    0.0176,
    1.0,
    1.0,
    1.0,
    1.0,
    1.0,
    1.0,
    1.0,
    1.0,
    1.0,
    1.0,
    1.0,
    1.0,
    1.0,
    1.0,
    1.0,
    1.0,
    1.0,
    1.0,
    1.0,
    1.0,
    1.0,
    1.0,
    1.0,
    1.0,
    1.0,
    1.0,
    1.0,
    1.0,
    1.0,
    1.0,
    1.0,
    1.0,
    1.0,
    1.0,
    1.0,
    1.0,
    1.0,
    1.0,
    1.0,
    1.0,
    1.0,
    1.0,
    1.0,
    1.0,
    1.0,
    1.0,
    1.0,
    1.0,
    1.0,
    1.0,
    1.0,
    1.0,
    1.0,
    1.0,
    1.0,
    1.0,
    1.0,
    1.0,
    1.0,
    1.0,
    1.0,
    1.0,
    1.0,
    1.0,
    1.0,
    1.0,
    1.0,
    1.0,
    1.0,
    1.0,
    1.0,
    1.0,
    1.0,
    1.0,
    1.0,
    1.0,
    1.0,
    1.0,
    1.0,
    1.0,
    1.0,
    1.0,
    1.0,
    1.0,
    1.0,
    1.0,
    1.0,
    1.0,
    1.0,
    1.0,
    1.0,
    1.0,
    1.0,
    1.0,
    1.0,
    1.0,
    1.0,
    1.0,
    1.0,
    1.0
  ],
  "test_acc": [
    0.011690934211924752,
    0.4068445105749814,
    0.40748219789563184,
    0.4085450100967159,
    0.4127962589010522,
    0.4222552874907004,
    0.44595599957487514,
    0.48517376979487725,
    0.5469231586778617,
    0.5799766181315762,
    0.6279094484004676,
    0.668508874481879,
    0.6721224359655649,
    0.7407801041555957,
    0.7571474120522904,
    0.7723456265277925,
    0.8069933042831332,
    0.8183653948347327,
    0.8320756722287171,
    0.853438197470507,
    0.860771601657987,
    0.8684238495057923,
    0.8718248485492613,
    0.8817090020193432,
    0.8850037198427038,
    0.8916994367095334,
    0.8977574662557126,
    0.8794770963970666,
    0.9008396216388564,
    0.9053034328834095,
    0.9062599638643851,
    0.9059411202040599,
    0.9113614624295887,
    0.9118928685301307,
    0.909873525348071,
    0.9162503985545754,
    0.9194388351578276,
    0.9151875863534913,
    0.9233712403018387,
    0.9261345520246572,
    0.920076522478478,
    0.9279413327665001,
    0.9283664576469338,
    0.9312360505898608,
    0.9304920820491019,
    0.9322988627909449,
    0.9346370496333298,
    0.9173132107556595,
    0.9375066425762568,
    0.938356892337124,
    0.9330428313317037,
    0.9385694547773409,
    0.9404825167392922,
    0.9402699542990753,
    0.9355935806143054,
    0.9409076416197258,
    0.9427144223615687,
    0.9380380486767989,
    0.944096078222978,
    0.945902858964821,
    0.8726750983101286,
    0.9460091401849293,
    0.9454777340843873,
    0.9417578913805931,
    0.9437772345626528,
    0.9439897970028696,
    0.9460091401849293,
    0.9415453289403762,
    0.9448400467637369,
    0.9460091401849293,
    0.9431395472420023,
    0.9455840153044957,
    0.9467531087256882,
    0.9400573918588585,
    0.943564672122436,
    0.946434265065363,
    0.9149750239132746,
    0.9463279838452545,
    0.946965671165905,
    0.9433521096822192,
    0.9454777340843873,
    0.9456902965246041,
    0.9478159209267722,
    0.9239026464023807,
    0.9461154214050377,
    0.946965671165905,
    0.9351684557338719,
    0.9443086406631949,
    0.9446274843235201,
    0.9462217026251462,
    0.9449463279838453,
    0.9471782336061217,
    0.9477096397066639,
    0.9428207035816771,
    0.9463279838452545,
    0.9479222021468806,
    0.9417578913805931,
    0.9471782336061217,
    0.9454777340843873,
    0.9476033584865554,
    0.9437772345626528
  ]
}