{
  "epoch": [
    1,
    2000,
    4000,
    6000,
    8000,
    10000,
    12000,
    14000,
    16000,
    18000,
    20000,
    22000,
    24000,
    26000,
    28000,
    30000,
    32000,
    34000,
    36000,
    38000,
    40000,
    42000,
    44000,
    46000,
    48000,
    50000,
    52000,
    54000,
    56000,
    58000,
    60000,
    62000,
    64000,
    66000,
    68000,
    70000,
    72000,
    74000,
    76000,
    78000,
    80000,
    82000,
    84000,
    86000,
    88000,
    90000,
    92000,
    94000,
    96000,
    98000,
    100000,
    102000,
    104000,
    106000,
    108000,
    110000,
    112000,
    114000,
    116000,
    118000,
    120000,
    122000,
    124000,
    126000,
    128000,
    130000,
    132000,
    134000,
    136000,
    138000,
    140000,
    142000,
    144000,
    146000,
    148000,
    150000,
    152000,
    154000,
    156000,
    158000,
    160000,
    162000,
    164000,
    166000,
    168000,
    170000,
    172000,
    174000,
    176000,
    178000,
    180000,
    182000,
    184000,
    186000,
    188000,
    190000,
    192000,
    194000,
    196000,
    198000,
    200000
  ],
  "loss": [
    4.576108169555664,
    0.21468205054192405,
    0.013590393981261877,
    0.013249625840995578,
    0.013114215267074177,
    0.013076356896577636,
    0.013051101612733328,
    0.013038775058430993,
    0.013033815662519191,
    0.013013988163697596,
    0.01300655655211913,
    0.012994510048496858,
    0.012989435059307268,
    0.01300383476681891,
    0.012996448678185698,
    0.012991175014690572,
    0.01299162715603381,
    0.012981798954340047,
    0.012987621282049803,
    0.012993973074021548,
    0.01299050608605321,
    0.012993434905563435,
    0.012997540768518471,
    0.012993051970680443,
    0.012985159767797828,
    0.012986764933500672,
    0.012984815984827583,
    0.012992966235447967,
    0.012992357975119375,
    0.012986812363821081,
    0.012987192155068834,
    0.012986623862130781,
    0.012998940954022691,
    0.012989141919612276,
    0.012985848980379524,
    0.012994412522824109,
    0.012990999479952716,
    0.01299214089622401,
    0.012992633205923827,
    0.012997736749182514,
    0.01300489658053557,
    0.013010713573837712,
    0.013016766003819274,
    0.0130177736239566,
    0.013011170370335457,
    0.013008030503161678,
    0.013002577111378196,
    0.013008431466742573,
    0.013013802671075391,
    0.013020441044375185,
    0.013013761077634991,
    0.013018028055243167,
    0.01300764706528571,
    0.013019534037428093,
    0.013015329633050684,
    0.013017723269131675,
    0.01301694353763305,
    0.01301349647882409,
    0.013016345598334738,
    0.013018749484088038,
    0.013018492612388218,
    0.013014148468550412,
    0.013022614281155984,
    0.013021365383599187,
    0.013017420488747303,
    0.01302654379100332,
    0.01304398435909776,
    0.013035735895385732,
    0.013032536766782857,
    0.013031231357681628,
    0.013028477818194526,
    0.013033979050556081,
    0.013043190357631169,
    0.013049183277852717,
    0.013051592042025802,
    0.0130525869188523,
    0.013051782689944957,
    0.01305318268158735,
    0.013042126121156615,
    0.01304328570595535,
    0.013039679925024377,
    0.013036974339685398,
    0.013026878064742778,
    0.013041550395140076,
    0.013039236482157502,
    0.013051537960016867,
    0.013039239382238242,
    0.013042025446092885,
    0.013039738599943056,
    0.013041980078007328,
    0.013032921198898111,
    0.013039421211174275,
    0.013034553231278525,
    0.013044466855083823,
    0.013037561248737598,
    0.013035685007175687,
    0.013033092974473547,
    0.013033364158339333,
    0.01302820010570456,
    0.013031575764538138,
    0.01303579420671449
  ],
  "train_acc": [
    0.0204,
    0.9924,
    0.9924,
    0.9924,
    0.9924,
    0.9924,
    0.9924,
    0.9924,
    0.9924,
    0.9924,
    0.9924,
    0.9924,
    0.9924,
    0.9924,
    0.9924,
    0.9924,
    0.9924,
    0.9924,
    0.9924,
    0.9924,
    0.9924,
    0.9924,
    0.9924,
    0.9924,
    0.9924,
    0.9924,
    0.9924,
    0.9924,
    0.9924,
    0.9924,
    0.9924,
    0.9924,
    0.9924,
    0.9924,
    0.9924,
    0.9924,
    0.9924,
    0.9924,
    0.9924,
    0.9924,
    0.9924,
    0.9924,
    0.9924,
    0.9924,
    0.9924,
    0.9924,
    0.9924,
    0.9924,
    0.9924,
    0.9924,
    0.9924,
    0.9924,
    0.9924,
    0.9924,
    0.9924,
    0.9924,
    0.9924,
    0.9924,
    0.9924,
    0.9924,
    0.9924,
    0.9924,
    0.9924,
    0.9924,
    0.9924,
    0.9924,
    0.9924,
    0.9924,
    0.9924,
    0.9924,
    0.9924,
    0.9924,
    0.9924,
    0.9924,
    0.9924,
    0.9924,
    0.9924,
    0.9924,
    0.9924,
    0.9924,
    0.9924,
    0.9924,
    0.9924,
    0.9924,
    0.9924,
    0.9924,
    0.9924,
    0.9924,
    0.9924,
    0.9924,
    0.9924,
    0.9924,
    0.9924,
    0.9924,
    0.9924,
    0.9924,
    0.9924,
    0.9924,
    0.9924,
    0.9924,
    0.9924
  ],
  "test_acc": [
    0.011797215432033159,
    0.3989797002869593,
    0.40014879370815176,
    0.399936231267935,
    0.40014879370815176,
    0.4003613561483686,
    0.400467637368477,
    0.40014879370815176,
    0.4019555744499947,
    0.4023806993304283,
    0.40269954299075356,
    0.4035497927516208,
    0.4055691359336805,
    0.4048251673929217,
    0.4064193856945478,
    0.4082261664363907,
    0.40950154107769154,
    0.4103517908385588,
    0.41407163354235305,
    0.4144967584227867,
    0.4165161016048464,
    0.4168349452651716,
    0.4193856945477734,
    0.4204485067488575,
    0.42331809969178447,
    0.4254437240939526,
    0.4262939738548199,
    0.42746306727601235,
    0.42948241045807206,
    0.4316080348602402,
    0.4328834095015411,
    0.43564672122435966,
    0.4362844085450101,
    0.4378786268466362,
    0.4390477202678287,
    0.44011053246891274,
    0.4408545010096716,
    0.44096078222978,
    0.4452120310341163,
    0.44680624933574237,
    0.447231374216176,
    0.4452120310341163,
    0.44786906153682643,
    0.4471250929960676,
    0.4522265915612711,
    0.45594643426506537,
    0.4556275906047401,
    0.45297056010202996,
    0.4560527154851738,
    0.4593474333085344,
    0.4600914018492932,
    0.46370496333297906,
    0.4673185248166649,
    0.4672122435965565,
    0.4705069614199171,
    0.47125092996067597,
    0.4716760548411096,
    0.4766712721862047,
    0.47922202146880644,
    0.48017855244978214,
    0.481453927091083,
    0.4841109575937932,
    0.48644914443617815,
    0.4920820491019237,
    0.4935699861834414,
    0.49505792326495907,
    0.49665214156658516,
    0.5015410776915719,
    0.5032415772133064,
    0.5048357955149325,
    0.5106812626208949,
    0.5146136677649059,
    0.5157827611860984,
    0.5163141672866405,
    0.5193963226697842,
    0.5215219470719524,
    0.5158890424062068,
    0.5188649165692422,
    0.5192900414496758,
    0.5168455733871825,
    0.5206716973110851,
    0.5198214475502179,
    0.5213093846317356,
    0.5271548517376979,
    0.5239664151344458,
    0.524816664895313,
    0.5269422892974811,
    0.5269422892974811,
    0.5247103836752046,
    0.52768625783824,
    0.52768625783824,
    0.5294930385800829,
    0.5336380061643108,
    0.5331066000637688,
    0.5324689127431183,
    0.5301307259007333,
    0.5257731958762887,
    0.5261983207567222,
    0.5266234456371559,
    0.5260920395366139,
    0.52768625783824
  ]
}