{
  "epoch": [
    1,
    2000,
    4000,
    6000,
    8000,
    10000,
    12000,
    14000,
    16000,
    18000,
    20000,
    22000,
    24000,
    26000,
    28000,
    30000,
    32000,
    34000,
    36000,
    38000,
    40000,
    42000,
    44000,
    46000,
    48000,
    50000,
    52000,
    54000,
    56000,
    58000,
    60000,
    62000,
    64000,
    66000,
    68000,
    70000,
    72000,
    74000,
    76000,
    78000,
    80000,
    82000,
    84000,
    86000,
    88000,
    90000,
    92000,
    94000,
    96000,
    98000,
    100000,
    102000,
    104000,
    106000,
    108000,
    110000,
    112000,
    114000,
    116000,
    118000,
    120000,
    122000,
    124000,
    126000,
    128000,
    130000,
    132000,
    134000,
    136000,
    138000,
    140000,
    142000,
    144000,
    146000,
    148000,
    150000,
    152000,
    154000,
    156000,
    158000,
    160000,
    162000,
    164000,
    166000,
    168000,
    170000,
    172000,
    174000,
    176000,
    178000,
    180000,
    182000,
    184000,
    186000,
    188000,
    190000,
    192000,
    194000,
    196000,
    198000,
    200000
  ],
  "loss": [
    4.576110601425171,
    0.21482956653944574,
    0.013593368285683392,
    0.013255429064968485,
    0.013101788370861322,
    0.013081337208626791,
    0.013057057632759097,
    0.013043673938322647,
    0.013029762260228745,
    0.01302173122944653,
    0.013020259905542878,
    0.013015625232127757,
    0.012994006511940824,
    0.012994907542623696,
    0.012991748099413235,
    0.012988318170182214,
    0.012998956652446528,
    0.012997461277837283,
    0.013008937342543504,
    0.013008439459751265,
    0.013002343114963151,
    0.013009689804856277,
    0.013002732624529216,
    0.013008048087319818,
    0.013000770585219232,
    0.013002315012842882,
    0.013005455699615413,
    0.013002918454119935,
    0.013001309833262349,
    0.013002867481726571,
    0.013002332728338985,
    0.01300189279872434,
    0.013008876532933209,
    0.013002790440883814,
    0.012999247679035762,
    0.013006458154512785,
    0.013014018791727705,
    0.013007840507903892,
    0.013002060719364113,
    0.013001574502892618,
    0.013005706281779567,
    0.013001766406407114,
    0.01300072904515962,
    0.013004388326758634,
    0.013005049621443322,
    0.013005484892657805,
    0.012995599661438609,
    0.0130025057285216,
    0.012997330878741905,
    0.013018322916646138,
    0.013012816723249852,
    0.013032743180719867,
    0.013018766934089945,
    0.013021220702037681,
    0.013016272863367305,
    0.01302256858367938,
    0.01302055196085712,
    0.013024569154293621,
    0.013024957644935057,
    0.013028463890549027,
    0.013018553589313524,
    0.013021307086755406,
    0.013034964065643726,
    0.013031598346403916,
    0.01302238581701531,
    0.013027313247526937,
    0.01302937123773051,
    0.013025847355264705,
    0.013018979840003869,
    0.013021882111668737,
    0.01304652173664239,
    0.01303651536929392,
    0.013039557353310346,
    0.013022374536737333,
    0.013022962188734954,
    0.013039760800174946,
    0.01303621046889166,
    0.01302676701139717,
    0.013028805639373604,
    0.013037344085544465,
    0.01303664514620903,
    0.013035008479638106,
    0.013024733977028517,
    0.013030888952608802,
    0.013031894728623825,
    0.013032236046317848,
    0.01303658950857182,
    0.013028563012999076,
    0.013027341435187594,
    0.013032363709044875,
    0.013041855836185277,
    0.013033114377674904,
    0.013044264016175264,
    0.01304365998227314,
    0.013041304995608497,
    0.013041126386428948,
    0.013041078700041751,
    0.01304058620841938,
    0.013039240499382003,
    0.013047242665392696,
    0.013041273241178715
  ],
  "train_acc": [
    0.0204,
    0.9924,
    0.9924,
    0.9924,
    0.9924,
    0.9924,
    0.9924,
    0.9924,
    0.9924,
    0.9924,
    0.9924,
    0.9924,
    0.9924,
    0.9924,
    0.9924,
    0.9924,
    0.9924,
    0.9924,
    0.9924,
    0.9924,
    0.9924,
    0.9924,
    0.9924,
    0.9924,
    0.9924,
    0.9924,
    0.9924,
    0.9924,
    0.9924,
    0.9924,
    0.9924,
    0.9924,
    0.9924,
    0.9924,
    0.9924,
    0.9924,
    0.9924,
    0.9924,
    0.9924,
    0.9924,
    0.9924,
    0.9924,
    0.9924,
    0.9924,
    0.9924,
    0.9924,
    0.9924,
    0.9924,
    0.9924,
    0.9924,
    0.9924,
    0.9924,
    0.9924,
    0.9924,
    0.9924,
    0.9924,
    0.9924,
    0.9924,
    0.9924,
    0.9924,
    0.9924,
    0.9924,
    0.9924,
    0.9924,
    0.9924,
    0.9924,
    0.9924,
    0.9924,
    0.9924,
    0.9924,
    0.9924,
    0.9924,
    0.9924,
    0.9924,
    0.9924,
    0.9924,
    0.9924,
    0.9924,
    0.9924,
    0.9924,
    0.9924,
    0.9924,
    0.9924,
    0.9924,
    0.9924,
    0.9924,
    0.9924,
    0.9924,
    0.9924,
    0.9924,
    0.9924,
    0.9924,
    0.9924,
    0.9924,
    0.9924,
    0.9924,
    0.9924,
    0.9924,
    0.9924,
    0.9924,
    0.9924
  ],
  "test_acc": [
    0.011690934211924752,
    0.3987671378467425,
    0.39929854394728453,
    0.39929854394728453,
    0.39972366882771815,
    0.4005739185885854,
    0.399936231267935,
    0.4002550749282602,
    0.40142416834945266,
    0.40269954299075356,
    0.40301838665107875,
    0.40429376129237965,
    0.40450632373259643,
    0.40429376129237965,
    0.40801360399617387,
    0.4089701349771495,
    0.4103517908385588,
    0.4115208842597513,
    0.4144967584227867,
    0.4160909767244128,
    0.4176851950260389,
    0.41874800722712296,
    0.41991710064831544,
    0.4222552874907004,
    0.42204272505048357,
    0.4254437240939526,
    0.42661281751514507,
    0.4285258794770964,
    0.42746306727601235,
    0.4304389414390477,
    0.4317143160803486,
    0.43245828462110747,
    0.43150175364013177,
    0.4329896907216495,
    0.4357530024444681,
    0.43734722074609417,
    0.4354341587841428,
    0.43766606440641936,
    0.4415984695504304,
    0.44223615687108087,
    0.4487193112976937,
    0.45116377936018703,
    0.44967584227866936,
    0.45084493569986184,
    0.45212031034116273,
    0.454033372303114,
    0.45584015304495695,
    0.459772558188968,
    0.46083537039005207,
    0.46051652672972687,
    0.4629609947922202,
    0.46572430651503877,
    0.46816877457753214,
    0.47231374216176003,
    0.4745456477840366,
    0.47720267828674673,
    0.47688383462642153,
    0.4778403656073972,
    0.47932830268891485,
    0.4820916144117334,
    0.4860240195557445,
    0.4828355829524923,
    0.4831544266128175,
    0.48517376979487725,
    0.4885747688383463,
    0.49612073546604313,
    0.496864704006802,
    0.4982463598682113,
    0.49962801572962057,
    0.4967584227866936,
    0.49909660962907854,
    0.5030290147730896,
    0.507599107237751,
    0.5095121691997024,
    0.5103624189605697,
    0.5125943245828463,
    0.5135508555638219,
    0.509937294080136,
    0.5113189499415454,
    0.5142948241045807,
    0.5137634180040387,
    0.516739292167074,
    0.5169518546072909,
    0.5195026038898927,
    0.5208842597513019,
    0.5159953236263153,
    0.5153576363056648,
    0.5125943245828463,
    0.5159953236263153,
    0.5227973217132532,
    0.52300988415347,
    0.5238601339143374,
    0.5259857583165055,
    0.5277925390583484,
    0.534488255925178,
    0.5342756934849612,
    0.5330003188436603,
    0.5351259432458285,
    0.5351259432458285,
    0.5326814751833351,
    0.5341694122648528
  ]
}