{
  "epoch": [
    1,
    2000,
    4000,
    6000,
    8000,
    10000,
    12000,
    14000,
    16000,
    18000,
    20000,
    22000,
    24000,
    26000,
    28000,
    30000,
    32000,
    34000,
    36000,
    38000,
    40000,
    42000,
    44000,
    46000,
    48000,
    50000,
    52000,
    54000,
    56000,
    58000,
    60000,
    62000,
    64000,
    66000,
    68000,
    70000,
    72000,
    74000,
    76000,
    78000,
    80000,
    82000,
    84000,
    86000,
    88000,
    90000,
    92000,
    94000,
    96000,
    98000,
    100000,
    102000,
    104000,
    106000,
    108000,
    110000,
    112000,
    114000,
    116000,
    118000,
    120000,
    122000,
    124000,
    126000,
    128000,
    130000,
    132000,
    134000,
    136000,
    138000,
    140000,
    142000,
    144000,
    146000,
    148000,
    150000,
    152000,
    154000,
    156000,
    158000,
    160000,
    162000,
    164000,
    166000,
    168000,
    170000,
    172000,
    174000,
    176000,
    178000,
    180000,
    182000,
    184000,
    186000,
    188000,
    190000,
    192000,
    194000,
    196000,
    198000,
    200000
  ],
  "loss": [
    4.576022005081176,
    0.22766332965828254,
    0.023492290753195994,
    0.02291056932178326,
    0.022539601977774874,
    0.022334302400297018,
    0.022245915454952046,
    0.02220576664103428,
    0.022179684079089202,
    0.022194255328085274,
    0.02216280225533992,
    0.02216403015584219,
    0.02218100372336339,
    0.022186921354476363,
    0.02219191441623261,
    0.02218702653751243,
    0.022178622061456554,
    0.022180937301646917,
    0.02218224099405343,
    0.022165438033657846,
    0.022178567500028293,
    0.02218709661695175,
    0.02218381053893827,
    0.022179748173453844,
    0.0221610162261175,
    0.02216800655226689,
    0.0221577497572056,
    0.022163345379428937,
    0.0221497428903589,
    0.022143344468995928,
    0.02216035295005422,
    0.022163372616632843,
    0.022173501527891493,
    0.022162947360612452,
    0.022140492191072555,
    0.022153520161728373,
    0.022171968149510213,
    0.0221536764126271,
    0.022146561083546838,
    0.022158613728941418,
    0.02214298088005744,
    0.022149215322337112,
    0.022157336224243044,
    0.022160114846477518,
    0.02215708950960543,
    0.022176068122289144,
    0.022145806758175603,
    0.02215715745711932,
    0.022149590586381964,
    0.022153439125977458,
    0.022152458243560977,
    0.022154422406596132,
    0.022142143310722895,
    0.022158271718444304,
    0.022170239454624242,
    0.022162869046570267,
    0.022166387143358588,
    0.02215940060345456,
    0.022171899600164035,
    0.022167498367093502,
    0.0221653767605545,
    0.022171531257987955,
    0.0221632504735142,
    0.022159380097268148,
    0.02216216034293175,
    0.02216162398083834,
    0.022163306848751382,
    0.022146280353539622,
    0.02215997013193555,
    0.022164021696150303,
    0.022169194230646828,
    0.02215070104523329,
    0.022150132212019526,
    0.022147778521245345,
    0.022152129687950946,
    0.022149192478170154,
    0.02216204144016374,
    0.02215165808897,
    0.022150900187925437,
    0.022141560549242423,
    0.0221386051120935,
    0.022153930630139075,
    0.0221558492571814,
    0.02214415734196082,
    0.02216169026591815,
    0.02217370271962136,
    0.022169324201275594,
    0.02216160014695488,
    0.022162843628553672,
    0.02216919315614505,
    0.022166582492692394,
    0.02216813721966464,
    0.02216516715248581,
    0.022158387647318888,
    0.022138065217644907,
    0.02214967459649779,
    0.022158870247378944,
    0.02216422438309528,
    0.022151396916271188,
    0.022160700429067946,
    0.022150659357081166
  ],
  "train_acc": [
    0.0214,
    0.9856,
    0.9856,
    0.9856,
    0.9856,
    0.9856,
    0.9856,
    0.9856,
    0.9856,
    0.9856,
    0.9856,
    0.9856,
    0.9856,
    0.9856,
    0.9856,
    0.9856,
    0.9856,
    0.9856,
    0.9856,
    0.9856,
    0.9856,
    0.9856,
    0.9856,
    0.9856,
    0.9856,
    0.9856,
    0.9856,
    0.9856,
    0.9856,
    0.9856,
    0.9856,
    0.9856,
    0.9856,
    0.9856,
    0.9856,
    0.9856,
    0.9856,
    0.9856,
    0.9856,
    0.9856,
    0.9856,
    0.9856,
    0.9856,
    0.9856,
    0.9856,
    0.9856,
    0.9856,
    0.9856,
    0.9856,
    0.9856,
    0.9856,
    0.9856,
    0.9856,
    0.9856,
    0.9856,
    0.9856,
    0.9856,
    0.9856,
    0.9856,
    0.9856,
    0.9856,
    0.9856,
    0.9856,
    0.9856,
    0.9856,
    0.9856,
    0.9856,
    0.9856,
    0.9856,
    0.9856,
    0.9856,
    0.9856,
    0.9856,
    0.9856,
    0.9856,
    0.9856,
    0.9856,
    0.9856,
    0.9856,
    0.9856,
    0.9856,
    0.9856,
    0.9856,
    0.9856,
    0.9856,
    0.9856,
    0.9856,
    0.9856,
    0.9856,
    0.9856,
    0.9856,
    0.9856,
    0.9856,
    0.9856,
    0.9856,
    0.9856,
    0.9856,
    0.9856,
    0.9856,
    0.9856,
    0.9856
  ],
  "test_acc": [
    0.011690934211924752,
    0.39855457540652567,
    0.39844829418641725,
    0.39834201296630883,
    0.39972366882771815,
    0.3987671378467425,
    0.39823573174620047,
    0.39834201296630883,
    0.39834201296630883,
    0.3986608566266341,
    0.39834201296630883,
    0.39844829418641725,
    0.39812945052609205,
    0.39887341906685087,
    0.3991922627271761,
    0.39929854394728453,
    0.3991922627271761,
    0.399936231267935,
    0.40014879370815176,
    0.40014879370815176,
    0.4011053246891274,
    0.4011053246891274,
    0.40014879370815176,
    0.4018492932298863,
    0.4022744181103199,
    0.40259326177064514,
    0.4021681368902115,
    0.40291210543097034,
    0.4020618556701031,
    0.40291210543097034,
    0.4040811988521628,
    0.40386863641194604,
    0.40312466787118717,
    0.4036560739717292,
    0.4052502922733553,
    0.40461260495270485,
    0.4052502922733553,
    0.4056754171537889,
    0.40546285471357213,
    0.4065256669146562,
    0.4061005420342226,
    0.40716335423530664,
    0.4099266659581252,
    0.4103517908385588,
    0.4102455096184504,
    0.4103517908385588,
    0.4118397279200765,
    0.4139653523222447,
    0.41502816452332875,
    0.416409820384738,
    0.4191731321075566,
    0.4197045382080986,
    0.42034222552874906,
    0.4210861940695079,
    0.42161760017004996,
    0.42204272505048357,
    0.4191731321075566,
    0.4239557870124349,
    0.4222552874907004,
    0.4237432245722181,
    0.42438091189286853,
    0.4256562865341694,
    0.4259751301944946,
    0.42459347433308536,
    0.42310553725156763,
    0.42650653629503665,
    0.4271442236156871,
    0.4279944733765544,
    0.4303326602189393,
    0.4285258794770964,
    0.42735678605590394,
    0.42778191093633755,
    0.42916356679774686,
    0.4304389414390477,
    0.43107662875969815,
    0.4308640663194813,
    0.43352109682219153,
    0.4330959719417579,
    0.4357530024444681,
    0.4328834095015411,
    0.434158784142842,
    0.4347964714634924,
    0.4357530024444681,
    0.4347964714634924,
    0.4321394409607822,
    0.4347964714634924,
    0.4367095334254437,
    0.4363906897651185,
    0.43894143904772026,
    0.4393665639281539,
    0.4383037517270698,
    0.44212987565097245,
    0.44425550005314063,
    0.44319268785205657,
    0.44181103199064725,
    0.44595599957487514,
    0.4452120310341163,
    0.44648740567541717,
    0.4481879051971517,
    0.4481879051971517,
    0.44829418641726004
  ]
}