{
  "epoch": [
    1,
    2000,
    4000,
    6000,
    8000,
    10000,
    12000,
    14000,
    16000,
    18000,
    20000,
    22000,
    24000,
    26000,
    28000,
    30000,
    32000,
    34000,
    36000,
    38000,
    40000,
    42000,
    44000,
    46000,
    48000,
    50000,
    52000,
    54000,
    56000,
    58000,
    60000,
    62000,
    64000,
    66000,
    68000,
    70000,
    72000,
    74000,
    76000,
    78000,
    80000,
    82000,
    84000,
    86000,
    88000,
    90000,
    92000,
    94000,
    96000,
    98000,
    100000,
    102000,
    104000,
    106000,
    108000,
    110000,
    112000,
    114000,
    116000,
    118000,
    120000,
    122000,
    124000,
    126000,
    128000,
    130000,
    132000,
    134000,
    136000,
    138000,
    140000,
    142000,
    144000,
    146000,
    148000,
    150000
  ],
  "loss": [
    4.575939416885376,
    0.19904272066325382,
    8.80639503004943e-07,
    2.219998016933289e-07,
    2.1071263535361594e-07,
    2.1005285529867023e-07,
    2.0994739677391294e-07,
    2.1215588596632527e-07,
    0.0001471608527833773,
    5.785965391467584e-07,
    0.00010712397638277125,
    9.357502738495213e-05,
    2.6923211342968044e-06,
    0.00019996594043763025,
    1.665429554277864e-06,
    0.00032680903226032924,
    0.00020998563028091369,
    4.488524857829645e-06,
    0.0002889860676080495,
    0.00022966379454828143,
    4.584047748323172e-06,
    0.0002926415116384618,
    1.9845084672397206e-06,
    0.00038660837973400177,
    0.00014626782467776068,
    0.00013683069762089915,
    3.6035470094198273e-06,
    0.0002944762743285757,
    0.00022389917861171825,
    4.304572318243771e-06,
    0.0003028687476458671,
    0.00020380591718781814,
    3.895206432259357e-06,
    0.00028281768573396493,
    0.0003015995414786794,
    4.253391758281566e-06,
    0.0002759282471089435,
    0.0003163176852641364,
    4.0692958761347596e-06,
    0.0003291418902196604,
    0.00026377195921854904,
    3.130056294996564e-06,
    0.000285835035040504,
    0.00010118250168727912,
    0.0003190515067872539,
    4.708404061031501e-06,
    0.00019499272019569248,
    0.00034459382335196763,
    4.548985494196956e-06,
    0.00023118986095934204,
    0.0002442044089723396,
    0.00017289614650944926,
    3.848864197247792e-06,
    0.0003512170093301307,
    0.00022093624236541772,
    4.295375319340877e-06,
    0.0002470324820625329,
    0.00019997397352306833,
    3.6334995764711665e-06,
    0.0005182203928713531,
    0.00036103007579029123,
    4.175174684328198e-06,
    0.00022016522880814122,
    0.0004296620472394494,
    0.00025601112976623525,
    4.448925010662918e-06,
    0.00032777457900264083,
    0.00033270036220745214,
    4.600515915158354e-06,
    0.000530221867543106,
    0.00025933789205662665,
    4.483432807778342e-06,
    0.00016936898301187213,
    0.0005049350588574949,
    5.018939991812488e-06,
    0.0002678710916875708
  ],
  "train_acc": [
    0.0196,
    1.0,
    1.0,
    1.0,
    1.0,
    1.0,
    1.0,
    1.0,
    1.0,
    1.0,
    1.0,
    1.0,
    1.0,
    1.0,
    1.0,
    1.0,
    1.0,
    1.0,
    1.0,
    1.0,
    1.0,
    1.0,
    1.0,
    1.0,
    1.0,
    1.0,
    1.0,
    1.0,
    1.0,
    1.0,
    1.0,
    1.0,
    1.0,
    1.0,
    1.0,
    1.0,
    1.0,
    1.0,
    1.0,
    1.0,
    1.0,
    1.0,
    1.0,
    1.0,
    1.0,
    1.0,
    1.0,
    1.0,
    1.0,
    1.0,
    1.0,
    1.0,
    1.0,
    1.0,
    1.0,
    1.0,
    1.0,
    1.0,
    1.0,
    1.0,
    1.0,
    1.0,
    1.0,
    1.0,
    1.0,
    1.0,
    1.0,
    1.0,
    1.0,
    1.0,
    1.0,
    1.0,
    1.0,
    1.0,
    1.0,
    1.0
  ],
  "test_acc": [
    0.01211605909235838,
    0.39929854394728453,
    0.4003613561483686,
    0.40291210543097034,
    0.40588797959400574,
    0.4142841959825699,
    0.4330959719417579,
    0.468912743118291,
    0.5047295142948242,
    0.5656286534169412,
    0.6169624827293018,
    0.6499096609629078,
    0.6922095865660538,
    0.7297268572643214,
    0.7572536932723988,
    0.7939207142097991,
    0.8128387713890955,
    0.8308002975874164,
    0.8488681050058454,
    0.8528005101498565,
    0.8746944414921883,
    0.8807524710383675,
    0.881390158359018,
    0.8981825911361463,
    0.9042406206823255,
    0.904134339462217,
    0.9082793070464449,
    0.9167818046551175,
    0.912743118290998,
    0.9219895844404293,
    0.9265596769050909,
    0.9299606759485599,
    0.9267722393453077,
    0.9351684557338719,
    0.9377192050164735,
    0.9348496120735466,
    0.9380380486767989,
    0.9399511106387501,
    0.9368689552556063,
    0.9420767350409183,
    0.9444149218833032,
    0.9409076416197258,
    0.9445212031034116,
    0.9426081411414603,
    0.9445212031034116,
    0.9462217026251462,
    0.946965671165905,
    0.9494101392283983,
    0.9455840153044957,
    0.9484536082474226,
    0.9523860133914337,
    0.9460091401849293,
    0.9480284833669891,
    0.9530237007120842,
    0.9497289828887235,
    0.9500478265490487,
    0.9520671697311085,
    0.955574449994686,
    0.9486661706876395,
    0.952704857051759,
    0.953236263152301,
    0.9495164204485067,
    0.9525985758316505,
    0.9554681687745775,
    0.9366563928153895,
    0.953236263152301,
    0.9534488255925178,
    0.9434583909023275,
    0.9537676692528431,
    0.9563184185354447,
    0.9460091401849293,
    0.955574449994686,
    0.955574449994686,
    0.9569561058560953,
    0.9537676692528431,
    0.9557870124349027
  ]
}