{
  "epoch": [
    1,
    2000,
    4000,
    6000,
    8000,
    10000,
    12000,
    14000,
    16000,
    18000,
    20000,
    22000,
    24000,
    26000,
    28000,
    30000,
    32000,
    34000,
    36000,
    38000,
    40000,
    42000,
    44000,
    46000,
    48000,
    50000,
    52000,
    54000,
    56000,
    58000,
    60000,
    62000,
    64000,
    66000,
    68000,
    70000,
    72000,
    74000,
    76000,
    78000,
    80000,
    82000,
    84000,
    86000,
    88000,
    90000,
    92000,
    94000,
    96000,
    98000,
    100000,
    102000,
    104000,
    106000,
    108000,
    110000,
    112000,
    114000,
    116000,
    118000,
    120000,
    122000,
    124000,
    126000,
    128000,
    130000,
    132000,
    134000,
    136000,
    138000,
    140000,
    142000,
    144000,
    146000,
    148000,
    150000,
    152000,
    154000,
    156000,
    158000,
    160000,
    162000,
    164000,
    166000,
    168000,
    170000,
    172000,
    174000,
    176000,
    178000,
    180000,
    182000,
    184000,
    186000,
    188000,
    190000,
    192000,
    194000,
    196000,
    198000,
    200000
  ],
  "loss": [
    4.576067972183227,
    0.21501696965801137,
    0.013579970082484943,
    0.01324079436668544,
    0.01310505556189164,
    0.013082877613531309,
    0.01305611172884237,
    0.013044854510998564,
    0.01302883839054266,
    0.01301527789976092,
    0.013024194275469416,
    0.01301336951366099,
    0.013007677041999205,
    0.013006503944244468,
    0.012998870293883373,
    0.012994565963756028,
    0.012995341332613146,
    0.012991406737320358,
    0.012993817580281756,
    0.012990250317154513,
    0.012987093389804067,
    0.012997203558654257,
    0.012986930216349396,
    0.012988465261603048,
    0.01298676998105314,
    0.01298328643621935,
    0.012981885632060585,
    0.012990766743640416,
    0.012989434739697027,
    0.012997307759779506,
    0.012981099049790083,
    0.012978473944081022,
    0.012992434780989425,
    0.012987120237818431,
    0.012985246274570818,
    0.012998610219053785,
    0.013000413203955377,
    0.012999830178935372,
    0.012996608025965443,
    0.013003677628960576,
    0.013006785900573595,
    0.013009814533709141,
    0.01300945136092671,
    0.013015907543621143,
    0.013019292188016698,
    0.01302253295894185,
    0.01302253646646277,
    0.013026926954804315,
    0.0130164281623986,
    0.013016583127042396,
    0.013012175020921859,
    0.013020912897243168,
    0.01302141342292016,
    0.013019768587945145,
    0.01301631144245035,
    0.013020136901996127,
    0.013036816978585558,
    0.01304370796301468,
    0.013038320937585376,
    0.013037259225037996,
    0.013025945992546622,
    0.013027937485251459,
    0.013032978697688668,
    0.013034059216998867,
    0.013037773567275144,
    0.013044520356100184,
    0.013049470227352766,
    0.013056519982600002,
    0.013056925983563982,
    0.013051568073342259,
    0.013045595466210909,
    0.013047017991999746,
    0.013039726283593353,
    0.013042747329326813,
    0.013032851403726769,
    0.013043333395905483,
    0.013047654485498788,
    0.013040984510716225,
    0.01302774964448181,
    0.013027889337988745,
    0.013026281773681677,
    0.013020396674048283,
    0.013027090353658424,
    0.013045869791661972,
    0.013039290101982652,
    0.013039195130232838,
    0.013048728961244961,
    0.013045751230164023,
    0.013031788219231708,
    0.01304585169426864,
    0.013042614788375794,
    0.01306009348537887,
    0.01306916371229742,
    0.01304744838041766,
    0.013040072015020979,
    0.013048523284263081,
    0.013054490689332557,
    0.013048592355321006,
    0.013034230213255919,
    0.013049172730193823,
    0.013047835982507968
  ],
  "train_acc": [
    0.02,
    0.9924,
    0.9924,
    0.9924,
    0.9924,
    0.9924,
    0.9924,
    0.9924,
    0.9924,
    0.9924,
    0.9924,
    0.9924,
    0.9924,
    0.9924,
    0.9924,
    0.9924,
    0.9924,
    0.9924,
    0.9924,
    0.9924,
    0.9924,
    0.9924,
    0.9924,
    0.9924,
    0.9924,
    0.9924,
    0.9924,
    0.9924,
    0.9924,
    0.9924,
    0.9924,
    0.9924,
    0.9924,
    0.9924,
    0.9924,
    0.9924,
    0.9924,
    0.9924,
    0.9924,
    0.9924,
    0.9924,
    0.9924,
    0.9924,
    0.9924,
    0.9924,
    0.9924,
    0.9924,
    0.9924,
    0.9924,
    0.9924,
    0.9924,
    0.9924,
    0.9924,
    0.9924,
    0.9924,
    0.9924,
    0.9924,
    0.9924,
    0.9924,
    0.9924,
    0.9924,
    0.9924,
    0.9924,
    0.9924,
    0.9924,
    0.9924,
    0.9924,
    0.9924,
    0.9924,
    0.9924,
    0.9924,
    0.9924,
    0.9924,
    0.9924,
    0.9924,
    0.9924,
    0.9924,
    0.9924,
    0.9924,
    0.9924,
    0.9924,
    0.9924,
    0.9924,
    0.9924,
    0.9924,
    0.9924,
    0.9924,
    0.9924,
    0.9924,
    0.9924,
    0.9924,
    0.9924,
    0.9924,
    0.9924,
    0.9924,
    0.9924,
    0.9924,
    0.9924,
    0.9924,
    0.9924,
    0.9924
  ],
  "test_acc": [
    0.011797215432033159,
    0.39929854394728453,
    0.399936231267935,
    0.40004251248804334,
    0.4003613561483686,
    0.4007864810288022,
    0.4007864810288022,
    0.4006801998086938,
    0.40163673078966944,
    0.40163673078966944,
    0.40301838665107875,
    0.4052502922733553,
    0.40599426081411416,
    0.40599426081411416,
    0.4102455096184504,
    0.4126899776809438,
    0.413540227441811,
    0.4165161016048464,
    0.4180040386863641,
    0.41821660112658093,
    0.41949197576788183,
    0.41991710064831544,
    0.4209799128493995,
    0.42204272505048357,
    0.42363694335210966,
    0.4267190987352535,
    0.4286321606972048,
    0.43235200340099905,
    0.434690190243384,
    0.4349027526836008,
    0.4347964714634924,
    0.43564672122435966,
    0.4374535019662026,
    0.43766606440641936,
    0.44181103199064725,
    0.4440429376129238,
    0.44956956105856094,
    0.4487193112976937,
    0.4485067488574769,
    0.45010096715910297,
    0.4547773408438729,
    0.4550961845041981,
    0.4598788394090764,
    0.462642151131895,
    0.465511744074822,
    0.46859389945796576,
    0.471782336061218,
    0.4738016792432777,
    0.4762461473057711,
    0.4820916144117334,
    0.48666170687639493,
    0.4894250185992135,
    0.4869805505367202,
    0.48836220639812944,
    0.4927197364225741,
    0.49346370496333297,
    0.49760867254756086,
    0.4988840471888617,
    0.5003719842703794,
    0.49962801572962057,
    0.5045169518546073,
    0.5069614199171006,
    0.5118503560420874,
    0.5147199489850144,
    0.5178021043681581,
    0.5191837602295675,
    0.5174832607078329,
    0.52300988415347,
    0.5187586353491338,
    0.5180146668083749,
    0.5187586353491338,
    0.5201402912105431,
    0.524816664895313,
    0.5233287278137952,
    0.5255606334360718,
    0.5260920395366139,
    0.5299181634605166,
    0.53501966202572,
    0.5349133808056117,
    0.5367201615474546,
    0.5338505686045276,
    0.5337442873844191,
    0.5325751939632267,
    0.5374641300882134,
    0.5400148793708152,
    0.5390583483898396,
    0.540758847911574,
    0.543097034753959,
    0.5433095971941758,
    0.5412902540121161,
    0.5424593474333085,
    0.5428844723137422,
    0.5445849718354767,
    0.5538314379849081,
    0.5621213731533637,
    0.5605271548517377,
    0.5541502816452333,
    0.549367626740355,
    0.5534063131044744,
    0.5571261558082686,
    0.5536188755446912
  ]
}