{
  "epoch": [
    1,
    2000,
    4000,
    6000,
    8000,
    10000,
    12000,
    14000,
    16000,
    18000,
    20000,
    22000,
    24000,
    26000,
    28000,
    30000,
    32000,
    34000,
    36000,
    38000,
    40000,
    42000,
    44000,
    46000,
    48000,
    50000,
    52000,
    54000,
    56000,
    58000,
    60000,
    62000,
    64000,
    66000,
    68000,
    70000,
    72000,
    74000,
    76000,
    78000,
    80000,
    82000,
    84000,
    86000,
    88000,
    90000,
    92000,
    94000,
    96000,
    98000,
    100000,
    102000,
    104000,
    106000,
    108000,
    110000,
    112000,
    114000,
    116000
  ],
  "loss": [
    4.5759132385253904,
    0.2028329150295305,
    9.208142333363866e-07,
    2.190131682880292e-07,
    2.1061707476661695e-07,
    2.0835974485748922e-07,
    2.0983344812677273e-07,
    0.00012053386839824682,
    7.737851753105929e-07,
    0.00024290858643281083,
    1.1644768672930184e-06,
    0.00018543774873291453,
    0.00018125780823002345,
    3.039614174321059e-06,
    0.0002483985047207476,
    0.0002363324235441766,
    4.585191909983877e-06,
    0.00021878104878478552,
    0.00020435175702926216,
    4.248150073289025e-06,
    0.00025462991478479677,
    0.00017401966294550774,
    3.5924262045668343e-06,
    0.00017622703060775463,
    0.00018137526138809647,
    2.4109419647317054e-06,
    0.000248185708618395,
    0.00019707595136058485,
    0.00030449330970484285,
    4.96612216969936e-06,
    0.0006187157275640935,
    3.4327118122121193e-06,
    0.00031627355043114137,
    0.0004960280119387192,
    0.00031178438603549096,
    4.8392581624554505e-06,
    0.0004607766108308752,
    3.3168788684797336e-06,
    0.00038223383161568235,
    0.0002971705635522234,
    0.00020818512891123078,
    4.2570619177993764e-06,
    0.00015263284514344092,
    0.00013070854694347317,
    2.508977041164684e-06,
    0.00029977149507805586,
    0.0002505874927202754,
    0.0002513496228836573,
    4.401782772064422e-06,
    0.0003147674403452157,
    0.00026943465401672883,
    4.325309725017945e-06,
    0.0001716757480832392,
    0.00047175940926621964,
    5.232520998185919e-06,
    0.0003249571396695984,
    0.00042423807386933346,
    4.6621012914314976e-06,
    0.00029436800939484085
  ],
  "train_acc": [
    0.0152,
    1.0,
    1.0,
    1.0,
    1.0,
    1.0,
    1.0,
    1.0,
    1.0,
    1.0,
    1.0,
    1.0,
    1.0,
    1.0,
    1.0,
    1.0,
    1.0,
    1.0,
    1.0,
    1.0,
    1.0,
    1.0,
    1.0,
    1.0,
    1.0,
    1.0,
    1.0,
    1.0,
    1.0,
    1.0,
    1.0,
    1.0,
    1.0,
    1.0,
    1.0,
    1.0,
    1.0,
    1.0,
    1.0,
    1.0,
    1.0,
    1.0,
    1.0,
    1.0,
    1.0,
    1.0,
    1.0,
    1.0,
    1.0,
    1.0,
    1.0,
    1.0,
    1.0,
    1.0,
    1.0,
    1.0,
    1.0,
    1.0,
    1.0
  ],
  "test_acc": [
    0.011053246891274312,
    0.4061005420342226,
    0.4070570730151982,
    0.4082261664363907,
    0.4143904772026783,
    0.43097034753958974,
    0.46944414921883304,
    0.5097247316399193,
    0.5796577744712509,
    0.627484323520034,
    0.6849824635986821,
    0.7363162929110426,
    0.7564034435115315,
    0.7847805292804761,
    0.8180465511744075,
    0.8303751727069827,
    0.85056860452758,
    0.868317568285684,
    0.8760760973535976,
    0.8855351259432458,
    0.8954192794133277,
    0.898926559676905,
    0.9004144967584228,
    0.9116803060899139,
    0.915612711233925,
    0.9118928685301307,
    0.9245403337230311,
    0.9285790200871507,
    0.896056966733978,
    0.934424487193113,
    0.9368689552556063,
    0.9353810181740886,
    0.9413327665001594,
    0.9445212031034116,
    0.9227335529811882,
    0.943033266021894,
    0.9454777340843873,
    0.9421830162610266,
    0.9468593899457965,
    0.9489850143479647,
    0.9260282708045489,
    0.9488787331278563,
    0.9511106387501328,
    0.9530237007120842,
    0.9465405462854714,
    0.9516420448506749,
    0.9522797321713253,
    0.9330428313317037,
    0.9539802316930598,
    0.9570623870762036,
    0.9394197045382081,
    0.9547242002338187,
    0.9563184185354447,
    0.9405887979594005,
    0.9556807312147944,
    0.956105856095228,
    0.9540865129131683,
    0.9546179190137103,
    0.9556807312147944
  ]
}