{
  "epoch": [
    1,
    2000,
    4000,
    6000,
    8000,
    10000,
    12000,
    14000,
    16000,
    18000,
    20000,
    22000,
    24000,
    26000,
    28000,
    30000,
    32000,
    34000,
    36000,
    38000,
    40000,
    42000,
    44000,
    46000,
    48000,
    50000,
    52000,
    54000,
    56000,
    58000,
    60000,
    62000,
    64000,
    66000,
    68000,
    70000,
    72000,
    74000,
    76000,
    78000,
    80000,
    82000,
    84000,
    86000,
    88000,
    90000,
    92000,
    94000,
    96000,
    98000,
    100000,
    102000,
    104000,
    106000,
    108000,
    110000,
    112000,
    114000,
    116000,
    118000,
    120000,
    122000,
    124000,
    126000,
    128000,
    130000,
    132000,
    134000,
    136000,
    138000,
    140000,
    142000,
    144000,
    146000,
    148000,
    150000,
    152000,
    154000,
    156000,
    158000,
    160000,
    162000,
    164000,
    166000,
    168000,
    170000,
    172000,
    174000,
    176000,
    178000,
    180000,
    182000,
    184000,
    186000,
    188000,
    190000,
    192000,
    194000,
    196000,
    198000,
    200000
  ],
  "loss": [
    4.575395822525024,
    0.23782846005745287,
    0.02647922994387336,
    0.02589431810089154,
    0.025516701337741688,
    0.025303742853691802,
    0.025190352462232113,
    0.025136703386949375,
    0.0250850270931609,
    0.02508590095206164,
    0.025091784211830236,
    0.02507550838442985,
    0.0250827567525208,
    0.02507945427687373,
    0.025075586794526317,
    0.025076114105968737,
    0.025075821488467046,
    0.025064209731284065,
    0.0250614208138315,
    0.025041561210446525,
    0.025047908772481607,
    0.02504226498166099,
    0.025050366297690196,
    0.025037017644266597,
    0.025045758676074913,
    0.02504275277459528,
    0.0250484672238701,
    0.025036021140939557,
    0.02502868864207994,
    0.025040011848974975,
    0.025038086046278475,
    0.025036341115785763,
    0.025040748405270277,
    0.025060241825669072,
    0.02503971920378972,
    0.025044381745229476,
    0.025044217372429557,
    0.025036475939908997,
    0.025035683701117525,
    0.02502965182326734,
    0.02504105431525968,
    0.025048523780866527,
    0.025035261280694977,
    0.025017113130842334,
    0.025020701930113135,
    0.025030004402971828,
    0.02503776917681098,
    0.025032546636345795,
    0.025029135014046914,
    0.025025896869576535,
    0.025026041167997753,
    0.025029983095265926,
    0.025036801895778626,
    0.025040553546254524,
    0.025044015722651965,
    0.025045689170784317,
    0.025050199793768116,
    0.02505173019003123,
    0.025038939926447346,
    0.025056546410359443,
    0.025049898809520528,
    0.02504820862316992,
    0.025051374058215878,
    0.025049127637175844,
    0.025060126271040643,
    0.025047156195901334,
    0.025048830220615492,
    0.025049541774531826,
    0.02505770237435354,
    0.02504666704497067,
    0.02505423382478766,
    0.025048807963053695,
    0.025044783853366972,
    0.02506129569800105,
    0.025052591882133858,
    0.025059923721058294,
    0.02505027082732413,
    0.025053076681913807,
    0.025056763144326397,
    0.025047729286854156,
    0.025060127354762516,
    0.02505317467332352,
    0.025073143180029,
    0.025066709338803776,
    0.025057944986014626,
    0.02505336363266688,
    0.025062956308142748,
    0.025074856608361007,
    0.025074209113814867,
    0.025071294065227265,
    0.025078223575116135,
    0.025073595998506063,
    0.02508524993825704,
    0.025073119089356624,
    0.02507613410683116,
    0.02508904266746249,
    0.0250718850585632,
    0.025085857421904802,
    0.02507762662214227,
    0.025074726390792057,
    0.025083529058168644
  ],
  "train_acc": [
    0.0172,
    0.9834,
    0.9834,
    0.9834,
    0.9834,
    0.9834,
    0.9834,
    0.9834,
    0.9834,
    0.9834,
    0.9834,
    0.9834,
    0.9834,
    0.9834,
    0.9834,
    0.9834,
    0.9834,
    0.9834,
    0.9834,
    0.9834,
    0.9834,
    0.9834,
    0.9834,
    0.9834,
    0.9834,
    0.9834,
    0.9834,
    0.9834,
    0.9834,
    0.9834,
    0.9834,
    0.9834,
    0.9834,
    0.9834,
    0.9834,
    0.9834,
    0.9834,
    0.9834,
    0.9834,
    0.9834,
    0.9834,
    0.9834,
    0.9834,
    0.9834,
    0.9834,
    0.9834,
    0.9834,
    0.9834,
    0.9834,
    0.9834,
    0.9834,
    0.9834,
    0.9834,
    0.9834,
    0.9834,
    0.9834,
    0.9834,
    0.9834,
    0.9834,
    0.9834,
    0.9834,
    0.9834,
    0.9834,
    0.9834,
    0.9834,
    0.9834,
    0.9834,
    0.9834,
    0.9834,
    0.9834,
    0.9834,
    0.9834,
    0.9834,
    0.9834,
    0.9834,
    0.9834,
    0.9834,
    0.9834,
    0.9834,
    0.9834,
    0.9834,
    0.9834,
    0.9834,
    0.9834,
    0.9834,
    0.9834,
    0.9834,
    0.9834,
    0.9834,
    0.9834,
    0.9834,
    0.9834,
    0.9834,
    0.9834,
    0.9834,
    0.9834,
    0.9834,
    0.9834,
    0.9834,
    0.9834,
    0.9834
  ],
  "test_acc": [
    0.011265809331491126,
    0.400467637368477,
    0.40099904346901905,
    0.4012116059092358,
    0.40131788712934424,
    0.4019555744499947,
    0.4012116059092358,
    0.40131788712934424,
    0.40099904346901905,
    0.40099904346901905,
    0.4012116059092358,
    0.4020618556701031,
    0.4005739185885854,
    0.4015304495695611,
    0.40142416834945266,
    0.4015304495695611,
    0.40142416834945266,
    0.40089276224891063,
    0.4011053246891274,
    0.4015304495695611,
    0.4018492932298863,
    0.4022744181103199,
    0.4018492932298863,
    0.40131788712934424,
    0.40291210543097034,
    0.4023806993304283,
    0.40291210543097034,
    0.40301838665107875,
    0.40312466787118717,
    0.40344351153151237,
    0.40312466787118717,
    0.40312466787118717,
    0.40269954299075356,
    0.40269954299075356,
    0.4032309490912956,
    0.40312466787118717,
    0.40312466787118717,
    0.4039749176320544,
    0.4032309490912956,
    0.4049314486130301,
    0.40471888617281326,
    0.4057816983738973,
    0.40599426081411416,
    0.4051440110532469,
    0.4057816983738973,
    0.40631310447443936,
    0.4073759166755234,
    0.4056754171537889,
    0.4073759166755234,
    0.40546285471357213,
    0.40546285471357213,
    0.4056754171537889,
    0.407269635455415,
    0.4082261664363907,
    0.4083324476564991,
    0.4081198852162823,
    0.4083324476564991,
    0.40918269741736635,
    0.4086512913168243,
    0.40960782229779996,
    0.4099266659581252,
    0.4082261664363907,
    0.4093952598575832,
    0.41045807205866724,
    0.410670634498884,
    0.4119460091401849,
    0.41120204059942606,
    0.41173344669996814,
    0.41502816452332875,
    0.41662238282495484,
    0.41694122648528004,
    0.4155595706238708,
    0.416409820384738,
    0.41864172600701455,
    0.4193856945477734,
    0.41949197576788183,
    0.42321181847167605,
    0.42321181847167605,
    0.4246997555531937,
    0.4252311616537358,
    0.4251248804336274,
    0.4241683494526517,
    0.4270379423955787,
    0.42820703581677116,
    0.4295886916781805,
    0.4296949728982889,
    0.43235200340099905,
    0.43267084706132425,
    0.4321394409607822,
    0.4313954724200234,
    0.43256456584121583,
    0.4350090339037092,
    0.43267084706132425,
    0.43362737804229995,
    0.43437134658305876,
    0.4354341587841428,
    0.4361781273249017,
    0.4358592836645765,
    0.4349027526836008,
    0.4362844085450101,
    0.4381974705069614
  ]
}