{
  "epoch": [
    1,
    2000,
    4000,
    6000,
    8000,
    10000,
    12000,
    14000,
    16000,
    18000,
    20000,
    22000,
    24000,
    26000,
    28000,
    30000,
    32000,
    34000,
    36000,
    38000,
    40000,
    42000,
    44000,
    46000,
    48000,
    50000,
    52000,
    54000,
    56000,
    58000,
    60000,
    62000,
    64000,
    66000,
    68000,
    70000,
    72000,
    74000,
    76000,
    78000,
    80000,
    82000,
    84000,
    86000,
    88000,
    90000,
    92000,
    94000,
    96000,
    98000,
    100000,
    102000,
    104000,
    106000,
    108000,
    110000,
    112000,
    114000,
    116000,
    118000,
    120000,
    122000,
    124000,
    126000,
    128000,
    130000,
    132000,
    134000,
    136000,
    138000,
    140000,
    142000,
    144000,
    146000,
    148000,
    150000,
    152000,
    154000,
    156000,
    158000,
    160000,
    162000,
    164000,
    166000,
    168000,
    170000,
    172000,
    174000,
    176000,
    178000,
    180000,
    182000,
    184000,
    186000,
    188000,
    190000,
    192000,
    194000,
    196000,
    198000,
    200000
  ],
  "loss": [
    4.576116371154785,
    0.19954589058218175,
    8.71910448623936e-07,
    2.2136533985559482e-07,
    2.1050600195309243e-07,
    2.093077355056039e-07,
    2.0874055015767112e-07,
    2.1125518868601033e-07,
    0.00012111753185564141,
    3.847276632914287e-06,
    0.0001719130213895312,
    2.4103123405737394e-06,
    0.0002255889423531066,
    0.00018662369036256124,
    5.173299868765469e-06,
    0.00013496926475406852,
    2.730204302904582e-06,
    0.00018922393562775,
    0.0001697415213065966,
    4.426803047355321e-06,
    0.00019638890476044325,
    0.0003180082473972,
    5.662657244733538e-06,
    0.0002835148637111594,
    0.00016612751789914028,
    4.511941551227494e-06,
    0.0001279910042243678,
    0.00017333744245914885,
    4.448544313217439e-06,
    0.00018585669320214535,
    0.00019233666460210586,
    4.3369964558145565e-06,
    0.00014806659064049086,
    0.000231573085657233,
    4.193529677062457e-06,
    0.0002590409979289603,
    0.00027490619365153177,
    4.471101341997752e-06,
    0.0002641067699406868,
    0.00018319654380224648,
    3.259183428866663e-06,
    0.00025833687712078016,
    0.0002338448061672864,
    0.0001460481258398886,
    4.017684694726853e-06,
    0.0003327398105196103,
    1.797470453075789e-06,
    0.0002451980440715559,
    0.00035027509178328485,
    1.9860980576467566e-06,
    0.00029261052724712113,
    0.000243279853629965,
    0.0003147919460685266,
    4.731222168493332e-06,
    0.0001997453635561044,
    0.0003046899866938517,
    4.556225877448839e-06,
    0.00037443896618699385,
    9.888584155497711e-05,
    0.000129270103143363,
    3.6682516149610933e-06,
    0.00038434680205150793,
    0.0002274571324103718,
    4.66689346995679e-06,
    0.0004653183879348063,
    0.0003016092914867976,
    4.881375900014717e-06,
    0.0003124165019463341,
    1.483100918655822e-06,
    0.0005285274683075109,
    0.00023915472116377997,
    1.8339088470213483e-06,
    0.00042134196711106993,
    0.0001338841821683033,
    0.0003416758271751085,
    4.9057899407429775e-06,
    0.00023675072294469855,
    0.0004030858208542675,
    5.1967971707327365e-06,
    0.000190807575352882,
    0.00028627112381751657,
    4.64903052533856e-06,
    0.00021501409211130778,
    0.00022163774174865694,
    3.924591416611634e-06,
    0.000403709980118002,
    0.00021276397154300426,
    3.7528252399560813e-06,
    0.0004677046901489472,
    0.0004896108615970483,
    5.3313329404048205e-06,
    0.00016215486919119256,
    0.0002314784475056477,
    3.1248293138844473e-06,
    0.0004668144083798829,
    0.0003660519625315487,
    4.62442438231605e-06,
    0.00019428231848492742,
    9.608087968083581e-05,
    0.00023917226763039423,
    4.4484090816958145e-06
  ],
  "train_acc": [
    0.0224,
    1.0,
    1.0,
    1.0,
    1.0,
    1.0,
    1.0,
    1.0,
    1.0,
    1.0,
    1.0,
    1.0,
    1.0,
    1.0,
    1.0,
    1.0,
    1.0,
    1.0,
    1.0,
    1.0,
    1.0,
    1.0,
    1.0,
    1.0,
    1.0,
    1.0,
    1.0,
    1.0,
    1.0,
    1.0,
    1.0,
    1.0,
    1.0,
    1.0,
    1.0,
    1.0,
    1.0,
    1.0,
    1.0,
    1.0,
    1.0,
    1.0,
    1.0,
    1.0,
    1.0,
    1.0,
    1.0,
    1.0,
    1.0,
    1.0,
    1.0,
    1.0,
    1.0,
    1.0,
    1.0,
    1.0,
    1.0,
    1.0,
    1.0,
    1.0,
    1.0,
    1.0,
    1.0,
    1.0,
    1.0,
    1.0,
    1.0,
    1.0,
    1.0,
    1.0,
    1.0,
    1.0,
    1.0,
    1.0,
    1.0,
    1.0,
    1.0,
    1.0,
    1.0,
    1.0,
    1.0,
    1.0,
    1.0,
    1.0,
    1.0,
    1.0,
    1.0,
    1.0,
    1.0,
    1.0,
    1.0,
    1.0,
    1.0,
    1.0,
    1.0,
    1.0,
    1.0,
    1.0,
    1.0,
    1.0,
    1.0
  ],
  "test_acc": [
    0.012647465192900414,
    0.3990859815070677,
    0.39972366882771815,
    0.4021681368902115,
    0.4056754171537889,
    0.4148156020831119,
    0.4333085343819747,
    0.4643426506536295,
    0.4936762674035498,
    0.5419279413327664,
    0.5760442129875651,
    0.6155808268678924,
    0.6427888192156446,
    0.6592624083324476,
    0.7039005207779785,
    0.7234562652779254,
    0.7379105112126687,
    0.7659687533212881,
    0.7743649697098522,
    0.7903071527261133,
    0.8057179296418323,
    0.8093314911255182,
    0.8297374853863322,
    0.8379211393346796,
    0.8235731746200446,
    0.8618344138590711,
    0.8734190668508874,
    0.8458922308428101,
    0.8903177808481242,
    0.8970134977149538,
    0.8896800935274737,
    0.904134339462217,
    0.9081730258263365,
    0.9092358380274206,
    0.9118928685301307,
    0.9177383356360931,
    0.9180571792964183,
    0.9193325539377192,
    0.9244340525029228,
    0.924752896163248,
    0.921883303220321,
    0.9312360505898608,
    0.9314486130300775,
    0.921883303220321,
    0.9267722393453077,
    0.9288978637474758,
    0.9234775215219471,
    0.9304920820491019,
    0.9333616749920289,
    0.9260282708045489,
    0.9317674566904028,
    0.9318737379105112,
    0.9139122117121905,
    0.9327239876713784,
    0.9318737379105112,
    0.9328302688914869,
    0.9332553937719205,
    0.9345307684132214,
    0.9365501115952811,
    0.9266659581251993,
    0.9307046444893188,
    0.9350621745137634,
    0.919545116377936,
    0.9348496120735466,
    0.9370815176958232,
    0.9222021468806462,
    0.9358061430545223,
    0.9398448294186418,
    0.9311297693697523,
    0.9375066425762568,
    0.9384631735572324,
    0.9332553937719205,
    0.9379317674566904,
    0.9395259857583165,
    0.9181634605165268,
    0.9351684557338719,
    0.9393134233180996,
    0.927622489106175,
    0.9386757359974492,
    0.9391008608778829,
    0.9351684557338719,
    0.9374003613561483,
    0.9380380486767989,
    0.9391008608778829,
    0.9361249867148475,
    0.9394197045382081,
    0.940695079179509,
    0.9361249867148475,
    0.9399511106387501,
    0.9416516101604846,
    0.9379317674566904,
    0.9395259857583165,
    0.9399511106387501,
    0.9370815176958232,
    0.9386757359974492,
    0.9420767350409183,
    0.9380380486767989,
    0.9392071420979913,
    0.9405887979594005,
    0.9409076416197258,
    0.9410139228398342
  ]
}