{
  "epoch": [
    1,
    2000,
    4000,
    6000,
    8000,
    10000,
    12000,
    14000,
    16000,
    18000,
    20000,
    22000,
    24000,
    26000,
    28000,
    30000,
    32000,
    34000,
    36000,
    38000,
    40000,
    42000,
    44000,
    46000,
    48000,
    50000,
    52000,
    54000,
    56000,
    58000,
    60000,
    62000,
    64000,
    66000,
    68000,
    70000,
    72000,
    74000,
    76000,
    78000,
    80000,
    82000,
    84000,
    86000,
    88000,
    90000,
    92000,
    94000,
    96000,
    98000,
    100000,
    102000,
    104000,
    106000,
    108000,
    110000,
    112000,
    114000,
    116000,
    118000,
    120000,
    122000,
    124000,
    126000,
    128000,
    130000,
    132000,
    134000,
    136000,
    138000,
    140000,
    142000,
    144000,
    146000,
    148000,
    150000,
    152000,
    154000,
    156000,
    158000,
    160000,
    162000,
    164000,
    166000,
    168000,
    170000,
    172000,
    174000,
    176000,
    178000,
    180000,
    182000,
    184000,
    186000,
    188000,
    190000,
    192000,
    194000,
    196000,
    198000,
    200000
  ],
  "loss": [
    4.575153970718384,
    0.2216210429579744,
    0.0131170711630327,
    0.01276279879410381,
    0.012605664916735692,
    0.012548728612823619,
    0.012527080364884117,
    0.012502138472098114,
    0.012501935612240413,
    0.012482659787999001,
    0.012485480964469772,
    0.012491852637593226,
    0.01248486963016324,
    0.012479540547012556,
    0.012479021745148883,
    0.012474425608834614,
    0.012478135363865295,
    0.012474129820435408,
    0.012478634879693641,
    0.012478317815029337,
    0.012471312998640747,
    0.012469244498503985,
    0.012491646941559123,
    0.01249326479671579,
    0.012479668310717278,
    0.012465997002428026,
    0.012471931780301638,
    0.012475572716418538,
    0.012473067991578136,
    0.012479588663254187,
    0.012480425410355031,
    0.012482625095846016,
    0.012480088620141033,
    0.01246946384313401,
    0.012469411645003129,
    0.01247914886027279,
    0.01248845951665934,
    0.012474429160801784,
    0.012480274742065398,
    0.01248082414649978,
    0.012487623039751062,
    0.012487523160013888,
    0.012483147097023903,
    0.012491672480477771,
    0.012486829191640602,
    0.012491030802330352,
    0.012495273072216687,
    0.01249063010175887,
    0.012491602490772852,
    0.012488718632073296,
    0.012487678266665898,
    0.012496408066984804,
    0.01249405356827975,
    0.012508347900299612,
    0.012493785264246956,
    0.012495603278986273,
    0.012490939425941885,
    0.012496052823579521,
    0.012490344748963184,
    0.012491607671365071,
    0.012499192649102701,
    0.012496479201551102,
    0.012493007382984445,
    0.012502581377256211,
    0.012512790648054216,
    0.01250771879987675,
    0.012502599280991103,
    0.012507413893169684,
    0.012503096914940398,
    0.01249870766189997,
    0.012501300675018064,
    0.012507705146572127,
    0.01250003071392706,
    0.012507442091210368,
    0.012516764437900467,
    0.0125097013826774,
    0.012510039446953669,
    0.012519057556585153,
    0.0125095873096812,
    0.012511650963020293,
    0.01250281625452335,
    0.01251292653895384,
    0.01250894951782591,
    0.012506490528087912,
    0.012504650389898552,
    0.012509052004723345,
    0.012524292407382044,
    0.012525851720656058,
    0.012523986989908736,
    0.012523242722218829,
    0.01252253735467093,
    0.012521236178040244,
    0.012518446095936815,
    0.012507827804196837,
    0.01250839534805788,
    0.012505687615647913,
    0.012507915149916489,
    0.012522829960580566,
    0.012513208695850335,
    0.012516447409507237,
    0.012511524237603768
  ],
  "train_acc": [
    0.0188,
    0.9926,
    0.9926,
    0.9926,
    0.9926,
    0.9926,
    0.9926,
    0.9926,
    0.9926,
    0.9926,
    0.9926,
    0.9926,
    0.9926,
    0.9926,
    0.9926,
    0.9926,
    0.9926,
    0.9926,
    0.9926,
    0.9926,
    0.9926,
    0.9926,
    0.9926,
    0.9926,
    0.9926,
    0.9926,
    0.9926,
    0.9926,
    0.9926,
    0.9926,
    0.9926,
    0.9926,
    0.9926,
    0.9926,
    0.9926,
    0.9926,
    0.9926,
    0.9926,
    0.9926,
    0.9926,
    0.9926,
    0.9926,
    0.9926,
    0.9926,
    0.9926,
    0.9926,
    0.9926,
    0.9926,
    0.9926,
    0.9926,
    0.9926,
    0.9926,
    0.9926,
    0.9926,
    0.9926,
    0.9926,
    0.9926,
    0.9926,
    0.9926,
    0.9926,
    0.9926,
    0.9926,
    0.9926,
    0.9926,
    0.9926,
    0.9926,
    0.9926,
    0.9926,
    0.9926,
    0.9926,
    0.9926,
    0.9926,
    0.9926,
    0.9926,
    0.9926,
    0.9926,
    0.9926,
    0.9926,
    0.9926,
    0.9926,
    0.9926,
    0.9926,
    0.9926,
    0.9926,
    0.9926,
    0.9926,
    0.9926,
    0.9926,
    0.9926,
    0.9926,
    0.9926,
    0.9926,
    0.9926,
    0.9926,
    0.9926,
    0.9926,
    0.9926,
    0.9926,
    0.9926,
    0.9926,
    0.9926
  ],
  "test_acc": [
    0.012328621532575194,
    0.4035497927516208,
    0.4040811988521628,
    0.4039749176320544,
    0.40450632373259643,
    0.40471888617281326,
    0.4051440110532469,
    0.40546285471357213,
    0.4066319481347646,
    0.4068445105749814,
    0.4078010415559571,
    0.40918269741736635,
    0.4093952598575832,
    0.410139228398342,
    0.4114146030396429,
    0.41290254012116057,
    0.41534700818365394,
    0.41407163354235305,
    0.4152407269635455,
    0.41842916356679777,
    0.4218301626102668,
    0.4235306621320013,
    0.425018599213519,
    0.42576256775427784,
    0.42916356679774686,
    0.431289191199915,
    0.4316080348602402,
    0.43362737804229995,
    0.4334148156020831,
    0.43724093952598575,
    0.4392602827080455,
    0.4407482197895632,
    0.44064193856945477,
    0.44138590711021364,
    0.44223615687108087,
    0.44595599957487514,
    0.450632373259645,
    0.4519077479009459,
    0.4552024657243065,
    0.45785949622701666,
    0.46168562015091935,
    0.4642363694335211,
    0.46572430651503877,
    0.46614943139547244,
    0.4659368689552556,
    0.468381337017749,
    0.4719948985014348,
    0.47305771070251884,
    0.4769901158465299,
    0.48017855244978214,
    0.481453927091083,
    0.4828355829524923,
    0.4825167392921671,
    0.4842172388139016,
    0.4875119566372622,
    0.48931873737910514,
    0.49335742374322455,
    0.49760867254756086,
    0.49750239132745244,
    0.5047295142948242,
    0.5057923264959082,
    0.5079179508980763,
    0.5067488574768838,
    0.512806887023063,
    0.513869699224147,
    0.5139759804442555,
    0.5142948241045807,
    0.5159953236263153,
    0.5124880433627378,
    0.5168455733871825,
    0.5168455733871825,
    0.5237538526942289,
    0.5259857583165055,
    0.5347008183653948,
    0.5351259432458285,
    0.5398023169305983,
    0.5438410032947179,
    0.549367626740355,
    0.5458603464767775,
    0.5491550643001382,
    0.5492613455202465,
    0.5442661281751514,
    0.5437347220746094,
    0.5477734084387289,
    0.546498033797428,
    0.5503241577213306,
    0.5511744074821979,
    0.5536188755446912,
    0.5529811882240409,
    0.5554256562865342,
    0.5539377192050164,
    0.558507811669678,
    0.5571261558082686,
    0.5572324370283771,
    0.555106812626209,
    0.5553193750664258,
    0.5591454989903284,
    0.5588266553300032,
    0.5580826867892443,
    0.5605271548517377,
    0.560845998512063
  ]
}