{
  "epoch": [
    1,
    2000,
    4000,
    6000,
    8000,
    10000,
    12000,
    14000,
    16000,
    18000,
    20000,
    22000,
    24000,
    26000,
    28000,
    30000,
    32000,
    34000,
    36000,
    38000,
    40000,
    42000,
    44000,
    46000,
    48000,
    50000,
    52000,
    54000,
    56000,
    58000,
    60000,
    62000,
    64000,
    66000,
    68000,
    70000,
    72000,
    74000,
    76000,
    78000,
    80000,
    82000,
    84000,
    86000,
    88000,
    90000,
    92000,
    94000,
    96000,
    98000,
    100000,
    102000,
    104000,
    106000,
    108000,
    110000,
    112000,
    114000,
    116000,
    118000,
    120000,
    122000,
    124000,
    126000,
    128000,
    130000,
    132000,
    134000,
    136000,
    138000,
    140000,
    142000,
    144000,
    146000,
    148000,
    150000,
    152000,
    154000,
    156000,
    158000,
    160000,
    162000,
    164000,
    166000,
    168000,
    170000,
    172000,
    174000,
    176000,
    178000,
    180000,
    182000,
    184000,
    186000,
    188000,
    190000,
    192000,
    194000,
    196000,
    198000,
    200000
  ],
  "loss": [
    4.575801229476928,
    0.22668550263006162,
    0.020286676894431,
    0.019792370399902576,
    0.019543118182953914,
    0.019443748928769492,
    0.01937686797854261,
    0.0193346011916874,
    0.01932483049201546,
    0.01932523352949065,
    0.019316826561186464,
    0.019311214794812258,
    0.01931356639423175,
    0.019303765222989024,
    0.019316774516762236,
    0.019304559376626274,
    0.019290348512853963,
    0.01928162188635324,
    0.019292762740701436,
    0.019293644497089552,
    0.019283797678747213,
    0.01928814855624223,
    0.019284964455931912,
    0.019285229701176285,
    0.0192833582744468,
    0.019278421199566218,
    0.0192727012285206,
    0.01927587721042801,
    0.019282656025572213,
    0.019270863888878376,
    0.01927989755072631,
    0.019289949190064888,
    0.01927787121841684,
    0.019289853622415105,
    0.01928430684566265,
    0.019289873078628443,
    0.01928488871733425,
    0.01928464049192844,
    0.01928954990481725,
    0.019285445282817764,
    0.019279293798853177,
    0.019286717208658228,
    0.019284447004506364,
    0.01929136034550611,
    0.019283537533949128,
    0.019278432231233454,
    0.01927297759121284,
    0.01928557813539519,
    0.019286187774280553,
    0.019282741549843923,
    0.019300322533061263,
    0.019302475502574818,
    0.01929246776912478,
    0.019301797410694415,
    0.019290993049461396,
    0.01928691592325922,
    0.019299486277916004,
    0.019297730865579798,
    0.01929113742032787,
    0.019294566321675664,
    0.019284152969392017,
    0.01931118985627545,
    0.019301657850376797,
    0.019304731363465544,
    0.0192953316127765,
    0.019303574176819528,
    0.019303924761735834,
    0.019304567407228752,
    0.019293726930551928,
    0.019287289474729914,
    0.019294266856089235,
    0.019302778080280403,
    0.019305348836479243,
    0.01931268604717916,
    0.019318842411972584,
    0.019302774465002587,
    0.019294450688851068,
    0.019286419692379424,
    0.019302573286625557,
    0.019312825038761368,
    0.019317541184986475,
    0.01932123610994313,
    0.019313767521257977,
    0.019305879176640884,
    0.0193413850872661,
    0.01932786832501879,
    0.01932408992044511,
    0.019329278069071008,
    0.019330536063190084,
    0.01933458121662261,
    0.019331704723485745,
    0.01932331782715628,
    0.019316714309470264,
    0.019312176141527016,
    0.01932278792965808,
    0.01932566283029737,
    0.019328317612118555,
    0.01932191934393486,
    0.01931930477404967,
    0.01931677796849399,
    0.01931477852485841
  ],
  "train_acc": [
    0.016,
    0.9872,
    0.9872,
    0.9872,
    0.9872,
    0.9872,
    0.9872,
    0.9872,
    0.9872,
    0.9872,
    0.9872,
    0.9872,
    0.9872,
    0.9872,
    0.9872,
    0.9872,
    0.9872,
    0.9872,
    0.9872,
    0.9872,
    0.9872,
    0.9872,
    0.9872,
    0.9872,
    0.9872,
    0.9872,
    0.9872,
    0.9872,
    0.9872,
    0.9872,
    0.9872,
    0.9872,
    0.9872,
    0.9872,
    0.9872,
    0.9872,
    0.9872,
    0.9872,
    0.9872,
    0.9872,
    0.9872,
    0.9872,
    0.9872,
    0.9872,
    0.9872,
    0.9872,
    0.9872,
    0.9872,
    0.9872,
    0.9872,
    0.9872,
    0.9872,
    0.9872,
    0.9872,
    0.9872,
    0.9872,
    0.9872,
    0.9872,
    0.9872,
    0.9872,
    0.9872,
    0.9872,
    0.9872,
    0.9872,
    0.9872,
    0.9872,
    0.9872,
    0.9872,
    0.9872,
    0.9872,
    0.9872,
    0.9872,
    0.9872,
    0.9872,
    0.9872,
    0.9872,
    0.9872,
    0.9872,
    0.9872,
    0.9872,
    0.9872,
    0.9872,
    0.987,
    0.9872,
    0.9872,
    0.9872,
    0.9872,
    0.9872,
    0.9872,
    0.9872,
    0.9872,
    0.9872,
    0.9872,
    0.9872,
    0.9872,
    0.9872,
    0.9872,
    0.9872,
    0.9872,
    0.9872,
    0.9872
  ],
  "test_acc": [
    0.011265809331491126,
    0.3987671378467425,
    0.3991922627271761,
    0.3994048251673929,
    0.3994048251673929,
    0.3991922627271761,
    0.3990859815070677,
    0.3995111063875013,
    0.39961738760760973,
    0.40004251248804334,
    0.399936231267935,
    0.39972366882771815,
    0.40099904346901905,
    0.4011053246891274,
    0.4005739185885854,
    0.40163673078966944,
    0.4019555744499947,
    0.4023806993304283,
    0.4018492932298863,
    0.40269954299075356,
    0.40344351153151237,
    0.4039749176320544,
    0.40418748007227123,
    0.40450632373259643,
    0.4052502922733553,
    0.4055691359336805,
    0.40588797959400574,
    0.4052502922733553,
    0.4066319481347646,
    0.407269635455415,
    0.407269635455415,
    0.40748219789563184,
    0.40769476033584867,
    0.4097141035179084,
    0.4097141035179084,
    0.4115208842597513,
    0.410670634498884,
    0.40960782229779996,
    0.40960782229779996,
    0.4132213837814858,
    0.41237113402061853,
    0.41375278988202785,
    0.4131151025613774,
    0.4116271654798597,
    0.4139653523222447,
    0.4148156020831119,
    0.41492188330322033,
    0.41577213306408756,
    0.41704750770538845,
    0.41789775746625574,
    0.4204485067488575,
    0.4204485067488575,
    0.419810819428207,
    0.4225741311510256,
    0.4225741311510256,
    0.42480603677330214,
    0.4256562865341694,
    0.42661281751514507,
    0.42693166117547027,
    0.42746306727601235,
    0.4303326602189393,
    0.4329896907216495,
    0.4320331597406738,
    0.4344776278031672,
    0.4358592836645765,
    0.4354341587841428,
    0.4350090339037092,
    0.43405250292273356,
    0.4351153151238176,
    0.4379849080667446,
    0.4412796258901052,
    0.444361781273249,
    0.4456371559145499,
    0.4470188117759592,
    0.44510574981400786,
    0.44595599957487514,
    0.447231374216176,
    0.44797534275693485,
    0.44829418641726004,
    0.4533956849824636,
    0.4543522159634393,
    0.45594643426506537,
    0.4598788394090764,
    0.4600914018492932,
    0.4586034647677755,
    0.4606228079498353,
    0.45700924646614943,
    0.4567966840259326,
    0.45584015304495695,
    0.4577532150069083,
    0.4577532150069083,
    0.45828462110745033,
    0.4553087469444149,
    0.45594643426506537,
    0.45828462110745033,
    0.46072908916994365,
    0.45754065256669146,
    0.4594537145286428,
    0.4584971835476671,
    0.4609416516101605,
    0.4617919013710277
  ]
}