{
  "epoch": [
    1,
    2000,
    4000,
    6000,
    8000,
    10000,
    12000,
    14000,
    16000,
    18000,
    20000,
    22000,
    24000,
    26000,
    28000,
    30000,
    32000,
    34000,
    36000,
    38000,
    40000,
    42000,
    44000,
    46000,
    48000,
    50000,
    52000,
    54000,
    56000,
    58000,
    60000,
    62000,
    64000,
    66000,
    68000,
    70000,
    72000,
    74000,
    76000,
    78000,
    80000,
    82000,
    84000,
    86000,
    88000,
    90000,
    92000,
    94000,
    96000,
    98000,
    100000,
    102000,
    104000,
    106000,
    108000,
    110000,
    112000,
    114000,
    116000,
    118000,
    120000,
    122000,
    124000,
    126000,
    128000,
    130000,
    132000,
    134000,
    136000,
    138000,
    140000,
    142000,
    144000,
    146000,
    148000,
    150000,
    152000,
    154000,
    156000,
    158000,
    160000,
    162000,
    164000,
    166000,
    168000,
    170000,
    172000,
    174000,
    176000,
    178000,
    180000,
    182000,
    184000,
    186000,
    188000,
    190000,
    192000,
    194000,
    196000,
    198000,
    200000
  ],
  "loss": [
    4.575573587417603,
    0.22650121733394377,
    0.02068872048725607,
    0.02019198135503102,
    0.01993073925381759,
    0.01982679822377395,
    0.019751423384348165,
    0.019715723991696722,
    0.01971842368831858,
    0.0197098908955988,
    0.019704097941413055,
    0.019679185891896486,
    0.019683673049171922,
    0.019688266678457148,
    0.01969543567500077,
    0.019685183034068906,
    0.01969013477952685,
    0.019677728243777528,
    0.019670253556675742,
    0.019682610312185714,
    0.01966179463370936,
    0.01966191836063517,
    0.019663618173700523,
    0.01966075600992481,
    0.01965907826043549,
    0.019656288854579908,
    0.01966237366880523,
    0.019658606951453838,
    0.01966634545600973,
    0.019654689767141825,
    0.019651466645242182,
    0.019666765446041245,
    0.019663073296425863,
    0.019661271441099235,
    0.01967170448863314,
    0.019676766323210904,
    0.019654064631205982,
    0.019662435583374462,
    0.01966403716596542,
    0.019659588727866245,
    0.019664637704752387,
    0.01965438855230459,
    0.01965927499535028,
    0.01966731249431614,
    0.01965457478873432,
    0.019662968696199823,
    0.019670539347466546,
    0.019679156830802094,
    0.01966472968310118,
    0.019670079327875283,
    0.019678810471470933,
    0.019673965492774732,
    0.019666321420029272,
    0.019659472358541097,
    0.019667850267188623,
    0.019673331886547386,
    0.019669142431992803,
    0.01965628734269412,
    0.019664482040249277,
    0.019686675939371345,
    0.019677477658330462,
    0.01968741263736738,
    0.019681223031372066,
    0.019685631490824744,
    0.01968043579647783,
    0.019681658103573137,
    0.01967418589157751,
    0.019670685751351995,
    0.01966676021700259,
    0.019674006142513828,
    0.019686139669455587,
    0.019667820741562172,
    0.019686185532849048,
    0.019692158774548444,
    0.019690420469129458,
    0.01968166511876043,
    0.01968528488111915,
    0.01968450322286226,
    0.019681328923639375,
    0.019678752246068326,
    0.019683707369607874,
    0.019693028548010624,
    0.01969411588876974,
    0.01968431128714001,
    0.019689367513044273,
    0.01968435867136577,
    0.019697894882876425,
    0.019707021781848744,
    0.019696557718853,
    0.019686395473382436,
    0.019693828308221417,
    0.01969943491212325,
    0.019695204970485065,
    0.019681463436689226,
    0.019684438562206925,
    0.019705257671850267,
    0.01970470937945647,
    0.019696845018560998,
    0.019679441437043716,
    0.01968246231181547,
    0.019687917309632756
  ],
  "train_acc": [
    0.0184,
    0.987,
    0.987,
    0.987,
    0.987,
    0.987,
    0.987,
    0.987,
    0.987,
    0.987,
    0.987,
    0.987,
    0.987,
    0.987,
    0.987,
    0.987,
    0.987,
    0.987,
    0.987,
    0.987,
    0.987,
    0.987,
    0.987,
    0.987,
    0.987,
    0.987,
    0.987,
    0.987,
    0.987,
    0.987,
    0.987,
    0.987,
    0.987,
    0.987,
    0.987,
    0.987,
    0.987,
    0.987,
    0.987,
    0.987,
    0.987,
    0.987,
    0.987,
    0.987,
    0.987,
    0.987,
    0.987,
    0.987,
    0.987,
    0.987,
    0.987,
    0.987,
    0.987,
    0.987,
    0.987,
    0.987,
    0.987,
    0.987,
    0.987,
    0.987,
    0.987,
    0.987,
    0.987,
    0.987,
    0.987,
    0.987,
    0.987,
    0.987,
    0.987,
    0.987,
    0.987,
    0.987,
    0.987,
    0.987,
    0.987,
    0.987,
    0.987,
    0.987,
    0.987,
    0.987,
    0.987,
    0.987,
    0.987,
    0.987,
    0.987,
    0.987,
    0.987,
    0.987,
    0.987,
    0.987,
    0.987,
    0.987,
    0.987,
    0.987,
    0.987,
    0.987,
    0.987,
    0.987,
    0.987,
    0.987,
    0.987
  ],
  "test_acc": [
    0.011797215432033159,
    0.3977043256456584,
    0.39855457540652567,
    0.39802316930598364,
    0.39844829418641725,
    0.39855457540652567,
    0.39759804442555,
    0.39834201296630883,
    0.3977043256456584,
    0.39823573174620047,
    0.3979168880858752,
    0.39834201296630883,
    0.3990859815070677,
    0.39961738760760973,
    0.39812945052609205,
    0.3986608566266341,
    0.3990859815070677,
    0.399936231267935,
    0.39961738760760973,
    0.4007864810288022,
    0.40014879370815176,
    0.4007864810288022,
    0.4005739185885854,
    0.4023806993304283,
    0.40131788712934424,
    0.4024869805505367,
    0.4007864810288022,
    0.4022744181103199,
    0.4028058242108619,
    0.4036560739717292,
    0.4048251673929217,
    0.40344351153151237,
    0.4055691359336805,
    0.4048251673929217,
    0.40599426081411416,
    0.4057816983738973,
    0.40673822935487297,
    0.40620682325433094,
    0.4064193856945478,
    0.4065256669146562,
    0.40918269741736635,
    0.4099266659581252,
    0.4102455096184504,
    0.4093952598575832,
    0.41173344669996814,
    0.4109894781592093,
    0.4127962589010522,
    0.4122648528005102,
    0.41205229036029334,
    0.41205229036029334,
    0.41407163354235305,
    0.4147093208630035,
    0.4172600701456053,
    0.4189605696673398,
    0.41672866404506326,
    0.41864172600701455,
    0.41832288234668935,
    0.42034222552874906,
    0.4239557870124349,
    0.4251248804336274,
    0.4272505048357955,
    0.4271442236156871,
    0.43065150387926454,
    0.4317143160803486,
    0.4328834095015411,
    0.434158784142842,
    0.4329896907216495,
    0.4321394409607822,
    0.4328834095015411,
    0.4329896907216495,
    0.4330959719417579,
    0.4347964714634924,
    0.4367095334254437,
    0.43862259538739506,
    0.44223615687108087,
    0.4403230949091296,
    0.4420235944308641,
    0.44319268785205657,
    0.4403230949091296,
    0.44096078222978,
    0.4440429376129238,
    0.4470188117759592,
    0.4469125305558508,
    0.45243915400148793,
    0.4507386544797534,
    0.4494632798384525,
    0.4546710596237645,
    0.45711552768625785,
    0.4556275906047401,
    0.45456477840365606,
    0.45573387182484854,
    0.45881602720799236,
    0.4601976830694016,
    0.46211074503135297,
    0.46285471357211183,
    0.4627484323520034,
    0.46498033797427996,
    0.4612604952704857,
    0.4640238069933043,
    0.46242958869167816,
    0.46498033797427996
  ]
}