{
  "epoch": [
    1,
    2000,
    4000,
    6000,
    8000,
    10000,
    12000,
    14000,
    16000,
    18000,
    20000,
    22000,
    24000,
    26000,
    28000,
    30000,
    32000,
    34000,
    36000,
    38000,
    40000,
    42000,
    44000,
    46000,
    48000,
    50000,
    52000,
    54000,
    56000,
    58000,
    60000,
    62000,
    64000,
    66000,
    68000,
    70000,
    72000,
    74000,
    76000,
    78000,
    80000,
    82000,
    84000,
    86000,
    88000,
    90000,
    92000,
    94000,
    96000,
    98000,
    100000,
    102000,
    104000,
    106000,
    108000,
    110000,
    112000,
    114000,
    116000,
    118000,
    120000,
    122000,
    124000,
    126000,
    128000,
    130000,
    132000,
    134000,
    136000,
    138000,
    140000,
    142000,
    144000,
    146000,
    148000,
    150000,
    152000,
    154000,
    156000,
    158000,
    160000,
    162000,
    164000,
    166000,
    168000,
    170000,
    172000,
    174000,
    176000,
    178000,
    180000,
    182000,
    184000,
    186000,
    188000,
    190000,
    192000,
    194000,
    196000,
    198000,
    200000
  ],
  "loss": [
    4.575775527954102,
    0.2106419967945656,
    0.009785453966880858,
    0.009543330787395943,
    0.009427877939103185,
    0.009394412648347582,
    0.009377612322936699,
    0.009373342238379701,
    0.009363894405150466,
    0.009362575271450771,
    0.009353428830389717,
    0.009356807911600658,
    0.009350869669628599,
    0.009350690100908072,
    0.009344850470068975,
    0.009356292875255297,
    0.009357586759544796,
    0.009353068121533,
    0.009350949886372986,
    0.009353680227504723,
    0.00936277065146851,
    0.009355118504938417,
    0.009359770189561512,
    0.009368640203160736,
    0.009365986843636964,
    0.009366106439996788,
    0.009367666942469143,
    0.009367875985515268,
    0.009374748973235855,
    0.00937686323171616,
    0.0093776738713319,
    0.009378502008720415,
    0.00937899823517714,
    0.00938335390360216,
    0.009385076347351478,
    0.009389476023837547,
    0.009386487367155704,
    0.009391774531377968,
    0.009388421143988262,
    0.009382597148417379,
    0.00939904242352161,
    0.009388063942151468,
    0.009387298597405433,
    0.00939233154152457,
    0.0094018878054423,
    0.009406884398159482,
    0.009412567767069509,
    0.009405971508895968,
    0.009398048677379148,
    0.009401607076968773,
    0.009406660364706741,
    0.009401195295024487,
    0.009391991791819109,
    0.009397163348491139,
    0.009391948559322415,
    0.009392126452954928,
    0.009391480558327059,
    0.009395004612482523,
    0.009397099137898254,
    0.009400070712287786,
    0.009393591562434184,
    0.009392470451206924,
    0.009403695278129953,
    0.00940154709358719,
    0.009400824352436476,
    0.009395289595627377,
    0.009395379104696712,
    0.009398177307846733,
    0.009390717762286746,
    0.009394120067797041,
    0.009399404345937362,
    0.009396306422118413,
    0.009386678145013776,
    0.009389969966394069,
    0.00939386149175197,
    0.009399691416610928,
    0.009394960013741401,
    0.009398616375693268,
    0.009381265742989442,
    0.009383135319941078,
    0.009393052189996549,
    0.009392686407553719,
    0.00938953762419038,
    0.009397473139988103,
    0.009394263067053774,
    0.009395357811998134,
    0.00939571142612374,
    0.009399698764262464,
    0.009399694555582169,
    0.009394701465167726,
    0.009396240412101754,
    0.009401846857514608,
    0.009399124297830432,
    0.009403467203236123,
    0.009388546390420992,
    0.009400137949830103,
    0.00939396118129565,
    0.009407610580396283,
    0.009403224527856795,
    0.009397919753468232,
    0.009406184623008408
  ],
  "train_acc": [
    0.0222,
    0.9944,
    0.9944,
    0.9944,
    0.9944,
    0.9944,
    0.9944,
    0.9944,
    0.9944,
    0.9944,
    0.9944,
    0.9944,
    0.9944,
    0.9944,
    0.9944,
    0.9944,
    0.9944,
    0.9944,
    0.9944,
    0.9944,
    0.9944,
    0.9944,
    0.9944,
    0.9944,
    0.9944,
    0.9944,
    0.9944,
    0.9944,
    0.9944,
    0.9944,
    0.9944,
    0.9944,
    0.9944,
    0.9944,
    0.9944,
    0.9944,
    0.9944,
    0.9944,
    0.9944,
    0.9944,
    0.9944,
    0.9944,
    0.9944,
    0.9944,
    0.9944,
    0.9944,
    0.9944,
    0.9944,
    0.9944,
    0.9944,
    0.9944,
    0.9944,
    0.9944,
    0.9944,
    0.9944,
    0.9944,
    0.9944,
    0.9944,
    0.9944,
    0.9944,
    0.9944,
    0.9944,
    0.9944,
    0.9944,
    0.9944,
    0.9944,
    0.9944,
    0.9944,
    0.9944,
    0.9944,
    0.9944,
    0.9944,
    0.9944,
    0.9944,
    0.9944,
    0.9944,
    0.9944,
    0.9944,
    0.9944,
    0.9944,
    0.9944,
    0.9944,
    0.9944,
    0.9944,
    0.9944,
    0.9944,
    0.9944,
    0.9944,
    0.9944,
    0.9944,
    0.9944,
    0.9944,
    0.9944,
    0.9944,
    0.9944,
    0.9944,
    0.9944,
    0.9944,
    0.9944,
    0.9944,
    0.9944
  ],
  "test_acc": [
    0.012753746413008821,
    0.39855457540652567,
    0.3994048251673929,
    0.3995111063875013,
    0.4005739185885854,
    0.4006801998086938,
    0.40131788712934424,
    0.40163673078966944,
    0.4035497927516208,
    0.40418748007227123,
    0.40546285471357213,
    0.40673822935487297,
    0.40928897863747477,
    0.41237113402061853,
    0.41672866404506326,
    0.41906685088744816,
    0.42193644383037515,
    0.4258688489743862,
    0.4288447231374216,
    0.43235200340099905,
    0.43564672122435966,
    0.44298012541183973,
    0.4486130300775853,
    0.45169518546072907,
    0.45722180890636627,
    0.46157933893081093,
    0.46614943139547244,
    0.4667871187161229,
    0.47645870974598786,
    0.4816664895312998,
    0.48666170687639493,
    0.4931448613030078,
    0.499734296949729,
    0.5044106706344988,
    0.5121691997024126,
    0.5179083855882666,
    0.5263046019768307,
    0.5300244446806249,
    0.533425443724094,
    0.5394834732702731,
    0.5437347220746094,
    0.5461791901371028,
    0.5500053140610054,
    0.5538314379849081,
    0.5526623445637155,
    0.5575512806887023,
    0.5587203741098948,
    0.5632904665745563,
    0.5658412158571581,
    0.5645658412158572,
    0.5677542778191094,
    0.5667977468381337,
    0.5661600595174833,
    0.5675417153788925,
    0.5725369327239876,
    0.5743437134658306,
    0.5743437134658306,
    0.5753002444468063,
    0.5778509937294081,
    0.5836964608353704,
    0.5857158040174302,
    0.5930492082049101,
    0.593261770645127,
    0.5981507067701137,
    0.5994260814114146,
    0.597194175789138,
    0.5957062387076204,
    0.5981507067701137,
    0.6007014560527155,
    0.6022956743543416,
    0.601870549473908,
    0.6032522053353172,
    0.6048464236369433,
    0.6094165161016049,
    0.6096290785418217,
    0.6062280794983527,
    0.6061217982782442,
    0.6076097353597619,
    0.6087788287809544,
    0.6135614836858327,
    0.6113295780635561,
    0.6105856095227973,
    0.6088851100010628,
    0.605271548517377,
    0.6079285790200871,
    0.6073971729195451,
    0.609203953661388,
    0.606334360718461,
    0.6078222977999788,
    0.608672547560846,
    0.6168562015091933,
    0.6185567010309279,
    0.6221702625146137,
    0.6185567010309279,
    0.6156871080880009,
    0.6104793283026889,
    0.6071846104793283,
    0.6094165161016049,
    0.6130300775852907,
    0.6124986714847487,
    0.6138803273461579
  ]
}