{
  "epoch": [
    1,
    2000,
    4000,
    6000,
    8000,
    10000,
    12000,
    14000,
    16000,
    18000,
    20000,
    22000,
    24000,
    26000,
    28000,
    30000,
    32000,
    34000,
    36000,
    38000,
    40000,
    42000,
    44000,
    46000,
    48000,
    50000,
    52000,
    54000,
    56000,
    58000,
    60000,
    62000,
    64000,
    66000,
    68000,
    70000,
    72000,
    74000,
    76000,
    78000,
    80000,
    82000,
    84000,
    86000,
    88000,
    90000,
    92000,
    94000,
    96000,
    98000,
    100000,
    102000,
    104000,
    106000,
    108000,
    110000,
    112000,
    114000,
    116000,
    118000,
    120000,
    122000,
    124000,
    126000,
    128000,
    130000,
    132000,
    134000,
    136000,
    138000,
    140000,
    142000,
    144000,
    146000,
    148000,
    150000,
    152000,
    154000,
    156000,
    158000,
    160000,
    162000,
    164000,
    166000,
    168000,
    170000,
    172000,
    174000,
    176000,
    178000,
    180000,
    182000,
    184000,
    186000,
    188000,
    190000,
    192000,
    194000,
    196000,
    198000,
    200000
  ],
  "loss": [
    4.575171613693238,
    0.2064458907289736,
    9.817708222875864e-07,
    2.2639690598964536e-07,
    2.14054534320951e-07,
    2.1483844922087768e-07,
    2.184538302259398e-07,
    0.00015581484933758745,
    6.0636630632942e-06,
    0.00011203323734747954,
    3.928976035771115e-06,
    0.00023011728067519997,
    2.9269018120878345e-06,
    0.0002691613391238981,
    0.000286345074831911,
    5.315392738665991e-06,
    0.00023692425157185895,
    0.0002160462982178835,
    5.15518519632181e-06,
    0.0002467864938546825,
    0.00015785105573060677,
    4.346745829668918e-06,
    0.0003381162735669783,
    0.00019289206099801817,
    4.539944109460236e-06,
    0.00014500134448696257,
    0.0002536962070818284,
    4.728939345930172e-06,
    0.0002564155929354001,
    0.0002697781569412065,
    4.746218332338259e-06,
    0.00036445746650924844,
    0.0002747802414909309,
    4.671608393062599e-06,
    0.0001696691258122698,
    0.00021789815810388405,
    2.1006632786082946e-06,
    0.00032597393692601883,
    0.0002102248907951818,
    0.00013553752839936878,
    3.63377642289322e-06,
    0.00015292144408698006,
    0.00012436248156348385,
    0.00016265066305667374,
    4.056756759965197e-06,
    0.00021133917882642877,
    0.00018891168814220692,
    4.036637235382301e-06,
    0.00016593273057456272,
    0.0003070517169468772,
    3.2987003263066585e-06,
    0.000343675202831681,
    0.0002916571943408272,
    0.00023487506341898835,
    4.6291424708407196e-06,
    0.0002846074503547641,
    0.00028476286713637863,
    4.869275810792572e-06,
    0.00048455779025020435,
    0.0002623522991308434,
    4.506180614539801e-06,
    0.00026020965342659464,
    0.000106806125674143,
    0.0001696102966707066,
    4.090445635665674e-06,
    0.00020629540130329217,
    0.00010861092123839384,
    0.00014227390667458196,
    3.944900955307417e-06,
    0.00039936045705306003,
    0.000199128822199706,
    4.284335657978033e-06,
    0.0001985355057327986,
    0.0002476037991883345,
    3.3256494140466942e-06,
    0.000263300462966761,
    0.00024081427139897328,
    0.00028439443511722615,
    4.8919048805998955e-06,
    0.0002410234502516083,
    0.0001570213992785206,
    3.5144082769349437e-06,
    0.00033611641764276463,
    0.00018898705068997473,
    0.00040181583937846525,
    6.109283930918252e-06,
    0.00034307610068215624,
    0.0004345328426027464,
    5.66945546770512e-06,
    0.00032823600878675234,
    0.00039315551949746063,
    5.574861078085291e-06,
    0.00019176117660396272,
    0.00028067581980479586,
    4.45437597070466e-06,
    0.0003884540207725493,
    0.00027127085190434383,
    4.380612606188095e-06,
    0.0003006646382329521,
    0.00018245373166357197,
    0.00038951555661213177
  ],
  "train_acc": [
    0.0174,
    1.0,
    1.0,
    1.0,
    1.0,
    1.0,
    1.0,
    1.0,
    1.0,
    1.0,
    1.0,
    1.0,
    1.0,
    1.0,
    1.0,
    1.0,
    1.0,
    1.0,
    1.0,
    1.0,
    1.0,
    1.0,
    1.0,
    1.0,
    1.0,
    1.0,
    1.0,
    1.0,
    1.0,
    1.0,
    1.0,
    1.0,
    1.0,
    1.0,
    1.0,
    1.0,
    1.0,
    1.0,
    1.0,
    1.0,
    1.0,
    1.0,
    1.0,
    1.0,
    1.0,
    1.0,
    1.0,
    1.0,
    1.0,
    1.0,
    1.0,
    1.0,
    1.0,
    1.0,
    1.0,
    1.0,
    1.0,
    1.0,
    1.0,
    1.0,
    1.0,
    1.0,
    1.0,
    1.0,
    1.0,
    1.0,
    1.0,
    1.0,
    1.0,
    1.0,
    1.0,
    1.0,
    1.0,
    1.0,
    1.0,
    1.0,
    1.0,
    1.0,
    1.0,
    1.0,
    1.0,
    1.0,
    1.0,
    1.0,
    1.0,
    1.0,
    1.0,
    1.0,
    1.0,
    1.0,
    1.0,
    1.0,
    1.0,
    1.0,
    1.0,
    1.0,
    1.0,
    1.0,
    1.0,
    1.0,
    1.0
  ],
  "test_acc": [
    0.011797215432033159,
    0.4048251673929217,
    0.4055691359336805,
    0.4064193856945478,
    0.4097141035179084,
    0.41789775746625574,
    0.44053565734934635,
    0.4782654904878308,
    0.5281113827186736,
    0.5611648421723882,
    0.6119672653842066,
    0.645233287278138,
    0.6882771814220427,
    0.7217557657561908,
    0.7404612604952705,
    0.7756403443511531,
    0.7926453395684983,
    0.797002869592943,
    0.8286746731852481,
    0.8411095759379318,
    0.8480178552449782,
    0.8605590392177702,
    0.8675735997449251,
    0.8713997236688277,
    0.8824529705601021,
    0.8906366245084494,
    0.8920182803698586,
    0.8951004357530025,
    0.9037092145817834,
    0.9062599638643851,
    0.9044531831225422,
    0.912743118290998,
    0.9133808056116485,
    0.9108300563290467,
    0.9159315548942502,
    0.9183760229567436,
    0.9113614624295887,
    0.9240089276224891,
    0.9244340525029228,
    0.925815708364332,
    0.9244340525029228,
    0.9269848017855244,
    0.9277287703262833,
    0.9280476139866086,
    0.9279413327665001,
    0.9298543947284514,
    0.9324051440110532,
    0.9299606759485599,
    0.9330428313317037,
    0.933893081092571,
    0.9294292698480179,
    0.9324051440110532,
    0.9354872993941971,
    0.9291104261876927,
    0.9337867998724625,
    0.9379317674566904,
    0.9362312679349559,
    0.9353810181740886,
    0.9392071420979913,
    0.9408013603996174,
    0.9387820172175576,
    0.940163673078967,
    0.9419704538208099,
    0.9346370496333298,
    0.9391008608778829,
    0.9410139228398342,
    0.9450526092039536,
    0.9271973642257413,
    0.9397385481985333,
    0.943564672122436,
    0.9428207035816771,
    0.9388882984376661,
    0.9400573918588585,
    0.9418641726007014,
    0.9375066425762568,
    0.9405887979594005,
    0.9429269848017855,
    0.9314486130300775,
    0.9409076416197258,
    0.9434583909023275,
    0.9455840153044957,
    0.9385694547773409,
    0.941226485280051,
    0.9436709533425444,
    0.8821341268997768,
    0.9426081411414603,
    0.9461154214050377,
    0.9223084281007546,
    0.9470719523860134,
    0.9463279838452545,
    0.9400573918588585,
    0.9472845148262302,
    0.9460091401849293,
    0.9473907960463386,
    0.9434583909023275,
    0.9472845148262302,
    0.9495164204485067,
    0.9451588904240621,
    0.946434265065363,
    0.9491975767881815,
    0.9158252736741418
  ]
}