{
  "epoch": [
    1,
    2000,
    4000,
    6000,
    8000,
    10000,
    12000,
    14000,
    16000,
    18000,
    20000,
    22000,
    24000,
    26000,
    28000,
    30000,
    32000,
    34000,
    36000,
    38000,
    40000,
    42000,
    44000,
    46000,
    48000,
    50000,
    52000,
    54000,
    56000,
    58000,
    60000,
    62000,
    64000,
    66000,
    68000,
    70000,
    72000,
    74000,
    76000,
    78000,
    80000,
    82000,
    84000,
    86000,
    88000,
    90000,
    92000,
    94000,
    96000,
    98000,
    100000,
    102000,
    104000,
    106000,
    108000,
    110000,
    112000,
    114000,
    116000,
    118000,
    120000,
    122000,
    124000,
    126000,
    128000,
    130000,
    132000,
    134000,
    136000,
    138000,
    140000,
    142000,
    144000,
    146000,
    148000,
    150000,
    152000,
    154000,
    156000,
    158000,
    160000,
    162000,
    164000,
    166000,
    168000,
    170000,
    172000,
    174000,
    176000,
    178000,
    180000,
    182000,
    184000,
    186000,
    188000,
    190000,
    192000,
    194000,
    196000,
    198000,
    200000
  ],
  "loss": [
    4.575338649749756,
    0.22003763620550648,
    0.01161175346721741,
    0.011304617247585509,
    0.011163619500451022,
    0.01113017952091155,
    0.011100884084818512,
    0.01109744640777229,
    0.011074688773242726,
    0.011081113113238287,
    0.011076601305303801,
    0.011072233216941525,
    0.011063028569494746,
    0.011063393761512285,
    0.01105583624876717,
    0.01106188489178353,
    0.011060145880957155,
    0.011061919874024847,
    0.01105682434970875,
    0.011058390854236285,
    0.011064709136146121,
    0.01107270412728977,
    0.011074198491641436,
    0.011065385404795796,
    0.011061797557303812,
    0.011067232351234618,
    0.01106886058827367,
    0.011070666285612934,
    0.011067025986939063,
    0.011061300674224398,
    0.011063254501657162,
    0.011061426768725654,
    0.011072461142280178,
    0.01107762395205665,
    0.011087336478147284,
    0.011096710417473381,
    0.011093908378191686,
    0.011088182537372858,
    0.011091198432790527,
    0.011089836604104543,
    0.011094783355715378,
    0.011093170988319943,
    0.011088328521027046,
    0.011095860828554908,
    0.011095570839321552,
    0.011086087075899342,
    0.01108973915606658,
    0.01108476700712553,
    0.011099463242714361,
    0.011101288714610065,
    0.011097349160332967,
    0.011088807248975869,
    0.011085366021792943,
    0.011090729127121331,
    0.011090166684930083,
    0.011098106759362292,
    0.011107105433629956,
    0.011099350602567113,
    0.011098889053423265,
    0.011094308150311856,
    0.011106417427405299,
    0.011107247038286043,
    0.01110328434975558,
    0.011109454504928364,
    0.011119363949593595,
    0.011113381386986953,
    0.011104995123137108,
    0.011105639553077916,
    0.01110289701767463,
    0.011092925846988367,
    0.011104911874780533,
    0.011105276318135869,
    0.011095556367437026,
    0.011100458150525912,
    0.011107690391442875,
    0.011112937686130635,
    0.011104742572410032,
    0.011100642672966036,
    0.011112742126965836,
    0.011107474628560633,
    0.011116237259926623,
    0.011114491735671486,
    0.011117339031944957,
    0.011116902685992802,
    0.011115804038832939,
    0.011109222162306632,
    0.011113797579086999,
    0.01111444616197807,
    0.01111197811951306,
    0.011115897815689552,
    0.011121490677214255,
    0.011109617147262869,
    0.011108598074685897,
    0.011100907606377924,
    0.011112525590520183,
    0.01111853360062346,
    0.01111950624244247,
    0.01112286533127263,
    0.011116984742968362,
    0.011106958628078312,
    0.01111861695066611
  ],
  "train_acc": [
    0.0176,
    0.9932,
    0.9932,
    0.9932,
    0.9932,
    0.9932,
    0.9932,
    0.9932,
    0.9932,
    0.9932,
    0.9932,
    0.9932,
    0.9932,
    0.9932,
    0.9932,
    0.9932,
    0.9932,
    0.9932,
    0.9932,
    0.9932,
    0.9932,
    0.9932,
    0.9932,
    0.9932,
    0.9932,
    0.9932,
    0.9932,
    0.9932,
    0.9932,
    0.9932,
    0.9932,
    0.9932,
    0.9932,
    0.9932,
    0.9932,
    0.9932,
    0.9932,
    0.9932,
    0.9932,
    0.9932,
    0.9932,
    0.9932,
    0.9932,
    0.9932,
    0.9932,
    0.9932,
    0.9932,
    0.9932,
    0.9932,
    0.9932,
    0.9932,
    0.9932,
    0.9932,
    0.9932,
    0.9932,
    0.9932,
    0.9932,
    0.9932,
    0.9932,
    0.9932,
    0.9932,
    0.9932,
    0.9932,
    0.9932,
    0.9932,
    0.9932,
    0.9932,
    0.9932,
    0.9932,
    0.9932,
    0.9932,
    0.9932,
    0.9932,
    0.9932,
    0.9932,
    0.9932,
    0.9932,
    0.9932,
    0.9932,
    0.9932,
    0.9932,
    0.9932,
    0.9932,
    0.9932,
    0.9932,
    0.9932,
    0.9932,
    0.9932,
    0.9932,
    0.9932,
    0.9932,
    0.9932,
    0.9932,
    0.9932,
    0.9932,
    0.9932,
    0.9932,
    0.9932,
    0.9932,
    0.9932,
    0.9932
  ],
  "test_acc": [
    0.011584652991816347,
    0.4035497927516208,
    0.4039749176320544,
    0.40418748007227123,
    0.40461260495270485,
    0.40440004251248807,
    0.4053565734934637,
    0.40588797959400574,
    0.40631310447443936,
    0.40599426081411416,
    0.4056754171537889,
    0.40801360399617387,
    0.4089701349771495,
    0.4086512913168243,
    0.41077691571899244,
    0.4118397279200765,
    0.4146030396428951,
    0.41502816452332875,
    0.41577213306408756,
    0.4177914762461473,
    0.4197045382080986,
    0.42129875650972476,
    0.42406206823254333,
    0.4246997555531937,
    0.4296949728982889,
    0.4337336592624083,
    0.4362844085450101,
    0.44064193856945477,
    0.4437240939525986,
    0.44627484323520034,
    0.453501966202572,
    0.46083537039005207,
    0.46699968115633966,
    0.4700818365394835,
    0.47433308534381974,
    0.48049739611010733,
    0.48262302051227546,
    0.4874056754171538,
    0.4920820491019237,
    0.49505792326495907,
    0.4977149537676693,
    0.5012222340312467,
    0.5049420767350409,
    0.5082367945584015,
    0.513869699224147,
    0.5158890424062068,
    0.5132320119034967,
    0.5152513550855564,
    0.5140822616643639,
    0.5140822616643639,
    0.5182272292485918,
    0.5236475714741206,
    0.524285258794771,
    0.5292804761398661,
    0.5290679136996492,
    0.5303432883409501,
    0.5330003188436603,
    0.5338505686045276,
    0.5381018174088639,
    0.542565628653417,
    0.5399085981507068,
    0.5386332235094059,
    0.537889254968647,
    0.5421405037729833,
    0.5442661281751514,
    0.5400148793708152,
    0.5428844723137422,
    0.5413965352322244,
    0.542565628653417,
    0.546498033797428,
    0.5466043150175364,
    0.5487299394197045,
    0.5494739079604634,
    0.5480922520990541,
    0.548836220639813,
    0.5489425018599213,
    0.5537251567647996,
    0.5553193750664258,
    0.5601020299713041,
    0.5572324370283771,
    0.5555319375066425,
    0.554575406525667,
    0.5559570623870762,
    0.5571261558082686,
    0.5586140928897864,
    0.556169624827293,
    0.560845998512063,
    0.5632904665745563,
    0.5645658412158572,
    0.5690296524604103,
    0.5695610585609523,
    0.567116590498459,
    0.5663726219577001,
    0.5640344351153151,
    0.5692422149006271,
    0.5684982463598682,
    0.570517589541928,
    0.5724306515038793,
    0.5723243702837708,
    0.5720055266234456,
    0.5690296524604103
  ]
}