{
  "epoch": [
    1,
    2000,
    4000,
    6000,
    8000,
    10000,
    12000,
    14000,
    16000,
    18000,
    20000,
    22000,
    24000,
    26000,
    28000,
    30000,
    32000,
    34000,
    36000,
    38000,
    40000,
    42000,
    44000,
    46000,
    48000,
    50000,
    52000,
    54000,
    56000,
    58000,
    60000,
    62000,
    64000,
    66000,
    68000,
    70000,
    72000,
    74000,
    76000,
    78000,
    80000,
    82000,
    84000,
    86000,
    88000,
    90000,
    92000,
    94000,
    96000,
    98000,
    100000,
    102000,
    104000,
    106000,
    108000,
    110000,
    112000,
    114000,
    116000,
    118000,
    120000,
    122000,
    124000,
    126000,
    128000,
    130000,
    132000,
    134000,
    136000,
    138000,
    140000,
    142000,
    144000,
    146000,
    148000,
    150000,
    152000,
    154000,
    156000,
    158000,
    160000,
    162000,
    164000,
    166000,
    168000,
    170000,
    172000,
    174000,
    176000,
    178000,
    180000,
    182000,
    184000,
    186000,
    188000,
    190000,
    192000,
    194000,
    196000,
    198000,
    200000
  ],
  "loss": [
    4.575727701187134,
    0.2102534689138407,
    0.006173844626596184,
    0.005998904065021434,
    0.005922677449539158,
    0.005896641380116469,
    0.005885867604642149,
    0.005879775781038946,
    0.0058825764232479935,
    0.005881905392665482,
    0.005877492420025848,
    0.005877866644629444,
    0.005873759913618112,
    0.005876222823596293,
    0.005881465313237599,
    0.005887968666886399,
    0.005885666145202558,
    0.005886984282883903,
    0.0058856461547434355,
    0.0058854978511026544,
    0.005875093062704857,
    0.0058851247813038335,
    0.0058906603930666416,
    0.005889582566548997,
    0.00588735920526457,
    0.005883895992632627,
    0.005887704184230919,
    0.005892136324821282,
    0.005887043654908346,
    0.005880646046611284,
    0.005886258476105275,
    0.005891130610784148,
    0.005887401717470735,
    0.005892290221051949,
    0.005884687888265976,
    0.005890928601230262,
    0.005886347452584839,
    0.00588861714916717,
    0.005887274999050219,
    0.005888324544148588,
    0.005887409419291607,
    0.005883374104373897,
    0.005881805992848727,
    0.005879649938057198,
    0.005895475466148174,
    0.005890633617803998,
    0.0058911781345612575,
    0.005888729212732451,
    0.005888140811700097,
    0.005884914051625424,
    0.005888271975007734,
    0.005885355471937232,
    0.00588332480153107,
    0.0058847182874213946,
    0.005881928755394612,
    0.005878772673267238,
    0.005881838475305492,
    0.005879744835783365,
    0.0058865554230912165,
    0.005889908807026893,
    0.00588651329561291,
    0.005884870519848034,
    0.0058834301857687695,
    0.005887168115368311,
    0.005891812401722476,
    0.005886842272388823,
    0.005887172108295348,
    0.0058883831791202365,
    0.005886860100081735,
    0.005886390174856384,
    0.00588518925066657,
    0.005881423484130067,
    0.005885848177625768,
    0.005888676487736551,
    0.005887377655128547,
    0.005888933035045264,
    0.005889368627662454,
    0.005891745804887158,
    0.00589207002745328,
    0.005887650678195496,
    0.005894415631746547,
    0.005890789223361387,
    0.005887914688004863,
    0.005891834016541331,
    0.005890241476644086,
    0.005886930296021978,
    0.005891260687700078,
    0.005886841073494934,
    0.005890516887480361,
    0.005885345304938215,
    0.0058899526921026915,
    0.005885406148360405,
    0.005882032339277322,
    0.0058849853286158885,
    0.005886616753032747,
    0.0058892560184582,
    0.005886409820278843,
    0.00588986495538738,
    0.005885921651670108,
    0.005882351042581087,
    0.0058888258900481865
  ],
  "train_acc": [
    0.0152,
    0.9966,
    0.9966,
    0.9966,
    0.9966,
    0.9966,
    0.9966,
    0.9966,
    0.9966,
    0.9966,
    0.9966,
    0.9966,
    0.9966,
    0.9966,
    0.9966,
    0.9966,
    0.9966,
    0.9966,
    0.9966,
    0.9966,
    0.9966,
    0.9966,
    0.9966,
    0.9966,
    0.9966,
    0.9966,
    0.9966,
    0.9966,
    0.9966,
    0.9966,
    0.9966,
    0.9966,
    0.9966,
    0.9966,
    0.9966,
    0.9966,
    0.9966,
    0.9966,
    0.9966,
    0.9966,
    0.9966,
    0.9966,
    0.9966,
    0.9966,
    0.9966,
    0.9966,
    0.9966,
    0.9966,
    0.9966,
    0.9966,
    0.9966,
    0.9966,
    0.9966,
    0.9966,
    0.9966,
    0.9966,
    0.9966,
    0.9966,
    0.9966,
    0.9966,
    0.9966,
    0.9966,
    0.9966,
    0.9966,
    0.9966,
    0.9966,
    0.9966,
    0.9966,
    0.9966,
    0.9966,
    0.9966,
    0.9966,
    0.9966,
    0.9966,
    0.9966,
    0.9966,
    0.9966,
    0.9966,
    0.9966,
    0.9966,
    0.9966,
    0.9966,
    0.9966,
    0.9966,
    0.9966,
    0.9966,
    0.9966,
    0.9966,
    0.9966,
    0.9966,
    0.9966,
    0.9966,
    0.9966,
    0.9966,
    0.9966,
    0.9966,
    0.9966,
    0.9966,
    0.9966,
    0.9966,
    0.9966
  ],
  "test_acc": [
    0.011053246891274312,
    0.400467637368477,
    0.40142416834945266,
    0.4023806993304283,
    0.4035497927516208,
    0.40440004251248807,
    0.40631310447443936,
    0.4086512913168243,
    0.4118397279200765,
    0.4160909767244128,
    0.4218301626102668,
    0.4305452226591561,
    0.437559783186311,
    0.4448931873737911,
    0.45456477840365606,
    0.46784993091720695,
    0.48060367733021575,
    0.4894250185992135,
    0.5007971091508131,
    0.510468700180678,
    0.5187586353491338,
    0.5311935381018175,
    0.5427781910936338,
    0.5531937506642576,
    0.5609522797321713,
    0.5692422149006271,
    0.5793389308109257,
    0.5891168030608991,
    0.5970878945690297,
    0.6105856095227973,
    0.6139866085662663,
    0.612604952704857,
    0.6190881071314699,
    0.6225953873950473,
    0.6268466361993835,
    0.6266340737591668,
    0.6265277925390583,
    0.6272717610798172,
    0.6323732596450208,
    0.6363056647890318,
    0.6372621957700074,
    0.6381124455308747,
    0.6408757572536933,
    0.6455521309384632,
    0.648634286321607,
    0.6504410670634498,
    0.6511850356042087,
    0.6513975980444255,
    0.6525666914656181,
    0.655436284408545,
    0.6553300031884366,
    0.6609629078541822,
    0.6631948134764587,
    0.6640450632373259,
    0.6626634073759167,
    0.6643639068976512,
    0.6662769688596025,
    0.6638325007971092,
    0.6662769688596025,
    0.6676586247210118,
    0.6672334998405781,
    0.6650015942183016,
    0.6704219364438304,
    0.6722287171856733,
    0.6729726857264321,
    0.6750983101286003,
    0.6712721862046976,
    0.6725475608459985,
    0.6732915293867574,
    0.6772239345307685,
    0.6769050908704431,
    0.6752045913487087,
    0.671909873525348,
    0.6723349984057817,
    0.6702093740036136,
    0.6718035923052397,
    0.6738229354872994,
    0.6696779679030715,
    0.6709533425443724,
    0.6698905303432884,
    0.6715910298650228,
    0.6694654054628547,
    0.6732915293867574,
    0.6730789669465406,
    0.6755234350090339,
    0.6738229354872994,
    0.6766925284302264,
    0.6783930279519609,
    0.6788181528323946,
    0.6788181528323946,
    0.6750983101286003,
    0.6727601232862154,
    0.6707407801041556,
    0.6707407801041556,
    0.6739292167074078,
    0.6779679030715272,
    0.6779679030715272,
    0.6851950260388989,
    0.6816877457753215,
    0.6795621213731534,
    0.680518652354129
  ]
}