{
  "epoch": [
    1,
    2000,
    4000,
    6000,
    8000,
    10000,
    12000,
    14000,
    16000,
    18000,
    20000,
    22000,
    24000,
    26000,
    28000,
    30000,
    32000,
    34000,
    36000,
    38000,
    40000,
    42000,
    44000,
    46000,
    48000,
    50000,
    52000,
    54000,
    56000,
    58000,
    60000,
    62000,
    64000,
    66000,
    68000,
    70000,
    72000,
    74000,
    76000,
    78000,
    80000,
    82000,
    84000,
    86000,
    88000,
    90000,
    92000,
    94000,
    96000,
    98000,
    100000,
    102000,
    104000,
    106000,
    108000,
    110000,
    112000,
    114000,
    116000,
    118000,
    120000,
    122000,
    124000,
    126000,
    128000,
    130000,
    132000,
    134000,
    136000,
    138000,
    140000,
    142000,
    144000,
    146000,
    148000,
    150000,
    152000,
    154000,
    156000,
    158000,
    160000,
    162000,
    164000,
    166000,
    168000,
    170000,
    172000,
    174000,
    176000,
    178000,
    180000,
    182000,
    184000,
    186000,
    188000,
    190000,
    192000,
    194000,
    196000,
    198000,
    200000
  ],
  "loss": [
    4.575124216079712,
    0.20687908290631063,
    0.00047802750243606764,
    0.00046563547138188497,
    0.00045698824322045086,
    0.0004559913304518659,
    0.0004559803325054389,
    0.0004547344010829228,
    0.0004551051428614926,
    0.0004535136418218123,
    0.0004533079800234262,
    0.0004546233345733882,
    0.0004537244148227046,
    0.0004532463114043253,
    0.000454339552613569,
    0.000453361299280688,
    0.00045500227817726327,
    0.000453716762227765,
    0.0004539750611270655,
    0.0004540766724987442,
    0.00045400069440188276,
    0.00045314147804791387,
    0.0004538465221447865,
    0.00045417073474970736,
    0.0004555302700454938,
    0.00045445617874792103,
    0.0004554403561455885,
    0.0004559351757606123,
    0.00045423443990407435,
    0.0004548504401616299,
    0.0004532288619256313,
    0.00045441543046722687,
    0.00045348083583196584,
    0.0004538154674890386,
    0.00045421845782405443,
    0.00045512258836754216,
    0.0004544971920071916,
    0.0004543386115493774,
    0.00045363728423572595,
    0.00045458916705141375,
    0.0004542379232709358,
    0.0004540356398354049,
    0.00045436588555640894,
    0.00045433007084871944,
    0.0004533417894613848,
    0.0004537158669926768,
    0.00045431182460256705,
    0.00045456649954343716,
    0.0004552683541609298,
    0.0004545981027921243,
    0.0004540897405805005,
    0.00045462694589737754,
    0.00045404671381446776,
    0.00045384377890435985,
    0.0004552902886492511,
    0.00045334368204063435,
    0.00045384406235299295,
    0.0004525659428903737,
    0.0004538635053525724,
    0.0004546379678020827,
    0.00045316431633458406,
    0.00045327379846574873,
    0.0004538297830358168,
    0.0004526889085097231,
    0.00045346676070498335,
    0.00045419393341199806,
    0.00045343065105620466,
    0.0004550536719114291,
    0.00045438439719514603,
    0.0004537421651900466,
    0.0004526955203828102,
    0.0004528729175723967,
    0.0004529521455531253,
    0.000453762644943042,
    0.0004535229005061929,
    0.00045403145894952035,
    0.00045333828911532593,
    0.0004534067678899866,
    0.00045422015743455543,
    0.00045431302632133777,
    0.00045491501728361856,
    0.00045454982223437954,
    0.00045447653783915385,
    0.0004536610782435794,
    0.00045455072109200644,
    0.00045297593120696646,
    0.000453361661767503,
    0.0004534425501631162,
    0.00045305664799062553,
    0.00045375976444268177,
    0.00045434753905424186,
    0.0004536824529572371,
    0.00045465777047380414,
    0.00045407717796163924,
    0.00045338172576288045,
    0.000453149508799261,
    0.00045413728129123,
    0.00045341070803207515,
    0.0004541637018302431,
    0.00045469465452109575,
    0.0004550029301640485
  ],
  "train_acc": [
    0.0182,
    0.9998,
    0.9998,
    0.9998,
    0.9998,
    0.9998,
    0.9998,
    0.9998,
    0.9998,
    0.9998,
    0.9998,
    0.9998,
    0.9998,
    0.9998,
    0.9998,
    0.9998,
    0.9998,
    0.9998,
    0.9998,
    0.9998,
    0.9998,
    0.9998,
    0.9998,
    0.9998,
    0.9998,
    0.9998,
    0.9998,
    0.9998,
    0.9998,
    0.9998,
    0.9998,
    0.9998,
    0.9998,
    0.9998,
    0.9998,
    0.9998,
    0.9998,
    0.9998,
    0.9998,
    0.9998,
    0.9998,
    0.9998,
    0.9998,
    0.9998,
    0.9998,
    0.9998,
    0.9998,
    0.9998,
    0.9998,
    0.9998,
    0.9998,
    0.9998,
    0.9998,
    0.9998,
    0.9998,
    0.9998,
    0.9998,
    0.9998,
    0.9998,
    0.9998,
    0.9998,
    0.9998,
    0.9998,
    0.9998,
    0.9998,
    0.9998,
    0.9998,
    0.9998,
    0.9998,
    0.9998,
    0.9998,
    0.9998,
    0.9998,
    0.9998,
    0.9998,
    0.9998,
    0.9998,
    0.9998,
    0.9998,
    0.9998,
    0.9998,
    0.9998,
    0.9998,
    0.9998,
    0.9998,
    0.9998,
    0.9998,
    0.9998,
    0.9998,
    0.9998,
    0.9998,
    0.9998,
    0.9998,
    0.9998,
    0.9998,
    0.9998,
    0.9998,
    0.9998,
    0.9998,
    0.9998,
    0.9998
  ],
  "test_acc": [
    0.012222340312466787,
    0.4040811988521628,
    0.40461260495270485,
    0.40620682325433094,
    0.4099266659581252,
    0.4148156020831119,
    0.42661281751514507,
    0.4415984695504304,
    0.4609416516101605,
    0.4750770538845786,
    0.48538633223509403,
    0.4985652035285365,
    0.5020724837921139,
    0.5112126687214369,
    0.5191837602295675,
    0.5246041024550961,
    0.531087256881709,
    0.5387395047295143,
    0.5420342225528749,
    0.5480922520990541,
    0.5544691253055585,
    0.5572324370283771,
    0.5638218726750983,
    0.5658412158571581,
    0.5718992454033373,
    0.5773195876288659,
    0.5794452120310342,
    0.5811457115527686,
    0.5856095227973217,
    0.5919863960038261,
    0.5957062387076204,
    0.6013391433733659,
    0.60973535976193,
    0.6199383568923371,
    0.6251461366776491,
    0.6296099479222022,
    0.6314167286640451,
    0.6365182272292486,
    0.6436390689765118,
    0.6488468487618237,
    0.6495908173025826,
    0.6476777553406313,
    0.6489531299819322,
    0.6483154426612817,
    0.6468275055797641,
    0.6473589116803061,
    0.6485280051014986,
    0.6540546285471357,
    0.6575619088107132,
    0.6599000956530982,
    0.661706876394941,
    0.6634073759166755,
    0.666170687639494,
    0.6695716866829631,
    0.6691465618025295,
    0.6659581251992773,
    0.6663832500797109,
    0.6616005951748326,
    0.6616005951748326,
    0.6610691890742906,
    0.662769688596025,
    0.6636199383568924,
    0.6614943139547242,
    0.6596875332128813,
    0.6610691890742906,
    0.6660644064193857,
    0.6643639068976512,
    0.6689339993623127,
    0.6711659049845892,
    0.6716973110851313,
    0.671909873525348,
    0.6763736847699011,
    0.6807312147943458,
    0.6789244340525029,
    0.6750983101286003,
    0.675310872568817,
    0.6754171537889255,
    0.6763736847699011,
    0.6777553406313105,
    0.6769050908704431,
    0.682856839196514,
    0.6859389945796578,
    0.6841322138378149,
    0.6877457753215007,
    0.6878520565416091,
    0.6813689021149962,
    0.6804123711340206,
    0.6774364969709852,
    0.6770113720905516,
    0.6754171537889255,
    0.6712721862046976,
    0.6676586247210118,
    0.6665958125199277,
    0.6693591242427464,
    0.6720161547454565,
    0.6743543415878415,
    0.67711765331066,
    0.676586247210118,
    0.6795621213731534,
    0.683388245297056,
    0.6831756828568392
  ]
}