{
  "epoch": [
    1,
    2000,
    4000,
    6000,
    8000,
    10000,
    12000,
    14000,
    16000,
    18000,
    20000,
    22000,
    24000,
    26000,
    28000,
    30000,
    32000,
    34000,
    36000,
    38000,
    40000,
    42000,
    44000,
    46000,
    48000,
    50000,
    52000,
    54000,
    56000,
    58000,
    60000,
    62000,
    64000,
    66000,
    68000,
    70000,
    72000,
    74000,
    76000,
    78000,
    80000,
    82000,
    84000,
    86000,
    88000,
    90000,
    92000,
    94000,
    96000,
    98000,
    100000,
    102000,
    104000,
    106000,
    108000,
    110000,
    112000,
    114000,
    116000,
    118000,
    120000,
    122000,
    124000,
    126000,
    128000,
    130000,
    132000,
    134000,
    136000,
    138000,
    140000,
    142000,
    144000,
    146000,
    148000,
    150000,
    152000,
    154000,
    156000,
    158000,
    160000,
    162000,
    164000,
    166000,
    168000,
    170000,
    172000,
    174000,
    176000,
    178000,
    180000,
    182000,
    184000,
    186000,
    188000,
    190000,
    192000,
    194000,
    196000,
    198000,
    200000
  ],
  "loss": [
    4.575810432434082,
    0.2129624906757059,
    0.009641158894475813,
    0.009379834449810606,
    0.009257720768670498,
    0.009229926939587367,
    0.00921298224974534,
    0.009204141118143752,
    0.009200143061566272,
    0.009190360363429366,
    0.009188093737713166,
    0.009187463510912172,
    0.009178902295239587,
    0.009182797312159647,
    0.00917899510384282,
    0.009181340064418463,
    0.009185477772448141,
    0.009189821869851234,
    0.009189792823369009,
    0.009185772706045998,
    0.009182450424043268,
    0.009188760780983792,
    0.009179393433444061,
    0.009178155287815836,
    0.009183257740105578,
    0.009183514172436067,
    0.00918126743702623,
    0.009186119318556025,
    0.009192008041745194,
    0.009183800761196735,
    0.009187837989151886,
    0.009187779540190193,
    0.009189591628362788,
    0.009190731831507598,
    0.009193204309432242,
    0.009186105325374548,
    0.009189333000934195,
    0.009201413428524582,
    0.009197797955608074,
    0.009190035552587227,
    0.009204875171453722,
    0.009211926460191502,
    0.00919816452122642,
    0.009202560275747007,
    0.009208108332242448,
    0.009199718717191371,
    0.009204614697744723,
    0.00921190699141107,
    0.00921118203502956,
    0.00921052026894938,
    0.009205578191312404,
    0.00920635065535271,
    0.009204284937499287,
    0.009210286747223089,
    0.00920394425207396,
    0.009210535902178267,
    0.00921081548257646,
    0.009200027349756588,
    0.00919570377781704,
    0.009201871752162756,
    0.009201542828534857,
    0.009201619999880237,
    0.009208349510304442,
    0.009221272288309115,
    0.009210003523860795,
    0.009206639222320774,
    0.009211778016430926,
    0.009210188473545152,
    0.009210118538863263,
    0.00921080533231106,
    0.009203387576853812,
    0.009201337236354998,
    0.009209373126765704,
    0.009211444467386342,
    0.009209081543864826,
    0.009201329904812802,
    0.009207413137033611,
    0.009201184530967146,
    0.009199884047288833,
    0.009206205382411032,
    0.009206977300924034,
    0.009215045439755817,
    0.009210891644908134,
    0.009209435340824626,
    0.009203696247658186,
    0.009207327858982648,
    0.009215159960882418,
    0.009213157411734391,
    0.009212668597166318,
    0.009210519560598237,
    0.009219055479144344,
    0.00920940414725644,
    0.009208225669913682,
    0.009210202803812307,
    0.00922008089555607,
    0.009211898869643112,
    0.009212363442912807,
    0.00921769833396118,
    0.009212223037410027,
    0.00921501364903731,
    0.009213641691579384
  ],
  "train_acc": [
    0.0158,
    0.9946,
    0.9946,
    0.9946,
    0.9946,
    0.9946,
    0.9946,
    0.9946,
    0.9946,
    0.9946,
    0.9946,
    0.9946,
    0.9946,
    0.9946,
    0.9946,
    0.9946,
    0.9946,
    0.9946,
    0.9946,
    0.9946,
    0.9946,
    0.9946,
    0.9946,
    0.9946,
    0.9946,
    0.9946,
    0.9946,
    0.9946,
    0.9946,
    0.9946,
    0.9946,
    0.9946,
    0.9946,
    0.9946,
    0.9946,
    0.9946,
    0.9946,
    0.9946,
    0.9946,
    0.9946,
    0.9946,
    0.9946,
    0.9946,
    0.9946,
    0.9946,
    0.9946,
    0.9946,
    0.9946,
    0.9946,
    0.9946,
    0.9946,
    0.9946,
    0.9946,
    0.9946,
    0.9946,
    0.9946,
    0.9946,
    0.9946,
    0.9946,
    0.9946,
    0.9946,
    0.9946,
    0.9946,
    0.9946,
    0.9946,
    0.9946,
    0.9946,
    0.9946,
    0.9946,
    0.9946,
    0.9946,
    0.9946,
    0.9946,
    0.9946,
    0.9946,
    0.9946,
    0.9946,
    0.9946,
    0.9946,
    0.9946,
    0.9946,
    0.9946,
    0.9946,
    0.9946,
    0.9946,
    0.9946,
    0.9946,
    0.9946,
    0.9946,
    0.9946,
    0.9946,
    0.9946,
    0.9946,
    0.9946,
    0.9946,
    0.9946,
    0.9946,
    0.9946,
    0.9946,
    0.9946,
    0.9946
  ],
  "test_acc": [
    0.010840684451057498,
    0.4002550749282602,
    0.40142416834945266,
    0.4015304495695611,
    0.4020618556701031,
    0.40174301200977786,
    0.4022744181103199,
    0.4032309490912956,
    0.4036560739717292,
    0.4049314486130301,
    0.4069507917950898,
    0.40758847911574025,
    0.410139228398342,
    0.41343394622170265,
    0.4148156020831119,
    0.4176851950260389,
    0.4201296630885323,
    0.42321181847167605,
    0.4256562865341694,
    0.4317143160803486,
    0.43564672122435966,
    0.4411733446699968,
    0.44553087469444147,
    0.4502072483792114,
    0.46083537039005207,
    0.46327983845254544,
    0.4687001806780742,
    0.474651929004145,
    0.4779466468275056,
    0.4829418641726007,
    0.4889998937187799,
    0.4927197364225741,
    0.49718354766712725,
    0.5000531406100542,
    0.5056860452757997,
    0.5125943245828463,
    0.5155701987458816,
    0.5216282282920608,
    0.524816664895313,
    0.5307684132213838,
    0.5304495695610586,
    0.5371452864278882,
    0.5466043150175364,
    0.553300031884366,
    0.5568073121479434,
    0.5567010309278351,
    0.5562759060474014,
    0.5623339355935806,
    0.5623339355935806,
    0.5644595599957487,
    0.5659474970772664,
    0.5687108088000851,
    0.5804017430120098,
    0.5834838983951536,
    0.5798703369114677,
    0.5785949622701668,
    0.5840153044956956,
    0.5866723349984058,
    0.5866723349984058,
    0.5901796152619833,
    0.591454989903284,
    0.5920926772239345,
    0.5928366457646934,
    0.5949622701668615,
    0.5983632692103306,
    0.6004888936124987,
    0.6028270804548836,
    0.6043150175364013,
    0.5993198001913062,
    0.600063768732065,
    0.5993198001913062,
    0.6047401424168349,
    0.6036773302157509,
    0.6083537039005208,
    0.6055903921777022,
    0.6068657668190031,
    0.6076097353597619,
    0.6096290785418217,
    0.6079285790200871,
    0.6101604846423637,
    0.6123923902646402,
    0.60973535976193,
    0.6093102348814965,
    0.6096290785418217,
    0.6123923902646402,
    0.608141141460304,
    0.6140928897863748,
    0.6140928897863748,
    0.6173876076097353,
    0.6143054522265916,
    0.6106918907429058,
    0.6112232968434478,
    0.6131363588053991,
    0.6138803273461579,
    0.6107981719630141,
    0.6169624827293018,
    0.6176001700499522,
    0.6164310766287597,
    0.6164310766287597,
    0.6153682644276757,
    0.6170687639494101
  ]
}