{
  "epoch": [
    1,
    2000,
    4000,
    6000,
    8000,
    10000,
    12000,
    14000,
    16000,
    18000,
    20000,
    22000,
    24000,
    26000,
    28000,
    30000,
    32000,
    34000,
    36000,
    38000,
    40000,
    42000,
    44000,
    46000,
    48000,
    50000,
    52000,
    54000,
    56000,
    58000,
    60000,
    62000,
    64000,
    66000,
    68000,
    70000,
    72000,
    74000,
    76000,
    78000,
    80000,
    82000,
    84000,
    86000,
    88000,
    90000,
    92000,
    94000,
    96000,
    98000,
    100000,
    102000,
    104000,
    106000,
    108000,
    110000,
    112000,
    114000,
    116000,
    118000,
    120000,
    122000,
    124000,
    126000,
    128000,
    130000,
    132000,
    134000,
    136000,
    138000,
    140000,
    142000,
    144000,
    146000,
    148000,
    150000,
    152000,
    154000,
    156000,
    158000,
    160000,
    162000,
    164000,
    166000,
    168000,
    170000,
    172000,
    174000,
    176000,
    178000,
    180000,
    182000,
    184000,
    186000,
    188000,
    190000,
    192000,
    194000,
    196000,
    198000,
    200000
  ],
  "loss": [
    4.575337505340576,
    0.21728077695738376,
    0.009859215407654406,
    0.009586863714715349,
    0.009467093683111457,
    0.00942619986505177,
    0.009415899420195092,
    0.009406926188089079,
    0.009390755450347298,
    0.009392060946036512,
    0.0093891699548236,
    0.009394000141348627,
    0.009384588990691502,
    0.009380568593206287,
    0.009388320565729618,
    0.009385214970206886,
    0.009380787914893565,
    0.009383393130892965,
    0.009388766571792918,
    0.009381134244181554,
    0.009384914914059274,
    0.009387975888621211,
    0.009394525313931293,
    0.009391078720348318,
    0.009388595654600955,
    0.0093937168633451,
    0.00940133387820595,
    0.009404205349859935,
    0.009407338156026079,
    0.009414761571448101,
    0.009406175630478467,
    0.009414708558887222,
    0.00940540685145802,
    0.009418528506862034,
    0.009421196948263993,
    0.009416118838074593,
    0.009416734228990755,
    0.009420422237723986,
    0.009419173763721415,
    0.009412901555728718,
    0.0094122019753216,
    0.009418558393351503,
    0.009426302072756907,
    0.009429113177159557,
    0.009415346483514313,
    0.009413309991078934,
    0.009416637578217452,
    0.00942626011075709,
    0.009423827321703514,
    0.009416096441695115,
    0.009415791465493192,
    0.009423239296495623,
    0.009417794543160014,
    0.009409592259695945,
    0.009416493107737635,
    0.009401771960389027,
    0.009410374863422182,
    0.009418120644277514,
    0.009418684591232834,
    0.009421175657326865,
    0.009427004726214768,
    0.009419038828156874,
    0.009412617371972905,
    0.009416548673353342,
    0.009419891164546727,
    0.00941967907623031,
    0.009411302098463978,
    0.009418471069122582,
    0.009428596710433591,
    0.00942792710375324,
    0.009426120955921758,
    0.009426505190917471,
    0.009427468631429294,
    0.009416866340377717,
    0.00942354973262052,
    0.009421180708843697,
    0.009420663000044661,
    0.009421709852811285,
    0.009423816638516939,
    0.009421730008499933,
    0.009420887416101498,
    0.009424339647654175,
    0.00942102971821283,
    0.009421308067312206,
    0.009412888095805266,
    0.009410193042488527,
    0.009418029525650136,
    0.009415251998558357,
    0.009425331174674775,
    0.009422086239018097,
    0.009422605211732259,
    0.009429993652045325,
    0.009428834869581052,
    0.009429096125507271,
    0.009438173658200532,
    0.009433819626699926,
    0.009422757195694971,
    0.009419401686568036,
    0.00941520553227467,
    0.009415488036904812,
    0.00941662235723206
  ],
  "train_acc": [
    0.0178,
    0.9942,
    0.9942,
    0.9942,
    0.9942,
    0.9942,
    0.9942,
    0.9942,
    0.9942,
    0.9942,
    0.9942,
    0.9942,
    0.9942,
    0.9942,
    0.9942,
    0.9942,
    0.9942,
    0.9942,
    0.9942,
    0.9942,
    0.9942,
    0.9942,
    0.9942,
    0.9942,
    0.9942,
    0.9942,
    0.9942,
    0.9942,
    0.9942,
    0.9942,
    0.9942,
    0.9942,
    0.9942,
    0.9942,
    0.9942,
    0.9942,
    0.9942,
    0.9942,
    0.9942,
    0.9942,
    0.9942,
    0.9942,
    0.9942,
    0.9942,
    0.9942,
    0.9942,
    0.9942,
    0.9942,
    0.9942,
    0.9942,
    0.9942,
    0.9942,
    0.9942,
    0.9942,
    0.9942,
    0.9942,
    0.9942,
    0.9942,
    0.9942,
    0.9942,
    0.9942,
    0.9942,
    0.9942,
    0.9942,
    0.9942,
    0.9942,
    0.9942,
    0.9942,
    0.9942,
    0.9942,
    0.9942,
    0.9942,
    0.9942,
    0.9942,
    0.9942,
    0.9942,
    0.9942,
    0.9942,
    0.9942,
    0.9942,
    0.9942,
    0.9942,
    0.9942,
    0.9942,
    0.9942,
    0.9942,
    0.9942,
    0.9942,
    0.9942,
    0.9942,
    0.9942,
    0.9942,
    0.9942,
    0.9942,
    0.9942,
    0.9942,
    0.9942,
    0.9942,
    0.9942,
    0.9942,
    0.9942
  ],
  "test_acc": [
    0.011690934211924752,
    0.40429376129237965,
    0.4053565734934637,
    0.40631310447443936,
    0.40673822935487297,
    0.4065256669146562,
    0.4066319481347646,
    0.40790732277606545,
    0.40758847911574025,
    0.40918269741736635,
    0.41088319693910086,
    0.4131151025613774,
    0.41385907110213627,
    0.41704750770538845,
    0.4210861940695079,
    0.4252311616537358,
    0.42693166117547027,
    0.4304389414390477,
    0.4363906897651185,
    0.44181103199064725,
    0.44755021787650123,
    0.4547773408438729,
    0.46625571261558085,
    0.47412052290360296,
    0.4808162397704326,
    0.48846848761823786,
    0.4935699861834414,
    0.49962801572962057,
    0.5078116696779679,
    0.5134445743437135,
    0.5199277287703263,
    0.5278988202784568,
    0.5308746944414922,
    0.5371452864278882,
    0.5386332235094059,
    0.5458603464767775,
    0.5490487830800298,
    0.5513869699224148,
    0.5601020299713041,
    0.561908810713147,
    0.5632904665745563,
    0.564778403656074,
    0.5654160909767244,
    0.5693484961207355,
    0.5699861834413859,
    0.5731746200446382,
    0.5754065256669146,
    0.5801891805717929,
    0.5791263683707089,
    0.5827399298543947,
    0.588053990859815,
    0.588585396960357,
    0.5906047401424168,
    0.594324582846211,
    0.5944308640663195,
    0.6001700499521735,
    0.5994260814114146,
    0.6002763311722819,
    0.6012328621532576,
    0.6061217982782442,
    0.6035710489956425,
    0.6059092358380275,
    0.605802954617919,
    0.6061217982782442,
    0.6083537039005208,
    0.6046338611967266,
    0.6113295780635561,
    0.6136677649059411,
    0.6101604846423637,
    0.611010734403231,
    0.6100542034222552,
    0.6061217982782442,
    0.6039961738760761,
    0.602933361674992,
    0.606334360718461,
    0.6043150175364013,
    0.6078222977999788,
    0.6116484217238813,
    0.6143054522265916,
    0.6163247954086513,
    0.6198320756722288,
    0.6187692634711447,
    0.621213731533638,
    0.6187692634711447,
    0.6158996705282177,
    0.6207886066532043,
    0.6157933893081092,
    0.6109044531831226,
    0.6150494207673504,
    0.6157933893081092,
    0.6194069507917951,
    0.6151557019874588,
    0.6179190137102774,
    0.6156871080880009,
    0.6161122329684344,
    0.6168562015091933,
    0.617281326389627,
    0.6238707620363482,
    0.6227016686151557,
    0.6229142310553725,
    0.6256775427781911
  ]
}