{
  "epoch": [
    1,
    2000,
    4000,
    6000,
    8000,
    10000,
    12000,
    14000,
    16000,
    18000,
    20000,
    22000,
    24000,
    26000,
    28000,
    30000,
    32000,
    34000,
    36000,
    38000,
    40000,
    42000,
    44000,
    46000,
    48000,
    50000,
    52000,
    54000,
    56000,
    58000,
    60000,
    62000,
    64000,
    66000,
    68000,
    70000,
    72000,
    74000,
    76000,
    78000,
    80000,
    82000,
    84000,
    86000,
    88000,
    90000,
    92000,
    94000,
    96000,
    98000,
    100000,
    102000,
    104000,
    106000,
    108000,
    110000,
    112000,
    114000,
    116000,
    118000,
    120000,
    122000,
    124000,
    126000,
    128000,
    130000,
    132000,
    134000,
    136000,
    138000,
    140000,
    142000,
    144000,
    146000,
    148000,
    150000,
    152000,
    154000,
    156000,
    158000,
    160000,
    162000,
    164000,
    166000,
    168000,
    170000,
    172000,
    174000,
    176000,
    178000,
    180000,
    182000,
    184000,
    186000,
    188000,
    190000,
    192000,
    194000,
    196000,
    198000,
    200000
  ],
  "loss": [
    4.575080633163452,
    0.22404598729230585,
    0.015080123161749157,
    0.014675961085787276,
    0.01448388201034686,
    0.014434906385502308,
    0.01439798435359262,
    0.014388665287769813,
    0.014383079336429364,
    0.014362359083315823,
    0.014365463021947652,
    0.014363382953385007,
    0.014357395321759395,
    0.014358853053493659,
    0.01436108116247342,
    0.014366421326807259,
    0.01435930284667702,
    0.014367714951984818,
    0.014366543587354721,
    0.01435555255141691,
    0.01436120587811165,
    0.014354419803904332,
    0.01434517613723288,
    0.014340049808457843,
    0.01434648980195048,
    0.01434674101549317,
    0.014344354982406335,
    0.014333619737499975,
    0.014339651144883829,
    0.01433984465826361,
    0.014344436134205898,
    0.014346217227887245,
    0.014347071878815768,
    0.014343234461094834,
    0.014345251332531917,
    0.0143453865419397,
    0.014344268855699921,
    0.014336316961585504,
    0.01432703148672008,
    0.014328963162860578,
    0.014343713775626384,
    0.014349528170458507,
    0.0143453178579628,
    0.014355856561870314,
    0.014355523781292097,
    0.01435536517071887,
    0.01436052965219486,
    0.014348769441869809,
    0.014344914840068668,
    0.01434589701774821,
    0.014345083811192308,
    0.014354978477099212,
    0.01434477963942918,
    0.014361326273271698,
    0.014365859620610717,
    0.014359143184766922,
    0.014349728493194533,
    0.014358654793386813,
    0.014357999395829378,
    0.014361948547326028,
    0.014362944867840245,
    0.014369647851128318,
    0.014364156893168294,
    0.014355714713210717,
    0.014362275805865648,
    0.014368638887668424,
    0.014356314652974805,
    0.0143643002824159,
    0.014369376706774347,
    0.014368594626587582,
    0.014362931332096898,
    0.01436385903066548,
    0.014360501405237562,
    0.014366245704505128,
    0.014382590334437555,
    0.014379024853126612,
    0.014382126100500426,
    0.014390732558007584,
    0.01437374951763195,
    0.014381993628363092,
    0.01437987151875277,
    0.014383463835861766,
    0.014380602926533865,
    0.014377426541238674,
    0.014383231340892394,
    0.014375690588867292,
    0.014383338505483269,
    0.014386165062806686,
    0.014384239116407117,
    0.014383368723327294,
    0.014387077222912922,
    0.014388796738360509,
    0.0143748328792135,
    0.014383793759718511,
    0.014375128356734058,
    0.01437153714748565,
    0.014390512059268076,
    0.014390742766633048,
    0.014369667013187428,
    0.014386487467604457,
    0.014380104598600884
  ],
  "train_acc": [
    0.0188,
    0.9916,
    0.9916,
    0.9916,
    0.9916,
    0.9916,
    0.9916,
    0.9916,
    0.9916,
    0.9916,
    0.9916,
    0.9916,
    0.9916,
    0.9916,
    0.9916,
    0.9916,
    0.9916,
    0.9916,
    0.9916,
    0.9916,
    0.9916,
    0.9916,
    0.9916,
    0.9916,
    0.9916,
    0.9916,
    0.9916,
    0.9916,
    0.9916,
    0.9916,
    0.9916,
    0.9916,
    0.9916,
    0.9916,
    0.9916,
    0.9916,
    0.9916,
    0.9916,
    0.9916,
    0.9916,
    0.9916,
    0.9916,
    0.9916,
    0.9916,
    0.9916,
    0.9916,
    0.9916,
    0.9916,
    0.9916,
    0.9916,
    0.9916,
    0.9916,
    0.9916,
    0.9916,
    0.9916,
    0.9916,
    0.9916,
    0.9916,
    0.9916,
    0.9916,
    0.9916,
    0.9916,
    0.9916,
    0.9916,
    0.9916,
    0.9916,
    0.9916,
    0.9916,
    0.9916,
    0.9916,
    0.9916,
    0.9916,
    0.9916,
    0.9916,
    0.9916,
    0.9916,
    0.9916,
    0.9916,
    0.9916,
    0.9916,
    0.9916,
    0.9916,
    0.9916,
    0.9916,
    0.9916,
    0.9916,
    0.9916,
    0.9916,
    0.9916,
    0.9916,
    0.9916,
    0.9916,
    0.9916,
    0.9916,
    0.9916,
    0.9916,
    0.9916,
    0.9916,
    0.9916,
    0.9916,
    0.9916
  ],
  "test_acc": [
    0.012328621532575194,
    0.40301838665107875,
    0.40386863641194604,
    0.4040811988521628,
    0.40386863641194604,
    0.4035497927516208,
    0.40418748007227123,
    0.40440004251248807,
    0.4048251673929217,
    0.40450632373259643,
    0.40440004251248807,
    0.4065256669146562,
    0.40716335423530664,
    0.40790732277606545,
    0.40875757253693273,
    0.4097141035179084,
    0.4109894781592093,
    0.413540227441811,
    0.4151344457434371,
    0.41534700818365394,
    0.4163035391646296,
    0.41832288234668935,
    0.41789775746625574,
    0.41906685088744816,
    0.41959825698799025,
    0.422149006270592,
    0.4223615687108088,
    0.425018599213519,
    0.4246997555531937,
    0.4235306621320013,
    0.4251248804336274,
    0.4268253799553619,
    0.4285258794770964,
    0.4299075353385057,
    0.4304389414390477,
    0.43192687852056544,
    0.4349027526836008,
    0.43554044000425124,
    0.43426506536295034,
    0.43532787756403446,
    0.43564672122435966,
    0.4357530024444681,
    0.43681581464555214,
    0.43894143904772026,
    0.4367095334254437,
    0.4395791263683707,
    0.44042937612923794,
    0.44138590711021364,
    0.4437240939525986,
    0.4453183122542247,
    0.4452120310341163,
    0.44510574981400786,
    0.4474439366563928,
    0.45052609203953664,
    0.4507386544797534,
    0.45243915400148793,
    0.45243915400148793,
    0.4532894037623552,
    0.4584971835476671,
    0.46051652672972687,
    0.462642151131895,
    0.46285471357211183,
    0.46646827505579763,
    0.4684876182378574,
    0.46625571261558085,
    0.4708258050802423,
    0.4696567116590498,
    0.47125092996067597,
    0.474651929004145,
    0.4742268041237113,
    0.47401424168349454,
    0.47858433414815604,
    0.48070995855032417,
    0.4799659900095653,
    0.47922202146880644,
    0.4832607078329259,
    0.4846423636943352,
    0.48719311297693696,
    0.4874056754171538,
    0.49165692422149004,
    0.4924008927622489,
    0.490594112020406,
    0.4955893293655011,
    0.4953767669252843,
    0.49930917206929537,
    0.5010096715910298,
    0.5066425762567754,
    0.5082367945584015,
    0.5091933255393772,
    0.5061111701562334,
    0.5072802635774258,
    0.5115315123817621,
    0.5150387926453396,
    0.5142948241045807,
    0.5155701987458816,
    0.5159953236263153,
    0.5137634180040387,
    0.5142948241045807,
    0.5182272292485918,
    0.525879477096397,
    0.5288553512594325
  ]
}