{
  "epoch": [
    1,
    2000,
    4000,
    6000,
    8000,
    10000,
    12000,
    14000,
    16000,
    18000,
    20000,
    22000,
    24000,
    26000,
    28000,
    30000,
    32000,
    34000,
    36000,
    38000,
    40000,
    42000,
    44000,
    46000,
    48000,
    50000,
    52000,
    54000,
    56000,
    58000,
    60000,
    62000,
    64000,
    66000,
    68000,
    70000,
    72000,
    74000,
    76000,
    78000,
    80000,
    82000,
    84000,
    86000,
    88000,
    90000,
    92000,
    94000,
    96000,
    98000,
    100000,
    102000,
    104000,
    106000,
    108000,
    110000,
    112000,
    114000,
    116000,
    118000,
    120000,
    122000,
    124000,
    126000,
    128000,
    130000,
    132000,
    134000,
    136000,
    138000,
    140000,
    142000,
    144000,
    146000,
    148000,
    150000,
    152000,
    154000,
    156000,
    158000,
    160000,
    162000,
    164000,
    166000,
    168000,
    170000,
    172000,
    174000,
    176000,
    178000,
    180000,
    182000,
    184000,
    186000,
    188000,
    190000,
    192000,
    194000,
    196000,
    198000,
    200000
  ],
  "loss": [
    4.575133848190307,
    0.22454637803934913,
    0.015479298285377172,
    0.015056590804096777,
    0.014877277389878873,
    0.014834483845727282,
    0.01481029479445424,
    0.014800941392614396,
    0.014773207369213923,
    0.014754100880853367,
    0.014760075187191251,
    0.014750411589245777,
    0.014744109147391282,
    0.014750110944738845,
    0.014744118205225094,
    0.014744037097971233,
    0.01475388225102215,
    0.014744841416171403,
    0.014734948325206616,
    0.014720348421700512,
    0.014730308986007003,
    0.014722836500846596,
    0.014730538676618016,
    0.014727714884461602,
    0.014726785500871436,
    0.014710036328749265,
    0.01471987940617546,
    0.01471949989834975,
    0.01472332213697373,
    0.014721832036384148,
    0.014722439158562337,
    0.014730542282041278,
    0.014731366566944052,
    0.014733399205753813,
    0.014742997141031083,
    0.014744355757592711,
    0.014741900360691944,
    0.014734917835082118,
    0.014728087730833795,
    0.014717942512598762,
    0.014732495170133189,
    0.014726351189706475,
    0.014734215128968935,
    0.014746848404657795,
    0.01473661279389049,
    0.014739945942925988,
    0.014737970837006526,
    0.01473185300268815,
    0.014731907960958779,
    0.014735352106130448,
    0.014732854454265908,
    0.014730136971158209,
    0.014729201696900418,
    0.014730793055679533,
    0.014739947183977347,
    0.014734062619284253,
    0.014730793258885365,
    0.014729921915812884,
    0.014737147961297888,
    0.014739763435305213,
    0.01472632673795157,
    0.014736272682049243,
    0.014739263861335348,
    0.01475280104880153,
    0.014754225678142392,
    0.014752441307408546,
    0.014748541599855492,
    0.014767514613483218,
    0.014764182578053443,
    0.01475234249481582,
    0.014755526165603078,
    0.014740980388675235,
    0.014749444172668182,
    0.014757604249625002,
    0.014757394477992784,
    0.014754912157956279,
    0.014749682168969772,
    0.014748971397662534,
    0.014752230926009361,
    0.01477072788584628,
    0.0147634398541064,
    0.014769326384572196,
    0.014762822659610498,
    0.014753992432929226,
    0.014760486364755769,
    0.014752268286945765,
    0.014757394155687666,
    0.014759624652354978,
    0.014757894827463315,
    0.014754770907241619,
    0.014771948230324778,
    0.01477326868998058,
    0.014766540763885132,
    0.014772441429615686,
    0.014780157289188356,
    0.014772944342152913,
    0.014774698874301976,
    0.014768855096166954,
    0.014758992597431643,
    0.01476758745383122,
    0.014765301112178712
  ],
  "train_acc": [
    0.0188,
    0.9914,
    0.9914,
    0.9914,
    0.9914,
    0.9914,
    0.9914,
    0.9914,
    0.9914,
    0.9914,
    0.9914,
    0.9914,
    0.9914,
    0.9914,
    0.9914,
    0.9914,
    0.9914,
    0.9914,
    0.9914,
    0.9914,
    0.9914,
    0.9914,
    0.9914,
    0.9914,
    0.9914,
    0.9914,
    0.9914,
    0.9914,
    0.9914,
    0.9914,
    0.9914,
    0.9914,
    0.9914,
    0.9914,
    0.9914,
    0.9914,
    0.9914,
    0.9914,
    0.9914,
    0.9914,
    0.9914,
    0.9914,
    0.9914,
    0.9914,
    0.9914,
    0.9914,
    0.9914,
    0.9914,
    0.9914,
    0.9914,
    0.9914,
    0.9914,
    0.9914,
    0.9914,
    0.9914,
    0.9914,
    0.9914,
    0.9914,
    0.9914,
    0.9914,
    0.9914,
    0.9914,
    0.9914,
    0.9914,
    0.9914,
    0.9914,
    0.9914,
    0.9914,
    0.9914,
    0.9914,
    0.9914,
    0.9914,
    0.9914,
    0.9914,
    0.9914,
    0.9914,
    0.9914,
    0.9914,
    0.9914,
    0.9914,
    0.9914,
    0.9914,
    0.9914,
    0.9914,
    0.9914,
    0.9914,
    0.9914,
    0.9914,
    0.9914,
    0.9914,
    0.9914,
    0.9914,
    0.9914,
    0.9914,
    0.9914,
    0.9914,
    0.9914,
    0.9914,
    0.9914,
    0.9914,
    0.9914
  ],
  "test_acc": [
    0.012328621532575194,
    0.4028058242108619,
    0.4032309490912956,
    0.4035497927516208,
    0.4039749176320544,
    0.4037623551918376,
    0.4040811988521628,
    0.4035497927516208,
    0.40440004251248807,
    0.40386863641194604,
    0.4056754171537889,
    0.40620682325433094,
    0.4053565734934637,
    0.4069507917950898,
    0.4081198852162823,
    0.4102455096184504,
    0.41215857158040176,
    0.41237113402061853,
    0.41332766500159424,
    0.4143904772026783,
    0.41704750770538845,
    0.4172600701456053,
    0.419279413327665,
    0.41832288234668935,
    0.4201296630885323,
    0.42321181847167605,
    0.42438091189286853,
    0.42448719311297695,
    0.4253374428738442,
    0.42618769263471146,
    0.42788819215644597,
    0.4292698480178552,
    0.4288447231374216,
    0.43256456584121583,
    0.4345839090232756,
    0.43702837708576897,
    0.43883515782761184,
    0.4379849080667446,
    0.43734722074609417,
    0.43862259538739506,
    0.44053565734934635,
    0.4425550005314061,
    0.4428738441917313,
    0.44669996811563395,
    0.44755021787650123,
    0.4465936868955256,
    0.44808162397704326,
    0.44765649909660965,
    0.4539270910830056,
    0.45010096715910297,
    0.4546710596237645,
    0.4581783398873419,
    0.45754065256669146,
    0.4586034647677755,
    0.45998512062918484,
    0.4647677755340631,
    0.4658305877351472,
    0.4691253055585078,
    0.4696567116590498,
    0.47103836752045913,
    0.47358911680306087,
    0.47613986608566267,
    0.4782654904878308,
    0.48219789563184184,
    0.4849612073546604,
    0.4833669890530343,
    0.4891061749388883,
    0.48846848761823786,
    0.4879370815176958,
    0.4902752683600808,
    0.48878733127856305,
    0.49006270591986395,
    0.48634286321606973,
    0.4859177383356361,
    0.4865554256562865,
    0.4919757678818153,
    0.4915506430013817,
    0.4956956105856095,
    0.49760867254756086,
    0.49760867254756086,
    0.4984589223084281,
    0.5009033903709215,
    0.5015410776915719,
    0.5035604208736316,
    0.5079179508980763,
    0.5090870443192688,
    0.5161016048464236,
    0.5204591348708684,
    0.5223721968328197,
    0.5238601339143374,
    0.5221596343926028,
    0.52300988415347,
    0.5232224465936869,
    0.525348070995855,
    0.5225847592730365,
    0.5217345095121692,
    0.5192900414496758,
    0.5174832607078329,
    0.5215219470719524,
    0.5208842597513019,
    0.52768625783824
  ]
}