{
  "epoch": [
    1,
    2000,
    4000,
    6000,
    8000,
    10000,
    12000,
    14000,
    16000,
    18000,
    20000,
    22000,
    24000,
    26000,
    28000,
    30000,
    32000,
    34000,
    36000,
    38000,
    40000,
    42000,
    44000,
    46000,
    48000,
    50000,
    52000,
    54000,
    56000,
    58000,
    60000,
    62000,
    64000,
    66000,
    68000,
    70000,
    72000,
    74000,
    76000,
    78000,
    80000,
    82000,
    84000,
    86000,
    88000,
    90000,
    92000,
    94000,
    96000,
    98000,
    100000,
    102000,
    104000,
    106000,
    108000,
    110000,
    112000,
    114000,
    116000,
    118000,
    120000,
    122000,
    124000,
    126000,
    128000,
    130000,
    132000,
    134000,
    136000,
    138000,
    140000,
    142000,
    144000,
    146000,
    148000,
    150000,
    152000,
    154000,
    156000,
    158000,
    160000,
    162000,
    164000,
    166000,
    168000,
    170000,
    172000,
    174000,
    176000,
    178000,
    180000,
    182000,
    184000,
    186000,
    188000,
    190000,
    192000,
    194000,
    196000,
    198000,
    200000
  ],
  "loss": [
    4.575783157348633,
    0.20173576214575312,
    9.1622882689677e-07,
    2.2237910806808258e-07,
    2.1338774499426448e-07,
    2.1094313472787007e-07,
    2.1528663219001488e-07,
    2.2104383871877077e-07,
    0.0001648041657202178,
    0.00032988270410817507,
    6.999735804873808e-06,
    0.00013402260885279774,
    2.901985725567613e-06,
    0.00029071139104278385,
    0.00018040318524207636,
    4.198690345065615e-06,
    0.00013080903467751597,
    0.00020615027846074908,
    4.065914358009337e-06,
    0.00032100288785011485,
    0.00017116793560750026,
    3.920543069633453e-06,
    0.00019754747017293895,
    0.00014854251538561414,
    0.00030051999978779803,
    5.1054404752150615e-06,
    0.0001388938793784405,
    0.000145090014623036,
    3.565505338691821e-06,
    0.000307902648622661,
    0.00024046119166805654,
    0.0003415290700815753,
    5.20796577163054e-06,
    0.00023409000254352534,
    0.00017283315161140394,
    3.723803474738219e-06,
    0.00026373328246248563,
    0.00036916849856345876,
    4.694070402540973e-06,
    0.00025908085637772873,
    0.00019988446045823168,
    0.00017605797596460847,
    4.029008273212753e-06,
    0.0002515773474818495,
    0.0002936017060877717,
    4.398050588405056e-06,
    0.00031805272793566106,
    0.0003027792962760216,
    0.00017458150919280867,
    4.083327710624474e-06,
    0.00016350004598058234,
    0.0002535229451952297,
    4.3443733542922306e-06,
    0.0002417364176062648,
    0.00027036763873605166,
    0.00022021001697453214,
    4.557593183933761e-06,
    0.00024530603387345237,
    0.0003293173801839714,
    4.692467133648392e-06,
    0.0001838727256856714,
    0.00017862860576702886,
    0.0001324436187855838,
    3.3827881221498045e-06,
    0.0002373284799186905,
    0.00028505074855346207,
    4.45145536978373e-06,
    0.00020429911763309434,
    0.00014118378751887945,
    0.0002138330852079946,
    3.910632389919755e-06,
    0.00021309831150063944,
    0.00026289150055006376,
    0.00029682595465580663,
    4.7348270123031e-06,
    0.00032869103831742875,
    0.0003091455407768372,
    4.530097711453606e-06,
    0.00026324636093313816,
    0.0004752414744416448,
    4.133649400463213e-06,
    0.0003340925202225989,
    0.00020974957704367653,
    0.0002594146657745519,
    4.367505478879963e-06,
    0.000413941165958672,
    0.00030339339848529077,
    4.471101451805027e-06,
    0.0003418770754267676,
    0.00021753257714680741,
    2.731727185217636e-06,
    0.0003624985409681777,
    0.0002593124644265394,
    0.00030149553634593927,
    4.719790268713808e-06,
    0.00032621253725758666,
    0.0002750191250674092,
    4.217671765152176e-06,
    0.00036519117897261777,
    0.00017344932530595543,
    0.00019974371781580872
  ],
  "train_acc": [
    0.0164,
    1.0,
    1.0,
    1.0,
    1.0,
    1.0,
    1.0,
    1.0,
    1.0,
    1.0,
    1.0,
    1.0,
    1.0,
    1.0,
    1.0,
    1.0,
    1.0,
    1.0,
    1.0,
    1.0,
    1.0,
    1.0,
    1.0,
    1.0,
    1.0,
    1.0,
    1.0,
    1.0,
    1.0,
    1.0,
    1.0,
    1.0,
    1.0,
    1.0,
    1.0,
    1.0,
    1.0,
    1.0,
    1.0,
    1.0,
    1.0,
    1.0,
    1.0,
    1.0,
    1.0,
    1.0,
    1.0,
    1.0,
    1.0,
    1.0,
    1.0,
    1.0,
    1.0,
    1.0,
    1.0,
    1.0,
    1.0,
    1.0,
    1.0,
    1.0,
    1.0,
    1.0,
    1.0,
    1.0,
    1.0,
    1.0,
    1.0,
    1.0,
    1.0,
    1.0,
    1.0,
    1.0,
    1.0,
    1.0,
    1.0,
    1.0,
    1.0,
    1.0,
    1.0,
    1.0,
    1.0,
    1.0,
    1.0,
    1.0,
    1.0,
    1.0,
    1.0,
    1.0,
    1.0,
    1.0,
    1.0,
    1.0,
    1.0,
    1.0,
    1.0,
    1.0,
    1.0,
    1.0,
    1.0,
    1.0,
    1.0
  ],
  "test_acc": [
    0.011690934211924752,
    0.40163673078966944,
    0.4019555744499947,
    0.4035497927516208,
    0.4068445105749814,
    0.4168349452651716,
    0.4392602827080455,
    0.4750770538845786,
    0.5215219470719524,
    0.5595706238707621,
    0.6324795408651291,
    0.6578807524710384,
    0.697736210011691,
    0.7385481985333192,
    0.7602295674354341,
    0.788925496864704,
    0.8153895206716973,
    0.8275055797640557,
    0.8377085768944628,
    0.8566266340737592,
    0.8633223509405888,
    0.8681050058454671,
    0.8808587522584759,
    0.8848974386225954,
    0.8530130725900733,
    0.8980763099160378,
    0.9000956530980976,
    0.9043469019024338,
    0.9019024338399405,
    0.9136996492719737,
    0.9131682431714316,
    0.8776703156552237,
    0.9179508980763099,
    0.919545116377936,
    0.922414709320863,
    0.9136996492719737,
    0.9207142097991285,
    0.9212456158996706,
    0.9210330534594537,
    0.9265596769050909,
    0.9273036454458498,
    0.9259219895844404,
    0.9261345520246572,
    0.9298543947284514,
    0.9303858008289935,
    0.9264533956849824,
    0.9316611754702944,
    0.9339993623126793,
    0.9149750239132746,
    0.9297481135083431,
    0.9293229886279094,
    0.9313423318099692,
    0.928685301307259,
    0.9304920820491019,
    0.9348496120735466,
    0.9113614624295887,
    0.931023488149644,
    0.9313423318099692,
    0.9266659581251993,
    0.9309172069295355,
    0.9327239876713784,
    0.9334679562121373,
    0.9343182059730045,
    0.9296418322882347,
    0.9337867998724625,
    0.9356998618344139,
    0.9298543947284514,
    0.9350621745137634,
    0.9331491125518121,
    0.9353810181740886,
    0.9330428313317037,
    0.9380380486767989,
    0.9382506111170156,
    0.9267722393453077,
    0.938356892337124,
    0.9395259857583165,
    0.9394197045382081,
    0.936762674035498,
    0.9360187054947391,
    0.9384631735572324,
    0.9333616749920289,
    0.9380380486767989,
    0.9379317674566904,
    0.9384631735572324,
    0.9347433308534382,
    0.9397385481985333,
    0.940695079179509,
    0.9332553937719205,
    0.9391008608778829,
    0.9404825167392922,
    0.9327239876713784,
    0.9392071420979913,
    0.9398448294186418,
    0.9380380486767989,
    0.9352747369539802,
    0.939632266978425,
    0.9393134233180996,
    0.9358061430545223,
    0.9381443298969072,
    0.9393134233180996,
    0.9260282708045489
  ]
}