{
  "epoch": [
    1,
    2000,
    4000,
    6000,
    8000,
    10000,
    12000,
    14000,
    16000,
    18000,
    20000,
    22000,
    24000,
    26000,
    28000,
    30000,
    32000,
    34000,
    36000,
    38000,
    40000,
    42000,
    44000,
    46000,
    48000,
    50000,
    52000,
    54000,
    56000,
    58000,
    60000,
    62000,
    64000,
    66000,
    68000,
    70000,
    72000,
    74000,
    76000,
    78000,
    80000,
    82000,
    84000,
    86000,
    88000,
    90000,
    92000,
    94000,
    96000,
    98000,
    100000,
    102000,
    104000,
    106000,
    108000,
    110000,
    112000,
    114000,
    116000,
    118000,
    120000,
    122000,
    124000,
    126000,
    128000,
    130000,
    132000,
    134000,
    136000,
    138000,
    140000,
    142000,
    144000,
    146000,
    148000,
    150000,
    152000,
    154000,
    156000,
    158000,
    160000,
    162000,
    164000,
    166000,
    168000,
    170000,
    172000,
    174000,
    176000,
    178000,
    180000,
    182000,
    184000,
    186000,
    188000,
    190000,
    192000,
    194000,
    196000,
    198000,
    200000
  ],
  "loss": [
    4.575745725631714,
    0.2021416162593491,
    9.20841335581457e-07,
    2.2316909333355284e-07,
    2.108832279930084e-07,
    2.1136458576407337e-07,
    2.1235074717793624e-07,
    2.1522732700347548e-07,
    0.00014246572211761973,
    3.344013176771909e-07,
    0.0003505814590500762,
    0.00021450776495137802,
    5.669311252836451e-06,
    0.00012387788803158983,
    2.148740418112283e-06,
    0.00015934426958768669,
    0.0001407527793836728,
    3.902030575622461e-06,
    0.00019347332036937032,
    0.0002542005841420064,
    5.008968790070157e-06,
    0.00018376890202605195,
    0.00018315219898938436,
    4.420875176874972e-06,
    0.0002923613733883023,
    0.00024195900265275085,
    4.797546293738719e-06,
    0.00017339666417419723,
    0.0003199071197219311,
    5.5319832818923945e-06,
    0.0002608061972929811,
    0.00028857119837709676,
    6.030204486170021e-06,
    0.00011442237140870901,
    0.00040191953648244195,
    5.6538444075656e-06,
    0.0002049490333402275,
    0.00026830589009643545,
    4.7079148326112375e-06,
    0.00022579864853685904,
    0.0002445442793378106,
    4.727636823354686e-06,
    0.00015031410725253026,
    0.0003077635911574113,
    5.125380439214666e-06,
    0.00020228382478580613,
    0.00024385374382404236,
    4.246563754893629e-06,
    0.00020486112776184058,
    0.00021275808849797998,
    2.869001004550142e-06,
    0.00038323480818372387,
    0.0002975416356726619,
    3.5807451883265175e-06,
    0.0002854538747664691,
    0.00036007836285177744,
    3.6658049871086007e-06,
    0.0004099945715335124,
    0.0002697655130044488,
    3.6382750497324425e-06,
    0.0003508492196352208,
    0.00018036674963919878,
    1.6188860393739902e-06,
    0.0005775833600530284,
    0.0003081766313432489,
    0.0002221387833460021,
    4.627085244619878e-06,
    0.0002692845255143105,
    0.00014724552927381608,
    4.054934789797215e-06,
    0.00016581956236746506,
    0.0002732399007530482,
    4.303408098816419e-06,
    0.00011175829956627438,
    0.0001223204834350156,
    0.00020307490090811555,
    4.539535918821258e-06,
    0.0003814841900188874,
    0.00041537269635359735,
    5.391886136926161e-06,
    0.0001965032046171018,
    0.0004024466881051005,
    5.261549608498228e-06,
    0.0003229016101282163,
    0.00017445533531965153,
    3.2346542353565156e-06,
    0.000292224172090355,
    0.00015129735063054212,
    0.0001881687688389249,
    4.180411157233976e-06,
    0.00020804323011913866,
    0.0001554047840209371,
    3.535530212198523e-06,
    0.0001687654711868639,
    0.00025029930782210174,
    0.00020876467015807165,
    4.4103425330277445e-06,
    0.00047113800363646164,
    0.00029538245749920336,
    5.0137187766260635e-06,
    0.0002927285850055021
  ],
  "train_acc": [
    0.0152,
    1.0,
    1.0,
    1.0,
    1.0,
    1.0,
    1.0,
    1.0,
    1.0,
    1.0,
    1.0,
    1.0,
    1.0,
    1.0,
    1.0,
    1.0,
    1.0,
    1.0,
    1.0,
    1.0,
    1.0,
    1.0,
    1.0,
    1.0,
    1.0,
    1.0,
    1.0,
    1.0,
    1.0,
    1.0,
    1.0,
    1.0,
    1.0,
    1.0,
    1.0,
    1.0,
    1.0,
    1.0,
    1.0,
    1.0,
    1.0,
    1.0,
    1.0,
    1.0,
    1.0,
    1.0,
    1.0,
    1.0,
    1.0,
    1.0,
    1.0,
    1.0,
    1.0,
    1.0,
    1.0,
    1.0,
    1.0,
    1.0,
    1.0,
    1.0,
    1.0,
    1.0,
    1.0,
    1.0,
    1.0,
    1.0,
    1.0,
    1.0,
    1.0,
    1.0,
    1.0,
    1.0,
    1.0,
    1.0,
    1.0,
    1.0,
    1.0,
    1.0,
    1.0,
    1.0,
    1.0,
    1.0,
    1.0,
    1.0,
    1.0,
    1.0,
    1.0,
    1.0,
    1.0,
    1.0,
    1.0,
    1.0,
    1.0,
    1.0,
    1.0,
    1.0,
    1.0,
    1.0,
    1.0,
    1.0,
    1.0
  ],
  "test_acc": [
    0.010840684451057498,
    0.40004251248804334,
    0.4006801998086938,
    0.4020618556701031,
    0.4069507917950898,
    0.41821660112658093,
    0.4407482197895632,
    0.4778403656073972,
    0.519077479009459,
    0.5630779041343394,
    0.6011265809331491,
    0.5907110213625253,
    0.6777553406313105,
    0.7014560527154852,
    0.7230311403974917,
    0.7548092252099055,
    0.7676692528430227,
    0.7842491231799341,
    0.8030608991391222,
    0.7956212137315336,
    0.8280369858645977,
    0.835157827611861,
    0.8405781698373898,
    0.8472738867042193,
    0.8550324157721331,
    0.8216601126580934,
    0.8684238495057923,
    0.872781379530237,
    0.7892443405250292,
    0.8855351259432458,
    0.8872356254649804,
    0.7824423424380912,
    0.8948878733127856,
    0.8969072164948454,
    0.8706557551280689,
    0.9066850887448188,
    0.9058348389839516,
    0.896056966733978,
    0.9084918694866617,
    0.9110426187692635,
    0.9016898713997237,
    0.9094484004676374,
    0.9146561802529493,
    0.9148687426931661,
    0.9129556807312148,
    0.9154001487937081,
    0.9163566797746838,
    0.9105112126687215,
    0.9155064300138166,
    0.9164629609947922,
    0.9114677436496971,
    0.9196513975980444,
    0.9186948666170688,
    0.9130619619513232,
    0.919013710277394,
    0.9209267722393453,
    0.9163566797746838,
    0.9222021468806462,
    0.922414709320863,
    0.9167818046551175,
    0.9219895844404293,
    0.9236900839621639,
    0.9173132107556595,
    0.9257094271442237,
    0.9265596769050909,
    0.8977574662557126,
    0.9233712403018387,
    0.9261345520246572,
    0.9249654586034648,
    0.9225209905409714,
    0.9222021468806462,
    0.9264533956849824,
    0.9237963651822723,
    0.9257094271442237,
    0.9261345520246572,
    0.9235838027420554,
    0.9266659581251993,
    0.9287915825273674,
    0.917206929535551,
    0.9293229886279094,
    0.9295355510681262,
    0.9298543947284514,
    0.9295355510681262,
    0.9328302688914869,
    0.931554894250186,
    0.9250717398235732,
    0.9305983632692103,
    0.9319800191306197,
    0.9159315548942502,
    0.9302795196088851,
    0.9288978637474758,
    0.9311297693697523,
    0.9299606759485599,
    0.9319800191306197,
    0.9335742374322458,
    0.9246466149431396,
    0.9316611754702944,
    0.9348496120735466,
    0.9214581783398873,
    0.9327239876713784,
    0.9347433308534382
  ]
}