{
  "epoch": [
    1,
    2000,
    4000,
    6000,
    8000,
    10000,
    12000,
    14000,
    16000,
    18000,
    20000,
    22000,
    24000,
    26000,
    28000,
    30000,
    32000,
    34000,
    36000,
    38000,
    40000,
    42000,
    44000,
    46000,
    48000,
    50000,
    52000,
    54000,
    56000,
    58000,
    60000,
    62000,
    64000,
    66000,
    68000,
    70000,
    72000,
    74000,
    76000,
    78000,
    80000,
    82000,
    84000,
    86000,
    88000,
    90000,
    92000,
    94000,
    96000,
    98000,
    100000,
    102000,
    104000,
    106000,
    108000,
    110000,
    112000,
    114000,
    116000,
    118000,
    120000,
    122000,
    124000,
    126000,
    128000,
    130000,
    132000,
    134000,
    136000,
    138000,
    140000,
    142000,
    144000,
    146000,
    148000,
    150000,
    152000,
    154000,
    156000,
    158000,
    160000,
    162000,
    164000,
    166000,
    168000,
    170000,
    172000,
    174000,
    176000,
    178000,
    180000,
    182000,
    184000,
    186000,
    188000,
    190000,
    192000,
    194000,
    196000,
    198000,
    200000
  ],
  "loss": [
    4.575785684585571,
    0.20193308334131505,
    9.061534986905429e-07,
    2.217372289045727e-07,
    2.1323860795661177e-07,
    2.1122146811052288e-07,
    2.135662942428951e-07,
    2.151553692144148e-07,
    0.00019693128522549585,
    0.00013139326380904136,
    4.896760744440343e-06,
    0.00022660045604837222,
    4.116748684271698e-06,
    0.00011887201116663987,
    0.00033001633916633535,
    5.327009433852226e-06,
    0.0003117154184879141,
    0.0001431662374748349,
    3.877979265756437e-06,
    0.00028489410852068815,
    2.555498870076178e-06,
    0.00028627288692742285,
    0.00034278172432617853,
    0.00015617763877386607,
    4.157977939848933e-06,
    0.00014084333726920164,
    0.0004075281104079096,
    5.794531904382439e-06,
    0.000284897238864545,
    0.0001277856304091408,
    3.6422977131806534e-06,
    0.00029467740711864183,
    0.0002634694892955224,
    4.5415189166782e-06,
    0.0001782758475677582,
    0.00015761747269880217,
    2.2988423689994873e-06,
    0.00023280282060210097,
    0.00023257444363070833,
    9.184477876534629e-05,
    3.0509094036418106e-06,
    0.00022520405738110015,
    0.000301917449227367,
    4.337093328741304e-06,
    0.00020210180262663117,
    0.00023196904138754349,
    3.0469701777434467e-06,
    0.0004811383612213177,
    0.00039473045304436595,
    3.7659383230405297e-06,
    0.0002751928618123216,
    0.00042049431163431876,
    3.9326680297854465e-06,
    0.00034815898883597995,
    0.00015566244966603123,
    0.00024958072708411335,
    4.228546214060458e-06,
    0.00026238600612836364,
    0.00028488645097884133,
    4.440953455807773e-06,
    0.00032174776654304653,
    0.0003288894864108322,
    4.4117907318245385e-06,
    0.000274421880365761,
    0.00029071643643561773,
    3.6044378281573586e-06,
    0.00020199007604767232,
    0.00016085326569645987,
    0.0002496840117086499,
    4.307991099124564e-06,
    0.00036560715806396686,
    0.00012984560748883638,
    2.8019973378299314e-06,
    0.0001795223027936956,
    0.0005144272782522386,
    3.899204829045999e-06,
    0.0003054597374100787,
    0.0003615137647960701,
    3.1491286287000263e-06,
    0.000331531095498584,
    0.00017713768782818277,
    0.0004865833033904153,
    5.648181544589192e-06,
    0.00020375590483250435,
    0.0004322045474848075,
    5.188443347282146e-06,
    0.0002063133800354585,
    0.0002683360536058174,
    4.4030228913399585e-06,
    0.00036356431163367446,
    0.0005086294226008491,
    5.264081233283946e-06,
    0.00032577832826413553,
    0.00029937911369902254,
    3.9896957883811975e-06,
    0.00023177431495187122,
    0.000459887495830008,
    3.3695162758341724e-06,
    0.000356890025049897,
    0.00037898459606571606,
    0.0002416283053080207
  ],
  "train_acc": [
    0.0148,
    1.0,
    1.0,
    1.0,
    1.0,
    1.0,
    1.0,
    1.0,
    1.0,
    1.0,
    1.0,
    1.0,
    1.0,
    1.0,
    1.0,
    1.0,
    1.0,
    1.0,
    1.0,
    1.0,
    1.0,
    1.0,
    1.0,
    1.0,
    1.0,
    1.0,
    1.0,
    1.0,
    1.0,
    1.0,
    1.0,
    1.0,
    1.0,
    1.0,
    1.0,
    1.0,
    1.0,
    1.0,
    1.0,
    1.0,
    1.0,
    1.0,
    1.0,
    1.0,
    1.0,
    1.0,
    1.0,
    1.0,
    1.0,
    1.0,
    1.0,
    1.0,
    1.0,
    1.0,
    1.0,
    1.0,
    1.0,
    1.0,
    1.0,
    1.0,
    1.0,
    1.0,
    1.0,
    1.0,
    1.0,
    1.0,
    1.0,
    1.0,
    1.0,
    1.0,
    1.0,
    1.0,
    1.0,
    1.0,
    1.0,
    1.0,
    1.0,
    1.0,
    1.0,
    1.0,
    1.0,
    1.0,
    1.0,
    1.0,
    1.0,
    1.0,
    1.0,
    1.0,
    1.0,
    1.0,
    1.0,
    1.0,
    1.0,
    1.0,
    1.0,
    1.0,
    1.0,
    1.0,
    1.0,
    1.0,
    1.0
  ],
  "test_acc": [
    0.010946965671165905,
    0.40291210543097034,
    0.40333723031140395,
    0.4052502922733553,
    0.41003294717823363,
    0.4217238813901584,
    0.44669996811563395,
    0.4925071739823573,
    0.5343819747050697,
    0.588053990859815,
    0.6455521309384632,
    0.6749920289084919,
    0.7206929535551068,
    0.7555531937506642,
    0.7590604740142417,
    0.8090126474651929,
    0.8246359868211287,
    0.8344138590711021,
    0.8515251355085557,
    0.860771601657987,
    0.8635349133808056,
    0.8835157827611861,
    0.8862790944840047,
    0.8675735997449251,
    0.8942501859921352,
    0.8970134977149538,
    0.8524816664895313,
    0.9102986502285046,
    0.9090232755872037,
    0.9099798065681795,
    0.9071102136252525,
    0.9149750239132746,
    0.913805930492082,
    0.9174194919757679,
    0.9208204910192369,
    0.922946115421405,
    0.9158252736741418,
    0.9245403337230311,
    0.9262408332447657,
    0.929216707407801,
    0.924752896163248,
    0.9312360505898608,
    0.9328302688914869,
    0.9304920820491019,
    0.9355935806143054,
    0.9374003613561483,
    0.9313423318099692,
    0.9360187054947391,
    0.9381443298969072,
    0.9324051440110532,
    0.9354872993941971,
    0.9366563928153895,
    0.9318737379105112,
    0.937825486236582,
    0.936762674035498,
    0.9374003613561483,
    0.9351684557338719,
    0.938356892337124,
    0.9389945796577744,
    0.9364438303751728,
    0.9392071420979913,
    0.9394197045382081,
    0.9376129237963652,
    0.9392071420979913,
    0.9404825167392922,
    0.9346370496333298,
    0.939632266978425,
    0.9398448294186418,
    0.9370815176958232,
    0.9376129237963652,
    0.9403762355191838,
    0.9421830162610266,
    0.9350621745137634,
    0.940163673078967,
    0.9418641726007014,
    0.9385694547773409,
    0.9419704538208099,
    0.9436709533425444,
    0.9381443298969072,
    0.9432458284621107,
    0.943033266021894,
    0.915612711233925,
    0.9444149218833032,
    0.9422892974811351,
    0.9371877989159315,
    0.9420767350409183,
    0.9411202040599426,
    0.9428207035816771,
    0.940695079179509,
    0.9429269848017855,
    0.9444149218833032,
    0.9411202040599426,
    0.9429269848017855,
    0.9460091401849293,
    0.9426081411414603,
    0.9448400467637369,
    0.9455840153044957,
    0.9414390477202679,
    0.9438835157827612,
    0.9448400467637369,
    0.9334679562121373
  ]
}