{
  "epoch": [
    1,
    2000,
    4000,
    6000,
    8000,
    10000,
    12000,
    14000,
    16000,
    18000,
    20000,
    22000,
    24000,
    26000,
    28000,
    30000,
    32000,
    34000,
    36000,
    38000,
    40000,
    42000,
    44000,
    46000,
    48000,
    50000,
    52000,
    54000,
    56000,
    58000,
    60000,
    62000,
    64000,
    66000,
    68000,
    70000,
    72000,
    74000,
    76000,
    78000,
    80000,
    82000,
    84000,
    86000,
    88000,
    90000,
    92000,
    94000,
    96000,
    98000,
    100000,
    102000,
    104000,
    106000,
    108000,
    110000,
    112000,
    114000,
    116000,
    118000,
    120000,
    122000,
    124000,
    126000,
    128000,
    130000,
    132000,
    134000,
    136000,
    138000,
    140000,
    142000,
    144000,
    146000,
    148000,
    150000,
    152000,
    154000,
    156000,
    158000,
    160000,
    162000,
    164000,
    166000,
    168000,
    170000,
    172000,
    174000,
    176000,
    178000,
    180000,
    182000,
    184000,
    186000,
    188000,
    190000,
    192000,
    194000,
    196000,
    198000,
    200000
  ],
  "loss": [
    4.575782728195191,
    0.21148397100861557,
    0.010589339129653206,
    0.010316070161603807,
    0.010198562028634046,
    0.010174648081290061,
    0.010162795528800301,
    0.010162597128152488,
    0.010143713978973198,
    0.010138535811973751,
    0.010130793158992846,
    0.010132428892759024,
    0.010124444027213667,
    0.010128295338784938,
    0.010124045649952338,
    0.010124699226077168,
    0.010125375566784903,
    0.010120637974906638,
    0.010122933355660526,
    0.010126765542977369,
    0.010134758623244769,
    0.010136890225020444,
    0.010142477015335681,
    0.010143508623549444,
    0.010135177963612409,
    0.010124211123518592,
    0.010136219188277173,
    0.010139143827244622,
    0.01013612531994467,
    0.010136483226672785,
    0.010138153708107665,
    0.010144268553620023,
    0.010134460833730902,
    0.010131027401869046,
    0.010129805415785259,
    0.01013775324469131,
    0.0101379502053176,
    0.01013467290062272,
    0.010134969604746358,
    0.010142814221902665,
    0.010150282554209654,
    0.010152991894261746,
    0.010157075883505366,
    0.010160100126141129,
    0.01014284094785042,
    0.010152083524376168,
    0.01015531794175009,
    0.010156056208796118,
    0.010176345240890235,
    0.010163285859287732,
    0.010151517081968844,
    0.010151225052933312,
    0.01016190325478377,
    0.010175711221427313,
    0.010171570335329463,
    0.010158896760881558,
    0.010154869123596618,
    0.010160697449488686,
    0.010162128433941923,
    0.010156737600381839,
    0.01015058288323554,
    0.010160722330680648,
    0.010166229814171064,
    0.010167389260528426,
    0.010173024220512073,
    0.010162236152596512,
    0.010164610195740938,
    0.010166544650693651,
    0.010174035906115536,
    0.010160028632396978,
    0.010164127278367512,
    0.010156148492496448,
    0.01015436182377332,
    0.010159926636563905,
    0.010160105946735385,
    0.01015716965503592,
    0.010154673480334133,
    0.010166724032418499,
    0.010164778189061122,
    0.010157271024231324,
    0.010149657011280733,
    0.010152357899231568,
    0.010167853944830175,
    0.010171414742517154,
    0.0101681950730184,
    0.010165808166370863,
    0.010167072250562499,
    0.010170691525889683,
    0.010164569892745338,
    0.01016676040452477,
    0.010168237631784885,
    0.010164367305950144,
    0.010156335528945761,
    0.010157185399505756,
    0.01016285837190422,
    0.010166461813696967,
    0.010163494633980516,
    0.010172675250061767,
    0.01017322062473445,
    0.010168692868636506,
    0.010168429999092411
  ],
  "train_acc": [
    0.0232,
    0.994,
    0.994,
    0.994,
    0.994,
    0.994,
    0.994,
    0.994,
    0.994,
    0.994,
    0.994,
    0.994,
    0.994,
    0.994,
    0.994,
    0.994,
    0.994,
    0.994,
    0.994,
    0.994,
    0.994,
    0.994,
    0.994,
    0.994,
    0.994,
    0.994,
    0.994,
    0.994,
    0.994,
    0.994,
    0.994,
    0.994,
    0.994,
    0.994,
    0.994,
    0.994,
    0.994,
    0.994,
    0.994,
    0.994,
    0.994,
    0.994,
    0.994,
    0.994,
    0.994,
    0.994,
    0.994,
    0.994,
    0.994,
    0.994,
    0.994,
    0.994,
    0.994,
    0.994,
    0.994,
    0.994,
    0.994,
    0.994,
    0.994,
    0.994,
    0.994,
    0.994,
    0.994,
    0.994,
    0.994,
    0.994,
    0.994,
    0.994,
    0.994,
    0.994,
    0.994,
    0.994,
    0.994,
    0.994,
    0.994,
    0.994,
    0.994,
    0.994,
    0.994,
    0.994,
    0.994,
    0.994,
    0.994,
    0.994,
    0.994,
    0.994,
    0.994,
    0.994,
    0.994,
    0.994,
    0.994,
    0.994,
    0.994,
    0.994,
    0.994,
    0.994,
    0.994,
    0.994,
    0.994,
    0.994,
    0.994
  ],
  "test_acc": [
    0.01317887129344245,
    0.39823573174620047,
    0.3990859815070677,
    0.3994048251673929,
    0.39982995004782657,
    0.4002550749282602,
    0.399936231267935,
    0.400467637368477,
    0.40163673078966944,
    0.40312466787118717,
    0.4032309490912956,
    0.4051440110532469,
    0.40599426081411416,
    0.4084387288766075,
    0.40960782229779996,
    0.4127962589010522,
    0.4142841959825699,
    0.416409820384738,
    0.42076735040918267,
    0.4222552874907004,
    0.4258688489743862,
    0.4302263789988309,
    0.43192687852056544,
    0.43192687852056544,
    0.43426506536295034,
    0.43862259538739506,
    0.444361781273249,
    0.44648740567541717,
    0.4503135295993198,
    0.45615899670528215,
    0.46030396428951004,
    0.46529918163460515,
    0.47231374216176003,
    0.478052928047614,
    0.48517376979487725,
    0.4907003932405144,
    0.4955893293655011,
    0.4965458603464768,
    0.4989903284089701,
    0.5030290147730896,
    0.5053672016154745,
    0.5144011053246891,
    0.5168455733871825,
    0.5207779785311936,
    0.5222659156127112,
    0.5239664151344458,
    0.5288553512594325,
    0.5270485705175896,
    0.5303432883409501,
    0.531618662982251,
    0.5338505686045276,
    0.537889254968647,
    0.5467105962376448,
    0.5477734084387289,
    0.5510681262620895,
    0.5553193750664258,
    0.5570198745881603,
    0.5538314379849081,
    0.5572324370283771,
    0.5586140928897864,
    0.5612711233924965,
    0.5670103092783505,
    0.5699861834413859,
    0.5660537782973748,
    0.5703050271017112,
    0.5678605590392177,
    0.5711552768625784,
    0.5725369327239876,
    0.5729620576044213,
    0.5743437134658306,
    0.5762567754277819,
    0.5771070251886492,
    0.5787012434902753,
    0.5755128068870231,
    0.5727494951642045,
    0.5756190881071315,
    0.5784886810500585,
    0.5775321500690828,
    0.574449994685939,
    0.5731746200446382,
    0.5764693378679987,
    0.5757253693272398,
    0.5783823998299501,
    0.5801891805717929,
    0.5814645552130938,
    0.580720586672335,
    0.5797640556913594,
    0.5801891805717929,
    0.5808268678924434,
    0.581251992772877,
    0.5847592730364545,
    0.5835901796152619,
    0.584652991816346,
    0.584121585715804,
    0.5849718354766713,
    0.5895419279413328,
    0.5927303645445849,
    0.5881602720799235,
    0.5879477096397067,
    0.5890105218407907,
    0.5945371452864279
  ]
}