{
  "epoch": [
    1,
    2000,
    4000,
    6000,
    8000,
    10000,
    12000,
    14000,
    16000,
    18000,
    20000,
    22000,
    24000,
    26000,
    28000,
    30000,
    32000,
    34000,
    36000,
    38000,
    40000,
    42000,
    44000,
    46000,
    48000,
    50000,
    52000,
    54000,
    56000,
    58000,
    60000,
    62000,
    64000,
    66000,
    68000,
    70000,
    72000,
    74000,
    76000,
    78000,
    80000,
    82000,
    84000,
    86000,
    88000,
    90000,
    92000,
    94000,
    96000,
    98000,
    100000,
    102000,
    104000,
    106000,
    108000,
    110000,
    112000,
    114000,
    116000,
    118000,
    120000,
    122000,
    124000,
    126000,
    128000,
    130000,
    132000,
    134000,
    136000,
    138000,
    140000,
    142000,
    144000,
    146000,
    148000,
    150000,
    152000,
    154000,
    156000,
    158000,
    160000,
    162000,
    164000,
    166000,
    168000,
    170000,
    172000,
    174000,
    176000,
    178000,
    180000,
    182000,
    184000,
    186000,
    188000,
    190000,
    192000,
    194000,
    196000,
    198000,
    200000
  ],
  "loss": [
    4.575114917755127,
    0.20647560051199138,
    9.806712504854431e-07,
    2.282038087166427e-07,
    2.1633454842273637e-07,
    2.1623014430005583e-07,
    2.1947772028667602e-07,
    2.2568490166321453e-07,
    0.00014205043224405642,
    0.000165215163176768,
    5.771138231015982e-06,
    0.0001750010578702664,
    3.4317857319315693e-06,
    0.00026427607046524104,
    0.0002901291448484642,
    6.0897919977392685e-06,
    0.00016873500527797631,
    0.0002018477841459024,
    4.924874305112325e-06,
    0.00023955052813837697,
    3.3152075324267117e-06,
    0.00023064753979249345,
    0.0002628288556851508,
    3.1770663040809664e-06,
    0.00026854619199303967,
    0.0002657674969580235,
    0.00025215019155664606,
    4.8694696890819955e-06,
    0.00018963492650644654,
    0.00020834332772366935,
    4.639301553916653e-06,
    0.0001941310560010102,
    0.00018654548142268154,
    3.524332011753728e-06,
    0.00020183151669887352,
    0.000236764601119215,
    0.0002869603205552032,
    5.091819956918186e-06,
    0.0002483057429237512,
    0.00032398783773025314,
    4.9499988727319535e-06,
    0.00022554020913699232,
    0.00013479451671882927,
    0.00018483079247699977,
    4.417773879355025e-06,
    0.00021915547469491373,
    0.0002565345011550583,
    4.8482320515120135e-06,
    0.00028073507257636907,
    0.00022765188246527684,
    4.027272524398029e-06,
    0.0002844702345931182,
    0.00016987990437156028,
    0.00023945032691873323,
    4.5752981603293105e-06,
    0.0002574825307717731,
    0.00020814807666303352,
    4.009206407592103e-06,
    0.00018185717742165154,
    0.00025483659508268846,
    2.5297265472907783e-06,
    0.0005114226633714537,
    0.0002480828769416199,
    0.00037713128926285575,
    5.323942384131897e-06,
    0.0004862449025722718,
    0.00041810349197150744,
    5.3675506887024935e-06,
    0.0001499477742324771,
    0.0002404439340007073,
    4.0138696231359465e-06,
    0.00019206100383044458,
    0.0004477389217748943,
    0.000198133761647248,
    4.376722560878932e-06,
    0.0003302993035611614,
    0.00027636459999596,
    4.623711709460565e-06,
    0.0004608258429419003,
    0.00021774275707887866,
    4.032779720356672e-06,
    0.00030256172935263094,
    0.0002720457507215784,
    0.0003132628787768283,
    5.082400631917494e-06,
    0.00024957460865940604,
    0.0001815298464838854,
    3.992651164409011e-06,
    0.00023608343303619677,
    0.0002690944006817972,
    0.00024005303123327123,
    4.826882360015361e-06,
    0.0003372336451202777,
    0.0002466681496100108,
    4.723250228325071e-06,
    0.00021148767006209753,
    0.00031343057301755833,
    4.580146157792342e-06,
    0.0003366113169925093,
    0.0002215268827200923,
    0.00017186431522629418
  ],
  "train_acc": [
    0.0182,
    1.0,
    1.0,
    1.0,
    1.0,
    1.0,
    1.0,
    1.0,
    1.0,
    1.0,
    1.0,
    1.0,
    1.0,
    1.0,
    1.0,
    1.0,
    1.0,
    1.0,
    1.0,
    1.0,
    1.0,
    1.0,
    1.0,
    1.0,
    1.0,
    1.0,
    1.0,
    1.0,
    1.0,
    1.0,
    1.0,
    1.0,
    1.0,
    1.0,
    1.0,
    1.0,
    1.0,
    1.0,
    1.0,
    1.0,
    1.0,
    1.0,
    1.0,
    1.0,
    1.0,
    1.0,
    1.0,
    1.0,
    1.0,
    1.0,
    1.0,
    1.0,
    1.0,
    1.0,
    1.0,
    1.0,
    1.0,
    1.0,
    1.0,
    1.0,
    1.0,
    1.0,
    1.0,
    1.0,
    1.0,
    1.0,
    1.0,
    1.0,
    1.0,
    1.0,
    1.0,
    1.0,
    1.0,
    1.0,
    1.0,
    1.0,
    1.0,
    1.0,
    1.0,
    1.0,
    1.0,
    1.0,
    1.0,
    1.0,
    1.0,
    1.0,
    1.0,
    1.0,
    1.0,
    1.0,
    1.0,
    1.0,
    1.0,
    1.0,
    1.0,
    1.0,
    1.0,
    1.0,
    1.0,
    1.0,
    1.0
  ],
  "test_acc": [
    0.012222340312466787,
    0.4040811988521628,
    0.40440004251248807,
    0.40588797959400574,
    0.40918269741736635,
    0.4160909767244128,
    0.43075778509937296,
    0.4625358699117866,
    0.5012222340312467,
    0.5298118822404081,
    0.5842278669359124,
    0.6119672653842066,
    0.6500159421830163,
    0.6815814645552131,
    0.6956105856095228,
    0.7376979487724519,
    0.7531087256881709,
    0.7416303539164629,
    0.7890317780848124,
    0.8001913061961952,
    0.8084812413646508,
    0.8330322032096928,
    0.83855882665533,
    0.8406844510574981,
    0.8633223509405888,
    0.8686364119460092,
    0.866510787543841,
    0.8797959400573918,
    0.8873419066850887,
    0.8811775959188012,
    0.8956318418535445,
    0.8997768094377724,
    0.8999893718779891,
    0.896056966733978,
    0.9083855882665532,
    0.9106174938888298,
    0.8804336273780423,
    0.9151875863534913,
    0.9181634605165268,
    0.9147624614730577,
    0.9188011478371771,
    0.9209267722393453,
    0.9240089276224891,
    0.9067913699649272,
    0.9241152088425975,
    0.9268785205654161,
    0.9257094271442237,
    0.9283664576469338,
    0.9279413327665001,
    0.9311297693697523,
    0.9264533956849824,
    0.9316611754702944,
    0.9343182059730045,
    0.9246466149431396,
    0.9297481135083431,
    0.933893081092571,
    0.9358061430545223,
    0.9285790200871507,
    0.9329365501115953,
    0.9361249867148475,
    0.925815708364332,
    0.93729408013604,
    0.9380380486767989,
    0.9130619619513232,
    0.9387820172175576,
    0.9388882984376661,
    0.9382506111170156,
    0.9384631735572324,
    0.9402699542990753,
    0.9402699542990753,
    0.9348496120735466,
    0.9395259857583165,
    0.9414390477202679,
    0.9354872993941971,
    0.940163673078967,
    0.9417578913805931,
    0.9380380486767989,
    0.9387820172175576,
    0.9417578913805931,
    0.943564672122436,
    0.9362312679349559,
    0.939632266978425,
    0.943033266021894,
    0.9188011478371771,
    0.9411202040599426,
    0.9421830162610266,
    0.9433521096822192,
    0.9379317674566904,
    0.9414390477202679,
    0.943033266021894,
    0.9148687426931661,
    0.9438835157827612,
    0.9450526092039536,
    0.9354872993941971,
    0.9413327665001594,
    0.9445212031034116,
    0.945902858964821,
    0.9397385481985333,
    0.9437772345626528,
    0.945902858964821,
    0.9436709533425444
  ]
}