{
  "epoch": [
    1,
    2000,
    4000,
    6000,
    8000,
    10000,
    12000,
    14000,
    16000,
    18000,
    20000,
    22000,
    24000,
    26000,
    28000,
    30000,
    32000,
    34000,
    36000,
    38000,
    40000,
    42000,
    44000,
    46000,
    48000,
    50000,
    52000,
    54000,
    56000,
    58000,
    60000,
    62000,
    64000,
    66000,
    68000,
    70000,
    72000,
    74000,
    76000,
    78000,
    80000,
    82000,
    84000,
    86000,
    88000,
    90000,
    92000,
    94000,
    96000,
    98000,
    100000,
    102000,
    104000,
    106000,
    108000,
    110000,
    112000,
    114000,
    116000,
    118000,
    120000,
    122000,
    124000,
    126000,
    128000,
    130000,
    132000,
    134000,
    136000,
    138000,
    140000,
    142000,
    144000,
    146000,
    148000,
    150000,
    152000,
    154000,
    156000,
    158000,
    160000,
    162000,
    164000,
    166000,
    168000,
    170000,
    172000,
    174000,
    176000,
    178000,
    180000,
    182000,
    184000,
    186000,
    188000,
    190000,
    192000,
    194000,
    196000,
    198000,
    200000
  ],
  "loss": [
    4.575698471069336,
    0.2109321207518113,
    0.007379396431313336,
    0.00717691438315075,
    0.007086267417343181,
    0.007066664637670118,
    0.007051298857885704,
    0.007040770366191285,
    0.007046490000963509,
    0.007042252887725868,
    0.007039336399342626,
    0.0070361808686293,
    0.007036414285415759,
    0.00703329778118572,
    0.007040674436564245,
    0.007045232310779531,
    0.007038827038981338,
    0.007040721091140209,
    0.007044443848208568,
    0.007049472392549046,
    0.007039541372491371,
    0.007055502639175273,
    0.007056017948838627,
    0.0070499181205217224,
    0.007051727664683241,
    0.0070471917739533835,
    0.007058303711158285,
    0.007050727206071182,
    0.007056298000225651,
    0.0070568055712665985,
    0.007056116724550722,
    0.00705273259334865,
    0.007051431548816773,
    0.0070528632965692825,
    0.007046138951062307,
    0.007054117870354456,
    0.00705332514160114,
    0.007056163332791604,
    0.007056743156438216,
    0.007054962520154781,
    0.007052815098109995,
    0.007044967839019107,
    0.007047295075499114,
    0.007053101819335804,
    0.007054409414572747,
    0.007052666714333658,
    0.007062202565444582,
    0.007058955389817151,
    0.00706005753119144,
    0.007060595960533898,
    0.0070647850517897015,
    0.007059543757416384,
    0.007052502405534108,
    0.007056389420848402,
    0.007052626130808856,
    0.007049251387572085,
    0.007053971364883424,
    0.007054410765121277,
    0.0070613793539491924,
    0.007064683582069441,
    0.0070552937108461465,
    0.007048707271494878,
    0.007051272248857255,
    0.007055867706570695,
    0.0070548958414230695,
    0.007053933691840139,
    0.007056878884432139,
    0.007046720997202652,
    0.007054046910126499,
    0.007051254079713452,
    0.007051312261489494,
    0.007047461145815685,
    0.007049714139959575,
    0.0070560431039373315,
    0.007062409609103351,
    0.007057969380209372,
    0.0070522954576671395,
    0.0070587691145939605,
    0.007061967110879348,
    0.007058853121777736,
    0.007058957760764203,
    0.007059180412476857,
    0.007063134587185736,
    0.007060189985288046,
    0.00705529361988513,
    0.0070511395388205035,
    0.007053037132175983,
    0.0070556292021034086,
    0.007054540014442844,
    0.00704596073626374,
    0.007047507619226547,
    0.007047563164697577,
    0.007048366615373671,
    0.007052451356276129,
    0.007049946712324967,
    0.00705296234628872,
    0.0070494666735749206,
    0.007054457054939137,
    0.007051156307927865,
    0.007052178028178101,
    0.007058170056613935
  ],
  "train_acc": [
    0.0158,
    0.996,
    0.996,
    0.996,
    0.996,
    0.996,
    0.996,
    0.996,
    0.996,
    0.996,
    0.996,
    0.996,
    0.996,
    0.996,
    0.996,
    0.996,
    0.996,
    0.996,
    0.996,
    0.996,
    0.996,
    0.996,
    0.996,
    0.996,
    0.996,
    0.996,
    0.996,
    0.996,
    0.996,
    0.996,
    0.996,
    0.996,
    0.996,
    0.996,
    0.996,
    0.996,
    0.996,
    0.996,
    0.996,
    0.996,
    0.996,
    0.996,
    0.996,
    0.996,
    0.996,
    0.996,
    0.996,
    0.996,
    0.996,
    0.996,
    0.996,
    0.996,
    0.996,
    0.996,
    0.996,
    0.996,
    0.996,
    0.996,
    0.996,
    0.996,
    0.996,
    0.996,
    0.996,
    0.996,
    0.996,
    0.996,
    0.996,
    0.996,
    0.996,
    0.996,
    0.996,
    0.996,
    0.996,
    0.996,
    0.996,
    0.996,
    0.996,
    0.996,
    0.996,
    0.996,
    0.996,
    0.996,
    0.996,
    0.996,
    0.996,
    0.996,
    0.996,
    0.996,
    0.996,
    0.996,
    0.996,
    0.996,
    0.996,
    0.996,
    0.996,
    0.996,
    0.996,
    0.996,
    0.996,
    0.996,
    0.996
  ],
  "test_acc": [
    0.011053246891274312,
    0.3990859815070677,
    0.400467637368477,
    0.40089276224891063,
    0.4032309490912956,
    0.40301838665107875,
    0.4040811988521628,
    0.40620682325433094,
    0.4089701349771495,
    0.4132213837814858,
    0.415878414284196,
    0.4208736316292911,
    0.4283133170368796,
    0.4362844085450101,
    0.44425550005314063,
    0.4518014666808375,
    0.463173557232437,
    0.47114464874056755,
    0.4813476458709746,
    0.48878733127856305,
    0.4951642044850675,
    0.5038792645339568,
    0.5154639175257731,
    0.5208842597513019,
    0.534488255925178,
    0.5453289403762355,
    0.5529811882240409,
    0.5604208736316293,
    0.5661600595174833,
    0.5771070251886492,
    0.5821022425337443,
    0.5874163035391646,
    0.5931554894250186,
    0.594324582846211,
    0.5986821128706558,
    0.6048464236369433,
    0.608141141460304,
    0.6112232968434478,
    0.612604952704857,
    0.6141991710064831,
    0.6186629822510362,
    0.6216388564140717,
    0.6225953873950473,
    0.6242958869167818,
    0.6287596981613349,
    0.6272717610798172,
    0.6286534169412265,
    0.6252524178977574,
    0.6263152300988415,
    0.6309916037836114,
    0.6344988840471889,
    0.6352428525879477,
    0.640025507492826,
    0.6405569135933681,
    0.6404506323732596,
    0.6405569135933681,
    0.6436390689765118,
    0.6416197257944521,
    0.6403443511531512,
    0.632692103305346,
    0.6314167286640451,
    0.6419385694547773,
    0.6377936018705495,
    0.6382187267509831,
    0.6403443511531512,
    0.6377936018705495,
    0.6377936018705495,
    0.6454458497183547,
    0.6440641938569455,
    0.6397066638325007,
    0.6470400680199808,
    0.6477840365607397,
    0.6482091614411734,
    0.644701881177596,
    0.6449144436178127,
    0.6503347858433415,
    0.655436284408545,
    0.6525666914656181,
    0.6524604102455096,
    0.6528855351259433,
    0.6526729726857264,
    0.6581995961313636,
    0.6568179402699543,
    0.6535232224465937,
    0.6535232224465937,
    0.6550111595281114,
    0.6524604102455096,
    0.6513975980444255,
    0.6546923158677862,
    0.6562865341694123,
    0.6549048783080029,
    0.6564990966096291,
    0.6589435646721225,
    0.6592624083324476,
    0.6634073759166755,
    0.6633010946965671,
    0.6616005951748326,
    0.6573493463704964,
    0.6572430651503879,
    0.6613880327346158,
    0.6599000956530982
  ]
}