{
  "epoch": [
    1,
    2000,
    4000,
    6000,
    8000,
    10000,
    12000,
    14000,
    16000,
    18000,
    20000,
    22000,
    24000,
    26000,
    28000,
    30000,
    32000,
    34000,
    36000,
    38000,
    40000,
    42000,
    44000,
    46000,
    48000,
    50000,
    52000,
    54000,
    56000,
    58000,
    60000,
    62000,
    64000,
    66000,
    68000,
    70000,
    72000,
    74000,
    76000,
    78000,
    80000,
    82000,
    84000,
    86000,
    88000,
    90000,
    92000,
    94000,
    96000,
    98000,
    100000,
    102000,
    104000,
    106000,
    108000,
    110000,
    112000,
    114000,
    116000,
    118000,
    120000,
    122000,
    124000,
    126000,
    128000,
    130000,
    132000,
    134000,
    136000,
    138000,
    140000,
    142000,
    144000,
    146000,
    148000,
    150000,
    152000,
    154000,
    156000,
    158000,
    160000,
    162000,
    164000,
    166000,
    168000,
    170000,
    172000,
    174000,
    176000,
    178000,
    180000,
    182000,
    184000,
    186000,
    188000,
    190000,
    192000,
    194000,
    196000,
    198000,
    200000
  ],
  "loss": [
    4.575326681137085,
    0.22085914921360175,
    0.01200536194125375,
    0.01168954607986031,
    0.011549048016703456,
    0.011516038011563555,
    0.011498890970820958,
    0.011497065682778364,
    0.011483958356823525,
    0.011475773867871358,
    0.011461369305411029,
    0.011455361690375726,
    0.011447717810014593,
    0.01145194604922572,
    0.011442269882607776,
    0.011443969807423513,
    0.011448650681156018,
    0.011445970965816139,
    0.011434385416005149,
    0.011435037933325043,
    0.011437096486517112,
    0.011438355271779267,
    0.011446225200229674,
    0.011433919334453741,
    0.01144057888405039,
    0.011461183081700051,
    0.011464782854650203,
    0.01146551512244037,
    0.011459745864990595,
    0.011464531166029064,
    0.011466553510671008,
    0.011469541430037436,
    0.011469226186097041,
    0.011471423060889519,
    0.01146526655432442,
    0.011481038608833163,
    0.011478148626181987,
    0.01148777489801645,
    0.011494962421692278,
    0.011500824858085415,
    0.011492708175670092,
    0.011486560883287537,
    0.011486953594454062,
    0.011483316991341122,
    0.011483369715633988,
    0.011482845784199102,
    0.01148883355863492,
    0.011495941212932797,
    0.011491690973253518,
    0.011491777162866111,
    0.011495658555259131,
    0.011500043891138316,
    0.011493265487952863,
    0.011496677524834114,
    0.01149327290978686,
    0.011492943388706345,
    0.011497757276493962,
    0.011490675406810737,
    0.011492920937009779,
    0.01150143862779788,
    0.011488512799370297,
    0.01150119567015945,
    0.011502046182208714,
    0.011504039696347527,
    0.011513752516777416,
    0.0115036531453447,
    0.011500771917847262,
    0.011493778719228796,
    0.011490636724041126,
    0.011496590771696742,
    0.011501471465425598,
    0.011494668445329845,
    0.01150119437681955,
    0.011497918185214902,
    0.011494573206598626,
    0.011498831430497321,
    0.011501547745137942,
    0.01150588694388685,
    0.011498152599960955,
    0.01149642414686914,
    0.011495906466631475,
    0.011493535244880379,
    0.011500646033732333,
    0.01149806741308108,
    0.01149831930208855,
    0.011490062642824126,
    0.01151049493989244,
    0.011494593440432332,
    0.011491748784366453,
    0.011493552276692116,
    0.011498569833524375,
    0.011490545760444327,
    0.011487375953538373,
    0.011493902783575363,
    0.011485514324508707,
    0.011480472557298024,
    0.011475662817266778,
    0.011481588140751644,
    0.011484640213922592,
    0.011471922519380905,
    0.011485097812957179
  ],
  "train_acc": [
    0.0176,
    0.993,
    0.993,
    0.993,
    0.993,
    0.993,
    0.993,
    0.993,
    0.993,
    0.993,
    0.993,
    0.993,
    0.993,
    0.993,
    0.993,
    0.993,
    0.993,
    0.993,
    0.993,
    0.993,
    0.993,
    0.993,
    0.993,
    0.993,
    0.993,
    0.993,
    0.993,
    0.993,
    0.993,
    0.993,
    0.993,
    0.993,
    0.993,
    0.993,
    0.993,
    0.993,
    0.993,
    0.993,
    0.993,
    0.993,
    0.993,
    0.993,
    0.993,
    0.993,
    0.993,
    0.993,
    0.993,
    0.993,
    0.993,
    0.993,
    0.993,
    0.993,
    0.993,
    0.993,
    0.993,
    0.993,
    0.993,
    0.993,
    0.993,
    0.993,
    0.993,
    0.993,
    0.993,
    0.993,
    0.993,
    0.993,
    0.993,
    0.993,
    0.993,
    0.993,
    0.993,
    0.993,
    0.993,
    0.993,
    0.993,
    0.993,
    0.993,
    0.993,
    0.993,
    0.993,
    0.993,
    0.993,
    0.993,
    0.993,
    0.993,
    0.993,
    0.993,
    0.993,
    0.993,
    0.993,
    0.993,
    0.993,
    0.993,
    0.993,
    0.993,
    0.993,
    0.993,
    0.993,
    0.993,
    0.993,
    0.993
  ],
  "test_acc": [
    0.011053246891274312,
    0.40291210543097034,
    0.4032309490912956,
    0.4039749176320544,
    0.4040811988521628,
    0.4039749176320544,
    0.40429376129237965,
    0.4053565734934637,
    0.40588797959400574,
    0.4068445105749814,
    0.40673822935487297,
    0.407269635455415,
    0.40875757253693273,
    0.41045807205866724,
    0.4116271654798597,
    0.4127962589010522,
    0.41407163354235305,
    0.4151344457434371,
    0.41672866404506326,
    0.41832288234668935,
    0.42119247528961634,
    0.4238495057923265,
    0.42618769263471146,
    0.4300138165586141,
    0.4347964714634924,
    0.43724093952598575,
    0.44064193856945477,
    0.4415984695504304,
    0.44648740567541717,
    0.4502072483792114,
    0.45413965352322244,
    0.45754065256669146,
    0.46051652672972687,
    0.465511744074822,
    0.4716760548411096,
    0.47412052290360296,
    0.47900945902858966,
    0.4803911148899989,
    0.48379211393346794,
    0.48262302051227546,
    0.4828355829524923,
    0.4857051758954193,
    0.488255925178021,
    0.4931448613030078,
    0.4980337974279945,
    0.4972898288872356,
    0.5017536401317887,
    0.5043043894143905,
    0.5063237325964502,
    0.5078116696779679,
    0.509937294080136,
    0.5105749814007865,
    0.5114252311616537,
    0.5164204485067488,
    0.516739292167074,
    0.5207779785311936,
    0.5201402912105431,
    0.5223721968328197,
    0.5229036029333617,
    0.5266234456371559,
    0.5306621320012753,
    0.5286427888192157,
    0.5337442873844191,
    0.5331066000637688,
    0.5343819747050697,
    0.5309809756616006,
    0.5328940376235519,
    0.5332128812838771,
    0.5359761930066957,
    0.5421405037729833,
    0.53969603571049,
    0.5395897544903816,
    0.5391646296099479,
    0.5429907535338506,
    0.5438410032947179,
    0.5439472845148262,
    0.5497927516207886,
    0.5501115952811139,
    0.5513869699224148,
    0.5515995323626315,
    0.5489425018599213,
    0.5512806887023063,
    0.5520246572430652,
    0.5530874694441492,
    0.5530874694441492,
    0.5563821872675099,
    0.5601020299713041,
    0.5565947497077266,
    0.5601020299713041,
    0.5627590604740142,
    0.5631841853544479,
    0.56371559145499,
    0.5667977468381337,
    0.564246997555532,
    0.5639281538952067,
    0.5648846848761824,
    0.5645658412158572,
    0.5720055266234456,
    0.5678605590392177,
    0.5701987458816027,
    0.5675417153788925
  ]
}