{
  "epoch": [
    1,
    2000,
    4000,
    6000,
    8000,
    10000,
    12000,
    14000,
    16000,
    18000,
    20000,
    22000,
    24000,
    26000,
    28000,
    30000,
    32000,
    34000,
    36000,
    38000,
    40000,
    42000,
    44000,
    46000,
    48000,
    50000,
    52000,
    54000,
    56000,
    58000,
    60000,
    62000,
    64000,
    66000,
    68000,
    70000,
    72000,
    74000,
    76000,
    78000,
    80000,
    82000,
    84000,
    86000,
    88000,
    90000,
    92000,
    94000,
    96000,
    98000,
    100000,
    102000,
    104000,
    106000,
    108000,
    110000,
    112000,
    114000,
    116000,
    118000,
    120000,
    122000,
    124000,
    126000,
    128000,
    130000,
    132000,
    134000,
    136000,
    138000,
    140000,
    142000,
    144000,
    146000,
    148000,
    150000,
    152000,
    154000,
    156000,
    158000,
    160000,
    162000,
    164000,
    166000,
    168000,
    170000,
    172000,
    174000,
    176000,
    178000,
    180000,
    182000,
    184000,
    186000,
    188000,
    190000,
    192000,
    194000,
    196000,
    198000,
    200000
  ],
  "loss": [
    4.575830507278442,
    0.2129487244438706,
    0.00964081302051896,
    0.009385856218688184,
    0.009262248027038464,
    0.009232129623143336,
    0.00921265932423058,
    0.009209556728936072,
    0.009198575334344605,
    0.009195781494806942,
    0.00918592111436933,
    0.00917653751693132,
    0.009173714339696812,
    0.009178769877546553,
    0.009175928151208622,
    0.00917946833278768,
    0.00919169604091298,
    0.00917757563017243,
    0.009176497980144511,
    0.009187288527732866,
    0.009183834182951914,
    0.009183714771176252,
    0.00917649939999528,
    0.00918062178729833,
    0.009183886896155341,
    0.009177513510145672,
    0.009181262329537582,
    0.00918436212525967,
    0.009182294452737466,
    0.009191560061891953,
    0.009193010212676232,
    0.009188129361585584,
    0.009188463901521634,
    0.00919880963213639,
    0.009189575322712366,
    0.00918861566936526,
    0.009191602057997678,
    0.00919368216053248,
    0.009188645232701204,
    0.009187595740093675,
    0.009197844321324615,
    0.009208515539074334,
    0.009199421753232693,
    0.00919711308398529,
    0.009197254014998001,
    0.009191529504336384,
    0.009196920422968427,
    0.009196282185797973,
    0.009206005366958639,
    0.009197144103957975,
    0.009202981807626793,
    0.009202342971536404,
    0.009201759016817542,
    0.009213720625193149,
    0.009206239207417718,
    0.009206303341177268,
    0.009204133346934597,
    0.009204782216278334,
    0.009201686742614781,
    0.009198468374237614,
    0.009203560736149035,
    0.009201176007422734,
    0.009206915203327783,
    0.009211784982719129,
    0.009212934998123165,
    0.009212685973674188,
    0.009210423629825824,
    0.009205655777159564,
    0.009202987971296893,
    0.009207529519802426,
    0.009208569138225885,
    0.00921506043614092,
    0.009209605245665619,
    0.009203454118347795,
    0.009211049226278674,
    0.009202718191181028,
    0.00920589221133274,
    0.009206630613763114,
    0.009211187996080462,
    0.00921484893143887,
    0.009209734967249151,
    0.009207736019502267,
    0.009212627890992255,
    0.009208459380990765,
    0.009207945384349466,
    0.009210421258362248,
    0.009207931064741548,
    0.009215995373629838,
    0.009218356881138937,
    0.009216019745032035,
    0.00921236078609983,
    0.009202428070219487,
    0.009210050419724926,
    0.009208482892025598,
    0.009210691698416889,
    0.009213004036730272,
    0.009208147096131759,
    0.009198855226364657,
    0.009201997151787865,
    0.009214244041479188,
    0.009207330269791978
  ],
  "train_acc": [
    0.0152,
    0.9946,
    0.9946,
    0.9946,
    0.9946,
    0.9946,
    0.9946,
    0.9946,
    0.9946,
    0.9946,
    0.9946,
    0.9946,
    0.9946,
    0.9946,
    0.9946,
    0.9946,
    0.9946,
    0.9946,
    0.9946,
    0.9946,
    0.9946,
    0.9946,
    0.9946,
    0.9946,
    0.9946,
    0.9946,
    0.9946,
    0.9946,
    0.9946,
    0.9946,
    0.9946,
    0.9946,
    0.9946,
    0.9946,
    0.9946,
    0.9946,
    0.9946,
    0.9946,
    0.9946,
    0.9946,
    0.9946,
    0.9946,
    0.9946,
    0.9946,
    0.9946,
    0.9946,
    0.9946,
    0.9946,
    0.9946,
    0.9946,
    0.9946,
    0.9946,
    0.9946,
    0.9946,
    0.9946,
    0.9946,
    0.9946,
    0.9946,
    0.9946,
    0.9946,
    0.9946,
    0.9946,
    0.9946,
    0.9946,
    0.9946,
    0.9946,
    0.9946,
    0.9946,
    0.9946,
    0.9946,
    0.9946,
    0.9946,
    0.9946,
    0.9946,
    0.9946,
    0.9946,
    0.9946,
    0.9946,
    0.9946,
    0.9946,
    0.9946,
    0.9946,
    0.9946,
    0.9946,
    0.9946,
    0.9946,
    0.9946,
    0.9946,
    0.9946,
    0.9946,
    0.9946,
    0.9946,
    0.9946,
    0.9946,
    0.9946,
    0.9946,
    0.9946,
    0.9946,
    0.9946,
    0.9946,
    0.9946
  ],
  "test_acc": [
    0.01115952811138272,
    0.3994048251673929,
    0.4003613561483686,
    0.399936231267935,
    0.4003613561483686,
    0.400467637368477,
    0.4006801998086938,
    0.4015304495695611,
    0.40259326177064514,
    0.40344351153151237,
    0.40461260495270485,
    0.4073759166755234,
    0.4085450100967159,
    0.410670634498884,
    0.41258369646083537,
    0.4151344457434371,
    0.41874800722712296,
    0.4201296630885323,
    0.4222552874907004,
    0.4237432245722181,
    0.42735678605590394,
    0.43192687852056544,
    0.43564672122435966,
    0.4387288766075035,
    0.4427675629716229,
    0.44669996811563395,
    0.45116377936018703,
    0.4576469337867999,
    0.4640238069933043,
    0.46668083749601447,
    0.4726325858220852,
    0.47433308534381974,
    0.4797534275693485,
    0.4830481453927091,
    0.4894250185992135,
    0.49176320544159846,
    0.4937825486236582,
    0.4986714847486449,
    0.5039855457540653,
    0.509405887979594,
    0.5127006058029546,
    0.5150387926453396,
    0.5187586353491338,
    0.5227973217132532,
    0.5283239451588905,
    0.5306621320012753,
    0.5353385056860452,
    0.5418216601126581,
    0.5418216601126581,
    0.5458603464767775,
    0.554575406525667,
    0.556169624827293,
    0.5578701243490275,
    0.5628653416941226,
    0.5601020299713041,
    0.5631841853544479,
    0.5660537782973748,
    0.5690296524604103,
    0.5720055266234456,
    0.5738123073652885,
    0.5741311510256137,
    0.5768944627484324,
    0.5756190881071315,
    0.5750876820065894,
    0.5727494951642045,
    0.5737060261451802,
    0.5797640556913594,
    0.5777447125092996,
    0.5797640556913594,
    0.5815708364332023,
    0.5861409288978637,
    0.5877351471994898,
    0.5868848974386226,
    0.5936868955255606,
    0.5918801147837177,
    0.5900733340418748,
    0.5847592730364545,
    0.5903921777022,
    0.5918801147837177,
    0.5969816133489212,
    0.5986821128706558,
    0.6015517058135827,
    0.6016579870336911,
    0.6001700499521735,
    0.6051652672972686,
    0.6070783292592199,
    0.6035710489956425,
    0.6096290785418217,
    0.6113295780635561,
    0.601870549473908,
    0.6072908916994367,
    0.6103730470825806,
    0.6068657668190031,
    0.6106918907429058,
    0.6100542034222552,
    0.605802954617919,
    0.6072908916994367,
    0.6157933893081092,
    0.6210011690934212,
    0.6167499202890849,
    0.6137740461260496
  ]
}