{
  "epoch": [
    1,
    2000,
    4000,
    6000,
    8000,
    10000,
    12000,
    14000,
    16000,
    18000,
    20000,
    22000,
    24000,
    26000,
    28000,
    30000,
    32000,
    34000,
    36000,
    38000,
    40000,
    42000,
    44000,
    46000,
    48000,
    50000,
    52000,
    54000,
    56000,
    58000,
    60000,
    62000,
    64000,
    66000,
    68000,
    70000,
    72000,
    74000,
    76000,
    78000,
    80000,
    82000,
    84000,
    86000,
    88000,
    90000,
    92000,
    94000,
    96000,
    98000,
    100000,
    102000,
    104000,
    106000,
    108000,
    110000,
    112000,
    114000,
    116000,
    118000,
    120000,
    122000,
    124000,
    126000,
    128000,
    130000,
    132000,
    134000,
    136000,
    138000,
    140000,
    142000,
    144000,
    146000,
    148000,
    150000,
    152000,
    154000,
    156000,
    158000,
    160000,
    162000,
    164000,
    166000,
    168000,
    170000,
    172000,
    174000,
    176000,
    178000,
    180000,
    182000,
    184000,
    186000,
    188000,
    190000,
    192000,
    194000,
    196000,
    198000,
    200000
  ],
  "loss": [
    4.575787448883057,
    0.2017681342046601,
    9.286520839559387e-07,
    2.2580229893591764e-07,
    2.1542452362623976e-07,
    2.1488742421738038e-07,
    2.1456842198972482e-07,
    2.1987906373510667e-07,
    0.00012493082149998998,
    5.092249932815207e-07,
    0.00036937174393639796,
    1.5751925413148626e-06,
    0.00019832525701782657,
    0.00021831822762970602,
    4.719123910508927e-06,
    0.0003256347291700152,
    0.00031956911327378566,
    5.5917987936538795e-06,
    0.0002328204563107839,
    0.00022224146765220353,
    5.032528111581058e-06,
    0.00017076875191695393,
    0.00023971376639390414,
    4.912117282247408e-06,
    0.00018590808740658673,
    0.00017353543482742352,
    2.9260021767733236e-06,
    0.0001893635590532959,
    0.00018165123631488315,
    0.0002481893934415041,
    5.208678266158983e-06,
    0.00021319427556769596,
    0.0002056969717371544,
    4.068916537112699e-06,
    0.00013710448847023074,
    0.000157742989551339,
    0.00010531649359232133,
    3.6442230023610025e-06,
    0.00022081578904639088,
    0.0003904076371738128,
    5.158632579878741e-06,
    0.00015825781469233107,
    0.0001504059507826703,
    2.3111990320259678e-06,
    0.0002541825219345796,
    0.00022298526059331535,
    0.00029577347663718923,
    4.943593324223627e-06,
    0.0002851857610662627,
    0.0003045373465365039,
    4.580749921331062e-06,
    0.00019001665591175155,
    0.00020590603029598,
    0.00021222685158297665,
    4.770257545203549e-06,
    0.00030482046614074533,
    0.0003904444343907215,
    5.21734163721419e-06,
    0.00023877945129533487,
    0.00023038256929489194,
    4.401626199129538e-06,
    0.0003228644293999821,
    0.00016238980263087158,
    3.1468825683504063e-06,
    0.00026298937224103795,
    0.0002822393420263658,
    0.00025550646845065475,
    4.9171245120838595e-06,
    0.00022178733591240345,
    0.000214341847585726,
    4.126353688869955e-06,
    0.0003128532308912078,
    0.0001998072177112718,
    2.7696883526132866e-06,
    0.0003021201006296245,
    0.00032453335209113024,
    0.00024707810939228453,
    4.757474395782424e-06,
    0.0002797429207896556,
    0.000310015578926194,
    4.683435730355256e-06,
    0.00034649613190763587,
    0.00024901882813029415,
    0.0001912004126989018,
    4.481241331134811e-06,
    0.000327430494911642,
    0.00028659272336871097,
    4.700952203184272e-06,
    0.00020805920051872561,
    0.0002051332205950196,
    3.861145159574875e-06,
    0.0003349657260605717,
    0.00033462390347989624,
    3.1615120664000076e-06,
    0.0003218828015870777,
    0.00024462953757148397,
    0.0002323672186582989,
    4.243875630932337e-06,
    0.0002309562318425563,
    0.0003165952831214362,
    4.531256943932505e-06
  ],
  "train_acc": [
    0.016,
    1.0,
    1.0,
    1.0,
    1.0,
    1.0,
    1.0,
    1.0,
    1.0,
    1.0,
    1.0,
    1.0,
    1.0,
    1.0,
    1.0,
    1.0,
    1.0,
    1.0,
    1.0,
    1.0,
    1.0,
    1.0,
    1.0,
    1.0,
    1.0,
    1.0,
    1.0,
    1.0,
    1.0,
    1.0,
    1.0,
    1.0,
    1.0,
    1.0,
    1.0,
    1.0,
    1.0,
    1.0,
    1.0,
    1.0,
    1.0,
    1.0,
    1.0,
    1.0,
    1.0,
    1.0,
    1.0,
    1.0,
    1.0,
    1.0,
    1.0,
    1.0,
    1.0,
    1.0,
    1.0,
    1.0,
    1.0,
    1.0,
    1.0,
    1.0,
    1.0,
    1.0,
    1.0,
    1.0,
    1.0,
    1.0,
    1.0,
    1.0,
    1.0,
    1.0,
    1.0,
    1.0,
    1.0,
    1.0,
    1.0,
    1.0,
    1.0,
    1.0,
    1.0,
    1.0,
    1.0,
    1.0,
    1.0,
    1.0,
    1.0,
    1.0,
    1.0,
    1.0,
    1.0,
    1.0,
    1.0,
    1.0,
    1.0,
    1.0,
    1.0,
    1.0,
    1.0,
    1.0,
    1.0,
    1.0,
    1.0
  ],
  "test_acc": [
    0.011265809331491126,
    0.40004251248804334,
    0.4005739185885854,
    0.40174301200977786,
    0.4040811988521628,
    0.41045807205866724,
    0.42767562971622913,
    0.45265171644170477,
    0.4915506430013817,
    0.543097034753959,
    0.5814645552130938,
    0.6370496333297906,
    0.6808374960144542,
    0.7039005207779785,
    0.7376979487724519,
    0.7606546923158678,
    0.7679880965033479,
    0.8016792432777128,
    0.8124136465086619,
    0.8147518333510468,
    0.8290997980656818,
    0.8370708895738123,
    0.8395153576363057,
    0.8517376979487724,
    0.8608778828780954,
    0.8616218514188543,
    0.8559889467531088,
    0.8754384100329472,
    0.8791582527367414,
    0.8099691784461686,
    0.8851100010628122,
    0.8902114996280157,
    0.8907429057285577,
    0.8833032203209693,
    0.8906366245084494,
    0.892124561589967,
    0.8854288447231374,
    0.8956318418535445,
    0.8977574662557126,
    0.8886172813263896,
    0.9010521840790733,
    0.9006270591986396,
    0.9008396216388564,
    0.8936124986714847,
    0.901796152619832,
    0.9053034328834095,
    0.8928685301307259,
    0.9050908704431927,
    0.9073227760654692,
    0.9076416197257945,
    0.9032840897013498,
    0.9092358380274206,
    0.9094484004676374,
    0.8690615368264427,
    0.9073227760654692,
    0.9102986502285046,
    0.8861728132638963,
    0.9108300563290467,
    0.9126368370708896,
    0.9129556807312148,
    0.9083855882665532,
    0.9121054309703476,
    0.9151875863534913,
    0.9068976511850356,
    0.9134870868317568,
    0.9149750239132746,
    0.9053034328834095,
    0.9134870868317568,
    0.9160378361143586,
    0.9169943670953342,
    0.9115740248698055,
    0.9144436178127325,
    0.9163566797746838,
    0.9085981507067701,
    0.9167818046551175,
    0.9182697417366351,
    0.9145498990328409,
    0.916144117334467,
    0.9192262727176108,
    0.9197576788181528,
    0.9168880858752259,
    0.919545116377936,
    0.9226272717610798,
    0.8936124986714847,
    0.919013710277394,
    0.9217770220002126,
    0.9159315548942502,
    0.9182697417366351,
    0.9217770220002126,
    0.9220958656605378,
    0.916675523435009,
    0.9226272717610798,
    0.9253905834838984,
    0.9168880858752259,
    0.9227335529811882,
    0.926347114464874,
    0.9207142097991285,
    0.9225209905409714,
    0.9250717398235732,
    0.9278350515463918,
    0.9203953661388032
  ]
}