{
  "epoch": [
    1,
    2000,
    4000,
    6000,
    8000,
    10000,
    12000,
    14000,
    16000,
    18000,
    20000,
    22000,
    24000,
    26000,
    28000,
    30000,
    32000,
    34000,
    36000,
    38000,
    40000,
    42000,
    44000,
    46000,
    48000,
    50000,
    52000,
    54000,
    56000,
    58000,
    60000,
    62000,
    64000,
    66000,
    68000,
    70000,
    72000,
    74000,
    76000,
    78000,
    80000,
    82000,
    84000,
    86000,
    88000,
    90000,
    92000,
    94000,
    96000,
    98000,
    100000,
    102000,
    104000,
    106000,
    108000,
    110000,
    112000,
    114000,
    116000,
    118000,
    120000,
    122000,
    124000,
    126000,
    128000,
    130000,
    132000,
    134000,
    136000,
    138000
  ],
  "loss": [
    4.576228952407837,
    0.1988962059993162,
    8.448935999297192e-07,
    2.1671240503664535e-07,
    2.0765390436139342e-07,
    2.0729875420997247e-07,
    2.0883377939782122e-07,
    2.100572779042409e-07,
    0.00023608851112219044,
    3.2670807107038515e-06,
    0.00011926321934104465,
    0.00010972171119778551,
    4.443342620604085e-06,
    8.325322003256516e-05,
    8.81301709782889e-07,
    0.0002055794161058678,
    0.0001978979560774363,
    5.151857329200027e-06,
    0.0004011745959709856,
    5.237418079935452e-06,
    0.0002860563991149441,
    0.00014062228929747036,
    3.71691739667952e-06,
    0.000196627983205952,
    0.00029321414591657415,
    5.117646973223344e-06,
    0.0004634615019243455,
    2.6352261547266666e-06,
    0.0002873604899611323,
    0.0002686521952695031,
    3.2106684713831157e-06,
    0.0005671698788874707,
    0.0003248855440626933,
    4.528952279839871e-06,
    0.00028490839786241435,
    0.00018874042096820462,
    3.630341201869669e-06,
    0.00021791964386772307,
    0.0001866757590109991,
    0.00020495670878791828,
    4.382901603878509e-06,
    0.0002761610711738882,
    2.8295557981657283e-06,
    0.000327956723610442,
    0.0003495518927546378,
    0.00011849131864479858,
    3.506514317055576e-06,
    0.00024659216822700076,
    0.00019359260474847986,
    3.980775439803353e-06,
    0.00039034418515295074,
    0.00023319778404628052,
    3.8089386638525012e-06,
    0.0002790738934500098,
    0.0001598169754670401,
    2.5818627325612907e-06,
    0.00031514029550244163,
    0.0004184652430090232,
    0.00022268630692744723,
    4.705117710973638e-06,
    0.00021960153318520596,
    0.000308895483518328,
    4.743754213754414e-06,
    0.0005454300246844958,
    0.0004221114519280654,
    5.662374227725308e-06,
    0.00015132653801757528,
    0.00018439704599311534,
    3.895536274075085e-06,
    0.0002571632019136089
  ],
  "train_acc": [
    0.0212,
    1.0,
    1.0,
    1.0,
    1.0,
    1.0,
    1.0,
    1.0,
    1.0,
    1.0,
    1.0,
    1.0,
    1.0,
    1.0,
    1.0,
    1.0,
    1.0,
    1.0,
    1.0,
    1.0,
    1.0,
    1.0,
    1.0,
    1.0,
    1.0,
    1.0,
    1.0,
    1.0,
    1.0,
    1.0,
    1.0,
    1.0,
    1.0,
    1.0,
    1.0,
    1.0,
    1.0,
    1.0,
    1.0,
    1.0,
    1.0,
    1.0,
    1.0,
    1.0,
    1.0,
    1.0,
    1.0,
    1.0,
    1.0,
    1.0,
    1.0,
    1.0,
    1.0,
    1.0,
    1.0,
    1.0,
    1.0,
    1.0,
    1.0,
    1.0,
    1.0,
    1.0,
    1.0,
    1.0,
    1.0,
    1.0,
    1.0,
    1.0,
    1.0,
    1.0
  ],
  "test_acc": [
    0.012328621532575194,
    0.400467637368477,
    0.40163673078966944,
    0.40429376129237965,
    0.41045807205866724,
    0.42278669359124244,
    0.44808162397704326,
    0.48719311297693696,
    0.5210968221915188,
    0.5771070251886492,
    0.611010734403231,
    0.6383250079710915,
    0.6814751833351047,
    0.6992241470932087,
    0.7135721118078435,
    0.7390796046338612,
    0.7413115102561377,
    0.779785311935381,
    0.7853119353810182,
    0.8001913061961952,
    0.8212349877776597,
    0.8298437666064407,
    0.8355829524922946,
    0.85056860452758,
    0.8491869486661707,
    0.8676798809650335,
    0.8761823785737061,
    0.8763949410139228,
    0.8912743118290998,
    0.8986077160165798,
    0.8982888723562547,
    0.9106174938888298,
    0.9148687426931661,
    0.912743118290998,
    0.9205016473589117,
    0.9225209905409714,
    0.920076522478478,
    0.9302795196088851,
    0.9333616749920289,
    0.9139122117121905,
    0.9363375491550643,
    0.9403762355191838,
    0.9371877989159315,
    0.9443086406631949,
    0.9453714528642789,
    0.9399511106387501,
    0.943033266021894,
    0.9483473270273143,
    0.9448400467637369,
    0.9434583909023275,
    0.947497077266447,
    0.949835264108832,
    0.9460091401849293,
    0.9502603889892656,
    0.949835264108832,
    0.9444149218833032,
    0.9485598894675311,
    0.9511106387501328,
    0.8964820916144117,
    0.9494101392283983,
    0.9518546072908917,
    0.9287915825273674,
    0.9515357636305665,
    0.9530237007120842,
    0.913805930492082,
    0.9520671697311085,
    0.9520671697311085,
    0.9518546072908917,
    0.9500478265490487,
    0.9512169199702413
  ]
}