{
  "epoch": [
    1,
    2000,
    4000,
    6000,
    8000,
    10000,
    12000,
    14000,
    16000,
    18000,
    20000,
    22000,
    24000,
    26000,
    28000,
    30000,
    32000,
    34000,
    36000,
    38000,
    40000,
    42000,
    44000,
    46000,
    48000,
    50000,
    52000,
    54000,
    56000,
    58000,
    60000,
    62000,
    64000,
    66000,
    68000,
    70000,
    72000,
    74000,
    76000,
    78000,
    80000,
    82000,
    84000,
    86000,
    88000,
    90000,
    92000,
    94000,
    96000,
    98000,
    100000,
    102000,
    104000,
    106000,
    108000,
    110000,
    112000,
    114000,
    116000,
    118000,
    120000,
    122000,
    124000,
    126000,
    128000,
    130000,
    132000,
    134000,
    136000,
    138000,
    140000,
    142000,
    144000,
    146000,
    148000,
    150000,
    152000,
    154000,
    156000,
    158000,
    160000,
    162000,
    164000,
    166000,
    168000,
    170000,
    172000,
    174000,
    176000,
    178000,
    180000,
    182000,
    184000,
    186000,
    188000,
    190000,
    192000,
    194000,
    196000,
    198000,
    200000
  ],
  "loss": [
    4.575066566467285,
    0.23745338150922987,
    0.027209528335463255,
    0.026554464085586368,
    0.02608400634236168,
    0.025780734491324984,
    0.02560323995789513,
    0.02551132144012954,
    0.025485878085764125,
    0.02545813175928779,
    0.025471276554767972,
    0.025483032578905114,
    0.02547820637600962,
    0.02546821552925976,
    0.02547815349549055,
    0.025488518853718414,
    0.025459881919063627,
    0.025462761032907292,
    0.02546710780702997,
    0.025453360222652554,
    0.025469022628385574,
    0.02546579050004948,
    0.025478651208779776,
    0.02546601671478711,
    0.025475458213849923,
    0.02546462397170253,
    0.025459272187086754,
    0.025445513003272937,
    0.02542779225525446,
    0.02545430440334603,
    0.025465695741795934,
    0.025465320303244516,
    0.025474911702843384,
    0.02546332060114946,
    0.02544983119710814,
    0.0254606126149185,
    0.025462465456081555,
    0.02545194519676734,
    0.025450102324201727,
    0.025444356900779532,
    0.0254482679923065,
    0.025460731363738887,
    0.025451799859828317,
    0.02544392983794678,
    0.02544604326041881,
    0.025440046055056155,
    0.02544222690393217,
    0.025441992302751168,
    0.02542909853728488,
    0.025445801496948115,
    0.025443951421580277,
    0.025436622533318586,
    0.025419737213943153,
    0.02543354198068846,
    0.02543589043535758,
    0.025418328109453433,
    0.02542400249976199,
    0.025425750521477313,
    0.02543296322778333,
    0.02544161959795747,
    0.025442171359062196,
    0.025433019451261498,
    0.02542002150104381,
    0.025442404135456308,
    0.025416003457759507,
    0.025455713890353216,
    0.025423285664594734,
    0.025419428794737905,
    0.02543412368542049,
    0.02543905015015043,
    0.025440026214346288,
    0.025439349175873212,
    0.025426052400213665,
    0.025432249428494834,
    0.025433284771628678,
    0.025425934035680258,
    0.02545195815865882,
    0.02546255169340875,
    0.025449657638394275,
    0.025456168789044022,
    0.025458265516720712,
    0.025438805833947843,
    0.025454583685752003,
    0.02543917752415873,
    0.02545703962156549,
    0.02542565713704098,
    0.025422430638223886,
    0.02543745295221452,
    0.025432667905115523,
    0.02542956625756342,
    0.02543914124239236,
    0.02545915061519481,
    0.02544287504341919,
    0.02543147185235284,
    0.02544627673700452,
    0.025457607585703954,
    0.02543593282601796,
    0.025445110849500633,
    0.025440176514256747,
    0.02543394441709388,
    0.025450384102389218
  ],
  "train_acc": [
    0.0176,
    0.9836,
    0.9836,
    0.9836,
    0.9836,
    0.9836,
    0.9836,
    0.9836,
    0.9836,
    0.9836,
    0.9836,
    0.9836,
    0.9836,
    0.9836,
    0.9836,
    0.9836,
    0.9836,
    0.9836,
    0.9836,
    0.9836,
    0.9836,
    0.9836,
    0.9836,
    0.9836,
    0.9836,
    0.9836,
    0.9836,
    0.9836,
    0.9836,
    0.9836,
    0.9836,
    0.9836,
    0.9836,
    0.9836,
    0.9836,
    0.9836,
    0.9836,
    0.9836,
    0.9836,
    0.9836,
    0.9836,
    0.9836,
    0.9836,
    0.9836,
    0.9836,
    0.9836,
    0.9836,
    0.9836,
    0.9836,
    0.9836,
    0.9836,
    0.9836,
    0.9836,
    0.9836,
    0.9836,
    0.9836,
    0.9836,
    0.9836,
    0.9836,
    0.9836,
    0.9836,
    0.9836,
    0.9836,
    0.9836,
    0.9836,
    0.9836,
    0.9836,
    0.9836,
    0.9836,
    0.9836,
    0.9836,
    0.9836,
    0.9836,
    0.9836,
    0.9836,
    0.9836,
    0.9836,
    0.9836,
    0.9836,
    0.9836,
    0.9836,
    0.9836,
    0.9836,
    0.9836,
    0.9836,
    0.9836,
    0.9836,
    0.9836,
    0.9836,
    0.9836,
    0.9836,
    0.9836,
    0.9836,
    0.9836,
    0.9836,
    0.9836,
    0.9836,
    0.9836,
    0.9836,
    0.9836,
    0.9836
  ],
  "test_acc": [
    0.011265809331491126,
    0.4011053246891274,
    0.4015304495695611,
    0.4018492932298863,
    0.4015304495695611,
    0.4015304495695611,
    0.4022744181103199,
    0.40174301200977786,
    0.4022744181103199,
    0.4021681368902115,
    0.4015304495695611,
    0.40142416834945266,
    0.4022744181103199,
    0.40259326177064514,
    0.40301838665107875,
    0.40259326177064514,
    0.4023806993304283,
    0.4037623551918376,
    0.40344351153151237,
    0.4035497927516208,
    0.4051440110532469,
    0.40429376129237965,
    0.4039749176320544,
    0.4040811988521628,
    0.40418748007227123,
    0.40546285471357213,
    0.40471888617281326,
    0.4040811988521628,
    0.40429376129237965,
    0.4065256669146562,
    0.4055691359336805,
    0.4065256669146562,
    0.4056754171537889,
    0.4066319481347646,
    0.40790732277606545,
    0.40960782229779996,
    0.4081198852162823,
    0.4078010415559571,
    0.40758847911574025,
    0.4103517908385588,
    0.41077691571899244,
    0.4098203847380168,
    0.410670634498884,
    0.41077691571899244,
    0.41045807205866724,
    0.41205229036029334,
    0.41088319693910086,
    0.41173344669996814,
    0.41237113402061853,
    0.41290254012116057,
    0.41237113402061853,
    0.41237113402061853,
    0.4139653523222447,
    0.4146030396428951,
    0.41375278988202785,
    0.41502816452332875,
    0.4147093208630035,
    0.4155595706238708,
    0.41502816452332875,
    0.41662238282495484,
    0.4168349452651716,
    0.41832288234668935,
    0.419279413327665,
    0.42023594430864064,
    0.4205547879689659,
    0.4210861940695079,
    0.41991710064831544,
    0.4209799128493995,
    0.4225741311510256,
    0.42406206823254333,
    0.425018599213519,
    0.4246997555531937,
    0.425550005314061,
    0.425018599213519,
    0.4259751301944946,
    0.42650653629503665,
    0.42788819215644597,
    0.4279944733765544,
    0.42746306727601235,
    0.43192687852056544,
    0.4295886916781805,
    0.4272505048357955,
    0.4283133170368796,
    0.43065150387926454,
    0.4253374428738442,
    0.4267190987352535,
    0.4285258794770964,
    0.4285258794770964,
    0.4283133170368796,
    0.42905728557763845,
    0.42905728557763845,
    0.431289191199915,
    0.4286321606972048,
    0.4296949728982889,
    0.43267084706132425,
    0.4334148156020831,
    0.4302263789988309,
    0.431289191199915,
    0.4304389414390477,
    0.43267084706132425,
    0.4304389414390477
  ]
}