{
  "epoch": [
    1,
    2000,
    4000,
    6000,
    8000,
    10000,
    12000,
    14000,
    16000,
    18000,
    20000,
    22000,
    24000,
    26000,
    28000,
    30000,
    32000,
    34000,
    36000,
    38000,
    40000,
    42000,
    44000,
    46000,
    48000,
    50000,
    52000,
    54000,
    56000,
    58000,
    60000,
    62000,
    64000,
    66000,
    68000,
    70000,
    72000,
    74000,
    76000,
    78000,
    80000,
    82000,
    84000,
    86000,
    88000,
    90000,
    92000,
    94000,
    96000,
    98000,
    100000,
    102000,
    104000,
    106000,
    108000,
    110000,
    112000,
    114000,
    116000,
    118000,
    120000,
    122000,
    124000,
    126000,
    128000,
    130000,
    132000,
    134000,
    136000,
    138000,
    140000,
    142000,
    144000,
    146000,
    148000,
    150000,
    152000,
    154000,
    156000,
    158000,
    160000,
    162000,
    164000,
    166000,
    168000,
    170000,
    172000,
    174000,
    176000,
    178000,
    180000,
    182000,
    184000,
    186000,
    188000,
    190000,
    192000,
    194000,
    196000,
    198000,
    200000
  ],
  "loss": [
    4.575773811340332,
    0.20205763115859893,
    9.465132549735245e-07,
    2.2836818933171798e-07,
    2.149598847090317e-07,
    2.148754573781275e-07,
    2.13940220569242e-07,
    2.1799307784249322e-07,
    7.349858899682289e-05,
    2.262904106387964e-07,
    0.00017386632280978845,
    0.00014595986977934247,
    4.7851290573881046e-06,
    0.00022895215447236907,
    4.242081581470103e-06,
    0.00021022096078960004,
    0.0002201647088391546,
    4.802001859041383e-06,
    0.00011601542709216233,
    0.00024275084332342018,
    5.182208420023926e-06,
    0.00025747660778582853,
    0.00021586569940653817,
    4.856863796781852e-06,
    0.0001030786260189295,
    6.744919683292494e-07,
    0.0003394370664338041,
    0.00018838530727033104,
    2.6034177386058845e-06,
    0.0002797586446804118,
    0.00019480362208962844,
    2.732207842473855e-06,
    0.00021173591042957014,
    0.00011856587188604237,
    0.0003209344666471246,
    5.403839679973998e-06,
    0.00024189229626189076,
    0.00017435835509677916,
    4.223153833832783e-06,
    0.0002653429186442956,
    0.0002874768975553373,
    4.892931624893748e-06,
    0.0002243167499718929,
    0.0002503604543005423,
    4.676478930296213e-06,
    0.0003202239423304881,
    0.00020172721061841443,
    4.0319420925925445e-06,
    0.0002692250909904857,
    0.000341705678311876,
    4.896827931123226e-06,
    0.00027665819152021954,
    0.0001777819755680298,
    3.7788853449718828e-06,
    0.00012185584578219419,
    0.00023028731192385407,
    1.1419479684263934e-06,
    0.0004613371467479482,
    0.0002810213675501281,
    0.00024476043019765827,
    4.631311028511221e-06,
    0.00026444298387800987,
    0.00016906651004246526,
    4.1763212509465576e-06,
    0.00032373614488372126,
    0.00022975934087403048,
    4.5990593308737e-06,
    0.00042769930370790304,
    0.00031071114707517894,
    4.976164303676711e-06,
    0.00023482946819956824,
    0.0003514795325393052,
    4.985451986139111e-06,
    0.00019888365142950023,
    0.000248763650022569,
    4.385794827907574e-06,
    0.0002243779832221044,
    0.00020454704667712846,
    3.110638340093885e-06,
    0.0003418266474899717,
    0.00021044416772001142,
    0.00017531283072608658,
    4.033239219577211e-06,
    0.00024017483940490933,
    0.00023559513487449095,
    4.5721808836745485e-06,
    0.00020083186879370132,
    0.0001287849732139854,
    3.334623667247172e-06,
    0.00028060317582502493,
    0.000247846864591952,
    4.316297940017933e-06,
    0.0002517335099135039,
    0.00020264889049384749,
    3.361341075351021e-06,
    0.0003277203289045538,
    0.0002490230619723938,
    3.8231500400080164e-06,
    0.0002667874137196151,
    0.00014384494738685943,
    0.00023460991397370137
  ],
  "train_acc": [
    0.016,
    1.0,
    1.0,
    1.0,
    1.0,
    1.0,
    1.0,
    1.0,
    1.0,
    1.0,
    1.0,
    1.0,
    1.0,
    1.0,
    1.0,
    1.0,
    1.0,
    1.0,
    1.0,
    1.0,
    1.0,
    1.0,
    1.0,
    1.0,
    1.0,
    1.0,
    1.0,
    1.0,
    1.0,
    1.0,
    1.0,
    1.0,
    1.0,
    1.0,
    1.0,
    1.0,
    1.0,
    1.0,
    1.0,
    1.0,
    1.0,
    1.0,
    1.0,
    1.0,
    1.0,
    1.0,
    1.0,
    1.0,
    1.0,
    1.0,
    1.0,
    1.0,
    1.0,
    1.0,
    1.0,
    1.0,
    1.0,
    1.0,
    1.0,
    1.0,
    1.0,
    1.0,
    1.0,
    1.0,
    1.0,
    1.0,
    1.0,
    1.0,
    1.0,
    1.0,
    1.0,
    1.0,
    1.0,
    1.0,
    1.0,
    1.0,
    1.0,
    1.0,
    1.0,
    1.0,
    1.0,
    1.0,
    1.0,
    1.0,
    1.0,
    1.0,
    1.0,
    1.0,
    1.0,
    1.0,
    1.0,
    1.0,
    1.0,
    1.0,
    1.0,
    1.0,
    1.0,
    1.0,
    1.0,
    1.0,
    1.0
  ],
  "test_acc": [
    0.011265809331491126,
    0.3990859815070677,
    0.39961738760760973,
    0.4007864810288022,
    0.4024869805505367,
    0.40918269741736635,
    0.42937612923796364,
    0.4577532150069083,
    0.49495164204485065,
    0.5322563503029015,
    0.5799766181315762,
    0.620682325433096,
    0.6603252205335317,
    0.6814751833351047,
    0.7152726113295781,
    0.742161760017005,
    0.7468381337017749,
    0.7752152194707195,
    0.7867998724625359,
    0.7530024444680625,
    0.8120948028483367,
    0.8182591136146243,
    0.7857370602614518,
    0.8352641088319694,
    0.8420661069189074,
    0.8342012966308853,
    0.856839196513976,
    0.8605590392177702,
    0.8520565416090977,
    0.8706557551280689,
    0.8709745987883941,
    0.8662982251036242,
    0.875650972473164,
    0.8769263471144648,
    0.8329259219895845,
    0.8844723137421617,
    0.8872356254649804,
    0.8863853757041131,
    0.8852162822829206,
    0.8914868742693166,
    0.8876607503454139,
    0.8933999362312679,
    0.8968009352747369,
    0.8954192794133277,
    0.8951004357530025,
    0.900733340418748,
    0.9024338399404825,
    0.8964820916144117,
    0.9037092145817834,
    0.9043469019024338,
    0.9024338399404825,
    0.907535338505686,
    0.9074290572855777,
    0.9032840897013498,
    0.9057285577638431,
    0.9073227760654692,
    0.898926559676905,
    0.9105112126687215,
    0.9100860877882878,
    0.8839409076416197,
    0.9077479009459029,
    0.9108300563290467,
    0.9067913699649272,
    0.9084918694866617,
    0.9101923690083962,
    0.9101923690083962,
    0.909342119247529,
    0.9101923690083962,
    0.9110426187692635,
    0.9100860877882878,
    0.912743118290998,
    0.9129556807312148,
    0.9125305558507811,
    0.9135933680518652,
    0.916144117334467,
    0.9092358380274206,
    0.9133808056116485,
    0.9135933680518652,
    0.9078541821660112,
    0.915612711233925,
    0.9150813051333829,
    0.9022212775002657,
    0.91327452439154,
    0.9150813051333829,
    0.8908491869486662,
    0.9144436178127325,
    0.9169943670953342,
    0.9165692422149007,
    0.9107237751089382,
    0.9180571792964183,
    0.9191199914975023,
    0.9117865873100223,
    0.9148687426931661,
    0.9164629609947922,
    0.9097672441279626,
    0.9160378361143586,
    0.9185885853969603,
    0.9118928685301307,
    0.9171006483154427,
    0.9169943670953342,
    0.9053034328834095
  ]
}