{
  "epoch": [
    1,
    2000,
    4000,
    6000,
    8000,
    10000,
    12000,
    14000,
    16000,
    18000,
    20000,
    22000,
    24000,
    26000,
    28000,
    30000,
    32000,
    34000,
    36000,
    38000,
    40000,
    42000,
    44000,
    46000,
    48000,
    50000,
    52000,
    54000,
    56000,
    58000,
    60000,
    62000,
    64000,
    66000,
    68000,
    70000,
    72000,
    74000,
    76000,
    78000,
    80000,
    82000,
    84000,
    86000,
    88000,
    90000,
    92000,
    94000,
    96000,
    98000,
    100000,
    102000,
    104000,
    106000,
    108000,
    110000,
    112000,
    114000,
    116000,
    118000,
    120000,
    122000,
    124000,
    126000,
    128000,
    130000,
    132000,
    134000,
    136000,
    138000,
    140000,
    142000,
    144000,
    146000,
    148000,
    150000,
    152000,
    154000,
    156000,
    158000,
    160000,
    162000,
    164000,
    166000,
    168000,
    170000,
    172000,
    174000,
    176000,
    178000,
    180000,
    182000,
    184000,
    186000,
    188000,
    190000,
    192000,
    194000,
    196000,
    198000,
    200000
  ],
  "loss": [
    4.576061677932739,
    0.2300442141105699,
    0.02650697972944472,
    0.025964748782222158,
    0.025635165717848577,
    0.025456060244725087,
    0.025326493177632803,
    0.02526770995340776,
    0.025264160260395147,
    0.025236343895085157,
    0.02520977533555124,
    0.025225002396921627,
    0.02522064760841895,
    0.02521505866115913,
    0.025213811048865317,
    0.025215371469734238,
    0.025219610189273954,
    0.02521993509067688,
    0.0252185490262229,
    0.025220505364378913,
    0.02522623754418455,
    0.025198204557341522,
    0.025190834759897553,
    0.02519192531835288,
    0.02517754607128445,
    0.025172569854999893,
    0.025188035907968878,
    0.025191649358405267,
    0.02518677340678405,
    0.025188169155979996,
    0.025195296823908576,
    0.0251813378267223,
    0.02517534658354707,
    0.025187912284652704,
    0.025189795594592577,
    0.025202494715037757,
    0.025191689316905103,
    0.02520399567827117,
    0.02519358700567391,
    0.025190036126156338,
    0.025194100295286626,
    0.025186230176198296,
    0.02518489432053175,
    0.025200515067973175,
    0.025183591005462223,
    0.025181098745483906,
    0.025185410722577944,
    0.025175350859435276,
    0.02517997972245794,
    0.02519151221846696,
    0.025184281638264656,
    0.025169134377012962,
    0.025183482657256537,
    0.025163899775594474,
    0.025186224519461394,
    0.025190521624474785,
    0.025194677795551252,
    0.025186825029784813,
    0.025192584418400655,
    0.02518872876150999,
    0.025196451225574127,
    0.02519273264789954,
    0.025208080309117212,
    0.02519729077233933,
    0.025199350275215693,
    0.025202160377730615,
    0.025191248863795774,
    0.025195657281856985,
    0.025212266672612168,
    0.02519985448694788,
    0.02519793740543537,
    0.025197126666270196,
    0.02520359520979691,
    0.025194177610753102,
    0.025187415110506116,
    0.02519937032999005,
    0.025190454012190458,
    0.025193257975461892,
    0.02518206226164475,
    0.0251963189404225,
    0.025210834630578757,
    0.025204936906206423,
    0.025202105863415637,
    0.02520422251841519,
    0.025198705797386357,
    0.02519757641241886,
    0.02521082577458583,
    0.025222503151302225,
    0.025218961061839944,
    0.025203502967837268,
    0.025214851085073313,
    0.02522170339168515,
    0.025221946569532156,
    0.025216792543255723,
    0.025214365223422647,
    0.025224754159222356,
    0.025215180955035613,
    0.025220722383633255,
    0.025211734460294247,
    0.025211997475335375,
    0.025205100959329867
  ],
  "train_acc": [
    0.022,
    0.9834,
    0.9834,
    0.9834,
    0.9834,
    0.9834,
    0.9834,
    0.9834,
    0.9834,
    0.9834,
    0.9834,
    0.9834,
    0.9834,
    0.9834,
    0.9834,
    0.9834,
    0.9834,
    0.9834,
    0.9834,
    0.9834,
    0.9834,
    0.9834,
    0.9834,
    0.9834,
    0.9834,
    0.9834,
    0.9834,
    0.9834,
    0.9834,
    0.9834,
    0.9834,
    0.9834,
    0.9834,
    0.9834,
    0.9834,
    0.9834,
    0.9834,
    0.9834,
    0.9834,
    0.9834,
    0.9834,
    0.9834,
    0.9834,
    0.9834,
    0.9834,
    0.9834,
    0.9834,
    0.9834,
    0.9834,
    0.9834,
    0.9834,
    0.9834,
    0.9834,
    0.9834,
    0.9834,
    0.9834,
    0.9834,
    0.9834,
    0.9834,
    0.9834,
    0.9834,
    0.9834,
    0.9834,
    0.9834,
    0.9834,
    0.9834,
    0.9834,
    0.9834,
    0.9834,
    0.9834,
    0.9834,
    0.9834,
    0.9834,
    0.9834,
    0.9834,
    0.9834,
    0.9834,
    0.9834,
    0.9834,
    0.9834,
    0.9834,
    0.9834,
    0.9834,
    0.9834,
    0.9834,
    0.9834,
    0.9834,
    0.9834,
    0.9834,
    0.9834,
    0.9834,
    0.9834,
    0.9834,
    0.9834,
    0.9834,
    0.9834,
    0.9834,
    0.9834,
    0.9834,
    0.9834,
    0.9834
  ],
  "test_acc": [
    0.013285152513550856,
    0.39504729514294823,
    0.39525985758316506,
    0.39674779466468274,
    0.39685407588479116,
    0.3966415134445743,
    0.39642895100435754,
    0.3962163885641407,
    0.39557870124349026,
    0.39600382612392393,
    0.3958975449038155,
    0.39674779466468274,
    0.39727920076522477,
    0.39653523222446596,
    0.3969603571048996,
    0.39653523222446596,
    0.3974917632054416,
    0.3978106068657668,
    0.397066638325008,
    0.39685407588479116,
    0.3987671378467425,
    0.3987671378467425,
    0.39802316930598364,
    0.3978106068657668,
    0.39834201296630883,
    0.39929854394728453,
    0.39802316930598364,
    0.39887341906685087,
    0.39802316930598364,
    0.39929854394728453,
    0.39929854394728453,
    0.39982995004782657,
    0.4002550749282602,
    0.399936231267935,
    0.40163673078966944,
    0.4005739185885854,
    0.4015304495695611,
    0.4006801998086938,
    0.40099904346901905,
    0.4005739185885854,
    0.40099904346901905,
    0.40142416834945266,
    0.40163673078966944,
    0.4018492932298863,
    0.4021681368902115,
    0.4028058242108619,
    0.4039749176320544,
    0.4032309490912956,
    0.40312466787118717,
    0.40461260495270485,
    0.4024869805505367,
    0.4037623551918376,
    0.40429376129237965,
    0.40471888617281326,
    0.40503772983313846,
    0.4051440110532469,
    0.4048251673929217,
    0.40546285471357213,
    0.4052502922733553,
    0.40875757253693273,
    0.40960782229779996,
    0.4102455096184504,
    0.4097141035179084,
    0.41205229036029334,
    0.4097141035179084,
    0.41056435327877566,
    0.4110957593793177,
    0.413008821341269,
    0.41290254012116057,
    0.413008821341269,
    0.41215857158040176,
    0.4151344457434371,
    0.415878414284196,
    0.41704750770538845,
    0.4159846955043044,
    0.41545328940376236,
    0.4159846955043044,
    0.4155595706238708,
    0.41715378892549687,
    0.416409820384738,
    0.4173663513657137,
    0.4191731321075566,
    0.4204485067488575,
    0.419810819428207,
    0.422680412371134,
    0.4201296630885323,
    0.42161760017004996,
    0.42406206823254333,
    0.42151131894994154,
    0.4235306621320013,
    0.4259751301944946,
    0.42459347433308536,
    0.42661281751514507,
    0.4235306621320013,
    0.4238495057923265,
    0.42640025507492824,
    0.42438091189286853,
    0.4272505048357955,
    0.42980125411839726,
    0.4301200977787225,
    0.4283133170368796
  ]
}