{
  "epoch": [
    1,
    2000,
    4000,
    6000,
    8000,
    10000,
    12000,
    14000,
    16000,
    18000,
    20000,
    22000,
    24000,
    26000,
    28000,
    30000,
    32000,
    34000,
    36000,
    38000,
    40000,
    42000,
    44000,
    46000,
    48000,
    50000,
    52000,
    54000,
    56000,
    58000,
    60000,
    62000,
    64000,
    66000,
    68000,
    70000,
    72000,
    74000,
    76000,
    78000,
    80000,
    82000,
    84000,
    86000,
    88000,
    90000,
    92000,
    94000,
    96000,
    98000,
    100000,
    102000,
    104000,
    106000,
    108000,
    110000,
    112000,
    114000,
    116000,
    118000,
    120000,
    122000,
    124000,
    126000,
    128000,
    130000,
    132000,
    134000,
    136000,
    138000,
    140000,
    142000,
    144000,
    146000,
    148000,
    150000,
    152000,
    154000,
    156000,
    158000,
    160000,
    162000,
    164000,
    166000,
    168000,
    170000,
    172000,
    174000,
    176000,
    178000,
    180000,
    182000,
    184000,
    186000,
    188000,
    190000,
    192000,
    194000,
    196000,
    198000,
    200000
  ],
  "loss": [
    4.575761461257935,
    0.20933886038972355,
    0.00890738925989167,
    0.008689595080472082,
    0.008584719328991054,
    0.008558164610765619,
    0.00853473551411456,
    0.008530854579047155,
    0.008529128661258009,
    0.008526461048397032,
    0.00851435251750172,
    0.008510833892265491,
    0.008508463619521959,
    0.008511296450115039,
    0.008513974038390751,
    0.008517829572995102,
    0.008517441562279007,
    0.008508714148158007,
    0.008511313539603608,
    0.008512343029629166,
    0.008522858307684724,
    0.008530391879011126,
    0.008526615410238289,
    0.008531173192584701,
    0.008529614693311222,
    0.008529898371622963,
    0.008531925138081679,
    0.00852516836574305,
    0.008527625822966773,
    0.008528288529980643,
    0.00852809985157713,
    0.008529432763190136,
    0.008530459593487645,
    0.008532644017578665,
    0.008526134437416942,
    0.008539432003193905,
    0.008543334185639335,
    0.008544105320612377,
    0.008537066834176687,
    0.008533963822102801,
    0.008545146321916176,
    0.008545265850057302,
    0.008537721598580003,
    0.00854546124331676,
    0.008543603905939428,
    0.0085509070972581,
    0.008545082921955908,
    0.008542984413837123,
    0.008544645090253968,
    0.008541456486070924,
    0.008546662348238178,
    0.00854722110721155,
    0.00853748270602992,
    0.008541459796446958,
    0.008551299161648838,
    0.008542540496167334,
    0.008546705309313233,
    0.008537741938634819,
    0.008550064853980327,
    0.008554809261156716,
    0.00854460103444794,
    0.008546412907343162,
    0.008545050861729225,
    0.0085470819617854,
    0.008547828932833698,
    0.00854892161782992,
    0.008551229913297313,
    0.008553884137488662,
    0.008542979434185834,
    0.008546223481708956,
    0.008544373225096775,
    0.00854569763657001,
    0.00853900588900093,
    0.008543936850195537,
    0.008541695499360792,
    0.008542412256800198,
    0.008544032342420231,
    0.008547350996703678,
    0.00854447261949815,
    0.008533970130480328,
    0.008545171968607282,
    0.008544507721862056,
    0.008549886285902702,
    0.008552978443880643,
    0.008545042166202743,
    0.00854583218261383,
    0.008546468511371585,
    0.008551570989873225,
    0.008553090647569348,
    0.008548565747873748,
    0.008548933490989155,
    0.0085417768416518,
    0.008548618233344579,
    0.008553323896187558,
    0.00855187864127708,
    0.008547253131815863,
    0.00854383181846181,
    0.00855016053240959,
    0.008554848942291674,
    0.00855729150333848,
    0.008557151401479888
  ],
  "train_acc": [
    0.0222,
    0.995,
    0.995,
    0.995,
    0.995,
    0.995,
    0.995,
    0.995,
    0.995,
    0.995,
    0.995,
    0.995,
    0.995,
    0.995,
    0.995,
    0.995,
    0.995,
    0.995,
    0.995,
    0.995,
    0.995,
    0.995,
    0.995,
    0.995,
    0.995,
    0.995,
    0.995,
    0.995,
    0.995,
    0.995,
    0.995,
    0.995,
    0.995,
    0.995,
    0.995,
    0.995,
    0.995,
    0.995,
    0.995,
    0.995,
    0.995,
    0.995,
    0.995,
    0.995,
    0.995,
    0.995,
    0.995,
    0.995,
    0.995,
    0.995,
    0.995,
    0.995,
    0.995,
    0.995,
    0.995,
    0.995,
    0.995,
    0.995,
    0.995,
    0.995,
    0.995,
    0.995,
    0.995,
    0.995,
    0.995,
    0.995,
    0.995,
    0.995,
    0.995,
    0.995,
    0.995,
    0.995,
    0.995,
    0.995,
    0.995,
    0.995,
    0.995,
    0.995,
    0.995,
    0.995,
    0.995,
    0.995,
    0.995,
    0.995,
    0.995,
    0.995,
    0.995,
    0.995,
    0.995,
    0.995,
    0.995,
    0.995,
    0.995,
    0.995,
    0.995,
    0.995,
    0.995,
    0.995,
    0.995,
    0.995,
    0.995
  ],
  "test_acc": [
    0.012753746413008821,
    0.39929854394728453,
    0.39982995004782657,
    0.4005739185885854,
    0.4023806993304283,
    0.4021681368902115,
    0.40333723031140395,
    0.40386863641194604,
    0.4051440110532469,
    0.4086512913168243,
    0.41088319693910086,
    0.413008821341269,
    0.41864172600701455,
    0.4217238813901584,
    0.42448719311297695,
    0.4286321606972048,
    0.4328834095015411,
    0.4364969709852269,
    0.44149218833032206,
    0.44669996811563395,
    0.4515889042406207,
    0.4544584971835477,
    0.4594537145286428,
    0.46646827505579763,
    0.47443936656392816,
    0.47688383462642153,
    0.4815602083111914,
    0.4889998937187799,
    0.49452651716441703,
    0.4994154532894038,
    0.503135295993198,
    0.5098310128600276,
    0.5204591348708684,
    0.532150069082793,
    0.5356573493463705,
    0.5366138803273461,
    0.5374641300882134,
    0.5404400042512488,
    0.5479859708789457,
    0.5513869699224148,
    0.5473482835582952,
    0.5496864704006802,
    0.5462854713572112,
    0.5509618450419811,
    0.5518120948028483,
    0.5538314379849081,
    0.5540440004251249,
    0.558507811669678,
    0.5614836858327134,
    0.5667977468381337,
    0.5684982463598682,
    0.5684982463598682,
    0.564778403656074,
    0.5659474970772664,
    0.5687108088000851,
    0.5726432139440961,
    0.5741311510256137,
    0.5765756190881072,
    0.5765756190881072,
    0.5810394303326603,
    0.5796577744712509,
    0.588053990859815,
    0.5911361462429588,
    0.5918801147837177,
    0.5935806143054523,
    0.5969816133489212,
    0.5991072377510894,
    0.5975130194494633,
    0.5924115208842597,
    0.5994260814114146,
    0.5976193006695717,
    0.5948559889467531,
    0.6041024550961845,
    0.6045275799766181,
    0.603464767775534,
    0.6026145180146668,
    0.6037836114358592,
    0.6090976724412797,
    0.6088851100010628,
    0.611542140503773,
    0.6082474226804123,
    0.608672547560846,
    0.6055903921777022,
    0.6047401424168349,
    0.603464767775534,
    0.6080348602401956,
    0.6100542034222552,
    0.6152619832075672,
    0.6127112339249654,
    0.6105856095227973,
    0.6069720480391115,
    0.6042087363162929,
    0.6050589860771601,
    0.6089913912211712,
    0.6093102348814965,
    0.605802954617919,
    0.6048464236369433,
    0.6050589860771601,
    0.6060155170581358,
    0.6095227973217132,
    0.6111170156233393
  ]
}