{
  "epoch": [
    1,
    2000,
    4000,
    6000,
    8000,
    10000,
    12000,
    14000,
    16000,
    18000,
    20000,
    22000,
    24000,
    26000,
    28000,
    30000,
    32000,
    34000,
    36000,
    38000,
    40000,
    42000,
    44000,
    46000,
    48000,
    50000,
    52000,
    54000,
    56000,
    58000,
    60000,
    62000,
    64000,
    66000,
    68000,
    70000,
    72000,
    74000,
    76000,
    78000,
    80000,
    82000,
    84000,
    86000,
    88000,
    90000,
    92000,
    94000,
    96000,
    98000,
    100000,
    102000,
    104000,
    106000,
    108000,
    110000,
    112000,
    114000,
    116000,
    118000,
    120000,
    122000,
    124000,
    126000,
    128000,
    130000,
    132000,
    134000,
    136000,
    138000,
    140000,
    142000,
    144000,
    146000
  ],
  "loss": [
    4.5762214183807375,
    0.19884658371486094,
    8.437911835727618e-07,
    2.1635554131691493e-07,
    2.06730722091919e-07,
    2.0553687772064676e-07,
    2.0731686224877422e-07,
    4.596477055792292e-05,
    3.3168790670004e-06,
    0.00015498485837973135,
    5.1741603946751975e-06,
    0.0002067977260719253,
    4.676275286285403e-06,
    0.00020171517721067361,
    6.161247903122558e-07,
    0.00017535459306081336,
    0.00019988293550306935,
    4.3322616503097324e-06,
    0.0003168386531520284,
    2.746790025031487e-06,
    0.00022994926940133738,
    0.00022322150885909623,
    3.3611808688363e-06,
    0.00027064551860873036,
    0.0001344281989381841,
    3.709925033938788e-06,
    0.00023504738490019505,
    0.00030970496998092897,
    4.7994513965576855e-06,
    0.00024277379641413218,
    0.0004522123265802769,
    5.329688536313171e-06,
    0.00010522498739108386,
    0.00015598104523062163,
    2.444510660935606e-06,
    0.00024808185900803965,
    0.00029846759535358556,
    4.169308696376106e-06,
    0.00016458816162876318,
    0.00025759818195790913,
    0.00018836653809235456,
    4.307778596731282e-06,
    0.00015149625739622365,
    0.0001463243923985459,
    3.308600221041047e-06,
    0.00020054610566530185,
    0.00013960036563022911,
    2.744032388394402e-06,
    0.00042130547775155025,
    0.00042797683827923124,
    5.0231177654055155e-06,
    0.00032020523512506005,
    0.0004017526217208882,
    4.80264044689136e-06,
    0.0004824298270260961,
    0.0001807150430022496,
    3.2630326168828104e-06,
    0.0005032153115851365,
    0.00024656890198512967,
    4.317917069079868e-06,
    0.00020542474204126435,
    0.00021558389493387935,
    2.241416446533151e-06,
    0.000389487287589376,
    0.0003679349613746858,
    0.000198409472128494,
    4.312255130311371e-06,
    0.0001516789919201699,
    0.0002544179222104958,
    4.53810760313047e-06,
    0.0002766173783089009,
    0.00025047743061215827,
    4.368759230683139e-06,
    0.00018377573034078623
  ],
  "train_acc": [
    0.0212,
    1.0,
    1.0,
    1.0,
    1.0,
    1.0,
    1.0,
    1.0,
    1.0,
    1.0,
    1.0,
    1.0,
    1.0,
    1.0,
    1.0,
    1.0,
    1.0,
    1.0,
    1.0,
    1.0,
    1.0,
    1.0,
    1.0,
    1.0,
    1.0,
    1.0,
    1.0,
    1.0,
    1.0,
    1.0,
    1.0,
    1.0,
    1.0,
    1.0,
    1.0,
    1.0,
    1.0,
    1.0,
    1.0,
    1.0,
    1.0,
    1.0,
    1.0,
    1.0,
    1.0,
    1.0,
    1.0,
    1.0,
    1.0,
    1.0,
    1.0,
    1.0,
    1.0,
    1.0,
    1.0,
    1.0,
    1.0,
    1.0,
    1.0,
    1.0,
    1.0,
    1.0,
    1.0,
    1.0,
    1.0,
    1.0,
    1.0,
    1.0,
    1.0,
    1.0,
    1.0,
    1.0,
    1.0,
    1.0
  ],
  "test_acc": [
    0.012328621532575194,
    0.4005739185885854,
    0.4012116059092358,
    0.4051440110532469,
    0.4102455096184504,
    0.42331809969178447,
    0.4533956849824636,
    0.4861303007758529,
    0.5375704113083218,
    0.5639281538952067,
    0.6310978850037199,
    0.6544797534275694,
    0.6899776809437772,
    0.7144223615687109,
    0.7286640450632373,
    0.7620363481772771,
    0.7693697523647571,
    0.7926453395684983,
    0.8084812413646508,
    0.820809862897226,
    0.8450419810819428,
    0.8492932298862791,
    0.8538633223509405,
    0.8684238495057923,
    0.8716122861090445,
    0.8744818790519715,
    0.8833032203209693,
    0.8794770963970666,
    0.8909554681687746,
    0.8961632479540865,
    0.8860665320437878,
    0.9040280582421086,
    0.9044531831225422,
    0.9092358380274206,
    0.9072164948453608,
    0.9171006483154427,
    0.9176320544159847,
    0.9155064300138166,
    0.9233712403018387,
    0.928153895206717,
    0.901796152619832,
    0.9299606759485599,
    0.9297481135083431,
    0.9318737379105112,
    0.9300669571686683,
    0.9322988627909449,
    0.9362312679349559,
    0.9313423318099692,
    0.9395259857583165,
    0.9394197045382081,
    0.9371877989159315,
    0.9410139228398342,
    0.9398448294186418,
    0.9394197045382081,
    0.9431395472420023,
    0.9448400467637369,
    0.9399511106387501,
    0.9445212031034116,
    0.9468593899457965,
    0.9418641726007014,
    0.9432458284621107,
    0.9466468275055797,
    0.9434583909023275,
    0.948772451907748,
    0.9489850143479647,
    0.918482304176852,
    0.9460091401849293,
    0.9495164204485067,
    0.9437772345626528,
    0.9501541077691572,
    0.9508980763099161,
    0.9504729514294824,
    0.9504729514294824,
    0.9510043575300244
  ]
}