{
  "epoch": [
    1,
    2000,
    4000,
    6000,
    8000,
    10000,
    12000,
    14000,
    16000,
    18000,
    20000,
    22000,
    24000,
    26000,
    28000,
    30000,
    32000,
    34000,
    36000,
    38000,
    40000,
    42000,
    44000,
    46000,
    48000,
    50000,
    52000,
    54000,
    56000,
    58000,
    60000,
    62000,
    64000,
    66000,
    68000,
    70000,
    72000,
    74000,
    76000,
    78000,
    80000,
    82000,
    84000,
    86000,
    88000,
    90000,
    92000,
    94000,
    96000,
    98000,
    100000,
    102000,
    104000,
    106000,
    108000,
    110000,
    112000,
    114000,
    116000,
    118000,
    120000,
    122000,
    124000,
    126000,
    128000,
    130000,
    132000,
    134000,
    136000,
    138000,
    140000,
    142000,
    144000,
    146000,
    148000,
    150000,
    152000,
    154000,
    156000,
    158000,
    160000,
    162000,
    164000,
    166000,
    168000,
    170000,
    172000,
    174000,
    176000,
    178000,
    180000,
    182000,
    184000,
    186000,
    188000,
    190000,
    192000,
    194000,
    196000,
    198000,
    200000
  ],
  "loss": [
    4.575783205032349,
    0.2017753983235807,
    9.176427774697515e-07,
    2.2303780141967876e-07,
    2.1271032500251862e-07,
    2.1199014651145375e-07,
    2.156814584246547e-07,
    2.1971111947678424e-07,
    0.00018670542378118214,
    0.00019850715527650991,
    5.690353115178937e-06,
    9.98898026032883e-05,
    0.00016090869597969187,
    4.886919931345801e-06,
    0.000222104955287913,
    0.00014046075975491945,
    4.50218603827608e-06,
    0.00018765480615078828,
    2.4282393328462603e-06,
    0.0002270328853955185,
    0.00017823911807420884,
    2.2518793728288244e-06,
    0.00026589154012870894,
    0.00018270634591841314,
    0.0002449485308414971,
    4.954672364066681e-06,
    0.00016719400542007393,
    0.00019176505849314012,
    4.048358496730487e-06,
    0.00020118053427880015,
    0.00026313531269783324,
    4.265080695845569e-06,
    0.0005747960825017956,
    0.00021035868551410103,
    0.00029222595041508795,
    5.188150190829788e-06,
    0.00029558317710275117,
    0.00022520840644490363,
    4.508583651301734e-06,
    0.00012664770825360775,
    0.0003321722909914527,
    4.756442226473467e-06,
    0.0002723723193316573,
    0.00029506535579247524,
    3.85393898046118e-06,
    0.0002651692872525345,
    0.0001541024161954354,
    0.00024097268085794708,
    4.322589463269821e-06,
    0.00013792866972068296,
    0.0002781233213523315,
    3.4066887627858476e-06,
    0.0003497092875261622,
    0.00024309739903142854,
    0.000272113638410017,
    4.7590149978340434e-06,
    0.0003427024877157713,
    0.0003072924892535454,
    4.7037772713458995e-06,
    0.00026429405337673087,
    0.0002292230688406768,
    3.3927938563543593e-06,
    0.0002882045670315108,
    0.0003308146246528331,
    0.00026307098304763485,
    4.695302156252979e-06,
    0.00015528939350122997,
    0.0003063673330032366,
    4.592503086179534e-06,
    0.0006110873326125116,
    0.00021478296040361897,
    3.5544479093033486e-06,
    0.00046459515286685404,
    0.00021634504036350464,
    0.0003096739962429275,
    5.124563238327084e-06,
    0.00035547265659419054,
    0.00021714162419649838,
    4.324588169866672e-06,
    0.0002317963159867297,
    0.0001537104718938444,
    0.0001534228352794713,
    3.753160612190243e-06,
    0.0001435360162677725,
    0.00019013155026751676,
    0.00013051242813291494,
    3.7390558863734214e-06,
    0.0001164727705592206,
    0.0005816859590185619,
    5.687758976682744e-06,
    0.0003245078733220076,
    0.00020495430437634921,
    3.3575419963717936e-06,
    0.0002857354268439181,
    0.00033142376632399787,
    0.0002770429118047048,
    4.9108046256492345e-06,
    0.00029381564037717924,
    0.00016032030586540742,
    8.729014800130557e-05,
    3.0206178594092135e-06
  ],
  "train_acc": [
    0.0164,
    1.0,
    1.0,
    1.0,
    1.0,
    1.0,
    1.0,
    1.0,
    1.0,
    1.0,
    1.0,
    1.0,
    1.0,
    1.0,
    1.0,
    1.0,
    1.0,
    1.0,
    1.0,
    1.0,
    1.0,
    1.0,
    1.0,
    1.0,
    1.0,
    1.0,
    1.0,
    1.0,
    1.0,
    1.0,
    1.0,
    1.0,
    1.0,
    1.0,
    1.0,
    1.0,
    1.0,
    1.0,
    1.0,
    1.0,
    1.0,
    1.0,
    1.0,
    1.0,
    1.0,
    1.0,
    1.0,
    1.0,
    1.0,
    1.0,
    1.0,
    1.0,
    1.0,
    1.0,
    1.0,
    1.0,
    1.0,
    1.0,
    1.0,
    1.0,
    1.0,
    1.0,
    1.0,
    1.0,
    1.0,
    1.0,
    1.0,
    1.0,
    1.0,
    1.0,
    1.0,
    1.0,
    1.0,
    1.0,
    1.0,
    1.0,
    1.0,
    1.0,
    1.0,
    1.0,
    1.0,
    1.0,
    1.0,
    1.0,
    1.0,
    1.0,
    1.0,
    1.0,
    1.0,
    1.0,
    1.0,
    1.0,
    1.0,
    1.0,
    1.0,
    1.0,
    1.0,
    1.0,
    1.0,
    1.0,
    1.0
  ],
  "test_acc": [
    0.011584652991816347,
    0.40174301200977786,
    0.4021681368902115,
    0.4037623551918376,
    0.40673822935487297,
    0.41842916356679777,
    0.4408545010096716,
    0.4791157402486981,
    0.5300244446806249,
    0.5777447125092996,
    0.640025507492826,
    0.6701030927835051,
    0.6831756828568392,
    0.7434371346583059,
    0.7624614730577107,
    0.7401424168349453,
    0.815070677011372,
    0.8261239239026464,
    0.8346264215113189,
    0.8541821660112658,
    0.8615155701987459,
    0.860240195557445,
    0.8775640344351153,
    0.8828780954405356,
    0.8771389095546817,
    0.8927622489106175,
    0.8961632479540865,
    0.8979700286959295,
    0.8962695291741949,
    0.9056222765437347,
    0.9079604633861197,
    0.9059411202040599,
    0.9149750239132746,
    0.9152938675735998,
    0.8590711021362525,
    0.9162503985545754,
    0.9173132107556595,
    0.9057285577638431,
    0.919545116377936,
    0.9203953661388032,
    0.9210330534594537,
    0.919545116377936,
    0.9256031459241152,
    0.924752896163248,
    0.9197576788181528,
    0.9275162078860665,
    0.9274099266659581,
    0.9269848017855244,
    0.9275162078860665,
    0.9264533956849824,
    0.9302795196088851,
    0.9220958656605378,
    0.9302795196088851,
    0.9312360505898608,
    0.919545116377936,
    0.9280476139866086,
    0.9297481135083431,
    0.9278350515463918,
    0.928153895206717,
    0.9324051440110532,
    0.9327239876713784,
    0.9275162078860665,
    0.9355935806143054,
    0.9362312679349559,
    0.9106174938888298,
    0.9366563928153895,
    0.9364438303751728,
    0.9363375491550643,
    0.9332553937719205,
    0.9391008608778829,
    0.940695079179509,
    0.9368689552556063,
    0.9399511106387501,
    0.9399511106387501,
    0.897332341375279,
    0.9402699542990753,
    0.9427144223615687,
    0.9393134233180996,
    0.9381443298969072,
    0.9408013603996174,
    0.9432458284621107,
    0.924752896163248,
    0.9403762355191838,
    0.9408013603996174,
    0.9438835157827612,
    0.9169943670953342,
    0.9433521096822192,
    0.9472845148262302,
    0.9244340525029228,
    0.9454777340843873,
    0.9453714528642789,
    0.9462217026251462,
    0.9420767350409183,
    0.9465405462854714,
    0.9491975767881815,
    0.9411202040599426,
    0.946965671165905,
    0.9478159209267722,
    0.94930385800829,
    0.9377192050164735,
    0.945902858964821
  ]
}