{
  "epoch": [
    1,
    2000,
    4000,
    6000,
    8000,
    10000,
    12000,
    14000,
    16000,
    18000,
    20000,
    22000,
    24000,
    26000,
    28000,
    30000,
    32000,
    34000,
    36000,
    38000,
    40000,
    42000,
    44000,
    46000,
    48000,
    50000,
    52000,
    54000,
    56000,
    58000,
    60000,
    62000,
    64000,
    66000,
    68000,
    70000,
    72000,
    74000,
    76000,
    78000,
    80000,
    82000,
    84000,
    86000,
    88000,
    90000,
    92000,
    94000,
    96000,
    98000,
    100000,
    102000,
    104000,
    106000,
    108000,
    110000,
    112000,
    114000,
    116000,
    118000,
    120000,
    122000,
    124000,
    126000,
    128000,
    130000,
    132000,
    134000,
    136000,
    138000,
    140000,
    142000,
    144000,
    146000,
    148000,
    150000,
    152000,
    154000,
    156000,
    158000,
    160000,
    162000,
    164000,
    166000,
    168000,
    170000,
    172000,
    174000,
    176000,
    178000,
    180000,
    182000,
    184000,
    186000,
    188000,
    190000,
    192000,
    194000,
    196000,
    198000,
    200000
  ],
  "loss": [
    4.575115013122558,
    0.20591197140309792,
    9.893727605053471e-07,
    2.307420555453632e-07,
    2.1558489846498219e-07,
    2.1403200665091048e-07,
    2.1295740485811622e-07,
    2.1792729086342887e-07,
    0.00015197374264092005,
    3.376263707302485e-07,
    0.00018161474595718304,
    8.64066563607004e-05,
    9.144240199070452e-07,
    0.00015433615281599557,
    0.00010756784468548872,
    0.00017397076278519776,
    4.919731930473858e-06,
    0.00017142900843433964,
    1.5645243375566054e-06,
    0.00022296210322129113,
    0.00019135641228204748,
    0.00021132472019933958,
    5.018476436636377e-06,
    0.00024195419002652515,
    0.00021316792533088603,
    4.824459349642041e-06,
    0.00027917367914163834,
    0.0002693154359766197,
    5.122201909056656e-06,
    0.0002324141669753331,
    0.00013265568178798048,
    3.5026731724045133e-06,
    9.437735269465435e-05,
    0.00015614998849363174,
    0.00023907654347111133,
    4.793620550549349e-06,
    0.0002523216741248092,
    0.00026095468644493066,
    5.006049919941091e-06,
    0.00018692527295489895,
    0.00021816446713380415,
    4.1316751621494065e-06,
    0.00021123433431096287,
    0.0003034150496213805,
    3.4718374542570983e-06,
    0.0001709668880031394,
    0.0001876130913842921,
    0.0003195355543762915,
    5.1345800353743695e-06,
    0.00018410278021354926,
    0.00017268706808296842,
    3.888701929271576e-06,
    0.0002301796645718987,
    0.0002018884277325391,
    0.00016473252088198648,
    4.363617283691212e-06,
    0.0002111875859560648,
    0.0001688542037614951,
    4.1643429434572e-06,
    0.0001793167294404654,
    0.0002689854821062831,
    4.158960052647842e-06,
    0.00035750537168793313,
    0.00021343637165659358,
    0.0002645967464504487,
    4.734022037611396e-06,
    0.0001606294595370052,
    0.00015092833460352253,
    3.6562174876316077e-06,
    0.0004097187394476258,
    0.00031050553381486095,
    4.776078787471505e-06,
    0.00023183425687066047,
    0.00023486549000599553,
    2.498526486221664e-06,
    0.0003679261600759773,
    0.00020279152966031332,
    0.0003418836397129553,
    5.227907367113005e-06,
    0.0003101033838032159,
    0.00023991655716577753,
    4.612231616430051e-06,
    0.00038990629908351054,
    0.0002795165916718652,
    4.51278204735388e-06,
    0.00023811099837500293,
    0.00018457865726371168,
    0.00023651222544362866,
    4.844113806409211e-06,
    0.00038725316481797735,
    0.00020916842912217887,
    4.581878064976052e-06,
    0.0003876216072616344,
    0.00031701810402763613,
    5.284242900316371e-06,
    0.00030857855464921615,
    0.00024161924030605277,
    4.54773815267302e-06,
    0.0002779531893302824,
    0.0002423876689368228,
    0.00022450503716347044
  ],
  "train_acc": [
    0.0176,
    1.0,
    1.0,
    1.0,
    1.0,
    1.0,
    1.0,
    1.0,
    1.0,
    1.0,
    1.0,
    1.0,
    1.0,
    1.0,
    1.0,
    1.0,
    1.0,
    1.0,
    1.0,
    1.0,
    1.0,
    1.0,
    1.0,
    1.0,
    1.0,
    1.0,
    1.0,
    1.0,
    1.0,
    1.0,
    1.0,
    1.0,
    1.0,
    1.0,
    1.0,
    1.0,
    1.0,
    1.0,
    1.0,
    1.0,
    1.0,
    1.0,
    1.0,
    1.0,
    1.0,
    1.0,
    1.0,
    1.0,
    1.0,
    1.0,
    1.0,
    1.0,
    1.0,
    1.0,
    1.0,
    1.0,
    1.0,
    1.0,
    1.0,
    1.0,
    1.0,
    1.0,
    1.0,
    1.0,
    1.0,
    1.0,
    1.0,
    1.0,
    1.0,
    1.0,
    1.0,
    1.0,
    1.0,
    1.0,
    1.0,
    1.0,
    1.0,
    1.0,
    1.0,
    1.0,
    1.0,
    1.0,
    1.0,
    1.0,
    1.0,
    1.0,
    1.0,
    1.0,
    1.0,
    1.0,
    1.0,
    1.0,
    1.0,
    1.0,
    1.0,
    1.0,
    1.0,
    1.0,
    1.0,
    1.0,
    1.0
  ],
  "test_acc": [
    0.011265809331491126,
    0.40450632373259643,
    0.4049314486130301,
    0.4057816983738973,
    0.4086512913168243,
    0.4168349452651716,
    0.43841003294717823,
    0.47858433414815604,
    0.5263046019768307,
    0.5801891805717929,
    0.6409820384738016,
    0.6723349984057817,
    0.70113720905516,
    0.7480072271229674,
    0.767775534063131,
    0.7270698267616112,
    0.8130513338293124,
    0.8250611117015624,
    0.8287809544053566,
    0.8501434796471463,
    0.8565203528536508,
    0.8163460516526729,
    0.8705494739079604,
    0.8735253480709958,
    0.8508874481879052,
    0.8786268466361994,
    0.8834095015410777,
    0.8773514719948985,
    0.8889361249867148,
    0.8909554681687746,
    0.8925496864704007,
    0.8877670315655224,
    0.8966946540546286,
    0.898395153576363,
    0.8858539696035711,
    0.9029652460410246,
    0.9050908704431927,
    0.8970134977149538,
    0.90126474651929,
    0.9032840897013498,
    0.9051971516633011,
    0.9027526836008077,
    0.909342119247529,
    0.9108300563290467,
    0.9030715272611329,
    0.9108300563290467,
    0.9118928685301307,
    0.8743755978318631,
    0.9133808056116485,
    0.9154001487937081,
    0.9148687426931661,
    0.909873525348071,
    0.915612711233925,
    0.9179508980763099,
    0.8980763099160378,
    0.9183760229567436,
    0.921883303220321,
    0.9203953661388032,
    0.9180571792964183,
    0.9225209905409714,
    0.9232649590817302,
    0.9183760229567436,
    0.9239026464023807,
    0.925815708364332,
    0.8999893718779891,
    0.9227335529811882,
    0.9235838027420554,
    0.9264533956849824,
    0.9211393346795621,
    0.924752896163248,
    0.928153895206717,
    0.9254968647040068,
    0.9266659581251993,
    0.9291104261876927,
    0.925815708364332,
    0.9298543947284514,
    0.9304920820491019,
    0.9207142097991285,
    0.9304920820491019,
    0.9314486130300775,
    0.9275162078860665,
    0.9308109257094271,
    0.9313423318099692,
    0.9331491125518121,
    0.9278350515463918,
    0.9305983632692103,
    0.9322988627909449,
    0.9037092145817834,
    0.9304920820491019,
    0.9327239876713784,
    0.9211393346795621,
    0.9318737379105112,
    0.9335742374322458,
    0.9259219895844404,
    0.9328302688914869,
    0.9336805186523541,
    0.9328302688914869,
    0.9308109257094271,
    0.9350621745137634,
    0.9348496120735466,
    0.9042406206823255
  ]
}