{
  "epoch": [
    1,
    2000,
    4000,
    6000,
    8000,
    10000,
    12000,
    14000,
    16000,
    18000,
    20000,
    22000,
    24000,
    26000,
    28000,
    30000,
    32000,
    34000,
    36000,
    38000,
    40000,
    42000,
    44000,
    46000,
    48000,
    50000,
    52000,
    54000,
    56000,
    58000,
    60000,
    62000
  ],
  "loss": [
    4.575196218490601,
    0.20602239648753837,
    9.608311552305793e-07,
    2.249948670083768e-07,
    2.1285285892460591e-07,
    2.1257776472296541e-07,
    2.136653144091838e-07,
    2.1561736255435448e-07,
    0.0001446534244529417,
    0.0001982095982972993,
    5.427088974592209e-06,
    0.0001730560949340642,
    2.518317352681265e-06,
    0.00014511556220984332,
    0.0002006883554639586,
    4.264860634969381e-06,
    0.000309791026504805,
    0.00017863836999859188,
    4.132650145163552e-06,
    0.00024697150919969886,
    0.00022290636884752716,
    4.437518480355607e-06,
    0.0002759314419970565,
    0.00020163350007236928,
    3.961300755973696e-06,
    0.0002308251869978058,
    0.00033634005355967316,
    4.640468414137899e-06,
    0.0003079900562310172,
    0.00028237451763591824,
    3.6936528471635198e-06,
    0.00016731777712544442
  ],
  "train_acc": [
    0.0178,
    1.0,
    1.0,
    1.0,
    1.0,
    1.0,
    1.0,
    1.0,
    1.0,
    1.0,
    1.0,
    1.0,
    1.0,
    1.0,
    1.0,
    1.0,
    1.0,
    1.0,
    1.0,
    1.0,
    1.0,
    1.0,
    1.0,
    1.0,
    1.0,
    1.0,
    1.0,
    1.0,
    1.0,
    1.0,
    1.0,
    1.0
  ],
  "test_acc": [
    0.01147837177170794,
    0.4089701349771495,
    0.40918269741736635,
    0.41056435327877566,
    0.4132213837814858,
    0.425018599213519,
    0.4518014666808375,
    0.5085556382187267,
    0.5686045275799766,
    0.6203634817727708,
    0.6939100860877883,
    0.7276012328621533,
    0.7671378467424806,
    0.8091189286853013,
    0.8244234243809119,
    0.8472738867042193,
    0.8702306302476353,
    0.8792645339568498,
    0.8932936550111595,
    0.9055159953236264,
    0.9131682431714316,
    0.9212456158996706,
    0.9301732383887767,
    0.9362312679349559,
    0.940163673078967,
    0.9476033584865554,
    0.9465405462854714,
    0.9522797321713253,
    0.9568498246359868,
    0.959506855138697,
    0.9577000743968541,
    0.9622701668615156
  ]
}