{
  "epoch": [
    1,
    2000,
    4000,
    6000,
    8000,
    10000,
    12000,
    14000,
    16000,
    18000,
    20000,
    22000,
    24000,
    26000,
    28000,
    30000,
    32000,
    34000,
    36000,
    38000,
    40000,
    42000,
    44000,
    46000,
    48000,
    50000,
    52000,
    54000,
    56000,
    58000,
    60000,
    62000,
    64000,
    66000,
    68000,
    70000,
    72000,
    74000,
    76000,
    78000,
    80000,
    82000,
    84000,
    86000,
    88000,
    90000,
    92000,
    94000,
    96000,
    98000,
    100000,
    102000,
    104000,
    106000,
    108000,
    110000,
    112000,
    114000,
    116000,
    118000,
    120000,
    122000,
    124000,
    126000,
    128000,
    130000,
    132000,
    134000,
    136000,
    138000,
    140000,
    142000,
    144000,
    146000,
    148000,
    150000,
    152000,
    154000,
    156000,
    158000,
    160000,
    162000,
    164000,
    166000,
    168000,
    170000,
    172000,
    174000,
    176000,
    178000,
    180000,
    182000,
    184000,
    186000,
    188000,
    190000,
    192000,
    194000,
    196000,
    198000,
    200000
  ],
  "loss": [
    4.575113534927368,
    0.2337606056309396,
    0.02377440742503386,
    0.02316902947614435,
    0.022734888961946125,
    0.02252329250923358,
    0.022436232047807425,
    0.022409837625175715,
    0.022376146997464822,
    0.02239241766217165,
    0.02239620537706651,
    0.022393981031514704,
    0.022394772704085335,
    0.022383145634958055,
    0.022379829312604852,
    0.022386893613566643,
    0.02236358684587758,
    0.02236408021413954,
    0.02237087529762648,
    0.022366767235076985,
    0.022379798458027653,
    0.0223799630031921,
    0.022379537814343348,
    0.022386239242437295,
    0.022390256484481508,
    0.02237477248008363,
    0.022358836995833554,
    0.022366267865081318,
    0.022380008314596488,
    0.02237100616132375,
    0.022375160850677638,
    0.022373274089489133,
    0.022361247476004063,
    0.022368123234738597,
    0.02236403427654877,
    0.022364735457138157,
    0.022377305209147744,
    0.02236440920101013,
    0.02235836455563549,
    0.022339757914026266,
    0.022351973984716462,
    0.02235557750146836,
    0.022349921187345172,
    0.02236687504579313,
    0.022371685643866657,
    0.022360499867843463,
    0.022367947982531042,
    0.022361137188971043,
    0.022362330880365336,
    0.022352682723896577,
    0.02235145084168762,
    0.022356564489379525,
    0.02234837502867449,
    0.022355128599819727,
    0.02235901287822053,
    0.022359573882445694,
    0.02236899006688036,
    0.022366622669342907,
    0.02235567918482702,
    0.022350194552412724,
    0.02236185393668711,
    0.022345062547072303,
    0.02235854682684876,
    0.022361398516304327,
    0.022354275287641213,
    0.022363502953527497,
    0.022348226583958603,
    0.022350476492143934,
    0.022354896919662134,
    0.0223561630646931,
    0.022367476847441867,
    0.022379713574354535,
    0.022361549765698145,
    0.02235596335355658,
    0.02235484566037776,
    0.02238691869340837,
    0.022376604512066113,
    0.022362954790948426,
    0.022355852449673693,
    0.022365161672222893,
    0.02235682227292564,
    0.022361087173526174,
    0.02236938159323763,
    0.02236662727840012,
    0.022373179033165796,
    0.02236794228621293,
    0.022367039584275335,
    0.02236703780643875,
    0.022362629965599626,
    0.022365248630661517,
    0.022376320582348855,
    0.02236497128687333,
    0.022352439712686464,
    0.022349871017900296,
    0.022366375328367577,
    0.02236027816836722,
    0.02236145567485364,
    0.022385649569774978,
    0.022376658309204503,
    0.02235949854834471,
    0.022369577223685336
  ],
  "train_acc": [
    0.0192,
    0.9856,
    0.9856,
    0.9856,
    0.9856,
    0.9856,
    0.9856,
    0.9856,
    0.9856,
    0.9856,
    0.9856,
    0.9856,
    0.9856,
    0.9856,
    0.9856,
    0.9856,
    0.9856,
    0.9856,
    0.9856,
    0.9856,
    0.9856,
    0.9856,
    0.9856,
    0.9856,
    0.9856,
    0.9856,
    0.9856,
    0.9856,
    0.9856,
    0.9856,
    0.9856,
    0.9856,
    0.9856,
    0.9856,
    0.9856,
    0.9856,
    0.9856,
    0.9856,
    0.9856,
    0.9856,
    0.9856,
    0.9856,
    0.9856,
    0.9856,
    0.9856,
    0.9856,
    0.9856,
    0.9856,
    0.9856,
    0.9856,
    0.9856,
    0.9856,
    0.9856,
    0.9856,
    0.9856,
    0.9856,
    0.9856,
    0.9856,
    0.9856,
    0.9856,
    0.9856,
    0.9856,
    0.9856,
    0.9856,
    0.9856,
    0.9856,
    0.9856,
    0.9856,
    0.9856,
    0.9856,
    0.9856,
    0.9856,
    0.9856,
    0.9856,
    0.9856,
    0.9856,
    0.9856,
    0.9856,
    0.9856,
    0.9856,
    0.9856,
    0.9856,
    0.9856,
    0.9856,
    0.9856,
    0.9856,
    0.9856,
    0.9856,
    0.9856,
    0.9856,
    0.9856,
    0.9856,
    0.9856,
    0.9856,
    0.9856,
    0.9856,
    0.9856,
    0.9856,
    0.9856,
    0.9856,
    0.9856
  ],
  "test_acc": [
    0.012009777872249973,
    0.4022744181103199,
    0.40291210543097034,
    0.40312466787118717,
    0.4024869805505367,
    0.40333723031140395,
    0.4032309490912956,
    0.40312466787118717,
    0.40344351153151237,
    0.4035497927516208,
    0.4024869805505367,
    0.40440004251248807,
    0.40344351153151237,
    0.40440004251248807,
    0.4052502922733553,
    0.40471888617281326,
    0.4048251673929217,
    0.40503772983313846,
    0.4055691359336805,
    0.4049314486130301,
    0.40620682325433094,
    0.4057816983738973,
    0.4057816983738973,
    0.40631310447443936,
    0.4064193856945478,
    0.4069507917950898,
    0.4064193856945478,
    0.4073759166755234,
    0.40758847911574025,
    0.4082261664363907,
    0.4078010415559571,
    0.40790732277606545,
    0.4070570730151982,
    0.4083324476564991,
    0.4103517908385588,
    0.41247741524072695,
    0.4110957593793177,
    0.4115208842597513,
    0.4098203847380168,
    0.41258369646083537,
    0.4127962589010522,
    0.4127962589010522,
    0.4132213837814858,
    0.4147093208630035,
    0.41364650866191943,
    0.4142841959825699,
    0.4151344457434371,
    0.41492188330322033,
    0.4156658518439792,
    0.41906685088744816,
    0.41906685088744816,
    0.419279413327665,
    0.41949197576788183,
    0.42161760017004996,
    0.42119247528961634,
    0.42129875650972476,
    0.4218301626102668,
    0.42161760017004996,
    0.4225741311510256,
    0.4259751301944946,
    0.42438091189286853,
    0.4268253799553619,
    0.42608141141460304,
    0.42576256775427784,
    0.42810075459666275,
    0.4295886916781805,
    0.42916356679774686,
    0.42767562971622913,
    0.4300138165586141,
    0.4305452226591561,
    0.4301200977787225,
    0.4296949728982889,
    0.43150175364013177,
    0.4317143160803486,
    0.43267084706132425,
    0.4329896907216495,
    0.4317143160803486,
    0.43224572218089063,
    0.43192687852056544,
    0.4334148156020831,
    0.4329896907216495,
    0.4357530024444681,
    0.434158784142842,
    0.434690190243384,
    0.4349027526836008,
    0.4362844085450101,
    0.43883515782761184,
    0.4383037517270698,
    0.44138590711021364,
    0.44351153151238176,
    0.4410670634498884,
    0.4412796258901052,
    0.44223615687108087,
    0.44340525029227335,
    0.4439366563928154,
    0.44468062493357424,
    0.4445743437134658,
    0.44329896907216493,
    0.44298012541183973,
    0.44755021787650123,
    0.4485067488574769
  ]
}