{
  "epoch": [
    1,
    2000,
    4000,
    6000,
    8000,
    10000,
    12000,
    14000,
    16000,
    18000,
    20000,
    22000,
    24000,
    26000,
    28000,
    30000,
    32000,
    34000,
    36000,
    38000,
    40000,
    42000,
    44000,
    46000,
    48000,
    50000,
    52000,
    54000,
    56000,
    58000,
    60000,
    62000,
    64000,
    66000,
    68000,
    70000,
    72000,
    74000,
    76000,
    78000,
    80000,
    82000,
    84000,
    86000,
    88000,
    90000,
    92000,
    94000,
    96000,
    98000,
    100000,
    102000,
    104000,
    106000,
    108000,
    110000,
    112000,
    114000,
    116000,
    118000,
    120000,
    122000,
    124000,
    126000,
    128000,
    130000,
    132000,
    134000,
    136000,
    138000,
    140000,
    142000,
    144000,
    146000,
    148000,
    150000,
    152000,
    154000,
    156000,
    158000,
    160000,
    162000,
    164000,
    166000,
    168000,
    170000,
    172000,
    174000,
    176000,
    178000,
    180000,
    182000,
    184000,
    186000,
    188000,
    190000,
    192000,
    194000,
    196000,
    198000,
    200000
  ],
  "loss": [
    4.576116132736206,
    0.22996456020105427,
    0.025269122593151404,
    0.024662755130324513,
    0.02429547434593551,
    0.024066469106345904,
    0.023976775764254853,
    0.023917716473387553,
    0.02391118440818973,
    0.02388767186361365,
    0.02386716041304171,
    0.023885070889303462,
    0.023876714407466353,
    0.02387877114531584,
    0.023860990000120364,
    0.0238696863027988,
    0.02387834101507906,
    0.023864525357051754,
    0.023881879887077958,
    0.023861563607433346,
    0.023835918880975804,
    0.023839256695145743,
    0.023861919778073205,
    0.023843783237878235,
    0.02383498823926784,
    0.0238294840260176,
    0.023822810585610567,
    0.023839791970700026,
    0.023846165814250708,
    0.02383327466114424,
    0.02382827488062903,
    0.023835299877775832,
    0.023844998441427016,
    0.023839679453126154,
    0.023843402567855082,
    0.023846294554113412,
    0.023828645646874792,
    0.02382793159163557,
    0.023829616131214426,
    0.023823592855897732,
    0.023813795269816182,
    0.02381436018720269,
    0.023811359076108783,
    0.023810895435651763,
    0.02382266553763766,
    0.02381916702189483,
    0.02379572379689198,
    0.02380503914016299,
    0.02380796931828372,
    0.023816827504173854,
    0.023807134678540752,
    0.02381643208046444,
    0.023811078482377342,
    0.02382501655567903,
    0.02381421434453223,
    0.02381242789761163,
    0.023809257953823545,
    0.023806955879786984,
    0.023814818568190094,
    0.023814692035038023,
    0.023791590322740377,
    0.023814099021279254,
    0.023813884179480375,
    0.023817399722826666,
    0.023819263494736516,
    0.023810238865856082,
    0.02380799294055905,
    0.02382930347151123,
    0.0238368323268136,
    0.023803998941136523,
    0.02381275537603069,
    0.023831208283943126,
    0.023828434970788657,
    0.023811269109742714,
    0.023812554965657182,
    0.02381813114695251,
    0.023815602746838704,
    0.023820056570903397,
    0.023818755457177758,
    0.023832452895701864,
    0.023833006576600018,
    0.023822235412173903,
    0.023833552733482793,
    0.023829673582524993,
    0.023834909344627522,
    0.02382298596263863,
    0.02382338966834359,
    0.02383497820738703,
    0.023825256362580694,
    0.023837405575066806,
    0.023827759642037562,
    0.02381516786373686,
    0.02383203323681373,
    0.023820895391103113,
    0.023820096395234577,
    0.023830748756602408,
    0.023818871378549374,
    0.0238225830971729,
    0.02382241285077762,
    0.023843281471845695,
    0.023833487913105637
  ],
  "train_acc": [
    0.0214,
    0.9846,
    0.9846,
    0.9846,
    0.9846,
    0.9846,
    0.9846,
    0.9846,
    0.9846,
    0.9846,
    0.9846,
    0.9846,
    0.9846,
    0.9846,
    0.9846,
    0.9846,
    0.9846,
    0.9846,
    0.9846,
    0.9846,
    0.9846,
    0.9846,
    0.9846,
    0.9846,
    0.9846,
    0.9846,
    0.9846,
    0.9846,
    0.9846,
    0.9846,
    0.9846,
    0.9846,
    0.9846,
    0.9846,
    0.9846,
    0.9846,
    0.9846,
    0.9846,
    0.9846,
    0.9846,
    0.9846,
    0.9846,
    0.9846,
    0.9846,
    0.9846,
    0.9846,
    0.9846,
    0.9846,
    0.9846,
    0.9846,
    0.9846,
    0.9846,
    0.9846,
    0.9846,
    0.9846,
    0.9846,
    0.9846,
    0.9846,
    0.9846,
    0.9846,
    0.9846,
    0.9846,
    0.9846,
    0.9846,
    0.9846,
    0.9846,
    0.9846,
    0.9846,
    0.9846,
    0.9846,
    0.9846,
    0.9846,
    0.9846,
    0.9846,
    0.9846,
    0.9846,
    0.9846,
    0.9846,
    0.9846,
    0.9846,
    0.9846,
    0.9846,
    0.9846,
    0.9846,
    0.9846,
    0.9846,
    0.9846,
    0.9846,
    0.9846,
    0.9846,
    0.9846,
    0.9846,
    0.9846,
    0.9846,
    0.9846,
    0.9846,
    0.9846,
    0.9846,
    0.9846,
    0.9846,
    0.9846
  ],
  "test_acc": [
    0.011903496652141566,
    0.39685407588479116,
    0.3962163885641407,
    0.39653523222446596,
    0.39727920076522477,
    0.3978106068657668,
    0.3973854819853332,
    0.39727920076522477,
    0.39717291954511635,
    0.3969603571048996,
    0.3963226697842491,
    0.39600382612392393,
    0.39642895100435754,
    0.3974917632054416,
    0.3973854819853332,
    0.3986608566266341,
    0.3979168880858752,
    0.39802316930598364,
    0.39834201296630883,
    0.39855457540652567,
    0.39834201296630883,
    0.3990859815070677,
    0.3987671378467425,
    0.3987671378467425,
    0.39972366882771815,
    0.40014879370815176,
    0.4007864810288022,
    0.4002550749282602,
    0.4012116059092358,
    0.4019555744499947,
    0.4019555744499947,
    0.4019555744499947,
    0.4032309490912956,
    0.4028058242108619,
    0.40301838665107875,
    0.4020618556701031,
    0.40259326177064514,
    0.4024869805505367,
    0.4035497927516208,
    0.40333723031140395,
    0.4039749176320544,
    0.40386863641194604,
    0.40471888617281326,
    0.40471888617281326,
    0.40450632373259643,
    0.40312466787118717,
    0.4049314486130301,
    0.40503772983313846,
    0.4073759166755234,
    0.4069507917950898,
    0.4084387288766075,
    0.4081198852162823,
    0.40886385375704115,
    0.4064193856945478,
    0.4084387288766075,
    0.40928897863747477,
    0.4103517908385588,
    0.4126899776809438,
    0.41237113402061853,
    0.4126899776809438,
    0.4144967584227867,
    0.4146030396428951,
    0.4143904772026783,
    0.41407163354235305,
    0.4122648528005102,
    0.4146030396428951,
    0.4148156020831119,
    0.4165161016048464,
    0.41545328940376236,
    0.4175789138059305,
    0.4152407269635455,
    0.4143904772026783,
    0.4152407269635455,
    0.41842916356679777,
    0.4172600701456053,
    0.41747263258582207,
    0.41874800722712296,
    0.4172600701456053,
    0.4189605696673398,
    0.4168349452651716,
    0.419810819428207,
    0.41906685088744816,
    0.4210861940695079,
    0.419810819428207,
    0.4222552874907004,
    0.42193644383037515,
    0.42204272505048357,
    0.42151131894994154,
    0.422680412371134,
    0.4246997555531937,
    0.422680412371134,
    0.4239557870124349,
    0.425018599213519,
    0.42406206823254333,
    0.4256562865341694,
    0.4258688489743862,
    0.4286321606972048,
    0.42491231799341056,
    0.4253374428738442,
    0.42321181847167605,
    0.42480603677330214
  ]
}