{
  "epoch": [
    1,
    2000,
    4000,
    6000,
    8000,
    10000,
    12000,
    14000,
    16000,
    18000,
    20000,
    22000,
    24000,
    26000,
    28000,
    30000,
    32000,
    34000,
    36000,
    38000,
    40000,
    42000,
    44000,
    46000,
    48000,
    50000,
    52000,
    54000,
    56000,
    58000,
    60000,
    62000,
    64000,
    66000,
    68000,
    70000,
    72000,
    74000,
    76000,
    78000,
    80000,
    82000,
    84000,
    86000,
    88000,
    90000,
    92000,
    94000,
    96000,
    98000,
    100000,
    102000,
    104000,
    106000,
    108000,
    110000,
    112000,
    114000,
    116000,
    118000,
    120000,
    122000,
    124000,
    126000,
    128000,
    130000,
    132000,
    134000,
    136000,
    138000,
    140000,
    142000,
    144000,
    146000,
    148000,
    150000,
    152000,
    154000,
    156000,
    158000,
    160000,
    162000,
    164000,
    166000,
    168000,
    170000,
    172000,
    174000,
    176000,
    178000,
    180000,
    182000,
    184000,
    186000,
    188000,
    190000,
    192000,
    194000,
    196000,
    198000,
    200000
  ],
  "loss": [
    4.575136995315551,
    0.23150613795261943,
    0.02244316448692698,
    0.02189313469409244,
    0.021508571426337584,
    0.021297587866408868,
    0.021223910827620422,
    0.02118063388123992,
    0.021181760189658963,
    0.021159714768105187,
    0.021159504797914997,
    0.021158154108701272,
    0.021164942092332058,
    0.021165757603233214,
    0.0211601233181078,
    0.021163806586310965,
    0.021160163294471568,
    0.021134891758637968,
    0.021133621494309047,
    0.021147181320155504,
    0.021134631155477836,
    0.021138847494556103,
    0.021141760866111144,
    0.021142460571601986,
    0.021137654983444373,
    0.021122855108627117,
    0.02113290359105449,
    0.02113127568445634,
    0.021133568276069128,
    0.021142846483003814,
    0.021133192002610303,
    0.02112648188463645,
    0.021129434140119703,
    0.0211367109922925,
    0.021126182490296196,
    0.021118311092967634,
    0.021141577798943035,
    0.02114573149926718,
    0.021129735481075478,
    0.021128344109491444,
    0.021127413105557206,
    0.021127085921447724,
    0.02113156494514551,
    0.021133507358073258,
    0.021117533030174673,
    0.02110776700838469,
    0.021124348776508123,
    0.02113732021804899,
    0.0211373850379372,
    0.02112587857146282,
    0.021134521662502084,
    0.02113527011270635,
    0.02112063926552073,
    0.021130187480547465,
    0.021132819135440514,
    0.021124810357706157,
    0.02113017699565971,
    0.021132278469973245,
    0.02113435300840065,
    0.021146737440954893,
    0.021141751247411595,
    0.02113626111796621,
    0.021124390585324726,
    0.021139979603071696,
    0.021142840227333363,
    0.021139878058771138,
    0.021145256953081115,
    0.021151620346039998,
    0.02114548030064907,
    0.021143599178257862,
    0.02114280999203911,
    0.021137768372124992,
    0.02112654512184672,
    0.021140613410645166,
    0.021134263501409442,
    0.021148731574928387,
    0.021132385197025722,
    0.02113708127522841,
    0.021133791097055654,
    0.02112805873716716,
    0.02113554913912667,
    0.02113799507145304,
    0.021135556067491415,
    0.021140508082439193,
    0.021151088476809674,
    0.02112144668865949,
    0.02114774731565267,
    0.02114977733967826,
    0.02112443078972865,
    0.02111120678309817,
    0.021132461432961283,
    0.02112121773425024,
    0.021119711515586823,
    0.02111687417095527,
    0.021132051360281186,
    0.02113522330465494,
    0.02112235688532237,
    0.021138754975108896,
    0.02113757628611056,
    0.021125515438057484,
    0.02113502439975273
  ],
  "train_acc": [
    0.0186,
    0.9862,
    0.9862,
    0.9862,
    0.9862,
    0.9862,
    0.9862,
    0.9862,
    0.9862,
    0.9862,
    0.9862,
    0.9862,
    0.9862,
    0.9862,
    0.9862,
    0.9862,
    0.9862,
    0.9862,
    0.9862,
    0.9862,
    0.9862,
    0.9862,
    0.9862,
    0.9862,
    0.9862,
    0.9862,
    0.9862,
    0.9862,
    0.9862,
    0.9862,
    0.9862,
    0.9862,
    0.9862,
    0.9862,
    0.9862,
    0.9862,
    0.9862,
    0.9862,
    0.9862,
    0.9862,
    0.9862,
    0.9862,
    0.9862,
    0.9862,
    0.9862,
    0.9862,
    0.9862,
    0.9862,
    0.9862,
    0.9862,
    0.9862,
    0.9862,
    0.9862,
    0.9862,
    0.9862,
    0.9862,
    0.9862,
    0.9862,
    0.9862,
    0.9862,
    0.9862,
    0.9862,
    0.9862,
    0.9862,
    0.9862,
    0.9862,
    0.9862,
    0.9862,
    0.9862,
    0.9862,
    0.9862,
    0.9862,
    0.9862,
    0.9862,
    0.9862,
    0.9862,
    0.9862,
    0.9862,
    0.9862,
    0.9862,
    0.9862,
    0.9862,
    0.9862,
    0.9862,
    0.9862,
    0.9862,
    0.9862,
    0.9862,
    0.9862,
    0.9862,
    0.9862,
    0.9862,
    0.9862,
    0.9862,
    0.9862,
    0.9862,
    0.9862,
    0.9862,
    0.9862,
    0.9862,
    0.9862
  ],
  "test_acc": [
    0.01211605909235838,
    0.4024869805505367,
    0.4037623551918376,
    0.4035497927516208,
    0.4028058242108619,
    0.40344351153151237,
    0.4037623551918376,
    0.40301838665107875,
    0.4040811988521628,
    0.4035497927516208,
    0.40344351153151237,
    0.40312466787118717,
    0.4039749176320544,
    0.4036560739717292,
    0.40461260495270485,
    0.4039749176320544,
    0.40440004251248807,
    0.4039749176320544,
    0.40429376129237965,
    0.40418748007227123,
    0.4057816983738973,
    0.4052502922733553,
    0.40546285471357213,
    0.4051440110532469,
    0.4061005420342226,
    0.40758847911574025,
    0.4086512913168243,
    0.4064193856945478,
    0.4061005420342226,
    0.4081198852162823,
    0.4097141035179084,
    0.4109894781592093,
    0.4110957593793177,
    0.41088319693910086,
    0.4115208842597513,
    0.41258369646083537,
    0.41332766500159424,
    0.4119460091401849,
    0.41237113402061853,
    0.4155595706238708,
    0.413540227441811,
    0.4143904772026783,
    0.4176851950260389,
    0.4172600701456053,
    0.4163035391646296,
    0.4173663513657137,
    0.4189605696673398,
    0.4193856945477734,
    0.41864172600701455,
    0.41991710064831544,
    0.419810819428207,
    0.42023594430864064,
    0.4222552874907004,
    0.422680412371134,
    0.42204272505048357,
    0.4225741311510256,
    0.4237432245722181,
    0.4246997555531937,
    0.42661281751514507,
    0.4279944733765544,
    0.42693166117547027,
    0.42650653629503665,
    0.42746306727601235,
    0.42905728557763845,
    0.4299075353385057,
    0.431820597300457,
    0.4311829099798066,
    0.43107662875969815,
    0.4304389414390477,
    0.4303326602189393,
    0.43075778509937296,
    0.4299075353385057,
    0.43075778509937296,
    0.4317143160803486,
    0.43352109682219153,
    0.4330959719417579,
    0.4358592836645765,
    0.4351153151238176,
    0.4345839090232756,
    0.43362737804229995,
    0.437559783186311,
    0.4374535019662026,
    0.44053565734934635,
    0.44096078222978,
    0.43894143904772026,
    0.4396854075884791,
    0.44149218833032206,
    0.44011053246891274,
    0.44021681368902116,
    0.44096078222978,
    0.44212987565097245,
    0.44499946859389944,
    0.44680624933574237,
    0.44329896907216493,
    0.44499946859389944,
    0.44308640663194815,
    0.4436178127324902,
    0.4425550005314061,
    0.4423424380911893,
    0.44468062493357424,
    0.44478690615368266
  ]
}