{
  "epoch": [
    1,
    2000,
    4000,
    6000,
    8000,
    10000,
    12000,
    14000,
    16000,
    18000,
    20000,
    22000,
    24000,
    26000,
    28000,
    30000,
    32000,
    34000,
    36000,
    38000,
    40000,
    42000,
    44000,
    46000,
    48000,
    50000,
    52000,
    54000,
    56000,
    58000,
    60000,
    62000,
    64000,
    66000,
    68000,
    70000,
    72000,
    74000,
    76000,
    78000,
    80000,
    82000,
    84000,
    86000,
    88000,
    90000,
    92000,
    94000,
    96000,
    98000,
    100000,
    102000,
    104000,
    106000,
    108000,
    110000,
    112000,
    114000,
    116000,
    118000,
    120000,
    122000,
    124000,
    126000,
    128000,
    130000,
    132000,
    134000,
    136000,
    138000,
    140000,
    142000,
    144000,
    146000,
    148000,
    150000,
    152000,
    154000,
    156000,
    158000,
    160000,
    162000,
    164000,
    166000,
    168000,
    170000,
    172000,
    174000,
    176000,
    178000,
    180000,
    182000,
    184000,
    186000,
    188000,
    190000,
    192000,
    194000,
    196000,
    198000,
    200000
  ],
  "loss": [
    4.575148344039917,
    0.23979799891179107,
    0.029349276073044165,
    0.028673905691551045,
    0.028181259494205007,
    0.027801412095176056,
    0.02753681076413486,
    0.027419015150517225,
    0.02739825891586952,
    0.027379301025229508,
    0.027384729191311637,
    0.027371302054682748,
    0.02738229934144765,
    0.02738942187058274,
    0.027375724740466102,
    0.02738785418511834,
    0.027396266310266218,
    0.027390837053954602,
    0.02738641390623525,
    0.027383034675125963,
    0.027372673086728902,
    0.027370336375478654,
    0.027367249810765496,
    0.02737932339645922,
    0.0273841559964465,
    0.027367576289875434,
    0.02735242572412826,
    0.027352618002495728,
    0.0273346843555104,
    0.027341477670683526,
    0.027353097173711285,
    0.02736451742607169,
    0.02734558923311997,
    0.027360833067260684,
    0.02735334071503021,
    0.02734166007791646,
    0.027361429750686513,
    0.027355592512281146,
    0.02735331904408522,
    0.027360471297241746,
    0.027355749440565704,
    0.027354405204765498,
    0.02735382359996438,
    0.027340404997300356,
    0.027349503395520152,
    0.02735575328946579,
    0.027371502497280018,
    0.027355133504001424,
    0.027354906270233913,
    0.02734795786149334,
    0.027335162720363588,
    0.027338885443727486,
    0.02734455224412959,
    0.027340703804022634,
    0.0273490660460433,
    0.027347671061195435,
    0.027351547983800992,
    0.027332159204850905,
    0.027312425687303767,
    0.02731719325762242,
    0.027324433475825936,
    0.02731706197108142,
    0.027320557248359547,
    0.027316671482683158,
    0.027326230810116977,
    0.02732906546809245,
    0.02730682104146108,
    0.02731835765230935,
    0.02732915125992149,
    0.02733474484682083,
    0.02733462129270192,
    0.027346110301907173,
    0.027354013735125773,
    0.027338699453230947,
    0.027339219552022405,
    0.0273422405004967,
    0.027353093008231372,
    0.027344148113927803,
    0.027332405938743615,
    0.027361580190295352,
    0.02734653088010382,
    0.027338222783757374,
    0.027336329319211653,
    0.02732520148472395,
    0.027329447484738194,
    0.02735715173392091,
    0.027373496995586902,
    0.027349058486148714,
    0.027350547909387388,
    0.027344896242581306,
    0.027344009149936028,
    0.027343743747193366,
    0.02733134032227099,
    0.02733388624668587,
    0.02735323380252812,
    0.02735548582174815,
    0.027359259319491683,
    0.027347498262510636,
    0.02733923073045444,
    0.027328422166826204,
    0.027342021501483394
  ],
  "train_acc": [
    0.018,
    0.9824,
    0.9824,
    0.9824,
    0.9824,
    0.9824,
    0.9824,
    0.9824,
    0.9824,
    0.9824,
    0.9824,
    0.9824,
    0.9824,
    0.9824,
    0.9824,
    0.9824,
    0.9824,
    0.9824,
    0.9824,
    0.9824,
    0.9824,
    0.9824,
    0.9824,
    0.9824,
    0.9824,
    0.9824,
    0.9824,
    0.9824,
    0.9824,
    0.9824,
    0.9824,
    0.9824,
    0.9824,
    0.9824,
    0.9824,
    0.9824,
    0.9824,
    0.9824,
    0.9824,
    0.9824,
    0.9824,
    0.9824,
    0.9824,
    0.9824,
    0.9824,
    0.9824,
    0.9824,
    0.9824,
    0.9824,
    0.9824,
    0.9824,
    0.9824,
    0.9824,
    0.9824,
    0.9824,
    0.9824,
    0.9824,
    0.9824,
    0.9824,
    0.9824,
    0.9824,
    0.9824,
    0.9824,
    0.9824,
    0.9824,
    0.9824,
    0.9824,
    0.9824,
    0.9824,
    0.9824,
    0.9824,
    0.9824,
    0.9824,
    0.9824,
    0.9824,
    0.9824,
    0.9824,
    0.9824,
    0.9824,
    0.9824,
    0.9824,
    0.9824,
    0.9824,
    0.9824,
    0.9824,
    0.9824,
    0.9824,
    0.9824,
    0.9824,
    0.9824,
    0.9824,
    0.9824,
    0.9824,
    0.9824,
    0.9824,
    0.9824,
    0.9824,
    0.9824,
    0.9824,
    0.9824,
    0.9824
  ],
  "test_acc": [
    0.01147837177170794,
    0.4003613561483686,
    0.4007864810288022,
    0.40163673078966944,
    0.4005739185885854,
    0.4012116059092358,
    0.4019555744499947,
    0.4012116059092358,
    0.4019555744499947,
    0.4018492932298863,
    0.4003613561483686,
    0.40131788712934424,
    0.40174301200977786,
    0.4019555744499947,
    0.4023806993304283,
    0.4018492932298863,
    0.4022744181103199,
    0.4028058242108619,
    0.40269954299075356,
    0.40174301200977786,
    0.4023806993304283,
    0.40269954299075356,
    0.4021681368902115,
    0.4032309490912956,
    0.40291210543097034,
    0.40312466787118717,
    0.4032309490912956,
    0.40269954299075356,
    0.40269954299075356,
    0.4036560739717292,
    0.40429376129237965,
    0.40344351153151237,
    0.4037623551918376,
    0.40386863641194604,
    0.40471888617281326,
    0.40503772983313846,
    0.40461260495270485,
    0.40301838665107875,
    0.40386863641194604,
    0.4053565734934637,
    0.40418748007227123,
    0.40588797959400574,
    0.40588797959400574,
    0.4065256669146562,
    0.40450632373259643,
    0.4051440110532469,
    0.4064193856945478,
    0.40599426081411416,
    0.4061005420342226,
    0.4078010415559571,
    0.40875757253693273,
    0.40716335423530664,
    0.4089701349771495,
    0.40886385375704115,
    0.4099266659581252,
    0.40928897863747477,
    0.4083324476564991,
    0.4099266659581252,
    0.410139228398342,
    0.41120204059942606,
    0.4097141035179084,
    0.41120204059942606,
    0.41237113402061853,
    0.4113083218195345,
    0.4099266659581252,
    0.41205229036029334,
    0.41332766500159424,
    0.4102455096184504,
    0.4110957593793177,
    0.4126899776809438,
    0.413540227441811,
    0.413008821341269,
    0.41375278988202785,
    0.41577213306408756,
    0.41832288234668935,
    0.41842916356679777,
    0.41959825698799025,
    0.4165161016048464,
    0.41704750770538845,
    0.41991710064831544,
    0.4191731321075566,
    0.41959825698799025,
    0.4214050377298331,
    0.4208736316292911,
    0.4209799128493995,
    0.42119247528961634,
    0.422680412371134,
    0.4209799128493995,
    0.4218301626102668,
    0.4229992560314592,
    0.4223615687108088,
    0.4210861940695079,
    0.42576256775427784,
    0.42438091189286853,
    0.4241683494526517,
    0.4283133170368796,
    0.4287384419173132,
    0.4253374428738442,
    0.4275693484961207,
    0.428419598256988,
    0.42788819215644597
  ]
}