{
  "epoch": [
    1,
    2000,
    4000,
    6000,
    8000,
    10000,
    12000,
    14000,
    16000,
    18000,
    20000,
    22000,
    24000,
    26000,
    28000,
    30000,
    32000,
    34000,
    36000,
    38000,
    40000,
    42000,
    44000,
    46000,
    48000,
    50000,
    52000,
    54000,
    56000,
    58000,
    60000,
    62000,
    64000,
    66000,
    68000,
    70000,
    72000,
    74000,
    76000,
    78000,
    80000,
    82000,
    84000,
    86000,
    88000,
    90000,
    92000,
    94000,
    96000,
    98000,
    100000,
    102000,
    104000,
    106000,
    108000,
    110000,
    112000,
    114000,
    116000,
    118000,
    120000,
    122000,
    124000,
    126000,
    128000,
    130000,
    132000,
    134000,
    136000,
    138000,
    140000,
    142000,
    144000,
    146000,
    148000,
    150000,
    152000,
    154000,
    156000,
    158000,
    160000,
    162000,
    164000,
    166000,
    168000,
    170000,
    172000,
    174000,
    176000,
    178000,
    180000,
    182000,
    184000,
    186000,
    188000,
    190000,
    192000,
    194000,
    196000,
    198000,
    200000
  ],
  "loss": [
    4.575089645385742,
    0.23689737113450318,
    0.027019712292822077,
    0.026354644930316137,
    0.025883124812552706,
    0.02555014632383827,
    0.02536746152455453,
    0.02531614878217224,
    0.025305346753029152,
    0.02530430019663181,
    0.025324973080540075,
    0.02530492914421484,
    0.025313533418020232,
    0.025306352600548417,
    0.025280597019521518,
    0.025298367378453257,
    0.025299167379108256,
    0.025307631466933527,
    0.025312394892866723,
    0.025298940989351832,
    0.025286807864671572,
    0.02528235078365542,
    0.025293109051021747,
    0.025281203130818903,
    0.025295599016011694,
    0.02529492036572192,
    0.025275570381525905,
    0.025298735985858366,
    0.02527652933911886,
    0.025279622208955698,
    0.025263590370235033,
    0.025276192353432998,
    0.025283428376773373,
    0.02528858868391253,
    0.025293774183583445,
    0.02529237839707639,
    0.025304917174577713,
    0.025288444385083857,
    0.025278213598718867,
    0.025273843156103978,
    0.02528754564274568,
    0.025283806195668876,
    0.025298566859494893,
    0.025298916180513335,
    0.02530401816368103,
    0.025298860777262597,
    0.025286929483595306,
    0.025279900290840304,
    0.02529241056055762,
    0.025287851352756845,
    0.02526897492427379,
    0.02528185969241895,
    0.02528714022950735,
    0.02527564401885029,
    0.025292832067958078,
    0.02528713044403121,
    0.025284982783254237,
    0.02528031743343454,
    0.025273911310429685,
    0.025271160605410115,
    0.025270339312427677,
    0.025263132403441704,
    0.02529161369698122,
    0.025286855500820094,
    0.025281730350956787,
    0.025290764479432255,
    0.025282742179534398,
    0.025289905282319523,
    0.025278224785858765,
    0.02527863578030374,
    0.02527829150601756,
    0.025275961439055392,
    0.025277200542204083,
    0.025274302374967375,
    0.025285061331791803,
    0.025291582395229488,
    0.025270108019001782,
    0.025276677607768215,
    0.025263583638193084,
    0.025271530500473455,
    0.025285634419042618,
    0.02527739251512103,
    0.025259070189110933,
    0.025253664588858374,
    0.025257242036028766,
    0.02527034284567926,
    0.02528105652818922,
    0.025270244938810357,
    0.02526486628165003,
    0.025270098094339482,
    0.025280681974987965,
    0.02528719056015834,
    0.02527741021285765,
    0.02528208556198515,
    0.025280774238542653,
    0.025272387787746264,
    0.025273195354500785,
    0.02527552000558935,
    0.025272113839839586,
    0.02530800738031976,
    0.025281129764136857
  ],
  "train_acc": [
    0.0178,
    0.9838,
    0.9838,
    0.9838,
    0.9838,
    0.9838,
    0.9838,
    0.9838,
    0.9838,
    0.9838,
    0.9838,
    0.9838,
    0.9838,
    0.9838,
    0.9838,
    0.9838,
    0.9838,
    0.9838,
    0.9838,
    0.9838,
    0.9838,
    0.9838,
    0.9838,
    0.9838,
    0.9838,
    0.9838,
    0.9838,
    0.9838,
    0.9838,
    0.9838,
    0.9838,
    0.9838,
    0.9838,
    0.9838,
    0.9838,
    0.9838,
    0.9838,
    0.9838,
    0.9838,
    0.9838,
    0.9838,
    0.9838,
    0.9838,
    0.9838,
    0.9838,
    0.9838,
    0.9838,
    0.9838,
    0.9838,
    0.9838,
    0.9838,
    0.9838,
    0.9838,
    0.9838,
    0.9838,
    0.9838,
    0.9838,
    0.9838,
    0.9838,
    0.9838,
    0.9838,
    0.9838,
    0.9838,
    0.9838,
    0.9838,
    0.9838,
    0.9838,
    0.9838,
    0.9838,
    0.9838,
    0.9838,
    0.9838,
    0.9838,
    0.9838,
    0.9838,
    0.9838,
    0.9838,
    0.9838,
    0.9838,
    0.9838,
    0.9838,
    0.9838,
    0.9838,
    0.9838,
    0.9838,
    0.9838,
    0.9838,
    0.9838,
    0.9838,
    0.9838,
    0.9838,
    0.9838,
    0.9838,
    0.9838,
    0.9838,
    0.9838,
    0.9838,
    0.9838,
    0.9838,
    0.9838,
    0.9838
  ],
  "test_acc": [
    0.011372090551599533,
    0.4003613561483686,
    0.4012116059092358,
    0.4021681368902115,
    0.40174301200977786,
    0.4012116059092358,
    0.40174301200977786,
    0.40131788712934424,
    0.4023806993304283,
    0.40142416834945266,
    0.4011053246891274,
    0.4020618556701031,
    0.4020618556701031,
    0.40131788712934424,
    0.4024869805505367,
    0.4012116059092358,
    0.40131788712934424,
    0.4015304495695611,
    0.4022744181103199,
    0.40312466787118717,
    0.40291210543097034,
    0.40259326177064514,
    0.40259326177064514,
    0.40269954299075356,
    0.40291210543097034,
    0.40429376129237965,
    0.40301838665107875,
    0.4037623551918376,
    0.4036560739717292,
    0.4049314486130301,
    0.4053565734934637,
    0.40546285471357213,
    0.4053565734934637,
    0.40503772983313846,
    0.4057816983738973,
    0.4057816983738973,
    0.40620682325433094,
    0.40588797959400574,
    0.4069507917950898,
    0.40758847911574025,
    0.4085450100967159,
    0.4089701349771495,
    0.4086512913168243,
    0.4097141035179084,
    0.40875757253693273,
    0.40886385375704115,
    0.4102455096184504,
    0.413008821341269,
    0.4093952598575832,
    0.41215857158040176,
    0.4126899776809438,
    0.41258369646083537,
    0.41077691571899244,
    0.41385907110213627,
    0.413008821341269,
    0.4159846955043044,
    0.4155595706238708,
    0.4155595706238708,
    0.41407163354235305,
    0.41492188330322033,
    0.4119460091401849,
    0.41417791476246146,
    0.41492188330322033,
    0.4155595706238708,
    0.41534700818365394,
    0.415878414284196,
    0.4172600701456053,
    0.4191731321075566,
    0.41821660112658093,
    0.4176851950260389,
    0.419810819428207,
    0.41864172600701455,
    0.42129875650972476,
    0.419279413327665,
    0.42002338186842386,
    0.4224678499309172,
    0.4222552874907004,
    0.4223615687108088,
    0.42161760017004996,
    0.42459347433308536,
    0.42576256775427784,
    0.42650653629503665,
    0.42746306727601235,
    0.4286321606972048,
    0.4299075353385057,
    0.4320331597406738,
    0.431289191199915,
    0.4313954724200234,
    0.4313954724200234,
    0.4302263789988309,
    0.42916356679774686,
    0.43352109682219153,
    0.43150175364013177,
    0.431289191199915,
    0.43245828462110747,
    0.43150175364013177,
    0.43256456584121583,
    0.43394622170262515,
    0.43713465830587733,
    0.4362844085450101,
    0.43692209586566055
  ]
}