{
  "epoch": [
    1,
    2000,
    4000,
    6000,
    8000,
    10000,
    12000,
    14000,
    16000,
    18000,
    20000,
    22000,
    24000,
    26000,
    28000,
    30000,
    32000,
    34000,
    36000,
    38000,
    40000,
    42000,
    44000,
    46000,
    48000,
    50000,
    52000,
    54000,
    56000,
    58000,
    60000,
    62000,
    64000,
    66000,
    68000,
    70000,
    72000,
    74000,
    76000,
    78000,
    80000,
    82000,
    84000,
    86000,
    88000,
    90000,
    92000,
    94000,
    96000,
    98000,
    100000,
    102000,
    104000,
    106000,
    108000,
    110000,
    112000,
    114000,
    116000,
    118000,
    120000,
    122000,
    124000,
    126000,
    128000,
    130000,
    132000,
    134000,
    136000,
    138000,
    140000,
    142000,
    144000,
    146000,
    148000,
    150000,
    152000,
    154000,
    156000,
    158000,
    160000,
    162000,
    164000,
    166000,
    168000,
    170000,
    172000,
    174000,
    176000,
    178000,
    180000,
    182000,
    184000,
    186000,
    188000,
    190000,
    192000,
    194000,
    196000,
    198000,
    200000
  ],
  "loss": [
    4.575733232498169,
    0.22517631797449827,
    0.01981364180393284,
    0.019324041742325063,
    0.019087224000820423,
    0.018964415593433658,
    0.01893324101559119,
    0.018909118413215038,
    0.018895696377195417,
    0.018876161187980325,
    0.018858289333595894,
    0.018857899141754023,
    0.01885115462610265,
    0.018853795674047432,
    0.01886256111440016,
    0.018848717343853787,
    0.01884371047348004,
    0.018838221978663933,
    0.018832181312551256,
    0.01883549729907245,
    0.018823320632835386,
    0.018826594524295068,
    0.018827023583615664,
    0.01882887863165233,
    0.018820569151162637,
    0.018833101904636714,
    0.018830167012783932,
    0.018832540991483255,
    0.018830953089660034,
    0.018821328708366492,
    0.018820465462596622,
    0.018833777290722355,
    0.018828543828590772,
    0.018830489735223818,
    0.018831364509183914,
    0.01883242808216601,
    0.01881959673416859,
    0.01882284091608599,
    0.01882950429414632,
    0.0188416499914007,
    0.018837720394926146,
    0.018828258885329706,
    0.018840014661854365,
    0.018842507989623117,
    0.01883913232490886,
    0.01883541990527883,
    0.018847992206155323,
    0.01884171688532224,
    0.018851885958848288,
    0.01886295306708198,
    0.018852306205395145,
    0.01886265997578157,
    0.018858032602991442,
    0.018840652946266346,
    0.018858412575011606,
    0.018853588468476665,
    0.018862243341270367,
    0.018864199879957595,
    0.018859166956960688,
    0.0188562148757861,
    0.01884826436312869,
    0.0188613571414724,
    0.018858626917027867,
    0.01886127088315552,
    0.018860910701891408,
    0.018864087251899763,
    0.018876885290979407,
    0.018863009481452173,
    0.018844077031844063,
    0.018854053202527574,
    0.01885549622628605,
    0.018854384307726287,
    0.018861060541972983,
    0.018862952492467593,
    0.0188659435881651,
    0.01885534547608113,
    0.018858372732203837,
    0.018864512368291616,
    0.01888136456096545,
    0.018889424501778558,
    0.018878034809138626,
    0.01887570767835714,
    0.018890191246394534,
    0.01887284844969399,
    0.018873959644685964,
    0.018873000551894073,
    0.018870130843948573,
    0.01887671709425049,
    0.018879186604334974,
    0.018870581466832664,
    0.018885992305295075,
    0.018874719891918357,
    0.01887399383339216,
    0.018870018531335516,
    0.018867851047543807,
    0.0188670325048035,
    0.018878945280564947,
    0.018875805286120158,
    0.018875355973816475,
    0.01887589551974088,
    0.018868266159988708
  ],
  "train_acc": [
    0.0176,
    0.9876,
    0.9876,
    0.9876,
    0.9876,
    0.9876,
    0.9876,
    0.9876,
    0.9876,
    0.9876,
    0.9876,
    0.9876,
    0.9876,
    0.9876,
    0.9876,
    0.9876,
    0.9876,
    0.9876,
    0.9876,
    0.9876,
    0.9876,
    0.9876,
    0.9876,
    0.9876,
    0.9876,
    0.9876,
    0.9876,
    0.9876,
    0.9876,
    0.9876,
    0.9876,
    0.9876,
    0.9876,
    0.9876,
    0.9876,
    0.9876,
    0.9876,
    0.9876,
    0.9876,
    0.9876,
    0.9876,
    0.9876,
    0.9876,
    0.9876,
    0.9876,
    0.9876,
    0.9876,
    0.9876,
    0.9876,
    0.9876,
    0.9876,
    0.9876,
    0.9876,
    0.9876,
    0.9876,
    0.9876,
    0.9876,
    0.9876,
    0.9876,
    0.9876,
    0.9876,
    0.9876,
    0.9876,
    0.9876,
    0.9876,
    0.9876,
    0.9876,
    0.9876,
    0.9876,
    0.9876,
    0.9876,
    0.9876,
    0.9876,
    0.9876,
    0.9876,
    0.9876,
    0.9876,
    0.9876,
    0.9876,
    0.9876,
    0.9876,
    0.9876,
    0.9876,
    0.9876,
    0.9876,
    0.9876,
    0.9876,
    0.9876,
    0.9876,
    0.9876,
    0.9876,
    0.9876,
    0.9876,
    0.9876,
    0.9876,
    0.9876,
    0.9876,
    0.9876,
    0.9876,
    0.9876,
    0.9876
  ],
  "test_acc": [
    0.012009777872249973,
    0.3991922627271761,
    0.3991922627271761,
    0.39972366882771815,
    0.3990859815070677,
    0.3995111063875013,
    0.3991922627271761,
    0.39929854394728453,
    0.3995111063875013,
    0.4003613561483686,
    0.3995111063875013,
    0.4002550749282602,
    0.4006801998086938,
    0.4015304495695611,
    0.40099904346901905,
    0.40131788712934424,
    0.4019555744499947,
    0.4022744181103199,
    0.40142416834945266,
    0.4024869805505367,
    0.4028058242108619,
    0.4022744181103199,
    0.40291210543097034,
    0.4040811988521628,
    0.4051440110532469,
    0.40599426081411416,
    0.40503772983313846,
    0.40503772983313846,
    0.4056754171537889,
    0.40673822935487297,
    0.4069507917950898,
    0.4073759166755234,
    0.4082261664363907,
    0.4089701349771495,
    0.4116271654798597,
    0.4113083218195345,
    0.4118397279200765,
    0.4126899776809438,
    0.41215857158040176,
    0.4131151025613774,
    0.413540227441811,
    0.41407163354235305,
    0.41545328940376236,
    0.4180040386863641,
    0.4210861940695079,
    0.4206610691890743,
    0.4224678499309172,
    0.4208736316292911,
    0.42331809969178447,
    0.4241683494526517,
    0.4253374428738442,
    0.425018599213519,
    0.4252311616537358,
    0.42778191093633755,
    0.42788819215644597,
    0.4301200977787225,
    0.42980125411839726,
    0.4283133170368796,
    0.4308640663194813,
    0.4303326602189393,
    0.43267084706132425,
    0.43245828462110747,
    0.4349027526836008,
    0.4332022531618663,
    0.4345839090232756,
    0.43522159634392604,
    0.4367095334254437,
    0.4361781273249017,
    0.4379849080667446,
    0.4427675629716229,
    0.444361781273249,
    0.44765649909660965,
    0.44956956105856094,
    0.4497821234987778,
    0.4503135295993198,
    0.4486130300775853,
    0.4522265915612711,
    0.45424593474333086,
    0.456371559145499,
    0.4548836220639813,
    0.4546710596237645,
    0.4584971835476671,
    0.45902858964820914,
    0.463173557232437,
    0.4623233074715698,
    0.46157933893081093,
    0.46327983845254544,
    0.46657455627590605,
    0.46338611967265386,
    0.466043150175364,
    0.4658305877351472,
    0.46997555531937507,
    0.46689339993623125,
    0.47029439897970027,
    0.46997555531937507,
    0.46997555531937507,
    0.4700818365394835,
    0.4721011797215432,
    0.47114464874056755,
    0.47071952386013394,
    0.47242002338186845
  ]
}