{
  "epoch": [
    1,
    2000,
    4000,
    6000,
    8000,
    10000,
    12000,
    14000,
    16000,
    18000,
    20000,
    22000,
    24000,
    26000,
    28000,
    30000,
    32000,
    34000,
    36000,
    38000,
    40000,
    42000,
    44000,
    46000,
    48000,
    50000,
    52000,
    54000,
    56000,
    58000,
    60000,
    62000,
    64000,
    66000,
    68000,
    70000,
    72000,
    74000,
    76000,
    78000,
    80000,
    82000,
    84000,
    86000,
    88000,
    90000,
    92000,
    94000,
    96000,
    98000,
    100000,
    102000,
    104000,
    106000,
    108000,
    110000,
    112000,
    114000,
    116000,
    118000,
    120000,
    122000,
    124000,
    126000,
    128000,
    130000,
    132000,
    134000,
    136000,
    138000,
    140000,
    142000,
    144000,
    146000,
    148000,
    150000,
    152000,
    154000,
    156000,
    158000,
    160000,
    162000,
    164000,
    166000,
    168000,
    170000,
    172000,
    174000,
    176000,
    178000,
    180000,
    182000,
    184000,
    186000,
    188000,
    190000,
    192000,
    194000,
    196000,
    198000,
    200000
  ],
  "loss": [
    4.575829315185547,
    0.2261020863265416,
    0.020378605953307125,
    0.019863333775568752,
    0.019528051642107313,
    0.01937036817764165,
    0.01928927105240291,
    0.019263954595453107,
    0.019271256730612366,
    0.019261514515872113,
    0.01925728709573159,
    0.019262914961506613,
    0.019261555613123347,
    0.01925040668931324,
    0.01924194683979731,
    0.01924396177920862,
    0.019245265575265513,
    0.01925984832245158,
    0.01926596896055853,
    0.019263014012150234,
    0.01925566462225979,
    0.019245251971972174,
    0.01925432560236659,
    0.019252017425117948,
    0.01925540954436874,
    0.019267015238455497,
    0.01923915380821563,
    0.01925014864030527,
    0.019237778321746737,
    0.019217881277692504,
    0.019226969241711776,
    0.019223939195822458,
    0.019216587117419113,
    0.019231779126799665,
    0.01923959030015394,
    0.019229286801151466,
    0.019231572187889834,
    0.019243326950701883,
    0.019240183879225516,
    0.019223089657863603,
    0.019237542111682705,
    0.019241020507132636,
    0.019225895048270467,
    0.019242509580997283,
    0.019252607793034986,
    0.019242237765574828,
    0.01923831958458759,
    0.019237116190372036,
    0.019231386488873976,
    0.019227604119863826,
    0.019235672947810964,
    0.01923783174813725,
    0.019235152326803655,
    0.019241065221303144,
    0.019222672336542745,
    0.019237451033416435,
    0.01923155147342477,
    0.01922323718611151,
    0.019228212467615958,
    0.019229882461205126,
    0.019215850113442866,
    0.019222318403667303,
    0.01921688202037476,
    0.019217509274696933,
    0.019210280935862103,
    0.01921208635142539,
    0.01922274793284014,
    0.019221976186777467,
    0.019221971869131084,
    0.01921912309937179,
    0.019221590646909318,
    0.019210303557547742,
    0.019216417095740325,
    0.01924163721393561,
    0.01923213317450718,
    0.019220431810838635,
    0.019230285701469983,
    0.01922489514418412,
    0.0192107631707564,
    0.01923296100718435,
    0.019224288078234533,
    0.019224513704376296,
    0.01922977329005953,
    0.019233998737251387,
    0.019246984237013386,
    0.019241746950196103,
    0.019235883763467427,
    0.019246788735996233,
    0.019235948726674543,
    0.0192400437088334,
    0.019258680744539014,
    0.019240343408088667,
    0.019240832625189795,
    0.019236724607471844,
    0.019234730918321293,
    0.01922624073915649,
    0.019239018443696142,
    0.01923749352330342,
    0.01924039560254896,
    0.019229000708751845,
    0.019223933882219716
  ],
  "train_acc": [
    0.016,
    0.9874,
    0.9874,
    0.9874,
    0.9874,
    0.9874,
    0.9874,
    0.9874,
    0.9874,
    0.9874,
    0.9874,
    0.9874,
    0.9874,
    0.9874,
    0.9874,
    0.9874,
    0.9874,
    0.9874,
    0.9874,
    0.9874,
    0.9874,
    0.9874,
    0.9874,
    0.9874,
    0.9874,
    0.9874,
    0.9874,
    0.9874,
    0.9874,
    0.9874,
    0.9874,
    0.9874,
    0.9874,
    0.9874,
    0.9874,
    0.9874,
    0.9874,
    0.9874,
    0.9874,
    0.9874,
    0.9874,
    0.9874,
    0.9874,
    0.9874,
    0.9874,
    0.9874,
    0.9874,
    0.9874,
    0.9874,
    0.9874,
    0.9874,
    0.9874,
    0.9874,
    0.9874,
    0.9874,
    0.9874,
    0.9874,
    0.9874,
    0.9874,
    0.9874,
    0.9874,
    0.9874,
    0.9874,
    0.9874,
    0.9874,
    0.9874,
    0.9874,
    0.9874,
    0.9874,
    0.9874,
    0.9874,
    0.9874,
    0.9874,
    0.9874,
    0.9874,
    0.9874,
    0.9874,
    0.9874,
    0.9874,
    0.9874,
    0.9874,
    0.9874,
    0.9874,
    0.9874,
    0.9874,
    0.9874,
    0.9874,
    0.9874,
    0.9874,
    0.9874,
    0.9874,
    0.9874,
    0.9874,
    0.9874,
    0.9874,
    0.9874,
    0.9874,
    0.9874,
    0.9874,
    0.9874,
    0.9874
  ],
  "test_acc": [
    0.010840684451057498,
    0.40004251248804334,
    0.4003613561483686,
    0.39961738760760973,
    0.4011053246891274,
    0.4012116059092358,
    0.4007864810288022,
    0.4011053246891274,
    0.4007864810288022,
    0.399936231267935,
    0.40142416834945266,
    0.4011053246891274,
    0.4015304495695611,
    0.40312466787118717,
    0.40174301200977786,
    0.4021681368902115,
    0.40312466787118717,
    0.4040811988521628,
    0.40503772983313846,
    0.40631310447443936,
    0.40620682325433094,
    0.4055691359336805,
    0.4055691359336805,
    0.4061005420342226,
    0.4066319481347646,
    0.40801360399617387,
    0.4083324476564991,
    0.4097141035179084,
    0.410139228398342,
    0.40950154107769154,
    0.41003294717823363,
    0.41173344669996814,
    0.4110957593793177,
    0.4127962589010522,
    0.413540227441811,
    0.4148156020831119,
    0.41534700818365394,
    0.4148156020831119,
    0.4155595706238708,
    0.41842916356679777,
    0.4181103199064725,
    0.42002338186842386,
    0.4206610691890743,
    0.4237432245722181,
    0.4258688489743862,
    0.4241683494526517,
    0.42640025507492824,
    0.42661281751514507,
    0.42331809969178447,
    0.425018599213519,
    0.4251248804336274,
    0.4285258794770964,
    0.4283133170368796,
    0.4295886916781805,
    0.4286321606972048,
    0.4333085343819747,
    0.4320331597406738,
    0.4308640663194813,
    0.43245828462110747,
    0.43405250292273356,
    0.4345839090232756,
    0.43352109682219153,
    0.4354341587841428,
    0.4350090339037092,
    0.4357530024444681,
    0.4391540014879371,
    0.4408545010096716,
    0.4410670634498884,
    0.4412796258901052,
    0.43841003294717823,
    0.43979168880858754,
    0.44170475077053883,
    0.44319268785205657,
    0.4423424380911893,
    0.4444680624933574,
    0.44383037517270696,
    0.4436178127324902,
    0.4460622807949835,
    0.4474439366563928,
    0.4491444361781273,
    0.45116377936018703,
    0.4523328727813795,
    0.454033372303114,
    0.45371452864278883,
    0.456371559145499,
    0.4536082474226804,
    0.4549899032840897,
    0.456371559145499,
    0.4553087469444149,
    0.4567966840259326,
    0.45902858964820914,
    0.4580720586672335,
    0.456902965246041,
    0.4577532150069083,
    0.4596662769688596,
    0.4593474333085344,
    0.46041024550961845,
    0.4579657774471251,
    0.4600914018492932,
    0.45722180890636627,
    0.4596662769688596
  ]
}