{
  "epoch": [
    1,
    2000,
    4000,
    6000,
    8000,
    10000,
    12000,
    14000,
    16000,
    18000,
    20000,
    22000,
    24000,
    26000,
    28000,
    30000,
    32000,
    34000,
    36000,
    38000,
    40000,
    42000,
    44000,
    46000,
    48000,
    50000,
    52000,
    54000,
    56000,
    58000,
    60000,
    62000,
    64000,
    66000,
    68000,
    70000,
    72000,
    74000,
    76000,
    78000,
    80000,
    82000,
    84000,
    86000,
    88000,
    90000,
    92000,
    94000,
    96000,
    98000,
    100000,
    102000,
    104000,
    106000,
    108000,
    110000,
    112000,
    114000,
    116000,
    118000,
    120000,
    122000,
    124000,
    126000,
    128000,
    130000,
    132000,
    134000,
    136000,
    138000,
    140000,
    142000,
    144000,
    146000,
    148000,
    150000,
    152000,
    154000,
    156000,
    158000,
    160000,
    162000,
    164000,
    166000,
    168000,
    170000,
    172000,
    174000,
    176000,
    178000,
    180000,
    182000,
    184000,
    186000,
    188000,
    190000,
    192000,
    194000,
    196000,
    198000,
    200000
  ],
  "loss": [
    4.576101064682007,
    0.23305118537103556,
    0.02790837818006985,
    0.027279290666105224,
    0.026833708168496378,
    0.026522888157726264,
    0.026351156859495677,
    0.02622972673967015,
    0.02619974713269621,
    0.026210039455303924,
    0.026215367735014296,
    0.026235634466959163,
    0.02621905746825505,
    0.026215130009828135,
    0.026218374559120274,
    0.02622414402065333,
    0.026214119647443294,
    0.02620714014689438,
    0.026218509645899758,
    0.02621173497941345,
    0.026200615538330748,
    0.02620751882083714,
    0.026180380304926074,
    0.02620261947249528,
    0.026196889434685,
    0.026198511343030258,
    0.026187920894450507,
    0.02620286888217088,
    0.026198212873982267,
    0.026214014016184957,
    0.02622182402552571,
    0.026209230013866908,
    0.026202835842734203,
    0.026203498673136347,
    0.026198855106928386,
    0.026176989759248682,
    0.026196528865001165,
    0.026194809470418842,
    0.026180468988395295,
    0.02618481618682854,
    0.026173086648317984,
    0.026183253888506442,
    0.026188414892251603,
    0.02619404838117771,
    0.026202471223357133,
    0.026177825160464272,
    0.026175487287389113,
    0.02619544573740568,
    0.026200057748914696,
    0.02618220358894905,
    0.026176155091635882,
    0.026175726607698017,
    0.026178371719107963,
    0.02619610236331355,
    0.02617731664220337,
    0.026178660286893137,
    0.026185002632951364,
    0.02618157405788079,
    0.0261850783493137,
    0.026201133652892894,
    0.026205970272701235,
    0.02619257949728053,
    0.026185341560700907,
    0.026208789696160237,
    0.026186375099048018,
    0.026186636697873474,
    0.026177349836961367,
    0.026182631218084135,
    0.026185777197009884,
    0.026204917460563592,
    0.026197133476124145,
    0.026213580951374025,
    0.02620107652398292,
    0.02618118123640306,
    0.02616020189138362,
    0.026185248279361986,
    0.026195020709210075,
    0.02618412733208388,
    0.02617670006570406,
    0.026165141586959362,
    0.026178751118085347,
    0.026185690850345417,
    0.02617397930577863,
    0.02616893550956156,
    0.026173412120365537,
    0.026175764063419774,
    0.026193227029917762,
    0.02619290663159918,
    0.02618515827159863,
    0.02619231546181254,
    0.026195148288365454,
    0.02619817358716391,
    0.02619302326065954,
    0.02619799225066672,
    0.02619099781459663,
    0.026193110752571375,
    0.026163833484100178,
    0.026178469281760045,
    0.026171568755921908,
    0.026157255789567718,
    0.02617639192128554
  ],
  "train_acc": [
    0.0214,
    0.983,
    0.983,
    0.983,
    0.983,
    0.983,
    0.983,
    0.983,
    0.983,
    0.983,
    0.983,
    0.983,
    0.983,
    0.983,
    0.983,
    0.983,
    0.983,
    0.983,
    0.983,
    0.983,
    0.983,
    0.983,
    0.983,
    0.983,
    0.983,
    0.983,
    0.983,
    0.983,
    0.983,
    0.983,
    0.983,
    0.983,
    0.983,
    0.983,
    0.983,
    0.983,
    0.983,
    0.983,
    0.983,
    0.983,
    0.983,
    0.983,
    0.983,
    0.983,
    0.983,
    0.983,
    0.983,
    0.983,
    0.983,
    0.983,
    0.983,
    0.983,
    0.983,
    0.983,
    0.983,
    0.983,
    0.983,
    0.983,
    0.983,
    0.983,
    0.983,
    0.983,
    0.983,
    0.983,
    0.983,
    0.983,
    0.983,
    0.983,
    0.983,
    0.983,
    0.983,
    0.983,
    0.983,
    0.983,
    0.983,
    0.983,
    0.983,
    0.983,
    0.983,
    0.983,
    0.983,
    0.983,
    0.983,
    0.983,
    0.983,
    0.983,
    0.983,
    0.983,
    0.983,
    0.983,
    0.983,
    0.983,
    0.983,
    0.983,
    0.983,
    0.983,
    0.983,
    0.983,
    0.983,
    0.983,
    0.983
  ],
  "test_acc": [
    0.011797215432033159,
    0.3957912636837071,
    0.39504729514294823,
    0.39525985758316506,
    0.3962163885641407,
    0.39557870124349026,
    0.3961101073440323,
    0.3956849824635987,
    0.39525985758316506,
    0.3957912636837071,
    0.39557870124349026,
    0.3966415134445743,
    0.3958975449038155,
    0.3961101073440323,
    0.39600382612392393,
    0.39685407588479116,
    0.3958975449038155,
    0.39600382612392393,
    0.3958975449038155,
    0.3966415134445743,
    0.39642895100435754,
    0.397066638325008,
    0.39642895100435754,
    0.3969603571048996,
    0.39717291954511635,
    0.39685407588479116,
    0.397066638325008,
    0.39834201296630883,
    0.3989797002869593,
    0.3991922627271761,
    0.3989797002869593,
    0.39855457540652567,
    0.3994048251673929,
    0.39802316930598364,
    0.39929854394728453,
    0.399936231267935,
    0.40099904346901905,
    0.39972366882771815,
    0.4005739185885854,
    0.4007864810288022,
    0.4006801998086938,
    0.4028058242108619,
    0.40450632373259643,
    0.4051440110532469,
    0.4036560739717292,
    0.4035497927516208,
    0.40440004251248807,
    0.40599426081411416,
    0.4065256669146562,
    0.4057816983738973,
    0.4081198852162823,
    0.40801360399617387,
    0.40673822935487297,
    0.40801360399617387,
    0.41056435327877566,
    0.4097141035179084,
    0.4110957593793177,
    0.413008821341269,
    0.41237113402061853,
    0.4131151025613774,
    0.4122648528005102,
    0.41417791476246146,
    0.4132213837814858,
    0.413008821341269,
    0.4139653523222447,
    0.416409820384738,
    0.41577213306408756,
    0.41577213306408756,
    0.41704750770538845,
    0.41704750770538845,
    0.4148156020831119,
    0.41789775746625574,
    0.4176851950260389,
    0.41959825698799025,
    0.41853544478690613,
    0.4176851950260389,
    0.4160909767244128,
    0.4163035391646296,
    0.41747263258582207,
    0.41789775746625574,
    0.4191731321075566,
    0.42002338186842386,
    0.42076735040918267,
    0.42023594430864064,
    0.42151131894994154,
    0.42331809969178447,
    0.4224678499309172,
    0.4235306621320013,
    0.4218301626102668,
    0.4222552874907004,
    0.4229992560314592,
    0.42129875650972476,
    0.42331809969178447,
    0.42640025507492824,
    0.42310553725156763,
    0.4237432245722181,
    0.4251248804336274,
    0.42459347433308536,
    0.425550005314061,
    0.4253374428738442,
    0.4268253799553619
  ]
}