{
  "epoch": [
    1,
    2000,
    4000,
    6000,
    8000,
    10000,
    12000,
    14000,
    16000,
    18000,
    20000,
    22000,
    24000,
    26000,
    28000,
    30000,
    32000,
    34000,
    36000,
    38000,
    40000,
    42000,
    44000,
    46000,
    48000,
    50000,
    52000,
    54000,
    56000,
    58000,
    60000,
    62000,
    64000,
    66000,
    68000,
    70000,
    72000,
    74000,
    76000,
    78000,
    80000,
    82000,
    84000,
    86000,
    88000,
    90000,
    92000,
    94000,
    96000,
    98000,
    100000,
    102000,
    104000,
    106000,
    108000,
    110000,
    112000,
    114000,
    116000,
    118000,
    120000,
    122000,
    124000,
    126000,
    128000,
    130000,
    132000,
    134000,
    136000,
    138000,
    140000,
    142000,
    144000,
    146000,
    148000,
    150000,
    152000,
    154000,
    156000,
    158000,
    160000,
    162000,
    164000,
    166000,
    168000,
    170000,
    172000,
    174000,
    176000,
    178000,
    180000,
    182000,
    184000,
    186000,
    188000,
    190000,
    192000,
    194000,
    196000,
    198000,
    200000
  ],
  "loss": [
    4.576125240325927,
    0.23123533207966968,
    0.026644096673908643,
    0.02600739768575877,
    0.02560483236480504,
    0.02535097060557455,
    0.02518882391261868,
    0.025120933539117686,
    0.025123694833088666,
    0.025123220560071057,
    0.025084524133754893,
    0.02509159747364465,
    0.02509020792325027,
    0.025114496348472314,
    0.02511219086695928,
    0.02510028433634434,
    0.025107335010915995,
    0.02510001434290316,
    0.025094115168461575,
    0.025105696271709166,
    0.025100497673777863,
    0.025095627483306453,
    0.025100329830916597,
    0.025076190586586018,
    0.025083407432795503,
    0.025057375070871784,
    0.025038752102665603,
    0.025069636310986243,
    0.02505424674882088,
    0.02504028657518793,
    0.02505862248928752,
    0.025061275569268036,
    0.02507263750229031,
    0.02506020455507096,
    0.025064822734263727,
    0.025065059459977782,
    0.02508575175916776,
    0.02508813423416577,
    0.02507214539840352,
    0.02507475351918256,
    0.02507314427148085,
    0.025069977717171423,
    0.02505545207527466,
    0.025046454883296973,
    0.02505481110571418,
    0.025044474370661193,
    0.025053930801479146,
    0.02504771553708706,
    0.025033585044485517,
    0.025052065301965923,
    0.02505808717822656,
    0.02506649662356358,
    0.025051978118252008,
    0.025058193729398773,
    0.025055431294534355,
    0.02506481821059715,
    0.02507683172649704,
    0.02505597542321775,
    0.025048236714606174,
    0.025051407576771455,
    0.025049264090298676,
    0.025063054719986395,
    0.025058389645488933,
    0.025063798366324046,
    0.025053282192512415,
    0.025045919292862526,
    0.025042809577775188,
    0.025057899123756215,
    0.025059680261067113,
    0.025051624094089495,
    0.02504402426118031,
    0.025060189964971506,
    0.025051040363800712,
    0.025052944305283018,
    0.025064430561906194,
    0.02504952413816936,
    0.02506520304856822,
    0.02507495699864812,
    0.025048683123802765,
    0.025056350520253182,
    0.025063189374213108,
    0.025065993924369104,
    0.025064723782334476,
    0.02505732571084518,
    0.025043568464764392,
    0.02504470489891246,
    0.02504957242689561,
    0.025059003541478886,
    0.02506083520273678,
    0.025057304928335362,
    0.025056510934443214,
    0.025073383723641745,
    0.025060551326489076,
    0.025048805031175476,
    0.02504927363859024,
    0.025069038491509855,
    0.02506082790743094,
    0.02506147604628932,
    0.025052774706785567,
    0.02506734834681265,
    0.02508007480276283
  ],
  "train_acc": [
    0.0216,
    0.9838,
    0.9838,
    0.9838,
    0.9838,
    0.9838,
    0.9838,
    0.9838,
    0.9838,
    0.9838,
    0.9838,
    0.9838,
    0.9838,
    0.9838,
    0.9838,
    0.9838,
    0.9838,
    0.9838,
    0.9838,
    0.9838,
    0.9838,
    0.9838,
    0.9838,
    0.9838,
    0.9838,
    0.9838,
    0.9838,
    0.9838,
    0.9838,
    0.9838,
    0.9838,
    0.9838,
    0.9838,
    0.9838,
    0.9838,
    0.9838,
    0.9838,
    0.9838,
    0.9838,
    0.9838,
    0.9838,
    0.9838,
    0.9838,
    0.9838,
    0.9838,
    0.9838,
    0.9838,
    0.9838,
    0.9838,
    0.9838,
    0.9838,
    0.9838,
    0.9838,
    0.9838,
    0.9838,
    0.9838,
    0.9838,
    0.9838,
    0.9838,
    0.9838,
    0.9838,
    0.9838,
    0.9838,
    0.9838,
    0.9838,
    0.9838,
    0.9838,
    0.9838,
    0.9838,
    0.9838,
    0.9838,
    0.9838,
    0.9838,
    0.9838,
    0.9838,
    0.9838,
    0.9838,
    0.9838,
    0.9838,
    0.9838,
    0.9838,
    0.9838,
    0.9838,
    0.9838,
    0.9838,
    0.9838,
    0.9838,
    0.9838,
    0.9838,
    0.9838,
    0.9838,
    0.9838,
    0.9838,
    0.9838,
    0.9838,
    0.9838,
    0.9838,
    0.9838,
    0.9838,
    0.9838,
    0.9838
  ],
  "test_acc": [
    0.011903496652141566,
    0.39653523222446596,
    0.39600382612392393,
    0.3966415134445743,
    0.397066638325008,
    0.3969603571048996,
    0.39685407588479116,
    0.39600382612392393,
    0.39653523222446596,
    0.3958975449038155,
    0.39557870124349026,
    0.3958975449038155,
    0.3957912636837071,
    0.397066638325008,
    0.3974917632054416,
    0.39759804442555,
    0.397066638325008,
    0.39653523222446596,
    0.3973854819853332,
    0.3973854819853332,
    0.3974917632054416,
    0.3978106068657668,
    0.3973854819853332,
    0.39834201296630883,
    0.39961738760760973,
    0.39887341906685087,
    0.3995111063875013,
    0.399936231267935,
    0.39972366882771815,
    0.4002550749282602,
    0.400467637368477,
    0.399936231267935,
    0.4012116059092358,
    0.40142416834945266,
    0.4018492932298863,
    0.4020618556701031,
    0.4023806993304283,
    0.40259326177064514,
    0.4036560739717292,
    0.40301838665107875,
    0.4035497927516208,
    0.4048251673929217,
    0.40471888617281326,
    0.4052502922733553,
    0.4035497927516208,
    0.4039749176320544,
    0.40344351153151237,
    0.4036560739717292,
    0.40312466787118717,
    0.40450632373259643,
    0.4061005420342226,
    0.4064193856945478,
    0.4068445105749814,
    0.40748219789563184,
    0.40875757253693273,
    0.4073759166755234,
    0.40748219789563184,
    0.4086512913168243,
    0.40918269741736635,
    0.4089701349771495,
    0.4099266659581252,
    0.410670634498884,
    0.4118397279200765,
    0.410139228398342,
    0.4115208842597513,
    0.4115208842597513,
    0.41215857158040176,
    0.41417791476246146,
    0.41545328940376236,
    0.41534700818365394,
    0.41662238282495484,
    0.416409820384738,
    0.41375278988202785,
    0.4189605696673398,
    0.41715378892549687,
    0.4188542884472314,
    0.42002338186842386,
    0.419279413327665,
    0.4193856945477734,
    0.4176851950260389,
    0.4201296630885323,
    0.41874800722712296,
    0.41864172600701455,
    0.4180040386863641,
    0.41853544478690613,
    0.4189605696673398,
    0.42119247528961634,
    0.4205547879689659,
    0.42129875650972476,
    0.4217238813901584,
    0.42331809969178447,
    0.42331809969178447,
    0.42693166117547027,
    0.4262939738548199,
    0.4253374428738442,
    0.4251248804336274,
    0.42640025507492824,
    0.4292698480178552,
    0.4295886916781805,
    0.42640025507492824,
    0.4271442236156871
  ]
}