{
  "epoch": [
    1,
    2000,
    4000,
    6000,
    8000,
    10000,
    12000,
    14000,
    16000,
    18000,
    20000,
    22000,
    24000,
    26000,
    28000,
    30000,
    32000,
    34000,
    36000,
    38000,
    40000,
    42000,
    44000,
    46000,
    48000,
    50000,
    52000,
    54000,
    56000,
    58000,
    60000,
    62000,
    64000,
    66000,
    68000,
    70000,
    72000,
    74000,
    76000,
    78000,
    80000,
    82000,
    84000,
    86000,
    88000,
    90000,
    92000,
    94000,
    96000,
    98000,
    100000,
    102000,
    104000,
    106000,
    108000,
    110000,
    112000,
    114000,
    116000,
    118000,
    120000,
    122000,
    124000,
    126000,
    128000,
    130000,
    132000,
    134000,
    136000,
    138000,
    140000,
    142000,
    144000,
    146000,
    148000,
    150000,
    152000,
    154000,
    156000,
    158000,
    160000,
    162000,
    164000,
    166000,
    168000,
    170000,
    172000,
    174000,
    176000,
    178000,
    180000,
    182000,
    184000,
    186000,
    188000,
    190000,
    192000,
    194000,
    196000,
    198000,
    200000
  ],
  "loss": [
    4.575900030136109,
    0.2273343472148694,
    0.021190803216776112,
    0.02066150082880631,
    0.020292741227487567,
    0.020108764246315695,
    0.02004610539780697,
    0.020026834372989834,
    0.02000526999181602,
    0.02000665533365682,
    0.020003629847196863,
    0.020007696081092582,
    0.020006023848406038,
    0.020001857438933804,
    0.019992710895102937,
    0.019989975252299338,
    0.019984574167837856,
    0.01996246494151419,
    0.019973992325295693,
    0.019974804558919278,
    0.019962823855387977,
    0.019972861976118292,
    0.019982313064543997,
    0.01996922665411569,
    0.019976719671470345,
    0.01998207226571394,
    0.019976370039116592,
    0.01997107222415507,
    0.019970879045862238,
    0.019972185909654945,
    0.01999227712515276,
    0.019955405065522062,
    0.019947403200971894,
    0.019951590465102344,
    0.019963521597674116,
    0.019967885627283247,
    0.019966428752872162,
    0.01998509759728331,
    0.019955959919141605,
    0.01995271278047003,
    0.019971250841161237,
    0.019949993860605173,
    0.019951162571203895,
    0.01994556394056417,
    0.019960303275845945,
    0.01995301087743137,
    0.019953141875215807,
    0.019953661794646176,
    0.019955614177812823,
    0.01995859096625354,
    0.01995198440008098,
    0.01997094173731748,
    0.019954732377344044,
    0.019963184731884395,
    0.01994867236803402,
    0.01995203385268105,
    0.019951852415164468,
    0.019950647601205854,
    0.01994425748536014,
    0.019952427826460915,
    0.019948007652908564,
    0.01995565935157938,
    0.019933648312580772,
    0.019946905850619076,
    0.019957901463710005,
    0.019945433074003087,
    0.019959919801924842,
    0.01995719859219389,
    0.019954919128178154,
    0.019935885488125495,
    0.019942570441949647,
    0.01995292390686227,
    0.01993998829757329,
    0.01994227845169371,
    0.019943658482737374,
    0.019947655375127216,
    0.019965590461529792,
    0.019948158955748658,
    0.019953074495471082,
    0.019956571042351424,
    0.019936511280958077,
    0.019930992288398557,
    0.019947807464678773,
    0.019955692885315512,
    0.019954372919921297,
    0.019963796439021825,
    0.019953471981722395,
    0.019953338580904527,
    0.01995961446147412,
    0.019952935851213986,
    0.019967441286181567,
    0.019966988034057432,
    0.01995245668195421,
    0.019962572425487452,
    0.019953592840977946,
    0.019944225015467963,
    0.019959486310535193,
    0.019956581583968364,
    0.019960419527161866,
    0.01996053474667715,
    0.01996664363151649
  ],
  "train_acc": [
    0.0152,
    0.987,
    0.987,
    0.987,
    0.987,
    0.987,
    0.987,
    0.987,
    0.987,
    0.987,
    0.987,
    0.987,
    0.987,
    0.987,
    0.987,
    0.987,
    0.987,
    0.987,
    0.987,
    0.987,
    0.987,
    0.987,
    0.987,
    0.987,
    0.987,
    0.987,
    0.987,
    0.987,
    0.987,
    0.987,
    0.987,
    0.987,
    0.987,
    0.987,
    0.987,
    0.987,
    0.987,
    0.987,
    0.987,
    0.987,
    0.987,
    0.987,
    0.987,
    0.987,
    0.987,
    0.987,
    0.987,
    0.987,
    0.987,
    0.987,
    0.987,
    0.987,
    0.987,
    0.987,
    0.987,
    0.987,
    0.987,
    0.987,
    0.987,
    0.987,
    0.987,
    0.987,
    0.987,
    0.987,
    0.987,
    0.987,
    0.987,
    0.987,
    0.987,
    0.987,
    0.987,
    0.987,
    0.987,
    0.987,
    0.987,
    0.987,
    0.987,
    0.987,
    0.987,
    0.987,
    0.987,
    0.987,
    0.987,
    0.987,
    0.987,
    0.987,
    0.987,
    0.987,
    0.987,
    0.987,
    0.987,
    0.987,
    0.987,
    0.987,
    0.987,
    0.987,
    0.987,
    0.987,
    0.987,
    0.987,
    0.987
  ],
  "test_acc": [
    0.01041555957062387,
    0.39759804442555,
    0.3973854819853332,
    0.3973854819853332,
    0.39855457540652567,
    0.39812945052609205,
    0.3990859815070677,
    0.3986608566266341,
    0.3989797002869593,
    0.3989797002869593,
    0.3990859815070677,
    0.39823573174620047,
    0.3990859815070677,
    0.3991922627271761,
    0.3989797002869593,
    0.3990859815070677,
    0.39887341906685087,
    0.3995111063875013,
    0.40004251248804334,
    0.400467637368477,
    0.400467637368477,
    0.39972366882771815,
    0.39961738760760973,
    0.4005739185885854,
    0.40163673078966944,
    0.4020618556701031,
    0.4032309490912956,
    0.4032309490912956,
    0.4032309490912956,
    0.4039749176320544,
    0.4051440110532469,
    0.40620682325433094,
    0.4056754171537889,
    0.40461260495270485,
    0.4073759166755234,
    0.40673822935487297,
    0.40801360399617387,
    0.40673822935487297,
    0.4053565734934637,
    0.40673822935487297,
    0.4069507917950898,
    0.4068445105749814,
    0.40918269741736635,
    0.40886385375704115,
    0.4098203847380168,
    0.41088319693910086,
    0.41077691571899244,
    0.4119460091401849,
    0.41088319693910086,
    0.41237113402061853,
    0.4118397279200765,
    0.4148156020831119,
    0.41417791476246146,
    0.4143904772026783,
    0.41502816452332875,
    0.4156658518439792,
    0.4173663513657137,
    0.416409820384738,
    0.4161972579445212,
    0.4175789138059305,
    0.41662238282495484,
    0.41694122648528004,
    0.4193856945477734,
    0.41906685088744816,
    0.419279413327665,
    0.42129875650972476,
    0.422680412371134,
    0.4205547879689659,
    0.4205547879689659,
    0.42193644383037515,
    0.4193856945477734,
    0.4201296630885323,
    0.42331809969178447,
    0.42438091189286853,
    0.42438091189286853,
    0.42448719311297695,
    0.4253374428738442,
    0.42459347433308536,
    0.4239557870124349,
    0.42480603677330214,
    0.4267190987352535,
    0.4252311616537358,
    0.4259751301944946,
    0.42735678605590394,
    0.42693166117547027,
    0.43150175364013177,
    0.4316080348602402,
    0.4332022531618663,
    0.4344776278031672,
    0.4354341587841428,
    0.43607184610479327,
    0.4345839090232756,
    0.4362844085450101,
    0.4392602827080455,
    0.4387288766075035,
    0.43713465830587733,
    0.43851631416728665,
    0.4366032522053353,
    0.43383994048251673,
    0.4361781273249017,
    0.4350090339037092
  ]
}