{
  "epoch": [
    1,
    2000,
    4000,
    6000,
    8000,
    10000,
    12000,
    14000,
    16000,
    18000,
    20000,
    22000,
    24000,
    26000,
    28000,
    30000,
    32000,
    34000,
    36000,
    38000,
    40000,
    42000,
    44000,
    46000,
    48000,
    50000,
    52000,
    54000,
    56000,
    58000,
    60000,
    62000,
    64000,
    66000,
    68000,
    70000,
    72000,
    74000,
    76000,
    78000,
    80000,
    82000,
    84000,
    86000,
    88000,
    90000,
    92000,
    94000,
    96000,
    98000,
    100000,
    102000,
    104000,
    106000,
    108000,
    110000,
    112000,
    114000,
    116000,
    118000,
    120000,
    122000,
    124000,
    126000,
    128000,
    130000,
    132000,
    134000,
    136000,
    138000,
    140000,
    142000,
    144000,
    146000,
    148000,
    150000,
    152000,
    154000,
    156000,
    158000,
    160000,
    162000,
    164000,
    166000,
    168000,
    170000,
    172000,
    174000,
    176000,
    178000,
    180000,
    182000,
    184000,
    186000,
    188000,
    190000,
    192000,
    194000,
    196000,
    198000,
    200000
  ],
  "loss": [
    4.575392866134644,
    0.2336468381463611,
    0.02293817031744402,
    0.022395713363029063,
    0.02208882714284118,
    0.02193717496538302,
    0.021879200991021936,
    0.021844631402334197,
    0.021805046026222408,
    0.021798747738299425,
    0.021805250630818774,
    0.021800972821051257,
    0.02179188345919829,
    0.0217935249107657,
    0.02179576921022963,
    0.021790987061546183,
    0.021772467684611913,
    0.021776315098343185,
    0.02177519268390024,
    0.021764689862064552,
    0.021781337161676493,
    0.021774821331340354,
    0.02175676479495596,
    0.02175972728196066,
    0.021769870593911035,
    0.02177554012844339,
    0.02176730054372456,
    0.021760664301831274,
    0.021754046527389437,
    0.0217590489551425,
    0.021771354100550526,
    0.02177442151401192,
    0.02176955206033308,
    0.021773693825257942,
    0.02175936401432846,
    0.02176446969610406,
    0.021766079987469128,
    0.021755145742045717,
    0.02176188796828501,
    0.02177270229916321,
    0.02177950676601613,
    0.0217820996546885,
    0.02177018163643079,
    0.021777362294483463,
    0.02177713422885863,
    0.021769261495699174,
    0.021766862587374636,
    0.021778662267304027,
    0.021784224567213097,
    0.021777389417693485,
    0.021775677388883197,
    0.021778905169782228,
    0.021775333608454094,
    0.021789949267124756,
    0.02177107532559894,
    0.02177350180838839,
    0.02178635855066823,
    0.021786954729724674,
    0.021792383337416687,
    0.02178875410950277,
    0.02179050597124733,
    0.021793367113824933,
    0.021778353221016004,
    0.021766543727286626,
    0.02178850096592214,
    0.021789655814226715,
    0.02179442569606472,
    0.021804515411006288,
    0.021789364030619617,
    0.021788318760914263,
    0.021793100198928734,
    0.02178748334750999,
    0.021781308731483297,
    0.021801454835373442,
    0.021803879528376275,
    0.021825960482493974,
    0.02180584365641698,
    0.02180638103480451,
    0.021809695343114437,
    0.021808675977244275,
    0.021818192044156602,
    0.021799090723367408,
    0.021794424772332423,
    0.02180138221408706,
    0.021815248498599976,
    0.0218158489185269,
    0.02181499139412772,
    0.021805286778695882,
    0.02180486456146464,
    0.021818942846928258,
    0.021799811111181042,
    0.021808246293035335,
    0.021825523625151253,
    0.021812062670598972,
    0.02181902248680126,
    0.021828566792054336,
    0.021818022837419994,
    0.02181743178984616,
    0.02182760981183965,
    0.02181966016415972,
    0.021816809582174756
  ],
  "train_acc": [
    0.0174,
    0.9856,
    0.9856,
    0.9856,
    0.9856,
    0.9856,
    0.9856,
    0.9856,
    0.9856,
    0.9856,
    0.9856,
    0.9856,
    0.9856,
    0.9856,
    0.9856,
    0.9856,
    0.9856,
    0.9856,
    0.9856,
    0.9856,
    0.9856,
    0.9856,
    0.9856,
    0.9856,
    0.9856,
    0.9856,
    0.9856,
    0.9856,
    0.9856,
    0.9856,
    0.9856,
    0.9856,
    0.9856,
    0.9856,
    0.9856,
    0.9856,
    0.9856,
    0.9856,
    0.9856,
    0.9856,
    0.9856,
    0.9856,
    0.9856,
    0.9856,
    0.9856,
    0.9856,
    0.9856,
    0.9856,
    0.9856,
    0.9856,
    0.9856,
    0.9856,
    0.9856,
    0.9856,
    0.9856,
    0.9856,
    0.9856,
    0.9856,
    0.9856,
    0.9856,
    0.9856,
    0.9856,
    0.9856,
    0.9856,
    0.9856,
    0.9856,
    0.9856,
    0.9856,
    0.9856,
    0.9856,
    0.9856,
    0.9856,
    0.9856,
    0.9856,
    0.9856,
    0.9856,
    0.9856,
    0.9856,
    0.9856,
    0.9856,
    0.9856,
    0.9856,
    0.9856,
    0.9856,
    0.9856,
    0.9856,
    0.9856,
    0.9856,
    0.9856,
    0.9856,
    0.9856,
    0.9856,
    0.9856,
    0.9856,
    0.9856,
    0.9856,
    0.9856,
    0.9856,
    0.9856,
    0.9856,
    0.9856
  ],
  "test_acc": [
    0.011372090551599533,
    0.4021681368902115,
    0.4022744181103199,
    0.40291210543097034,
    0.4036560739717292,
    0.4032309490912956,
    0.4028058242108619,
    0.40344351153151237,
    0.4035497927516208,
    0.40312466787118717,
    0.4028058242108619,
    0.40418748007227123,
    0.40333723031140395,
    0.40333723031140395,
    0.4037623551918376,
    0.40429376129237965,
    0.4048251673929217,
    0.4039749176320544,
    0.40461260495270485,
    0.40450632373259643,
    0.40429376129237965,
    0.4053565734934637,
    0.4052502922733553,
    0.40440004251248807,
    0.4070570730151982,
    0.40716335423530664,
    0.4083324476564991,
    0.4070570730151982,
    0.4068445105749814,
    0.4078010415559571,
    0.4082261664363907,
    0.4084387288766075,
    0.40875757253693273,
    0.4078010415559571,
    0.4085450100967159,
    0.4086512913168243,
    0.40960782229779996,
    0.41003294717823363,
    0.4118397279200765,
    0.41247741524072695,
    0.4114146030396429,
    0.4126899776809438,
    0.41332766500159424,
    0.4118397279200765,
    0.41290254012116057,
    0.41364650866191943,
    0.41385907110213627,
    0.41417791476246146,
    0.41577213306408756,
    0.4148156020831119,
    0.4165161016048464,
    0.4175789138059305,
    0.41959825698799025,
    0.4206610691890743,
    0.4224678499309172,
    0.42363694335210966,
    0.4234243809118929,
    0.42406206823254333,
    0.4238495057923265,
    0.42448719311297695,
    0.42321181847167605,
    0.42735678605590394,
    0.4259751301944946,
    0.42778191093633755,
    0.43065150387926454,
    0.42905728557763845,
    0.4303326602189393,
    0.431820597300457,
    0.434690190243384,
    0.4344776278031672,
    0.4354341587841428,
    0.4344776278031672,
    0.43564672122435966,
    0.43809118928685303,
    0.4391540014879371,
    0.44298012541183973,
    0.44329896907216493,
    0.44499946859389944,
    0.44298012541183973,
    0.4436178127324902,
    0.4440429376129238,
    0.4424487193112977,
    0.447231374216176,
    0.447231374216176,
    0.45212031034116273,
    0.45116377936018703,
    0.44999468593899455,
    0.45286427888192154,
    0.45105749814007867,
    0.4530768413221384,
    0.4543522159634393,
    0.4530768413221384,
    0.45552130938463176,
    0.4567966840259326,
    0.45881602720799236,
    0.4614730577107025,
    0.46083537039005207,
    0.4623233074715698,
    0.46051652672972687,
    0.4601976830694016,
    0.4606228079498353
  ]
}