{
  "epoch": [
    1,
    2000,
    4000,
    6000,
    8000,
    10000,
    12000,
    14000,
    16000,
    18000,
    20000,
    22000,
    24000,
    26000,
    28000,
    30000,
    32000,
    34000,
    36000,
    38000,
    40000,
    42000,
    44000,
    46000,
    48000,
    50000,
    52000,
    54000,
    56000,
    58000,
    60000,
    62000,
    64000,
    66000,
    68000,
    70000,
    72000,
    74000,
    76000,
    78000,
    80000,
    82000,
    84000,
    86000,
    88000,
    90000,
    92000,
    94000,
    96000,
    98000,
    100000,
    102000,
    104000,
    106000,
    108000,
    110000,
    112000,
    114000,
    116000,
    118000,
    120000,
    122000,
    124000,
    126000,
    128000,
    130000,
    132000,
    134000,
    136000,
    138000,
    140000,
    142000,
    144000,
    146000,
    148000,
    150000,
    152000,
    154000,
    156000,
    158000,
    160000,
    162000,
    164000,
    166000,
    168000,
    170000,
    172000,
    174000,
    176000,
    178000,
    180000,
    182000,
    184000,
    186000,
    188000,
    190000,
    192000,
    194000,
    196000,
    198000,
    200000
  ],
  "loss": [
    4.5751368522644045,
    0.23578799372024578,
    0.025839426081441342,
    0.025224838185403498,
    0.0247716678396333,
    0.024508414698624983,
    0.02438435276823584,
    0.02431603422432672,
    0.02429354383556638,
    0.024283097029151397,
    0.024298198173125275,
    0.024306189408153295,
    0.024300513703236357,
    0.024292952556873207,
    0.02427785295844078,
    0.024285228219698182,
    0.024279135977802797,
    0.024279526698705742,
    0.024269667833973652,
    0.024287876159930603,
    0.02428469568488654,
    0.024283891879324802,
    0.024288593991985543,
    0.024277946649771183,
    0.02427057721358724,
    0.024277690775925294,
    0.02428434619596228,
    0.024269292115420102,
    0.024262683229800314,
    0.02425260369052412,
    0.024254588496126234,
    0.02426444100830704,
    0.024258506651059726,
    0.024252721799281427,
    0.024247818999085576,
    0.024246989234094508,
    0.024271012411569245,
    0.024262552627536935,
    0.024249681515805425,
    0.024246537007414738,
    0.02426238883836195,
    0.02425929009167012,
    0.024251620361884125,
    0.02425606322393287,
    0.02424310293609742,
    0.024238510612538084,
    0.024241668401425703,
    0.024240075683104805,
    0.024245428252383135,
    0.024255752856540493,
    0.024251024756825064,
    0.024249749327427707,
    0.024238635988882744,
    0.02425672142286785,
    0.02425082673635334,
    0.024243366084294393,
    0.02425359743218869,
    0.024243351829820313,
    0.024252950183162467,
    0.024248250175779685,
    0.02423869958133437,
    0.02423079893599497,
    0.024237733658147045,
    0.024247398109640925,
    0.024250234050885774,
    0.024268215880566275,
    0.024259801063220947,
    0.024253868052916367,
    0.024258418703754434,
    0.024250351447309366,
    0.024241452049161307,
    0.024252323872363195,
    0.024246805758983827,
    0.02425576566050295,
    0.024265763606666588,
    0.024244717032369228,
    0.024236786854069214,
    0.024243209439446217,
    0.024236713847215288,
    0.024254408581834287,
    0.024264352411031722,
    0.02426618578825146,
    0.024277410288364627,
    0.024260404949029906,
    0.024259746361221187,
    0.024257798411790283,
    0.024258954056724905,
    0.02426399645335041,
    0.0242546999870101,
    0.024246793678076937,
    0.024253055377746933,
    0.024256585388211533,
    0.024247623033262788,
    0.0242559064011788,
    0.02427840251100715,
    0.02427836723618675,
    0.024255981135647742,
    0.02426407702032011,
    0.02426465687043965,
    0.024273500779597088,
    0.024281088981591165
  ],
  "train_acc": [
    0.0176,
    0.9844,
    0.9844,
    0.9844,
    0.9844,
    0.9844,
    0.9844,
    0.9844,
    0.9844,
    0.9844,
    0.9844,
    0.9844,
    0.9844,
    0.9844,
    0.9844,
    0.9844,
    0.9844,
    0.9844,
    0.9844,
    0.9844,
    0.9844,
    0.9844,
    0.9844,
    0.9844,
    0.9844,
    0.9844,
    0.9844,
    0.9844,
    0.9844,
    0.9844,
    0.9844,
    0.9844,
    0.9844,
    0.9844,
    0.9844,
    0.9844,
    0.9844,
    0.9844,
    0.9844,
    0.9844,
    0.9844,
    0.9844,
    0.9844,
    0.9844,
    0.9844,
    0.9844,
    0.9844,
    0.9844,
    0.9844,
    0.9844,
    0.9844,
    0.9844,
    0.9844,
    0.9844,
    0.9844,
    0.9844,
    0.9844,
    0.9844,
    0.9844,
    0.9844,
    0.9844,
    0.9844,
    0.9844,
    0.9844,
    0.9844,
    0.9844,
    0.9844,
    0.9844,
    0.9844,
    0.9844,
    0.9844,
    0.9844,
    0.9844,
    0.9844,
    0.9844,
    0.9844,
    0.9844,
    0.9844,
    0.9844,
    0.9844,
    0.9844,
    0.9844,
    0.9844,
    0.9844,
    0.9844,
    0.9844,
    0.9844,
    0.9844,
    0.9844,
    0.9844,
    0.9844,
    0.9844,
    0.9844,
    0.9844,
    0.9844,
    0.9844,
    0.9844,
    0.9844,
    0.9844,
    0.9844,
    0.9844
  ],
  "test_acc": [
    0.011372090551599533,
    0.4011053246891274,
    0.40174301200977786,
    0.4024869805505367,
    0.4021681368902115,
    0.40259326177064514,
    0.40259326177064514,
    0.4018492932298863,
    0.40312466787118717,
    0.4018492932298863,
    0.40163673078966944,
    0.40291210543097034,
    0.4021681368902115,
    0.4019555744499947,
    0.40301838665107875,
    0.40291210543097034,
    0.4032309490912956,
    0.4032309490912956,
    0.4036560739717292,
    0.4037623551918376,
    0.4039749176320544,
    0.40312466787118717,
    0.4036560739717292,
    0.40429376129237965,
    0.4036560739717292,
    0.4053565734934637,
    0.4061005420342226,
    0.40620682325433094,
    0.4057816983738973,
    0.40620682325433094,
    0.4064193856945478,
    0.40716335423530664,
    0.40599426081411416,
    0.40769476033584867,
    0.40769476033584867,
    0.4085450100967159,
    0.40960782229779996,
    0.4083324476564991,
    0.4078010415559571,
    0.40918269741736635,
    0.41045807205866724,
    0.4099266659581252,
    0.4097141035179084,
    0.40918269741736635,
    0.4093952598575832,
    0.41088319693910086,
    0.41173344669996814,
    0.4115208842597513,
    0.41258369646083537,
    0.4148156020831119,
    0.41375278988202785,
    0.4146030396428951,
    0.4152407269635455,
    0.4156658518439792,
    0.4175789138059305,
    0.4168349452651716,
    0.4159846955043044,
    0.4147093208630035,
    0.4131151025613774,
    0.4146030396428951,
    0.4159846955043044,
    0.416409820384738,
    0.41864172600701455,
    0.4189605696673398,
    0.41832288234668935,
    0.4188542884472314,
    0.42034222552874906,
    0.41949197576788183,
    0.4206610691890743,
    0.4204485067488575,
    0.4234243809118929,
    0.42161760017004996,
    0.4214050377298331,
    0.42406206823254333,
    0.42278669359124244,
    0.42363694335210966,
    0.4246997555531937,
    0.4267190987352535,
    0.4271442236156871,
    0.42778191093633755,
    0.4304389414390477,
    0.42810075459666275,
    0.42948241045807206,
    0.4308640663194813,
    0.43075778509937296,
    0.4320331597406738,
    0.43224572218089063,
    0.43267084706132425,
    0.4311829099798066,
    0.4328834095015411,
    0.4301200977787225,
    0.43097034753958974,
    0.4317143160803486,
    0.4321394409607822,
    0.4317143160803486,
    0.43107662875969815,
    0.4301200977787225,
    0.42767562971622913,
    0.4301200977787225,
    0.43097034753958974,
    0.4321394409607822
  ]
}