{
  "epoch": [
    1,
    2000,
    4000,
    6000,
    8000,
    10000,
    12000,
    14000,
    16000,
    18000,
    20000,
    22000,
    24000,
    26000,
    28000,
    30000,
    32000,
    34000,
    36000,
    38000,
    40000,
    42000,
    44000,
    46000,
    48000,
    50000,
    52000,
    54000,
    56000,
    58000,
    60000,
    62000,
    64000,
    66000,
    68000,
    70000,
    72000,
    74000,
    76000,
    78000,
    80000,
    82000,
    84000,
    86000,
    88000,
    90000,
    92000,
    94000,
    96000,
    98000,
    100000,
    102000,
    104000,
    106000,
    108000,
    110000,
    112000,
    114000,
    116000,
    118000,
    120000,
    122000,
    124000,
    126000,
    128000,
    130000,
    132000,
    134000,
    136000,
    138000,
    140000,
    142000,
    144000,
    146000,
    148000,
    150000,
    152000,
    154000,
    156000,
    158000,
    160000,
    162000,
    164000,
    166000,
    168000,
    170000,
    172000,
    174000,
    176000,
    178000,
    180000,
    182000,
    184000,
    186000,
    188000,
    190000,
    192000,
    194000,
    196000,
    198000,
    200000
  ],
  "loss": [
    4.576056861877442,
    0.2310725629789985,
    0.0262107692128513,
    0.025613249367568643,
    0.025221156008564866,
    0.024964354627369904,
    0.02480507492981851,
    0.024748814368969762,
    0.024726040922221727,
    0.024700860058097168,
    0.024724452064349315,
    0.02471472602272406,
    0.02472700859750621,
    0.024739942663139662,
    0.02472772470503114,
    0.024697768197208644,
    0.024707681468804366,
    0.024688441518764013,
    0.0246854629276786,
    0.024687298416043633,
    0.024706758354371413,
    0.02468679615049623,
    0.024693719517369754,
    0.024681462546694094,
    0.02467768052711617,
    0.02467469550173264,
    0.02468347415975295,
    0.024708744615502657,
    0.02470126329609193,
    0.02467640620309394,
    0.024669056848832405,
    0.02467335469047539,
    0.024678775294683875,
    0.024665827018627896,
    0.02467067517663818,
    0.024660714735859075,
    0.024667463078186846,
    0.024665197707526385,
    0.02466448681075126,
    0.02466681756323669,
    0.024659985190047883,
    0.02467953126586508,
    0.024672650170116685,
    0.02469602769073099,
    0.02470140506653115,
    0.024702024964638986,
    0.02465940777263604,
    0.024664501035585998,
    0.024664279660955073,
    0.024687297248933465,
    0.0246743136305362,
    0.024657899462035858,
    0.024649561409559102,
    0.024657482142257506,
    0.024674190434184857,
    0.024656418003258296,
    0.024668858704040758,
    0.02465254208983388,
    0.02466946812039241,
    0.024684512681281193,
    0.024673774931393565,
    0.024686010869569144,
    0.024679537143511697,
    0.024668183307955043,
    0.02467561405391898,
    0.024661524419323542,
    0.024669765773369,
    0.024660917546902784,
    0.024669913205993363,
    0.024666631463496014,
    0.0246716440055985,
    0.02466434476545546,
    0.024681703678076157,
    0.024680888605769724,
    0.02468777928201016,
    0.024681619709730148,
    0.02467622647762764,
    0.024688426173478367,
    0.024679504552367143,
    0.024676822269102557,
    0.02468329433130566,
    0.024682356045697816,
    0.024669737176550553,
    0.02466359506729059,
    0.024668151567131282,
    0.024665582380397247,
    0.02468751910380088,
    0.024682754699885845,
    0.024664078986062668,
    0.024666274056443945,
    0.024668873543129303,
    0.024691507268324496,
    0.02468041159263812,
    0.02467279208703762,
    0.02467372279218398,
    0.024689553354284726,
    0.024661443208996207,
    0.024670505843823777,
    0.02466733746433165,
    0.024678671090328133,
    0.024667562559549695
  ],
  "train_acc": [
    0.0212,
    0.984,
    0.984,
    0.984,
    0.984,
    0.984,
    0.984,
    0.984,
    0.984,
    0.984,
    0.984,
    0.984,
    0.984,
    0.984,
    0.984,
    0.984,
    0.984,
    0.984,
    0.984,
    0.984,
    0.984,
    0.984,
    0.984,
    0.984,
    0.984,
    0.984,
    0.984,
    0.984,
    0.984,
    0.984,
    0.984,
    0.984,
    0.984,
    0.984,
    0.984,
    0.984,
    0.984,
    0.984,
    0.984,
    0.984,
    0.984,
    0.984,
    0.984,
    0.984,
    0.984,
    0.984,
    0.984,
    0.984,
    0.984,
    0.984,
    0.984,
    0.984,
    0.984,
    0.984,
    0.984,
    0.984,
    0.984,
    0.984,
    0.984,
    0.984,
    0.984,
    0.984,
    0.984,
    0.984,
    0.984,
    0.984,
    0.984,
    0.984,
    0.984,
    0.984,
    0.984,
    0.984,
    0.984,
    0.984,
    0.984,
    0.984,
    0.984,
    0.984,
    0.984,
    0.984,
    0.984,
    0.984,
    0.984,
    0.984,
    0.984,
    0.984,
    0.984,
    0.984,
    0.984,
    0.984,
    0.984,
    0.984,
    0.984,
    0.984,
    0.984,
    0.984,
    0.984,
    0.984,
    0.984,
    0.984,
    0.984
  ],
  "test_acc": [
    0.011797215432033159,
    0.39717291954511635,
    0.39642895100435754,
    0.39653523222446596,
    0.39653523222446596,
    0.3961101073440323,
    0.3962163885641407,
    0.397066638325008,
    0.39685407588479116,
    0.39685407588479116,
    0.3956849824635987,
    0.39653523222446596,
    0.39727920076522477,
    0.39812945052609205,
    0.3979168880858752,
    0.39759804442555,
    0.3974917632054416,
    0.3973854819853332,
    0.39653523222446596,
    0.3978106068657668,
    0.39823573174620047,
    0.39887341906685087,
    0.3974917632054416,
    0.3986608566266341,
    0.3990859815070677,
    0.3978106068657668,
    0.3974917632054416,
    0.39887341906685087,
    0.3986608566266341,
    0.39982995004782657,
    0.40014879370815176,
    0.3991922627271761,
    0.3994048251673929,
    0.39982995004782657,
    0.40004251248804334,
    0.4012116059092358,
    0.40099904346901905,
    0.4006801998086938,
    0.4018492932298863,
    0.4021681368902115,
    0.40142416834945266,
    0.4022744181103199,
    0.40131788712934424,
    0.40312466787118717,
    0.4028058242108619,
    0.40301838665107875,
    0.40333723031140395,
    0.40429376129237965,
    0.40418748007227123,
    0.40471888617281326,
    0.4061005420342226,
    0.40599426081411416,
    0.4070570730151982,
    0.407269635455415,
    0.40790732277606545,
    0.40928897863747477,
    0.40875757253693273,
    0.4093952598575832,
    0.4085450100967159,
    0.41003294717823363,
    0.4113083218195345,
    0.41215857158040176,
    0.41290254012116057,
    0.413008821341269,
    0.413008821341269,
    0.41237113402061853,
    0.41364650866191943,
    0.4146030396428951,
    0.4177914762461473,
    0.4165161016048464,
    0.4163035391646296,
    0.4163035391646296,
    0.4168349452651716,
    0.4161972579445212,
    0.416409820384738,
    0.41715378892549687,
    0.41662238282495484,
    0.41715378892549687,
    0.42119247528961634,
    0.4208736316292911,
    0.42129875650972476,
    0.4210861940695079,
    0.4225741311510256,
    0.4224678499309172,
    0.4206610691890743,
    0.4235306621320013,
    0.4229992560314592,
    0.4222552874907004,
    0.422149006270592,
    0.42151131894994154,
    0.42289297481135085,
    0.4235306621320013,
    0.4268253799553619,
    0.42778191093633755,
    0.4270379423955787,
    0.4285258794770964,
    0.42905728557763845,
    0.43097034753958974,
    0.431289191199915,
    0.4300138165586141,
    0.43065150387926454
  ]
}