{
  "epoch": [
    1,
    2000,
    4000,
    6000,
    8000,
    10000,
    12000,
    14000,
    16000,
    18000,
    20000,
    22000,
    24000,
    26000,
    28000,
    30000,
    32000,
    34000,
    36000,
    38000,
    40000,
    42000,
    44000,
    46000,
    48000,
    50000,
    52000,
    54000,
    56000,
    58000,
    60000,
    62000,
    64000,
    66000,
    68000,
    70000,
    72000,
    74000,
    76000,
    78000,
    80000,
    82000,
    84000,
    86000,
    88000,
    90000,
    92000,
    94000,
    96000,
    98000,
    100000,
    102000,
    104000,
    106000,
    108000,
    110000,
    112000,
    114000,
    116000,
    118000,
    120000,
    122000,
    124000,
    126000,
    128000,
    130000,
    132000,
    134000,
    136000,
    138000,
    140000,
    142000,
    144000,
    146000,
    148000,
    150000,
    152000,
    154000,
    156000,
    158000,
    160000,
    162000,
    164000,
    166000,
    168000,
    170000,
    172000,
    174000,
    176000,
    178000,
    180000,
    182000,
    184000,
    186000,
    188000,
    190000,
    192000,
    194000,
    196000,
    198000,
    200000
  ],
  "loss": [
    4.575827598571777,
    0.22795583675762246,
    0.022133890948776387,
    0.021556830379075836,
    0.021204400279792025,
    0.020977527192840354,
    0.020888627237081528,
    0.02082126327014994,
    0.020812442221294622,
    0.0208228400133783,
    0.020835684286267496,
    0.02083328756293049,
    0.02083156938329339,
    0.020843596828897717,
    0.020828505525563378,
    0.020829526513104792,
    0.02081790626333095,
    0.020818661525286733,
    0.020824988391203805,
    0.020829522790084595,
    0.020851040977356024,
    0.020852602431050037,
    0.020847069544671103,
    0.02085370901760642,
    0.020829688236967195,
    0.020807759138476104,
    0.020823284835764205,
    0.020818348782672545,
    0.020816064086661208,
    0.02081526471900288,
    0.020807876434898936,
    0.02079996579521103,
    0.020801547091710382,
    0.020816485036327503,
    0.020818781311251224,
    0.02081612590436125,
    0.02082335759322159,
    0.02082952674042899,
    0.020815845969994553,
    0.02079673019936308,
    0.020807365076080896,
    0.02080236298205564,
    0.020805863404402044,
    0.02078736307299696,
    0.020797167669120244,
    0.020789050663867964,
    0.02080790450993227,
    0.020819479273469187,
    0.020816667165514082,
    0.020817353346233722,
    0.020802464913984294,
    0.020807687764661388,
    0.020811262173647992,
    0.020811305277002975,
    0.020815722725586967,
    0.02082411213380983,
    0.02082390117913019,
    0.020826662714220585,
    0.020813891560630873,
    0.020807833332032896,
    0.020795794134074824,
    0.02080539258128265,
    0.020802285481046418,
    0.02081677038136404,
    0.020805053365253845,
    0.020799290757044217,
    0.02079056269843131,
    0.020796007780265063,
    0.020806191093847154,
    0.02081001351508312,
    0.020804874866234606,
    0.020790000057639556,
    0.020803870180714876,
    0.020808478586608545,
    0.020813403914123774,
    0.020817606985510793,
    0.020801457324053627,
    0.020796780063724145,
    0.02080428821478272,
    0.020807605610974132,
    0.020796134698134846,
    0.02080985128337052,
    0.020812007803819144,
    0.020799446111451833,
    0.020797796922246925,
    0.020796755519357977,
    0.020799487066350413,
    0.020802778395963832,
    0.020801714136684312,
    0.02081201058352599,
    0.02081478960530367,
    0.020801711519365197,
    0.02080151424452197,
    0.02078430808361154,
    0.020796309522120283,
    0.020817064075614327,
    0.020805840811844018,
    0.02078708940052893,
    0.020803431664500386,
    0.020783792114211247,
    0.020792986972106155
  ],
  "train_acc": [
    0.0148,
    0.9864,
    0.9864,
    0.9864,
    0.9864,
    0.9864,
    0.9864,
    0.9864,
    0.9864,
    0.9864,
    0.9864,
    0.9864,
    0.9864,
    0.9864,
    0.9864,
    0.9864,
    0.9864,
    0.9864,
    0.9864,
    0.9864,
    0.9864,
    0.9864,
    0.9864,
    0.9864,
    0.9864,
    0.9864,
    0.9864,
    0.9864,
    0.9864,
    0.9864,
    0.9864,
    0.9864,
    0.9864,
    0.9864,
    0.9864,
    0.9864,
    0.9864,
    0.9864,
    0.9864,
    0.9864,
    0.9864,
    0.9864,
    0.9864,
    0.9864,
    0.9864,
    0.9864,
    0.9864,
    0.9864,
    0.9864,
    0.9864,
    0.9864,
    0.9864,
    0.9864,
    0.9864,
    0.9864,
    0.9864,
    0.9864,
    0.9864,
    0.9864,
    0.9864,
    0.9864,
    0.9864,
    0.9864,
    0.9864,
    0.9864,
    0.9864,
    0.9864,
    0.9864,
    0.9864,
    0.9864,
    0.9864,
    0.9864,
    0.9864,
    0.9864,
    0.9864,
    0.9864,
    0.9864,
    0.9864,
    0.9864,
    0.9864,
    0.9864,
    0.9864,
    0.9864,
    0.9864,
    0.9864,
    0.9864,
    0.9864,
    0.9864,
    0.9864,
    0.9864,
    0.9864,
    0.9864,
    0.9864,
    0.9864,
    0.9864,
    0.9864,
    0.9864,
    0.9864,
    0.9864,
    0.9864,
    0.9864
  ],
  "test_acc": [
    0.010521840790732278,
    0.3969603571048996,
    0.39727920076522477,
    0.3969603571048996,
    0.3977043256456584,
    0.397066638325008,
    0.3969603571048996,
    0.39855457540652567,
    0.3979168880858752,
    0.3973854819853332,
    0.3979168880858752,
    0.3978106068657668,
    0.39834201296630883,
    0.3986608566266341,
    0.3986608566266341,
    0.39834201296630883,
    0.3989797002869593,
    0.399936231267935,
    0.399936231267935,
    0.40163673078966944,
    0.39982995004782657,
    0.39982995004782657,
    0.40099904346901905,
    0.4020618556701031,
    0.4018492932298863,
    0.4032309490912956,
    0.4032309490912956,
    0.4032309490912956,
    0.40440004251248807,
    0.40450632373259643,
    0.40418748007227123,
    0.4065256669146562,
    0.4073759166755234,
    0.4084387288766075,
    0.407269635455415,
    0.4083324476564991,
    0.40716335423530664,
    0.40748219789563184,
    0.40886385375704115,
    0.410139228398342,
    0.4114146030396429,
    0.4098203847380168,
    0.41077691571899244,
    0.4109894781592093,
    0.4127962589010522,
    0.41332766500159424,
    0.41407163354235305,
    0.4148156020831119,
    0.4151344457434371,
    0.4156658518439792,
    0.41545328940376236,
    0.41747263258582207,
    0.41949197576788183,
    0.4209799128493995,
    0.41864172600701455,
    0.4217238813901584,
    0.42034222552874906,
    0.42119247528961634,
    0.4204485067488575,
    0.42119247528961634,
    0.42193644383037515,
    0.42161760017004996,
    0.4239557870124349,
    0.4235306621320013,
    0.425018599213519,
    0.42438091189286853,
    0.42331809969178447,
    0.42693166117547027,
    0.4258688489743862,
    0.4275693484961207,
    0.42650653629503665,
    0.42576256775427784,
    0.4258688489743862,
    0.4267190987352535,
    0.4271442236156871,
    0.42640025507492824,
    0.4285258794770964,
    0.42948241045807206,
    0.43107662875969815,
    0.4303326602189393,
    0.4304389414390477,
    0.4300138165586141,
    0.43267084706132425,
    0.43235200340099905,
    0.4344776278031672,
    0.4378786268466362,
    0.43564672122435966,
    0.43766606440641936,
    0.4354341587841428,
    0.4349027526836008,
    0.4363906897651185,
    0.4379849080667446,
    0.4407482197895632,
    0.44042937612923794,
    0.44149218833032206,
    0.4458497183547667,
    0.44638112445530875,
    0.444361781273249,
    0.4452120310341163,
    0.44638112445530875,
    0.44680624933574237
  ]
}