{
  "epoch": [
    1,
    2000,
    4000,
    6000,
    8000,
    10000,
    12000,
    14000,
    16000,
    18000,
    20000,
    22000,
    24000,
    26000,
    28000,
    30000,
    32000,
    34000,
    36000,
    38000,
    40000,
    42000,
    44000,
    46000,
    48000,
    50000,
    52000,
    54000,
    56000,
    58000,
    60000,
    62000,
    64000,
    66000,
    68000,
    70000,
    72000,
    74000,
    76000,
    78000,
    80000,
    82000,
    84000,
    86000,
    88000,
    90000,
    92000,
    94000,
    96000,
    98000,
    100000,
    102000,
    104000,
    106000,
    108000,
    110000,
    112000,
    114000,
    116000,
    118000,
    120000,
    122000,
    124000,
    126000,
    128000,
    130000,
    132000,
    134000
  ],
  "loss": [
    4.5758068561553955,
    0.20184376985023395,
    9.005771613139757e-07,
    2.203028666890816e-07,
    2.1228854879993265e-07,
    2.1030417860998796e-07,
    2.131137076247569e-07,
    2.1673130991572975e-07,
    0.00017987463569587518,
    8.605639282672329e-05,
    4.254413742835083e-06,
    0.00022136524893667513,
    5.014471398622788e-06,
    0.00024149611987681966,
    0.00017357498006780218,
    4.679039972150178e-06,
    0.00016362382911262472,
    2.8094003333954733e-06,
    0.0001857275104610153,
    9.062717284882069e-05,
    7.101130471603767e-07,
    0.00032601568067554536,
    0.00013650931077658867,
    0.00031426498814623256,
    5.051037711244533e-06,
    0.00016252918208810597,
    0.00027276182528773274,
    4.755506364463713e-06,
    0.00031536041530259666,
    0.00021289174126307132,
    4.1821025951236375e-06,
    0.00021566293613586396,
    0.0004513758099537597,
    5.4207770865637885e-06,
    0.00028273669692631105,
    0.00013219791027624056,
    2.223381985834294e-06,
    0.00023442389673557784,
    0.00026227775953803413,
    2.7298827031280836e-06,
    0.00027536836208685573,
    0.00016139638405625193,
    0.00014887212561057338,
    3.4999093871647348e-06,
    0.0003337812150403991,
    0.00013497285476422717,
    2.032917169206172e-06,
    0.0003444035858050313,
    0.00031567581448150645,
    4.006417303325094e-06,
    0.00034935547434027824,
    0.0001457460133746082,
    0.00018120403346670954,
    4.061993238759243e-06,
    0.0001603471414410535,
    0.00018874843450426013,
    3.2069525370836518e-06,
    0.0003122629904536879,
    0.00011534326856272017,
    0.0002691188507484135,
    4.569139019861268e-06,
    0.00025350815445858996,
    0.0004781216958192161,
    5.181069570692642e-06,
    0.0001917764848988206,
    0.0004299566295596648,
    5.090487275081301e-06,
    0.0005033614375711451
  ],
  "train_acc": [
    0.0148,
    1.0,
    1.0,
    1.0,
    1.0,
    1.0,
    1.0,
    1.0,
    1.0,
    1.0,
    1.0,
    1.0,
    1.0,
    1.0,
    1.0,
    1.0,
    1.0,
    1.0,
    1.0,
    1.0,
    1.0,
    1.0,
    1.0,
    1.0,
    1.0,
    1.0,
    1.0,
    1.0,
    1.0,
    1.0,
    1.0,
    1.0,
    1.0,
    1.0,
    1.0,
    1.0,
    1.0,
    1.0,
    1.0,
    1.0,
    1.0,
    1.0,
    1.0,
    1.0,
    1.0,
    1.0,
    1.0,
    1.0,
    1.0,
    1.0,
    1.0,
    1.0,
    1.0,
    1.0,
    1.0,
    1.0,
    1.0,
    1.0,
    1.0,
    1.0,
    1.0,
    1.0,
    1.0,
    1.0,
    1.0,
    1.0,
    1.0,
    1.0
  ],
  "test_acc": [
    0.010946965671165905,
    0.40301838665107875,
    0.40333723031140395,
    0.4052502922733553,
    0.40918269741736635,
    0.41959825698799025,
    0.44170475077053883,
    0.4812413646508662,
    0.5141885428844724,
    0.5630779041343394,
    0.6162185141885429,
    0.6495908173025826,
    0.6999681156339674,
    0.7297268572643214,
    0.7508768200658944,
    0.8042299925603146,
    0.8165586140928898,
    0.8374960144542459,
    0.859177383356361,
    0.8695929429269847,
    0.8675735997449251,
    0.8925496864704007,
    0.897332341375279,
    0.8818152832394516,
    0.9101923690083962,
    0.912743118290998,
    0.9105112126687215,
    0.920076522478478,
    0.925815708364332,
    0.9236900839621639,
    0.9257094271442237,
    0.9293229886279094,
    0.9242214900627059,
    0.9319800191306197,
    0.9355935806143054,
    0.9364438303751728,
    0.931554894250186,
    0.9391008608778829,
    0.939632266978425,
    0.9369752364757148,
    0.9418641726007014,
    0.9419704538208099,
    0.9443086406631949,
    0.9408013603996174,
    0.9445212031034116,
    0.9467531087256882,
    0.9405887979594005,
    0.9445212031034116,
    0.9473907960463386,
    0.9449463279838453,
    0.9494101392283983,
    0.9494101392283983,
    0.94930385800829,
    0.9497289828887235,
    0.9510043575300244,
    0.9514294824104581,
    0.9481347645870974,
    0.952173450951217,
    0.9534488255925178,
    0.9300669571686683,
    0.9530237007120842,
    0.9537676692528431,
    0.9363375491550643,
    0.9538739504729514,
    0.9535551068126262,
    0.9507917950898076,
    0.9515357636305665,
    0.9538739504729514
  ]
}