{
  "epoch": [
    1,
    2000,
    4000,
    6000,
    8000,
    10000,
    12000,
    14000,
    16000,
    18000,
    20000,
    22000,
    24000,
    26000,
    28000,
    30000,
    32000,
    34000,
    36000,
    38000,
    40000,
    42000,
    44000,
    46000,
    48000,
    50000,
    52000,
    54000,
    56000,
    58000,
    60000,
    62000,
    64000,
    66000,
    68000,
    70000,
    72000,
    74000,
    76000,
    78000,
    80000,
    82000,
    84000,
    86000,
    88000,
    90000,
    92000,
    94000,
    96000,
    98000,
    100000,
    102000,
    104000,
    106000,
    108000,
    110000,
    112000,
    114000,
    116000,
    118000,
    120000,
    122000,
    124000,
    126000,
    128000,
    130000,
    132000,
    134000,
    136000,
    138000,
    140000,
    142000,
    144000,
    146000,
    148000,
    150000,
    152000,
    154000,
    156000,
    158000,
    160000,
    162000,
    164000,
    166000,
    168000,
    170000,
    172000,
    174000,
    176000,
    178000,
    180000,
    182000,
    184000,
    186000,
    188000,
    190000,
    192000,
    194000,
    196000,
    198000,
    200000
  ],
  "loss": [
    4.575651550292969,
    0.22744837012030128,
    0.021117643995489925,
    0.02060367474750383,
    0.020346722475776916,
    0.020218737195269204,
    0.020169804937468144,
    0.02011763448541751,
    0.020105741910927462,
    0.020087320725125028,
    0.02006594181151595,
    0.02008029735763557,
    0.02008856355510652,
    0.02007702710571466,
    0.02006680057173362,
    0.020065738113946283,
    0.02006142258304171,
    0.020052556011185517,
    0.02005039782819804,
    0.02006208825210342,
    0.020052603226201608,
    0.02006106566468952,
    0.020055036205274518,
    0.020056296341354026,
    0.020062204148096497,
    0.020063667044811884,
    0.020056320147926455,
    0.020050777802825905,
    0.02004904667752562,
    0.02005429557338357,
    0.020069969727052377,
    0.020069508757803122,
    0.0200686464521219,
    0.020060646379413082,
    0.020050687555945478,
    0.020071883730986156,
    0.02004399547941284,
    0.020061357799475082,
    0.02006957484926097,
    0.020065679714712313,
    0.02006104605719447,
    0.020059411299205385,
    0.02005334820979042,
    0.02005862582825357,
    0.02005936131456401,
    0.020047825003031174,
    0.020052284706081263,
    0.02005330494362861,
    0.020051874289789703,
    0.02005707148880465,
    0.020055193610209972,
    0.020053856562194414,
    0.020062799866579006,
    0.020061136939330027,
    0.02006590542952181,
    0.020066592026583386,
    0.020082757046667392,
    0.020079279374075124,
    0.020076897654135246,
    0.02007718852730468,
    0.020094265441654716,
    0.020107292634842452,
    0.020095327012625057,
    0.020096760413204903,
    0.020094964219571555,
    0.02008752720216289,
    0.020075209585379342,
    0.020067660000454634,
    0.020080828605592252,
    0.020074836955528006,
    0.020084371583606115,
    0.020091604580217973,
    0.02009980533522321,
    0.020096685316564982,
    0.020101779752020956,
    0.020088313058041967,
    0.020089638720604125,
    0.0200795190058765,
    0.020083090413641185,
    0.020088952107541264,
    0.020084828081331215,
    0.020089925445290282,
    0.020103939137540876,
    0.020104748327750714,
    0.02011053346840199,
    0.020101362609269563,
    0.020101662956597283,
    0.020092433097551113,
    0.020094968468905426,
    0.020091933642094956,
    0.02009842114413623,
    0.020097060167079326,
    0.020078765585075597,
    0.020083621137368026,
    0.02008895540209487,
    0.020087993882561567,
    0.020094353470695204,
    0.02010507306481013,
    0.02009471913598245,
    0.02009343057872029,
    0.02010073630977131
  ],
  "train_acc": [
    0.016,
    0.9868,
    0.9868,
    0.9868,
    0.9868,
    0.9868,
    0.9868,
    0.9868,
    0.9868,
    0.9868,
    0.9868,
    0.9868,
    0.9868,
    0.9868,
    0.9868,
    0.9868,
    0.9868,
    0.9868,
    0.9868,
    0.9868,
    0.9868,
    0.9868,
    0.9868,
    0.9868,
    0.9868,
    0.9868,
    0.9868,
    0.9868,
    0.9868,
    0.9868,
    0.9868,
    0.9868,
    0.9868,
    0.9868,
    0.9868,
    0.9868,
    0.9868,
    0.9868,
    0.9868,
    0.9868,
    0.9868,
    0.9868,
    0.9868,
    0.9868,
    0.9868,
    0.9868,
    0.9868,
    0.9868,
    0.9868,
    0.9868,
    0.9868,
    0.9868,
    0.9868,
    0.9868,
    0.9868,
    0.9868,
    0.9868,
    0.9868,
    0.9868,
    0.9868,
    0.9868,
    0.9868,
    0.9868,
    0.9868,
    0.9868,
    0.9868,
    0.9868,
    0.9868,
    0.9868,
    0.9868,
    0.9868,
    0.9868,
    0.9868,
    0.9868,
    0.9868,
    0.9868,
    0.9868,
    0.9868,
    0.9868,
    0.9868,
    0.9868,
    0.9868,
    0.9868,
    0.9868,
    0.9868,
    0.9868,
    0.9868,
    0.9868,
    0.9868,
    0.9868,
    0.9868,
    0.9868,
    0.9868,
    0.9868,
    0.9868,
    0.9868,
    0.9868,
    0.9868,
    0.9868,
    0.9868,
    0.9868
  ],
  "test_acc": [
    0.011053246891274312,
    0.39685407588479116,
    0.3974917632054416,
    0.39642895100435754,
    0.3977043256456584,
    0.39717291954511635,
    0.39717291954511635,
    0.39759804442555,
    0.397066638325008,
    0.3977043256456584,
    0.3966415134445743,
    0.39717291954511635,
    0.39812945052609205,
    0.39834201296630883,
    0.3979168880858752,
    0.3986608566266341,
    0.39844829418641725,
    0.3990859815070677,
    0.39929854394728453,
    0.399936231267935,
    0.39961738760760973,
    0.3995111063875013,
    0.39972366882771815,
    0.4003613561483686,
    0.4018492932298863,
    0.40174301200977786,
    0.40269954299075356,
    0.4021681368902115,
    0.40312466787118717,
    0.40269954299075356,
    0.4037623551918376,
    0.40301838665107875,
    0.4035497927516208,
    0.4039749176320544,
    0.4053565734934637,
    0.40631310447443936,
    0.40673822935487297,
    0.4064193856945478,
    0.4068445105749814,
    0.4081198852162823,
    0.4081198852162823,
    0.4099266659581252,
    0.4099266659581252,
    0.40960782229779996,
    0.41088319693910086,
    0.41077691571899244,
    0.4127962589010522,
    0.4139653523222447,
    0.4147093208630035,
    0.41364650866191943,
    0.41747263258582207,
    0.4172600701456053,
    0.41874800722712296,
    0.42151131894994154,
    0.42034222552874906,
    0.42023594430864064,
    0.42129875650972476,
    0.4205547879689659,
    0.4222552874907004,
    0.42310553725156763,
    0.4238495057923265,
    0.425550005314061,
    0.4258688489743862,
    0.42895100435753003,
    0.4295886916781805,
    0.43107662875969815,
    0.431289191199915,
    0.43277712828143267,
    0.4316080348602402,
    0.4330959719417579,
    0.43405250292273356,
    0.43862259538739506,
    0.4407482197895632,
    0.4428738441917313,
    0.4408545010096716,
    0.4403230949091296,
    0.44266128175151453,
    0.44170475077053883,
    0.4458497183547667,
    0.44638112445530875,
    0.44765649909660965,
    0.44786906153682643,
    0.4470188117759592,
    0.4470188117759592,
    0.44840046763736846,
    0.44935699861834416,
    0.4497821234987778,
    0.4507386544797534,
    0.4507386544797534,
    0.45105749814007867,
    0.4522265915612711,
    0.45382080986289725,
    0.4553087469444149,
    0.45286427888192154,
    0.4532894037623552,
    0.4543522159634393,
    0.45382080986289725,
    0.453501966202572,
    0.4552024657243065,
    0.4522265915612711,
    0.4515889042406207
  ]
}