{
  "epoch": [
    1,
    2000,
    4000,
    6000,
    8000,
    10000,
    12000,
    14000,
    16000,
    18000,
    20000,
    22000,
    24000,
    26000,
    28000,
    30000,
    32000,
    34000,
    36000,
    38000,
    40000,
    42000,
    44000,
    46000,
    48000,
    50000,
    52000,
    54000,
    56000,
    58000,
    60000,
    62000,
    64000,
    66000,
    68000,
    70000,
    72000,
    74000,
    76000,
    78000,
    80000,
    82000,
    84000,
    86000,
    88000,
    90000,
    92000,
    94000,
    96000,
    98000,
    100000,
    102000,
    104000,
    106000,
    108000,
    110000,
    112000,
    114000,
    116000,
    118000,
    120000,
    122000,
    124000,
    126000,
    128000,
    130000,
    132000,
    134000,
    136000,
    138000,
    140000,
    142000,
    144000,
    146000,
    148000,
    150000,
    152000,
    154000,
    156000,
    158000,
    160000,
    162000,
    164000,
    166000,
    168000,
    170000,
    172000,
    174000,
    176000,
    178000,
    180000,
    182000,
    184000,
    186000,
    188000,
    190000,
    192000,
    194000,
    196000,
    198000,
    200000
  ],
  "loss": [
    4.576048421859741,
    0.2297451793273008,
    0.0257245925525669,
    0.025160905331652612,
    0.024844755638716742,
    0.02467478354938794,
    0.024591333315335213,
    0.024543186817725656,
    0.0245273841727525,
    0.024524595249001867,
    0.024523344059986994,
    0.024522915878053754,
    0.024490262743947097,
    0.024493045831494965,
    0.024490544231352395,
    0.024479224561317823,
    0.024470594671182334,
    0.02446092332021799,
    0.02445714759614784,
    0.024467992967367173,
    0.024469515967462212,
    0.024478216489893383,
    0.02446885460501071,
    0.024463795607560315,
    0.024459706974145956,
    0.024456843102676793,
    0.024454285526217426,
    0.024457179379370062,
    0.024467769177048466,
    0.024468925131345166,
    0.024485799364245033,
    0.024456757882190868,
    0.0244457581555238,
    0.024449379937024788,
    0.024450728419516236,
    0.024464697954209986,
    0.02445863274387084,
    0.024462273370311597,
    0.024443713739141823,
    0.02445891106268391,
    0.024461587547510863,
    0.02445879227577243,
    0.02444512960300781,
    0.02443716810736805,
    0.024459985065204092,
    0.02445786010597367,
    0.024456838988058734,
    0.024450913247582504,
    0.024453628133260644,
    0.024456963870767505,
    0.024453982674260622,
    0.024449272106541322,
    0.024446553758345545,
    0.02446332227718085,
    0.02445627922452986,
    0.024451411910611204,
    0.02444938826801954,
    0.024451420955709183,
    0.024457054832717404,
    0.02445489414567128,
    0.02443710911097005,
    0.02444542786919046,
    0.02444840232108254,
    0.024444965746509843,
    0.02445962030668743,
    0.024469431767240167,
    0.024463448756723665,
    0.024452582035283558,
    0.024452514214429538,
    0.024450018291454764,
    0.024468034999771043,
    0.024465357373817824,
    0.024473064119450282,
    0.02447771151481429,
    0.024472394659381825,
    0.024472865709732287,
    0.024459977672295644,
    0.024466468726447782,
    0.024470564723876306,
    0.024472352688247337,
    0.024462424825830387,
    0.024458833133429288,
    0.024478653850383125,
    0.02450239456493873,
    0.024485805932083167,
    0.02448438266252633,
    0.02448332235531416,
    0.024473717299196868,
    0.024485116673330778,
    0.024472101466986352,
    0.024480112788034605,
    0.024476166461291724,
    0.024487228129641152,
    0.024483880867355038,
    0.024486941085825675,
    0.02450235323123634,
    0.024494665578729473,
    0.024517869844927917,
    0.024493706345325335,
    0.024481861467985436,
    0.024482603126741016
  ],
  "train_acc": [
    0.0218,
    0.984,
    0.984,
    0.984,
    0.984,
    0.984,
    0.984,
    0.984,
    0.984,
    0.984,
    0.984,
    0.984,
    0.984,
    0.984,
    0.984,
    0.984,
    0.984,
    0.984,
    0.984,
    0.984,
    0.984,
    0.984,
    0.984,
    0.984,
    0.984,
    0.984,
    0.984,
    0.984,
    0.984,
    0.984,
    0.984,
    0.984,
    0.984,
    0.984,
    0.984,
    0.984,
    0.984,
    0.984,
    0.984,
    0.984,
    0.984,
    0.984,
    0.984,
    0.984,
    0.984,
    0.984,
    0.984,
    0.984,
    0.984,
    0.984,
    0.984,
    0.984,
    0.984,
    0.984,
    0.984,
    0.984,
    0.984,
    0.984,
    0.984,
    0.984,
    0.984,
    0.984,
    0.984,
    0.984,
    0.984,
    0.984,
    0.984,
    0.984,
    0.984,
    0.984,
    0.984,
    0.984,
    0.984,
    0.984,
    0.984,
    0.984,
    0.984,
    0.984,
    0.984,
    0.984,
    0.984,
    0.984,
    0.984,
    0.984,
    0.984,
    0.984,
    0.984,
    0.984,
    0.984,
    0.984,
    0.984,
    0.984,
    0.984,
    0.984,
    0.984,
    0.984,
    0.984,
    0.984,
    0.984,
    0.984,
    0.984
  ],
  "test_acc": [
    0.01317887129344245,
    0.3957912636837071,
    0.39653523222446596,
    0.39674779466468274,
    0.39685407588479116,
    0.3973854819853332,
    0.39685407588479116,
    0.397066638325008,
    0.3966415134445743,
    0.397066638325008,
    0.3962163885641407,
    0.3974917632054416,
    0.3973854819853332,
    0.39717291954511635,
    0.397066638325008,
    0.39674779466468274,
    0.3987671378467425,
    0.39759804442555,
    0.39834201296630883,
    0.39759804442555,
    0.39855457540652567,
    0.3990859815070677,
    0.39887341906685087,
    0.39759804442555,
    0.3973854819853332,
    0.39961738760760973,
    0.3977043256456584,
    0.39961738760760973,
    0.39982995004782657,
    0.40099904346901905,
    0.40004251248804334,
    0.3995111063875013,
    0.40099904346901905,
    0.40004251248804334,
    0.40174301200977786,
    0.40089276224891063,
    0.4002550749282602,
    0.40142416834945266,
    0.40099904346901905,
    0.4019555744499947,
    0.4018492932298863,
    0.40259326177064514,
    0.4048251673929217,
    0.40269954299075356,
    0.4037623551918376,
    0.40471888617281326,
    0.4048251673929217,
    0.4057816983738973,
    0.4061005420342226,
    0.4065256669146562,
    0.40546285471357213,
    0.4069507917950898,
    0.4068445105749814,
    0.40801360399617387,
    0.4069507917950898,
    0.4078010415559571,
    0.40769476033584867,
    0.40875757253693273,
    0.40907641619725793,
    0.41077691571899244,
    0.4113083218195345,
    0.41056435327877566,
    0.41205229036029334,
    0.413540227441811,
    0.4131151025613774,
    0.41375278988202785,
    0.415878414284196,
    0.41407163354235305,
    0.41662238282495484,
    0.4168349452651716,
    0.416409820384738,
    0.4173663513657137,
    0.4188542884472314,
    0.4188542884472314,
    0.4181103199064725,
    0.4165161016048464,
    0.416409820384738,
    0.41874800722712296,
    0.41949197576788183,
    0.419279413327665,
    0.4197045382080986,
    0.422149006270592,
    0.42161760017004996,
    0.42193644383037515,
    0.4229992560314592,
    0.42406206823254333,
    0.4224678499309172,
    0.4218301626102668,
    0.42204272505048357,
    0.4224678499309172,
    0.42310553725156763,
    0.42459347433308536,
    0.42916356679774686,
    0.4285258794770964,
    0.42905728557763845,
    0.43065150387926454,
    0.4292698480178552,
    0.4308640663194813,
    0.4295886916781805,
    0.4301200977787225,
    0.43107662875969815
  ]
}