{
  "epoch": [
    1,
    2000,
    4000,
    6000,
    8000,
    10000,
    12000,
    14000,
    16000,
    18000,
    20000,
    22000,
    24000,
    26000,
    28000,
    30000,
    32000,
    34000,
    36000,
    38000,
    40000,
    42000,
    44000,
    46000,
    48000,
    50000,
    52000,
    54000,
    56000,
    58000,
    60000,
    62000,
    64000,
    66000,
    68000,
    70000,
    72000,
    74000,
    76000,
    78000,
    80000,
    82000
  ],
  "loss": [
    4.5760828971862795,
    0.19869773758147485,
    8.450256280305268e-07,
    2.1350226487157896e-07,
    2.0402652579321057e-07,
    2.0166272788841865e-07,
    2.0383871939841925e-07,
    2.0648242207954582e-07,
    0.00018165955530557624,
    8.149313413869237e-05,
    3.0758137806138565e-06,
    0.00015834518190478236,
    8.189173693978091e-07,
    0.00023647287668554,
    9.231132094138488e-05,
    1.4113085544920523e-06,
    0.00021526522031572882,
    0.00027370649216760585,
    2.8863341585754655e-06,
    0.0002796051782971588,
    0.000245036786389273,
    3.272837508988857e-06,
    0.0002709212011467578,
    0.00025376653996005556,
    3.1228639410933567e-06,
    0.00031650595291751174,
    0.0003046657729590699,
    0.0002816106106954571,
    4.917615787834961e-06,
    0.00036138727378299293,
    2.5984749158666887e-06,
    0.0003280541869513335,
    0.0003614301239142051,
    0.0002675227582522474,
    4.513846146281253e-06,
    0.00016680225933814156,
    0.00027881255174433547,
    4.322802381690138e-06,
    0.000256183183486867,
    0.00023782189764779674,
    3.757845000323812e-06,
    0.00031436049367129755
  ],
  "train_acc": [
    0.0218,
    1.0,
    1.0,
    1.0,
    1.0,
    1.0,
    1.0,
    1.0,
    1.0,
    1.0,
    1.0,
    1.0,
    1.0,
    1.0,
    1.0,
    1.0,
    1.0,
    1.0,
    1.0,
    1.0,
    1.0,
    1.0,
    1.0,
    1.0,
    1.0,
    1.0,
    1.0,
    1.0,
    1.0,
    1.0,
    1.0,
    1.0,
    1.0,
    1.0,
    1.0,
    1.0,
    1.0,
    1.0,
    1.0,
    1.0,
    1.0,
    1.0
  ],
  "test_acc": [
    0.012541183972792008,
    0.40471888617281326,
    0.4056754171537889,
    0.40790732277606545,
    0.41534700818365394,
    0.4334148156020831,
    0.4672122435965565,
    0.5209905409714104,
    0.5753002444468063,
    0.6131363588053991,
    0.6676586247210118,
    0.7076203634817728,
    0.7480072271229674,
    0.7914762461473057,
    0.8105005845467106,
    0.8266553300031885,
    0.8570517589541928,
    0.8662982251036242,
    0.8740567541715379,
    0.8945690296524604,
    0.8979700286959295,
    0.9015835901796153,
    0.9160378361143586,
    0.9228398342012967,
    0.9239026464023807,
    0.9333616749920289,
    0.9363375491550643,
    0.8998830906578807,
    0.9400573918588585,
    0.9433521096822192,
    0.9402699542990753,
    0.946434265065363,
    0.9496227016686152,
    0.934424487193113,
    0.9491975767881815,
    0.9514294824104581,
    0.9483473270273143,
    0.9506855138696992,
    0.9554681687745775,
    0.9558932936550112,
    0.9513232011903496,
    0.9562121373153364
  ]
}