{
  "epoch": [
    1,
    2000,
    4000,
    6000,
    8000,
    10000,
    12000,
    14000,
    16000,
    18000,
    20000,
    22000,
    24000,
    26000,
    28000,
    30000,
    32000,
    34000,
    36000,
    38000,
    40000,
    42000,
    44000,
    46000,
    48000,
    50000,
    52000,
    54000,
    56000,
    58000,
    60000,
    62000,
    64000,
    66000,
    68000,
    70000,
    72000,
    74000,
    76000,
    78000,
    80000,
    82000,
    84000,
    86000,
    88000,
    90000,
    92000,
    94000,
    96000,
    98000,
    100000,
    102000,
    104000,
    106000,
    108000,
    110000,
    112000,
    114000,
    116000,
    118000,
    120000,
    122000,
    124000,
    126000,
    128000,
    130000,
    132000,
    134000,
    136000,
    138000,
    140000,
    142000,
    144000,
    146000,
    148000,
    150000,
    152000,
    154000,
    156000,
    158000,
    160000,
    162000,
    164000,
    166000,
    168000,
    170000,
    172000,
    174000,
    176000,
    178000,
    180000,
    182000,
    184000,
    186000,
    188000,
    190000,
    192000,
    194000,
    196000,
    198000,
    200000
  ],
  "loss": [
    4.57536563873291,
    0.23564384472813818,
    0.02484719137798529,
    0.024278023175150158,
    0.023936214236333034,
    0.023753017312719022,
    0.02366766727513168,
    0.023619664033164737,
    0.02358660350481514,
    0.02356582148647867,
    0.023554295876133256,
    0.023574485591310076,
    0.023564135111751965,
    0.023577584422845393,
    0.023581031600688585,
    0.023576920672692358,
    0.02356458874650998,
    0.023572348218015394,
    0.023573100976506247,
    0.02356201080228202,
    0.02356431534193689,
    0.02355089688715525,
    0.02354992882562801,
    0.02354832309288904,
    0.0235576758657,
    0.0235439969581319,
    0.02356398128254805,
    0.023569639082497453,
    0.023561671838897746,
    0.023560837145429104,
    0.0235493633344071,
    0.023538837588578464,
    0.023536957771447486,
    0.02355394122595899,
    0.023536915870476516,
    0.023551090649876278,
    0.02354587321637664,
    0.023539646336389705,
    0.023546419251780026,
    0.023535417490825057,
    0.023528264116798526,
    0.02354301098017022,
    0.023533904115203768,
    0.023540947159496135,
    0.02353737469930202,
    0.023523008408863098,
    0.02353556416009087,
    0.023542404939816332,
    0.023534972752723843,
    0.023536939806491138,
    0.02353580928235315,
    0.023537909139692784,
    0.023545718351681715,
    0.023552829175861552,
    0.023539228845667094,
    0.023530733438034076,
    0.0235309444331564,
    0.023546510046022012,
    0.023544155197497457,
    0.023540060235746205,
    0.02355900419970276,
    0.023559436856070533,
    0.02356244223918766,
    0.023562254803278483,
    0.023556638255977303,
    0.023560528108640573,
    0.02357207412290154,
    0.023586544961156322,
    0.023578868816792966,
    0.023567181739921218,
    0.023574596674880013,
    0.02355120266370941,
    0.023549522425048052,
    0.02357747377672931,
    0.0235769623685861,
    0.02357581244753674,
    0.023569842861569486,
    0.023573862868570723,
    0.02357332602920942,
    0.023576102375623305,
    0.023561743566126097,
    0.023553664765064604,
    0.023574080731277355,
    0.0235633410228882,
    0.023569615288241766,
    0.0235776205270784,
    0.023580490078846925,
    0.023579002440162002,
    0.023577445962210185,
    0.023592171033634805,
    0.023579181330651046,
    0.023571813170542008,
    0.023575112828845158,
    0.023574298844963777,
    0.02358664253599709,
    0.02358588521387428,
    0.023578850383101962,
    0.023584291042783298,
    0.02358612219018396,
    0.023584033110400197,
    0.023583552399207838
  ],
  "train_acc": [
    0.017,
    0.9844,
    0.9844,
    0.9844,
    0.9844,
    0.9844,
    0.9844,
    0.9844,
    0.9844,
    0.9844,
    0.9844,
    0.9844,
    0.9844,
    0.9844,
    0.9844,
    0.9844,
    0.9844,
    0.9844,
    0.9844,
    0.9844,
    0.9844,
    0.9844,
    0.9844,
    0.9844,
    0.9844,
    0.9844,
    0.9844,
    0.9844,
    0.9844,
    0.9844,
    0.9844,
    0.9844,
    0.9844,
    0.9844,
    0.9844,
    0.9844,
    0.9844,
    0.9844,
    0.9844,
    0.9844,
    0.9844,
    0.9844,
    0.9844,
    0.9844,
    0.9844,
    0.9844,
    0.9844,
    0.9844,
    0.9844,
    0.9844,
    0.9844,
    0.9844,
    0.9844,
    0.9844,
    0.9844,
    0.9844,
    0.9844,
    0.9844,
    0.9844,
    0.9844,
    0.9844,
    0.9844,
    0.9844,
    0.9844,
    0.9844,
    0.9844,
    0.9844,
    0.9844,
    0.9844,
    0.9844,
    0.9844,
    0.9844,
    0.9844,
    0.9844,
    0.9844,
    0.9844,
    0.9844,
    0.9844,
    0.9844,
    0.9844,
    0.9844,
    0.9844,
    0.9844,
    0.9844,
    0.9844,
    0.9844,
    0.9844,
    0.9844,
    0.9844,
    0.9844,
    0.9844,
    0.9844,
    0.9844,
    0.9844,
    0.9844,
    0.9844,
    0.9844,
    0.9844,
    0.9844,
    0.9844,
    0.9844
  ],
  "test_acc": [
    0.01147837177170794,
    0.40142416834945266,
    0.40131788712934424,
    0.4019555744499947,
    0.4022744181103199,
    0.4022744181103199,
    0.4018492932298863,
    0.4018492932298863,
    0.4018492932298863,
    0.40174301200977786,
    0.4018492932298863,
    0.40163673078966944,
    0.40163673078966944,
    0.4024869805505367,
    0.40269954299075356,
    0.4028058242108619,
    0.4032309490912956,
    0.4020618556701031,
    0.4024869805505367,
    0.4032309490912956,
    0.4032309490912956,
    0.40333723031140395,
    0.40301838665107875,
    0.4021681368902115,
    0.4037623551918376,
    0.4028058242108619,
    0.40344351153151237,
    0.4037623551918376,
    0.4035497927516208,
    0.4036560739717292,
    0.4036560739717292,
    0.40429376129237965,
    0.40312466787118717,
    0.40450632373259643,
    0.40386863641194604,
    0.4039749176320544,
    0.4039749176320544,
    0.4037623551918376,
    0.40440004251248807,
    0.4065256669146562,
    0.4057816983738973,
    0.4051440110532469,
    0.4068445105749814,
    0.40673822935487297,
    0.4069507917950898,
    0.40620682325433094,
    0.4064193856945478,
    0.4066319481347646,
    0.40758847911574025,
    0.4081198852162823,
    0.40907641619725793,
    0.40928897863747477,
    0.41045807205866724,
    0.4113083218195345,
    0.4099266659581252,
    0.41258369646083537,
    0.41258369646083537,
    0.41545328940376236,
    0.41694122648528004,
    0.4161972579445212,
    0.4181103199064725,
    0.41672866404506326,
    0.4161972579445212,
    0.41874800722712296,
    0.41821660112658093,
    0.419810819428207,
    0.4193856945477734,
    0.41853544478690613,
    0.42129875650972476,
    0.42193644383037515,
    0.42193644383037515,
    0.4210861940695079,
    0.42459347433308536,
    0.42640025507492824,
    0.4239557870124349,
    0.4270379423955787,
    0.42661281751514507,
    0.4270379423955787,
    0.42693166117547027,
    0.4272505048357955,
    0.42916356679774686,
    0.4287384419173132,
    0.43097034753958974,
    0.43075778509937296,
    0.4321394409607822,
    0.4347964714634924,
    0.4334148156020831,
    0.4350090339037092,
    0.4364969709852269,
    0.4362844085450101,
    0.4381974705069614,
    0.43809118928685303,
    0.4394728451482623,
    0.4407482197895632,
    0.4410670634498884,
    0.4428738441917313,
    0.4403230949091296,
    0.4410670634498884,
    0.4425550005314061,
    0.4428738441917313,
    0.44308640663194815
  ]
}