{
  "epoch": [
    1,
    2000,
    4000,
    6000,
    8000,
    10000,
    12000,
    14000,
    16000,
    18000,
    20000,
    22000,
    24000,
    26000,
    28000,
    30000,
    32000,
    34000,
    36000,
    38000,
    40000,
    42000,
    44000,
    46000,
    48000,
    50000,
    52000,
    54000,
    56000,
    58000,
    60000,
    62000,
    64000,
    66000,
    68000,
    70000,
    72000,
    74000,
    76000,
    78000,
    80000,
    82000,
    84000,
    86000,
    88000,
    90000,
    92000,
    94000,
    96000,
    98000,
    100000,
    102000,
    104000,
    106000,
    108000,
    110000,
    112000,
    114000,
    116000,
    118000,
    120000,
    122000,
    124000,
    126000,
    128000,
    130000,
    132000,
    134000,
    136000,
    138000,
    140000,
    142000,
    144000,
    146000,
    148000,
    150000,
    152000,
    154000,
    156000,
    158000,
    160000,
    162000,
    164000,
    166000,
    168000,
    170000,
    172000,
    174000,
    176000,
    178000,
    180000,
    182000,
    184000,
    186000,
    188000,
    190000,
    192000,
    194000,
    196000,
    198000,
    200000
  ],
  "loss": [
    4.575377893447876,
    0.2347509727701256,
    0.024233815379138105,
    0.023647118739481086,
    0.023347137512639164,
    0.023185862892330624,
    0.02311086136312224,
    0.02304078289545141,
    0.023024938367819412,
    0.023031524247454947,
    0.023025336077506654,
    0.023022504107677377,
    0.023006782417232172,
    0.023015660131606275,
    0.02300969760379521,
    0.0230094091382809,
    0.023004917435965035,
    0.023003624292009046,
    0.022980507571913767,
    0.02298853887220612,
    0.022999721545516515,
    0.02298642821724061,
    0.02299439208910335,
    0.022986063465289773,
    0.022994172482402063,
    0.022992634199373425,
    0.022984157165430952,
    0.022973875901312567,
    0.022977263805235272,
    0.02297631762139499,
    0.022972791531030087,
    0.022976350269361866,
    0.022969101122999564,
    0.02298123657917604,
    0.022961381617852022,
    0.02296799792521633,
    0.022966966507898177,
    0.022983274177205748,
    0.022976650782558134,
    0.022977467030566186,
    0.022975026644440368,
    0.022979356764024125,
    0.022974200246622785,
    0.022982135263085367,
    0.022993309939850586,
    0.022977108974359,
    0.022985837121889927,
    0.022986602518358268,
    0.022990906142489984,
    0.022976165866560767,
    0.02297885058647953,
    0.022991272280970587,
    0.02298716145438375,
    0.022991690855461638,
    0.0229879513470456,
    0.02298225610262016,
    0.02297309552745428,
    0.02297412233434152,
    0.022972465563123115,
    0.022979351902217605,
    0.022995742118381894,
    0.022986314075347035,
    0.022997120310901665,
    0.022996061272127555,
    0.02299476605709642,
    0.02298835086291656,
    0.02300386802973226,
    0.022992916833003984,
    0.022996562939946306,
    0.02299687826515874,
    0.02298687151221093,
    0.022995387303922324,
    0.02299093993983697,
    0.022988797415036243,
    0.02299260281880852,
    0.022992057088017465,
    0.02298691930214409,
    0.02298775414018892,
    0.02299675720790401,
    0.023006503595132382,
    0.02299190756441094,
    0.02300014038970694,
    0.023019995576969814,
    0.02300417247407604,
    0.02301273040315136,
    0.023009108300460504,
    0.023026139913621593,
    0.02302676075634081,
    0.023011833033734,
    0.02301452602164354,
    0.02301388406055048,
    0.023011235793784727,
    0.023029414588189683,
    0.022998260569688865,
    0.023007076888543088,
    0.023018576462892817,
    0.02301947712020483,
    0.023013419174030422,
    0.02300898562266957,
    0.023009693361213432,
    0.02301490097665228
  ],
  "train_acc": [
    0.0176,
    0.9848,
    0.9848,
    0.9848,
    0.9848,
    0.9848,
    0.9848,
    0.9848,
    0.9848,
    0.9848,
    0.9848,
    0.9848,
    0.9848,
    0.9848,
    0.9848,
    0.9848,
    0.9848,
    0.9848,
    0.9848,
    0.9848,
    0.9848,
    0.9848,
    0.9848,
    0.9848,
    0.9848,
    0.9848,
    0.9848,
    0.9848,
    0.9848,
    0.9848,
    0.9848,
    0.9848,
    0.9848,
    0.9848,
    0.9848,
    0.9848,
    0.9848,
    0.9848,
    0.9848,
    0.9848,
    0.9848,
    0.9848,
    0.9848,
    0.9848,
    0.9848,
    0.9848,
    0.9848,
    0.9848,
    0.9848,
    0.9848,
    0.9848,
    0.9848,
    0.9848,
    0.9848,
    0.9848,
    0.9848,
    0.9848,
    0.9848,
    0.9848,
    0.9848,
    0.9848,
    0.9848,
    0.9848,
    0.9848,
    0.9848,
    0.9848,
    0.9848,
    0.9848,
    0.9848,
    0.9848,
    0.9848,
    0.9848,
    0.9848,
    0.9848,
    0.9848,
    0.9848,
    0.9848,
    0.9848,
    0.9848,
    0.9848,
    0.9848,
    0.9848,
    0.9848,
    0.9848,
    0.9848,
    0.9848,
    0.9848,
    0.9848,
    0.9848,
    0.9848,
    0.9848,
    0.9848,
    0.9848,
    0.9848,
    0.9848,
    0.9848,
    0.9848,
    0.9848,
    0.9848,
    0.9848,
    0.9848
  ],
  "test_acc": [
    0.011797215432033159,
    0.4028058242108619,
    0.40312466787118717,
    0.4036560739717292,
    0.40429376129237965,
    0.40461260495270485,
    0.4040811988521628,
    0.4037623551918376,
    0.4032309490912956,
    0.40333723031140395,
    0.40333723031140395,
    0.40450632373259643,
    0.40333723031140395,
    0.4040811988521628,
    0.4040811988521628,
    0.40386863641194604,
    0.40450632373259643,
    0.40429376129237965,
    0.4049314486130301,
    0.4051440110532469,
    0.40546285471357213,
    0.40599426081411416,
    0.40599426081411416,
    0.40546285471357213,
    0.40620682325433094,
    0.40620682325433094,
    0.4064193856945478,
    0.40716335423530664,
    0.4086512913168243,
    0.4078010415559571,
    0.4084387288766075,
    0.4099266659581252,
    0.4097141035179084,
    0.40907641619725793,
    0.41003294717823363,
    0.41003294717823363,
    0.4103517908385588,
    0.41088319693910086,
    0.4116271654798597,
    0.4115208842597513,
    0.41173344669996814,
    0.4131151025613774,
    0.41343394622170265,
    0.41385907110213627,
    0.41237113402061853,
    0.4118397279200765,
    0.4142841959825699,
    0.4144967584227867,
    0.41672866404506326,
    0.41821660112658093,
    0.41959825698799025,
    0.4193856945477734,
    0.4189605696673398,
    0.41842916356679777,
    0.41991710064831544,
    0.41991710064831544,
    0.4204485067488575,
    0.42363694335210966,
    0.42076735040918267,
    0.4224678499309172,
    0.422149006270592,
    0.42278669359124244,
    0.42459347433308536,
    0.42608141141460304,
    0.42916356679774686,
    0.42905728557763845,
    0.42767562971622913,
    0.42778191093633755,
    0.43097034753958974,
    0.43150175364013177,
    0.43256456584121583,
    0.43245828462110747,
    0.43097034753958974,
    0.43277712828143267,
    0.4334148156020831,
    0.43596556488468485,
    0.43766606440641936,
    0.4393665639281539,
    0.4394728451482623,
    0.4410670634498884,
    0.4424487193112977,
    0.4439366563928154,
    0.4458497183547667,
    0.44786906153682643,
    0.44553087469444147,
    0.447231374216176,
    0.4436178127324902,
    0.4456371559145499,
    0.4452120310341163,
    0.44680624933574237,
    0.4485067488574769,
    0.44967584227866936,
    0.4527579976618132,
    0.45297056010202996,
    0.45254543522159635,
    0.45626527792539057,
    0.4576469337867999,
    0.456902965246041,
    0.4567966840259326,
    0.45955999574875117,
    0.46051652672972687
  ]
}