{
  "epoch": [
    1,
    2000,
    4000,
    6000,
    8000,
    10000,
    12000,
    14000,
    16000,
    18000,
    20000,
    22000,
    24000,
    26000,
    28000,
    30000,
    32000,
    34000,
    36000,
    38000,
    40000,
    42000,
    44000,
    46000,
    48000,
    50000,
    52000,
    54000,
    56000,
    58000,
    60000,
    62000,
    64000,
    66000,
    68000,
    70000,
    72000,
    74000,
    76000,
    78000,
    80000,
    82000,
    84000,
    86000,
    88000,
    90000,
    92000,
    94000,
    96000,
    98000,
    100000,
    102000,
    104000,
    106000,
    108000,
    110000,
    112000,
    114000,
    116000,
    118000,
    120000,
    122000,
    124000,
    126000,
    128000,
    130000,
    132000,
    134000,
    136000,
    138000,
    140000,
    142000,
    144000,
    146000,
    148000,
    150000,
    152000,
    154000,
    156000,
    158000,
    160000,
    162000,
    164000,
    166000,
    168000,
    170000,
    172000,
    174000,
    176000,
    178000,
    180000,
    182000,
    184000,
    186000,
    188000,
    190000,
    192000,
    194000,
    196000,
    198000,
    200000
  ],
  "loss": [
    4.576093673706055,
    0.2217474515431385,
    0.018633520072069313,
    0.018190382157906426,
    0.01796818809900433,
    0.017907596893026494,
    0.017859737703937572,
    0.017839581376637215,
    0.017826103911647805,
    0.0178185547280882,
    0.017802225335215915,
    0.017803504329454153,
    0.017785867084091297,
    0.017808715843828395,
    0.01779882277610013,
    0.017793780946632615,
    0.017796392312657554,
    0.01778844982307055,
    0.01779111217374448,
    0.01778620647768839,
    0.017793533294851657,
    0.017796870014147134,
    0.017794566198653775,
    0.01779386866836576,
    0.017794426070712507,
    0.017781466822646325,
    0.017780464745458448,
    0.01777459115801612,
    0.017774181425973073,
    0.017785382348083658,
    0.01778616848846432,
    0.0177839744822355,
    0.017777362678141798,
    0.017775851290798783,
    0.017778100056096445,
    0.017791077275175485,
    0.017784456622472498,
    0.017797497684531847,
    0.01778995875181281,
    0.01779298525408376,
    0.017799800671968843,
    0.01780111195644131,
    0.017798517752054613,
    0.01780081979101524,
    0.017782267406309258,
    0.017791143819864373,
    0.017797775327961427,
    0.017794779179792386,
    0.01780642605453031,
    0.01780438304253039,
    0.017809079095593188,
    0.017811425375676482,
    0.01781643724499736,
    0.017829130637086927,
    0.01782491050556793,
    0.017803730781457854,
    0.017809752077283338,
    0.017819156695273706,
    0.017830706240097062,
    0.01781540484696743,
    0.01782497999733314,
    0.017830673842172837,
    0.01782135116295831,
    0.01782096434609266,
    0.017810283526731654,
    0.01781687031518668,
    0.01781637310818187,
    0.017821981759136542,
    0.017822753295188887,
    0.01783243137029058,
    0.01782448895088164,
    0.017831820889015217,
    0.01782534825739955,
    0.017827731708448844,
    0.017830330529029017,
    0.017856304288905812,
    0.017832527707290137,
    0.017836898702703184,
    0.0178368512447807,
    0.017824773679848294,
    0.01782872801583726,
    0.017829122695769185,
    0.01783401541708445,
    0.0178376409894845,
    0.017838958296191414,
    0.017837833031592892,
    0.017829789977171457,
    0.01781921036716085,
    0.017821789678075583,
    0.017821368540101686,
    0.017836420045170234,
    0.01782813724039006,
    0.017837431478570216,
    0.017827255057403818,
    0.017820086142857326,
    0.017821162668976466,
    0.017830410498171113,
    0.01782361151475925,
    0.017823787366668693,
    0.017819165530582673,
    0.017820028193690815
  ],
  "train_acc": [
    0.0214,
    0.9886,
    0.9886,
    0.9886,
    0.9886,
    0.9886,
    0.9886,
    0.9886,
    0.9886,
    0.9886,
    0.9886,
    0.9886,
    0.9886,
    0.9886,
    0.9886,
    0.9886,
    0.9886,
    0.9886,
    0.9886,
    0.9886,
    0.9886,
    0.9886,
    0.9886,
    0.9886,
    0.9886,
    0.9886,
    0.9886,
    0.9886,
    0.9886,
    0.9886,
    0.9886,
    0.9886,
    0.9886,
    0.9886,
    0.9886,
    0.9886,
    0.9886,
    0.9886,
    0.9886,
    0.9886,
    0.9886,
    0.9886,
    0.9886,
    0.9886,
    0.9886,
    0.9886,
    0.9886,
    0.9886,
    0.9886,
    0.9886,
    0.9886,
    0.9886,
    0.9886,
    0.9886,
    0.9886,
    0.9886,
    0.9886,
    0.9886,
    0.9886,
    0.9886,
    0.9886,
    0.9886,
    0.9886,
    0.9886,
    0.9886,
    0.9886,
    0.9886,
    0.9886,
    0.9886,
    0.9886,
    0.9886,
    0.9886,
    0.9886,
    0.9886,
    0.9886,
    0.9886,
    0.9886,
    0.9886,
    0.9886,
    0.9886,
    0.9886,
    0.9886,
    0.9886,
    0.9886,
    0.9886,
    0.9886,
    0.9886,
    0.9886,
    0.9886,
    0.9886,
    0.9886,
    0.9886,
    0.9886,
    0.9886,
    0.9886,
    0.9886,
    0.9886,
    0.9886,
    0.9886,
    0.9886,
    0.9886
  ],
  "test_acc": [
    0.013072590073334042,
    0.4005739185885854,
    0.4003613561483686,
    0.40099904346901905,
    0.40099904346901905,
    0.40099904346901905,
    0.40089276224891063,
    0.40099904346901905,
    0.4006801998086938,
    0.4011053246891274,
    0.4011053246891274,
    0.40291210543097034,
    0.40301838665107875,
    0.40312466787118717,
    0.40291210543097034,
    0.40440004251248807,
    0.40599426081411416,
    0.4053565734934637,
    0.4066319481347646,
    0.407269635455415,
    0.4089701349771495,
    0.4099266659581252,
    0.4102455096184504,
    0.4102455096184504,
    0.4115208842597513,
    0.41056435327877566,
    0.4109894781592093,
    0.413008821341269,
    0.41343394622170265,
    0.41407163354235305,
    0.41407163354235305,
    0.41375278988202785,
    0.4148156020831119,
    0.4152407269635455,
    0.4155595706238708,
    0.4173663513657137,
    0.41715378892549687,
    0.4191731321075566,
    0.42034222552874906,
    0.42193644383037515,
    0.42193644383037515,
    0.42406206823254333,
    0.4246997555531937,
    0.42438091189286853,
    0.42650653629503665,
    0.4271442236156871,
    0.4299075353385057,
    0.4300138165586141,
    0.434158784142842,
    0.4349027526836008,
    0.4381974705069614,
    0.4400042512488043,
    0.44042937612923794,
    0.44266128175151453,
    0.44499946859389944,
    0.4474439366563928,
    0.4487193112976937,
    0.4523328727813795,
    0.45413965352322244,
    0.45626527792539057,
    0.4544584971835477,
    0.4547773408438729,
    0.4580720586672335,
    0.4611542140503773,
    0.462642151131895,
    0.4609416516101605,
    0.46359868211287064,
    0.4644489318737379,
    0.46646827505579763,
    0.4658305877351472,
    0.46816877457753214,
    0.46540546285471357,
    0.4691253055585078,
    0.4700818365394835,
    0.47071952386013394,
    0.4719948985014348,
    0.47762780316718034,
    0.4766712721862047,
    0.48187905197151665,
    0.48049739611010733,
    0.48379211393346794,
    0.4844298012541184,
    0.48262302051227546,
    0.48666170687639493,
    0.4872993941970454,
    0.48761823785737063,
    0.4859177383356361,
    0.48963758103943034,
    0.4928260176426825,
    0.4907003932405144,
    0.4937825486236582,
    0.4965458603464768,
    0.49665214156658516,
    0.4925071739823573,
    0.48836220639812944,
    0.4865554256562865,
    0.48963758103943034,
    0.4878308002975874,
    0.4879370815176958,
    0.487724519077479,
    0.4928260176426825
  ]
}