{
  "epoch": [
    1,
    2000,
    4000,
    6000,
    8000,
    10000,
    12000,
    14000,
    16000,
    18000,
    20000,
    22000,
    24000,
    26000,
    28000,
    30000,
    32000,
    34000,
    36000,
    38000,
    40000,
    42000,
    44000,
    46000,
    48000,
    50000,
    52000,
    54000,
    56000,
    58000,
    60000,
    62000,
    64000,
    66000,
    68000,
    70000,
    72000,
    74000,
    76000,
    78000,
    80000,
    82000,
    84000,
    86000,
    88000,
    90000,
    92000,
    94000,
    96000,
    98000,
    100000,
    102000,
    104000,
    106000,
    108000,
    110000,
    112000,
    114000,
    116000,
    118000,
    120000,
    122000,
    124000,
    126000,
    128000,
    130000,
    132000,
    134000,
    136000,
    138000,
    140000,
    142000,
    144000,
    146000,
    148000,
    150000,
    152000,
    154000,
    156000,
    158000,
    160000,
    162000,
    164000,
    166000,
    168000,
    170000,
    172000,
    174000,
    176000,
    178000,
    180000,
    182000,
    184000,
    186000,
    188000,
    190000,
    192000,
    194000,
    196000,
    198000,
    200000
  ],
  "loss": [
    4.575749635696411,
    0.2110196924679712,
    0.007498434676945655,
    0.007307948565820641,
    0.007212292409088509,
    0.007179880854720949,
    0.007171231016563504,
    0.0071576102460465816,
    0.007151655099543176,
    0.0071509924988207175,
    0.007135336902930701,
    0.007140150775496015,
    0.007135383214059305,
    0.007140432518238907,
    0.007154131025827975,
    0.00714812278216514,
    0.007155359162901737,
    0.00714968531172224,
    0.007151280814823596,
    0.007164390932383253,
    0.007161552455622717,
    0.0071654617251821345,
    0.007168013245919478,
    0.007167580660280468,
    0.007166910861762588,
    0.007171798012809011,
    0.007168694269500719,
    0.007174694576178445,
    0.007170703109687981,
    0.007171809521375943,
    0.007165463703093266,
    0.007179286995434493,
    0.007182585405240887,
    0.007176670854498568,
    0.007171240464889624,
    0.00717060182202533,
    0.007174436572822467,
    0.007171975836379005,
    0.0071784461855114385,
    0.007172283381527757,
    0.007168960944714853,
    0.007173535072292373,
    0.007173956277342768,
    0.007165685628022587,
    0.0071707086885333055,
    0.00716340896486185,
    0.0071689954576589785,
    0.007174915467154453,
    0.00717793865863744,
    0.00718084761818769,
    0.007168656533325907,
    0.0071720046768698935,
    0.007172908867026702,
    0.007172167533727091,
    0.00716886702874988,
    0.007169912166881254,
    0.007173206102125148,
    0.0071703297395604455,
    0.007169232926448444,
    0.007177057007757338,
    0.0071812164754726055,
    0.007179281718801853,
    0.0071782714528211035,
    0.007172189207845051,
    0.007176510110677472,
    0.007170581984969345,
    0.007174386490322651,
    0.00717322750090142,
    0.007182451957619638,
    0.007180610732963987,
    0.00718251289967896,
    0.007173910118789412,
    0.007172617903038015,
    0.007169150609516689,
    0.007169545497788025,
    0.007157867487415786,
    0.00716402612660013,
    0.007175584740126554,
    0.0071736008356201,
    0.007175348614041805,
    0.007173620512531708,
    0.007170670247101689,
    0.007184254065870424,
    0.007177782647537187,
    0.007187825432786061,
    0.007173424774844588,
    0.007174169583162947,
    0.00717446287206523,
    0.00717059973957042,
    0.007173279730049526,
    0.007172431504201085,
    0.007176211673791127,
    0.007172522852470177,
    0.007168913235505896,
    0.007174127236365709,
    0.007170139240087815,
    0.007168543689176883,
    0.007169550756071985,
    0.0071722278280560705,
    0.0071667227603341484,
    0.00717475257813764
  ],
  "train_acc": [
    0.0182,
    0.9954,
    0.9954,
    0.9954,
    0.9954,
    0.9954,
    0.9954,
    0.9954,
    0.9954,
    0.9954,
    0.9954,
    0.9954,
    0.9954,
    0.9954,
    0.9954,
    0.9954,
    0.9954,
    0.9954,
    0.9954,
    0.9954,
    0.9954,
    0.9954,
    0.9954,
    0.9954,
    0.9954,
    0.9954,
    0.9954,
    0.9954,
    0.9954,
    0.9954,
    0.9954,
    0.9954,
    0.9954,
    0.9954,
    0.9954,
    0.9954,
    0.9954,
    0.9954,
    0.9954,
    0.9954,
    0.9954,
    0.9954,
    0.9954,
    0.9954,
    0.9954,
    0.9954,
    0.9954,
    0.9954,
    0.9954,
    0.9954,
    0.9954,
    0.9954,
    0.9954,
    0.9954,
    0.9954,
    0.9954,
    0.9954,
    0.9954,
    0.9954,
    0.9954,
    0.9954,
    0.9954,
    0.9954,
    0.9954,
    0.9954,
    0.9954,
    0.9954,
    0.9954,
    0.9954,
    0.9954,
    0.9954,
    0.9954,
    0.9954,
    0.9954,
    0.9954,
    0.9954,
    0.9954,
    0.9954,
    0.9954,
    0.9954,
    0.9954,
    0.9954,
    0.9954,
    0.9954,
    0.9954,
    0.9954,
    0.9954,
    0.9954,
    0.9954,
    0.9954,
    0.9954,
    0.9954,
    0.9954,
    0.9954,
    0.9954,
    0.9954,
    0.9954,
    0.9954,
    0.9954,
    0.9954,
    0.9954
  ],
  "test_acc": [
    0.011797215432033159,
    0.40748219789563184,
    0.4082261664363907,
    0.40960782229779996,
    0.4119460091401849,
    0.4122648528005102,
    0.41375278988202785,
    0.41502816452332875,
    0.41832288234668935,
    0.4225741311510256,
    0.42778191093633755,
    0.43522159634392604,
    0.44319268785205657,
    0.4527579976618132,
    0.46699968115633966,
    0.4782654904878308,
    0.48985014347964717,
    0.49580189180571793,
    0.5077053884578595,
    0.5174832607078329,
    0.5289616324795409,
    0.5348070995855032,
    0.5419279413327664,
    0.5502178765012222,
    0.5611648421723882,
    0.5678605590392177,
    0.5785949622701668,
    0.585184397916888,
    0.5916675523435009,
    0.5925178021043681,
    0.6012328621532576,
    0.6065469231586779,
    0.6056966733978106,
    0.606334360718461,
    0.6100542034222552,
    0.6124986714847487,
    0.6195132320119034,
    0.62174513763418,
    0.6258901052184079,
    0.6266340737591668,
    0.6275906047401424,
    0.6310978850037199,
    0.6330109469656712,
    0.6324795408651291,
    0.6370496333297906,
    0.6433202253161866,
    0.6406631948134764,
    0.6470400680199808,
    0.6479965990009565,
    0.6470400680199808,
    0.6532043787862685,
    0.6540546285471357,
    0.655436284408545,
    0.6574556275906047,
    0.6546923158677862,
    0.6522478478052928,
    0.6527792539058348,
    0.6542671909873525,
    0.6559676905090871,
    0.6592624083324476,
    0.661706876394941,
    0.6578807524710384,
    0.6590498458922308,
    0.6592624083324476,
    0.658837283452014,
    0.6613880327346158,
    0.6580933149112552,
    0.662238282495483,
    0.6603252205335317,
    0.6629822510362419,
    0.6667020937400361,
    0.6670209374003614,
    0.6650015942183016,
    0.6662769688596025,
    0.6689339993623127,
    0.6692528430226379,
    0.6732915293867574,
    0.6723349984057817,
    0.6712721862046976,
    0.6691465618025295,
    0.669040280582421,
    0.6735040918269741,
    0.6725475608459985,
    0.6744606228079498,
    0.674248060367733,
    0.6726538420661069,
    0.6740354979275162,
    0.6739292167074078,
    0.6746731852481667,
    0.674779466468275,
    0.6779679030715272,
    0.6784993091720692,
    0.681050058454671,
    0.6777553406313105,
    0.6739292167074078,
    0.673716654267191,
    0.6750983101286003,
    0.6764799659900096,
    0.6777553406313105,
    0.6769050908704431,
    0.6820065894356467
  ]
}