{
  "epoch": [
    1,
    2000,
    4000,
    6000,
    8000,
    10000,
    12000,
    14000,
    16000,
    18000,
    20000,
    22000,
    24000,
    26000,
    28000,
    30000,
    32000,
    34000,
    36000,
    38000,
    40000,
    42000,
    44000,
    46000,
    48000,
    50000,
    52000,
    54000,
    56000,
    58000,
    60000,
    62000,
    64000,
    66000,
    68000,
    70000,
    72000,
    74000,
    76000,
    78000,
    80000,
    82000,
    84000,
    86000,
    88000,
    90000,
    92000,
    94000,
    96000,
    98000,
    100000,
    102000,
    104000,
    106000,
    108000,
    110000,
    112000,
    114000,
    116000,
    118000,
    120000,
    122000,
    124000,
    126000,
    128000,
    130000,
    132000,
    134000,
    136000,
    138000,
    140000,
    142000,
    144000,
    146000,
    148000,
    150000,
    152000,
    154000,
    156000,
    158000,
    160000,
    162000,
    164000,
    166000,
    168000,
    170000,
    172000,
    174000,
    176000,
    178000,
    180000,
    182000,
    184000,
    186000,
    188000,
    190000,
    192000,
    194000,
    196000,
    198000,
    200000
  ],
  "loss": [
    4.576128005981445,
    0.22768676736317073,
    0.023683763974776957,
    0.023151562910038045,
    0.022878425754618365,
    0.022754741593054496,
    0.022669367213896476,
    0.0226354206494987,
    0.022612211888469756,
    0.022603356273658573,
    0.022597560208360665,
    0.022578849813889246,
    0.022566457152424845,
    0.022574477919586933,
    0.022580094064644073,
    0.022576952323270963,
    0.022566248790861575,
    0.022567068843357265,
    0.022578868581634014,
    0.02258017496790271,
    0.022581195679400118,
    0.022573078984348103,
    0.022561006765300408,
    0.02257235219576396,
    0.02256973458433058,
    0.02256385634143371,
    0.022569633939431514,
    0.022568337900412735,
    0.022575867363438012,
    0.02256835331610637,
    0.02255835089161992,
    0.02254599389308132,
    0.022549275729223155,
    0.02255829625085462,
    0.02255495411788579,
    0.022564842612901703,
    0.02255514278293704,
    0.02256396104474552,
    0.022555078822630456,
    0.022563997813803145,
    0.022561626563302708,
    0.02257352307094261,
    0.022569427067704963,
    0.022573017987795173,
    0.022580892613902687,
    0.022579933626251294,
    0.02257234643525444,
    0.022565379036217928,
    0.02258113195875194,
    0.022574818493484052,
    0.022574322613317054,
    0.022572582077619155,
    0.0225692622199771,
    0.022570070895110258,
    0.022567234594817274,
    0.022561762309703044,
    0.02256487468702253,
    0.022562658923945857,
    0.02256382171640871,
    0.022575638527981938,
    0.022562812083330937,
    0.022563000049814583,
    0.02257823125026189,
    0.022573720991646406,
    0.02259565501702018,
    0.02257879544047173,
    0.02257795947236009,
    0.022579520001541824,
    0.02257308702933369,
    0.02258777700579958,
    0.02259222486456856,
    0.022566941898106596,
    0.02258925670219469,
    0.02258463454011362,
    0.022580923566478305,
    0.022591756379359867,
    0.02258417631268967,
    0.02260591767869191,
    0.02260008109479677,
    0.022586219382984565,
    0.022592801452463028,
    0.02260095955816796,
    0.022587433507526292,
    0.022602939739450812,
    0.022592343720793724,
    0.022596610322454944,
    0.022594264124869368,
    0.02259094698135741,
    0.022590689299325457,
    0.02258206195635721,
    0.022583183574234136,
    0.022589906637417154,
    0.022605828788154758,
    0.022605802130314986,
    0.022605789995146914,
    0.02261123354678275,
    0.022610263742343522,
    0.022602515179524198,
    0.02261910955091007,
    0.022596582960663362,
    0.022590899891860316
  ],
  "train_acc": [
    0.021,
    0.9852,
    0.9852,
    0.9852,
    0.9852,
    0.9852,
    0.9852,
    0.9852,
    0.9852,
    0.9852,
    0.9852,
    0.9852,
    0.9852,
    0.9852,
    0.9852,
    0.9852,
    0.9852,
    0.9852,
    0.9852,
    0.9852,
    0.9852,
    0.9852,
    0.9852,
    0.9852,
    0.9852,
    0.9852,
    0.9852,
    0.9852,
    0.9852,
    0.9852,
    0.9852,
    0.9852,
    0.9852,
    0.9852,
    0.9852,
    0.9852,
    0.9852,
    0.9852,
    0.9852,
    0.9852,
    0.9852,
    0.9852,
    0.9852,
    0.9852,
    0.9852,
    0.9852,
    0.9852,
    0.9852,
    0.9852,
    0.9852,
    0.9852,
    0.9852,
    0.9852,
    0.9852,
    0.9852,
    0.9852,
    0.9852,
    0.9852,
    0.9852,
    0.9852,
    0.9852,
    0.9852,
    0.9852,
    0.9852,
    0.9852,
    0.9852,
    0.9852,
    0.9852,
    0.9852,
    0.9852,
    0.9852,
    0.9852,
    0.9852,
    0.9852,
    0.9852,
    0.9852,
    0.9852,
    0.9852,
    0.9852,
    0.9852,
    0.9852,
    0.9852,
    0.9852,
    0.9852,
    0.9852,
    0.9852,
    0.9852,
    0.9852,
    0.9852,
    0.9852,
    0.9852,
    0.9852,
    0.9852,
    0.9852,
    0.9852,
    0.9852,
    0.9852,
    0.9852,
    0.9852,
    0.9852,
    0.9852
  ],
  "test_acc": [
    0.012753746413008821,
    0.3979168880858752,
    0.3986608566266341,
    0.39812945052609205,
    0.39823573174620047,
    0.39887341906685087,
    0.39929854394728453,
    0.3987671378467425,
    0.39812945052609205,
    0.3987671378467425,
    0.3978106068657668,
    0.39982995004782657,
    0.399936231267935,
    0.3994048251673929,
    0.3986608566266341,
    0.3995111063875013,
    0.3995111063875013,
    0.39961738760760973,
    0.4006801998086938,
    0.4002550749282602,
    0.40014879370815176,
    0.40089276224891063,
    0.40099904346901905,
    0.4012116059092358,
    0.4018492932298863,
    0.4019555744499947,
    0.40142416834945266,
    0.4011053246891274,
    0.4015304495695611,
    0.40301838665107875,
    0.4035497927516208,
    0.40344351153151237,
    0.40386863641194604,
    0.4036560739717292,
    0.40450632373259643,
    0.4037623551918376,
    0.40471888617281326,
    0.40503772983313846,
    0.40418748007227123,
    0.4061005420342226,
    0.40631310447443936,
    0.4083324476564991,
    0.4078010415559571,
    0.40716335423530664,
    0.40790732277606545,
    0.40801360399617387,
    0.4085450100967159,
    0.40790732277606545,
    0.41003294717823363,
    0.40907641619725793,
    0.4103517908385588,
    0.4114146030396429,
    0.413008821341269,
    0.4131151025613774,
    0.41343394622170265,
    0.41173344669996814,
    0.4127962589010522,
    0.4151344457434371,
    0.41364650866191943,
    0.415878414284196,
    0.415878414284196,
    0.4161972579445212,
    0.41842916356679777,
    0.41949197576788183,
    0.41991710064831544,
    0.41874800722712296,
    0.4214050377298331,
    0.4238495057923265,
    0.42363694335210966,
    0.42693166117547027,
    0.42788819215644597,
    0.42661281751514507,
    0.4286321606972048,
    0.43065150387926454,
    0.4308640663194813,
    0.4317143160803486,
    0.43277712828143267,
    0.43383994048251673,
    0.4329896907216495,
    0.4344776278031672,
    0.43532787756403446,
    0.43522159634392604,
    0.43554044000425124,
    0.4363906897651185,
    0.43809118928685303,
    0.43851631416728665,
    0.44053565734934635,
    0.4428738441917313,
    0.4439366563928154,
    0.4427675629716229,
    0.44266128175151453,
    0.44212987565097245,
    0.4428738441917313,
    0.44181103199064725,
    0.44510574981400786,
    0.4498884047188862,
    0.45084493569986184,
    0.45243915400148793,
    0.4523328727813795,
    0.45052609203953664,
    0.4531831225422468
  ]
}