{
  "epoch": [
    1,
    2000,
    4000,
    6000,
    8000,
    10000,
    12000,
    14000,
    16000,
    18000,
    20000,
    22000,
    24000,
    26000,
    28000,
    30000,
    32000,
    34000,
    36000,
    38000,
    40000,
    42000,
    44000,
    46000,
    48000,
    50000,
    52000,
    54000,
    56000,
    58000,
    60000,
    62000,
    64000,
    66000,
    68000,
    70000,
    72000,
    74000,
    76000,
    78000,
    80000,
    82000,
    84000,
    86000,
    88000,
    90000,
    92000,
    94000,
    96000,
    98000,
    100000,
    102000,
    104000,
    106000,
    108000,
    110000,
    112000,
    114000,
    116000,
    118000,
    120000,
    122000,
    124000,
    126000,
    128000,
    130000,
    132000,
    134000,
    136000,
    138000,
    140000,
    142000,
    144000,
    146000,
    148000,
    150000,
    152000,
    154000,
    156000,
    158000,
    160000,
    162000,
    164000,
    166000,
    168000,
    170000,
    172000,
    174000,
    176000,
    178000,
    180000,
    182000,
    184000,
    186000,
    188000,
    190000,
    192000,
    194000,
    196000,
    198000,
    200000
  ],
  "loss": [
    4.5753173828125,
    0.22808921805788168,
    0.01852467044928344,
    0.018054313799209194,
    0.0177940175424912,
    0.017718915952474344,
    0.01767969159479253,
    0.017642309993569506,
    0.01762551132905064,
    0.017614585986977908,
    0.01761485146434279,
    0.01762307764486759,
    0.017612366930319694,
    0.017611183596780756,
    0.017604358508251608,
    0.0176235969540372,
    0.017628925914084537,
    0.017631480660295348,
    0.017621529262675902,
    0.017616485442578197,
    0.017615809534152503,
    0.01760904395796824,
    0.01760707764715189,
    0.01761124919175636,
    0.017604656639834865,
    0.017601737592811695,
    0.01760011933382358,
    0.017604406484856738,
    0.017614325208880472,
    0.017616331676009577,
    0.017618536526639944,
    0.0176059884330316,
    0.01760504183496232,
    0.01761488643575576,
    0.017600992892921205,
    0.017602286420797465,
    0.017614467394854387,
    0.017600913318572567,
    0.017608979181130417,
    0.017615850426792166,
    0.017622912937100044,
    0.017625239511870314,
    0.017626230201500583,
    0.017621171523048543,
    0.01762835618451354,
    0.017622725426382387,
    0.017633914222719614,
    0.017639471852593125,
    0.017638589126069564,
    0.017632117527676745,
    0.017631123684637713,
    0.017651667766389437,
    0.01763212161255069,
    0.017648050138144755,
    0.017637382425903344,
    0.01763227545703994,
    0.017629415978095496,
    0.017645067669299897,
    0.017646613069729394,
    0.01764913267667871,
    0.017644486126105766,
    0.0176447444429039,
    0.017653910905926024,
    0.017638742763648088,
    0.01765583990276209,
    0.017649594065139537,
    0.017658979740017094,
    0.017653866356477373,
    0.017640959057136207,
    0.017650055973016426,
    0.017636751332937274,
    0.017636435055499895,
    0.01765547491121106,
    0.017657239805796417,
    0.01764754636758007,
    0.01765673209259985,
    0.017657597461517436,
    0.01765275122274179,
    0.01764345417456934,
    0.017642663283692673,
    0.017642255245835986,
    0.01764336491532158,
    0.017645202363096177,
    0.01764522518579033,
    0.017640706765832147,
    0.01764540590728866,
    0.017653145546349697,
    0.01765616941586486,
    0.01766054058969021,
    0.017644991806039546,
    0.01765582796673989,
    0.017652164315013215,
    0.017653063469857445,
    0.01765634661252843,
    0.017663417340279555,
    0.017665935192385223,
    0.017674564147694038,
    0.017663842410815415,
    0.017645127831021092,
    0.017645342493330825,
    0.017658936094644015
  ],
  "train_acc": [
    0.0176,
    0.9882,
    0.9882,
    0.9882,
    0.9882,
    0.9882,
    0.9882,
    0.9882,
    0.9882,
    0.9882,
    0.9882,
    0.9882,
    0.9882,
    0.9882,
    0.9882,
    0.9882,
    0.9882,
    0.9882,
    0.9882,
    0.9882,
    0.9882,
    0.9882,
    0.9882,
    0.9882,
    0.9882,
    0.9882,
    0.9882,
    0.9882,
    0.9882,
    0.9882,
    0.9882,
    0.9882,
    0.9882,
    0.9882,
    0.9882,
    0.9882,
    0.9882,
    0.9882,
    0.9882,
    0.9882,
    0.9882,
    0.9882,
    0.9882,
    0.9882,
    0.9882,
    0.9882,
    0.9882,
    0.9882,
    0.9882,
    0.9882,
    0.9882,
    0.9882,
    0.9882,
    0.9882,
    0.9882,
    0.9882,
    0.9882,
    0.9882,
    0.9882,
    0.9882,
    0.9882,
    0.9882,
    0.9882,
    0.9882,
    0.9882,
    0.9882,
    0.9882,
    0.9882,
    0.9882,
    0.9882,
    0.9882,
    0.9882,
    0.9882,
    0.9882,
    0.9882,
    0.9882,
    0.9882,
    0.9882,
    0.9882,
    0.9882,
    0.9882,
    0.9882,
    0.9882,
    0.9882,
    0.9882,
    0.9882,
    0.9882,
    0.9882,
    0.9882,
    0.9882,
    0.9882,
    0.9882,
    0.9882,
    0.9882,
    0.9882,
    0.9882,
    0.9882,
    0.9882,
    0.9882,
    0.9882,
    0.9882
  ],
  "test_acc": [
    0.01147837177170794,
    0.40461260495270485,
    0.4049314486130301,
    0.40546285471357213,
    0.4055691359336805,
    0.4057816983738973,
    0.40503772983313846,
    0.4051440110532469,
    0.4048251673929217,
    0.40440004251248807,
    0.40450632373259643,
    0.4065256669146562,
    0.40631310447443936,
    0.40673822935487297,
    0.40716335423530664,
    0.40716335423530664,
    0.4073759166755234,
    0.40716335423530664,
    0.4082261664363907,
    0.4082261664363907,
    0.4085450100967159,
    0.40960782229779996,
    0.4086512913168243,
    0.4093952598575832,
    0.4099266659581252,
    0.41003294717823363,
    0.41205229036029334,
    0.4114146030396429,
    0.4122648528005102,
    0.41385907110213627,
    0.4155595706238708,
    0.4163035391646296,
    0.41662238282495484,
    0.41704750770538845,
    0.4172600701456053,
    0.4193856945477734,
    0.4191731321075566,
    0.422149006270592,
    0.42023594430864064,
    0.4217238813901584,
    0.42321181847167605,
    0.42459347433308536,
    0.42693166117547027,
    0.4279944733765544,
    0.43065150387926454,
    0.431820597300457,
    0.43383994048251673,
    0.43256456584121583,
    0.43352109682219153,
    0.43692209586566055,
    0.4425550005314061,
    0.4412796258901052,
    0.44308640663194815,
    0.44510574981400786,
    0.447231374216176,
    0.4481879051971517,
    0.4487193112976937,
    0.4515889042406207,
    0.45010096715910297,
    0.4544584971835477,
    0.456902965246041,
    0.45881602720799236,
    0.46072908916994365,
    0.4625358699117866,
    0.4610479328302689,
    0.4609416516101605,
    0.4630672760123286,
    0.4640238069933043,
    0.4675310872568817,
    0.46646827505579763,
    0.4672122435965565,
    0.46827505579764056,
    0.46572430651503877,
    0.4675310872568817,
    0.4718886172813264,
    0.47475821022425335,
    0.4725263046019768,
    0.47582102242533747,
    0.4755021787650122,
    0.47900945902858966,
    0.4791157402486981,
    0.4813476458709746,
    0.48517376979487725,
    0.4858114571155277,
    0.48528005101498567,
    0.4865554256562865,
    0.48644914443617815,
    0.487724519077479,
    0.48846848761823786,
    0.4886810500584547,
    0.490594112020406,
    0.4936762674035498,
    0.4948453608247423,
    0.4967584227866936,
    0.5017536401317887,
    0.5022850462323307,
    0.5019662025720055,
    0.5022850462323307,
    0.5043043894143905,
    0.5090870443192688,
    0.5080242321181847
  ]
}