{
  "epoch": [
    1,
    2000,
    4000,
    6000,
    8000,
    10000,
    12000,
    14000,
    16000,
    18000,
    20000,
    22000,
    24000,
    26000,
    28000,
    30000,
    32000,
    34000,
    36000,
    38000,
    40000,
    42000,
    44000,
    46000,
    48000,
    50000,
    52000,
    54000,
    56000,
    58000,
    60000,
    62000,
    64000,
    66000,
    68000,
    70000,
    72000,
    74000,
    76000,
    78000,
    80000,
    82000,
    84000,
    86000,
    88000,
    90000,
    92000,
    94000,
    96000,
    98000,
    100000,
    102000,
    104000,
    106000,
    108000,
    110000,
    112000,
    114000,
    116000,
    118000,
    120000,
    122000,
    124000,
    126000,
    128000,
    130000,
    132000,
    134000,
    136000,
    138000,
    140000,
    142000,
    144000,
    146000,
    148000,
    150000,
    152000,
    154000,
    156000,
    158000,
    160000,
    162000,
    164000,
    166000,
    168000,
    170000,
    172000,
    174000,
    176000,
    178000,
    180000,
    182000,
    184000,
    186000,
    188000,
    190000,
    192000,
    194000,
    196000,
    198000,
    200000
  ],
  "loss": [
    4.5762238025665285,
    0.20870384869415304,
    0.008539388259361869,
    0.008306054444357457,
    0.00820467044024504,
    0.008180941400087334,
    0.008162628701729291,
    0.008155664695669022,
    0.008144417805759691,
    0.008135094996207027,
    0.008135883180013608,
    0.008135820378433006,
    0.008141324642365225,
    0.008136306982465882,
    0.008136446926320469,
    0.008141571331732671,
    0.008134804505711248,
    0.008140488562617947,
    0.008140370745961988,
    0.008139017482652056,
    0.008141762672195449,
    0.008144479131233824,
    0.008137845515451578,
    0.008144945945764481,
    0.008142775931421773,
    0.008144398992726351,
    0.00815142737661571,
    0.008151801590597798,
    0.00814730011783107,
    0.008159892611444591,
    0.008151696813473433,
    0.008161561030574667,
    0.00815464823360365,
    0.00815717738877216,
    0.008156426176878933,
    0.008159918575531085,
    0.008155938267032748,
    0.00815706296705316,
    0.008154878855579101,
    0.008160542469094437,
    0.008156626715430267,
    0.00816409650030569,
    0.008158664216483579,
    0.008153010779511619,
    0.008158111015396366,
    0.008155440826763677,
    0.008156247718005391,
    0.008155415802628952,
    0.00815229311471276,
    0.008154068644419407,
    0.008155577499756515,
    0.008154554030552095,
    0.008155972696534699,
    0.008155000864697049,
    0.008161534760088915,
    0.008153158833766386,
    0.008152617791755013,
    0.00815612907247523,
    0.008158560471701524,
    0.00816066622683341,
    0.008155210365244244,
    0.00815950086915539,
    0.008160564616502008,
    0.008160140004083079,
    0.008157690534112878,
    0.008151360633767956,
    0.00815064798427439,
    0.008158467567518202,
    0.00815714626694778,
    0.008156151439270827,
    0.008157118432329245,
    0.008156455427625966,
    0.00816305066455166,
    0.008160442721830623,
    0.008156257449296092,
    0.008156562829534782,
    0.008155558470615264,
    0.008156027996298233,
    0.008156543186936592,
    0.008150936264093626,
    0.008153413521370745,
    0.008157489633908598,
    0.008154308634644529,
    0.008162465399313725,
    0.00815949798149192,
    0.008158816261742126,
    0.008163315331259392,
    0.008153813170185703,
    0.008156170366078172,
    0.008150698992977833,
    0.008147920573528764,
    0.0081465994489895,
    0.008149209344859703,
    0.008157398850804447,
    0.008157784268644299,
    0.008158925075797534,
    0.008155537591406112,
    0.00815735965195093,
    0.00815509120774345,
    0.008156862874538717,
    0.008156048827606122
  ],
  "train_acc": [
    0.0214,
    0.9948,
    0.9948,
    0.9948,
    0.9948,
    0.9948,
    0.9948,
    0.9948,
    0.9948,
    0.9948,
    0.9948,
    0.9948,
    0.9948,
    0.9948,
    0.9948,
    0.9948,
    0.9948,
    0.9948,
    0.9948,
    0.9948,
    0.9948,
    0.9948,
    0.9948,
    0.9948,
    0.9948,
    0.9948,
    0.9948,
    0.9948,
    0.9948,
    0.9948,
    0.9948,
    0.9948,
    0.9948,
    0.9948,
    0.9948,
    0.9948,
    0.9948,
    0.9948,
    0.9948,
    0.9948,
    0.9948,
    0.9948,
    0.9948,
    0.9948,
    0.9948,
    0.9948,
    0.9948,
    0.9948,
    0.9948,
    0.9948,
    0.9948,
    0.9948,
    0.9948,
    0.9948,
    0.9948,
    0.9948,
    0.9948,
    0.9948,
    0.9948,
    0.9948,
    0.9948,
    0.9948,
    0.9948,
    0.9948,
    0.9948,
    0.9948,
    0.9948,
    0.9948,
    0.9948,
    0.9948,
    0.9948,
    0.9948,
    0.9948,
    0.9948,
    0.9948,
    0.9948,
    0.9948,
    0.9948,
    0.9948,
    0.9948,
    0.9948,
    0.9948,
    0.9948,
    0.9948,
    0.9948,
    0.9948,
    0.9948,
    0.9948,
    0.9948,
    0.9948,
    0.9948,
    0.9948,
    0.9948,
    0.9948,
    0.9948,
    0.9948,
    0.9948,
    0.9948,
    0.9948,
    0.9948,
    0.9948
  ],
  "test_acc": [
    0.012753746413008821,
    0.4048251673929217,
    0.4053565734934637,
    0.4068445105749814,
    0.4081198852162823,
    0.40716335423530664,
    0.4086512913168243,
    0.410139228398342,
    0.4113083218195345,
    0.413540227441811,
    0.4159846955043044,
    0.41959825698799025,
    0.42406206823254333,
    0.42916356679774686,
    0.43235200340099905,
    0.4383037517270698,
    0.4458497183547667,
    0.45413965352322244,
    0.4642363694335211,
    0.4739079604633861,
    0.4836858327133596,
    0.4921883303220321,
    0.49909660962907854,
    0.5072802635774258,
    0.5209905409714104,
    0.5302370071208418,
    0.533956849824636,
    0.5460729089169943,
    0.5572324370283771,
    0.5679668402593262,
    0.5761504942076735,
    0.5842278669359124,
    0.5848655542565628,
    0.5900733340418748,
    0.6011265809331491,
    0.602933361674992,
    0.6059092358380275,
    0.6116484217238813,
    0.6165373578488681,
    0.6157933893081092,
    0.6151557019874588,
    0.6156871080880009,
    0.6247210117972154,
    0.6275906047401424,
    0.6265277925390583,
    0.62642151131895,
    0.6306727601232862,
    0.6300350728026358,
    0.6387501328515252,
    0.6401317887129344,
    0.6344988840471889,
    0.635561696248273,
    0.6368370708895739,
    0.6370496333297906,
    0.6433202253161866,
    0.6436390689765118,
    0.6422574131151025,
    0.64576469337868,
    0.6443830375172707,
    0.6392815389520672,
    0.6411946009140185,
    0.6466149431395473,
    0.6532043787862685,
    0.6542671909873525,
    0.6549048783080029,
    0.6605377829737485,
    0.6570305027101712,
    0.6581995961313636,
    0.6586247210117973,
    0.664576469337868,
    0.6641513444574344,
    0.6592624083324476,
    0.6628759698161335,
    0.6606440641938569,
    0.6610691890742906,
    0.6628759698161335,
    0.6609629078541822,
    0.6616005951748326,
    0.661706876394941,
    0.6655330003188437,
    0.6667020937400361,
    0.6711659049845892,
    0.6716973110851313,
    0.669040280582421,
    0.6727601232862154,
    0.6745669040280582,
    0.6790307152726114,
    0.6770113720905516,
    0.667446062280795,
    0.6671272186204698,
    0.6673397810606866,
    0.6663832500797109,
    0.6667020937400361,
    0.668508874481879,
    0.6684025932617707,
    0.6720161547454565,
    0.6686151557019875,
    0.6720161547454565,
    0.671909873525348,
    0.6739292167074078,
    0.6760548411095759
  ]
}