{
  "epoch": [
    1,
    2000,
    4000,
    6000,
    8000,
    10000,
    12000,
    14000,
    16000,
    18000,
    20000,
    22000,
    24000,
    26000,
    28000,
    30000,
    32000,
    34000,
    36000,
    38000,
    40000,
    42000,
    44000,
    46000,
    48000,
    50000,
    52000,
    54000,
    56000,
    58000,
    60000,
    62000,
    64000,
    66000,
    68000,
    70000,
    72000,
    74000,
    76000,
    78000,
    80000,
    82000,
    84000,
    86000,
    88000,
    90000,
    92000,
    94000,
    96000,
    98000,
    100000,
    102000,
    104000,
    106000,
    108000,
    110000,
    112000,
    114000,
    116000,
    118000,
    120000,
    122000,
    124000,
    126000,
    128000,
    130000,
    132000,
    134000,
    136000,
    138000,
    140000,
    142000,
    144000,
    146000,
    148000,
    150000,
    152000,
    154000,
    156000,
    158000,
    160000,
    162000,
    164000,
    166000,
    168000,
    170000,
    172000,
    174000,
    176000,
    178000,
    180000,
    182000,
    184000,
    186000,
    188000,
    190000,
    192000,
    194000,
    196000,
    198000,
    200000
  ],
  "loss": [
    4.576088333129883,
    0.20006426905000096,
    8.77588437982979e-07,
    2.2203655633674657e-07,
    2.1090731094233205e-07,
    2.0864438749157443e-07,
    2.0892827055121188e-07,
    2.1285231170651288e-07,
    9.043356604334037e-05,
    6.719989761649714e-05,
    3.744149630121285e-06,
    1.9960087265147308e-07,
    0.0003003776332499676,
    0.0002487394966296911,
    5.623423350846224e-06,
    0.00032004762514166105,
    5.221297862775031e-06,
    0.00018423681448645794,
    7.789629953707262e-05,
    1.6042179371254405e-06,
    0.00026266034421894985,
    0.00018959644569935749,
    4.415236577237636e-06,
    9.128875556012374e-05,
    0.0002669964269221779,
    4.721056944111979e-06,
    0.00012559113088987317,
    0.00022049254833484254,
    4.595254858422493e-06,
    0.0001552469484871118,
    0.00023270733688909715,
    4.6191648100169404e-06,
    0.00022460406730324606,
    0.00046132461862773795,
    5.6660361049424065e-06,
    0.00038183231156501166,
    0.00015356607817754408,
    3.9263484071497604e-06,
    0.00029414139990075865,
    0.00023233387074987703,
    4.622834834425759e-06,
    0.00014570035919265863,
    0.00021826954431149588,
    4.0998694540078874e-06,
    0.00025138305113508254,
    0.0002996573973461572,
    4.798752465291756e-06,
    0.00015674197963136933,
    0.00026069315742432265,
    4.539309743748987e-06,
    0.00033302513145011547,
    0.0002456842198079713,
    4.429876159000657e-06,
    0.0004981893746197415,
    0.000171017316825764,
    4.093707988710804e-06,
    0.00023558869961086372,
    0.00022544470847131066,
    4.41600300876388e-06,
    0.0003534740863793154,
    0.00019700071161645702,
    4.122243115944713e-06,
    0.0002311523671967535,
    0.00024934571313200635,
    4.559093342174236e-06,
    0.00018240208773993274,
    0.0002784186971240295,
    4.568733587385765e-06,
    0.000250226662985429,
    0.00029689224524748567,
    4.6768951610452805e-06,
    0.00031035354746422996,
    0.00025119497733342724,
    4.033159207743608e-06,
    0.0003859648606615558,
    0.00024412791732416678,
    3.8024019916846897e-06,
    0.0002303107787683345,
    0.00020702647714015258,
    0.00011007764549082424,
    3.351058621295522e-06,
    0.0002907471956232257,
    0.00011376179872095023,
    3.4326572003486434e-06,
    0.00033879187264805816,
    0.00038947968756681493,
    5.095529570154156e-06,
    0.0002926735155180559,
    0.0002660493171143564,
    4.447680285806399e-06,
    0.00028865467344231846,
    0.00019144808643783905,
    3.759952822013446e-06,
    0.000250788511943308,
    0.00040110901201701984,
    4.870673023509653e-06,
    0.0002752270685821124,
    0.00029577503861312807,
    4.42921513257204e-06,
    0.00019623910123343436,
    0.00029695423966786123
  ],
  "train_acc": [
    0.0224,
    1.0,
    1.0,
    1.0,
    1.0,
    1.0,
    1.0,
    1.0,
    1.0,
    1.0,
    1.0,
    1.0,
    1.0,
    1.0,
    1.0,
    1.0,
    1.0,
    1.0,
    1.0,
    1.0,
    1.0,
    1.0,
    1.0,
    1.0,
    1.0,
    1.0,
    1.0,
    1.0,
    1.0,
    1.0,
    1.0,
    1.0,
    1.0,
    1.0,
    1.0,
    1.0,
    1.0,
    1.0,
    1.0,
    1.0,
    1.0,
    1.0,
    1.0,
    1.0,
    1.0,
    1.0,
    1.0,
    1.0,
    1.0,
    1.0,
    1.0,
    1.0,
    1.0,
    1.0,
    1.0,
    1.0,
    1.0,
    1.0,
    1.0,
    1.0,
    1.0,
    1.0,
    1.0,
    1.0,
    1.0,
    1.0,
    1.0,
    1.0,
    1.0,
    1.0,
    1.0,
    1.0,
    1.0,
    1.0,
    1.0,
    1.0,
    1.0,
    1.0,
    1.0,
    1.0,
    1.0,
    1.0,
    1.0,
    1.0,
    1.0,
    1.0,
    1.0,
    1.0,
    1.0,
    1.0,
    1.0,
    1.0,
    1.0,
    1.0,
    1.0,
    1.0,
    1.0,
    1.0,
    1.0,
    1.0,
    1.0
  ],
  "test_acc": [
    0.012647465192900414,
    0.39855457540652567,
    0.39929854394728453,
    0.4019555744499947,
    0.40588797959400574,
    0.41385907110213627,
    0.4332022531618663,
    0.4642363694335211,
    0.4972898288872356,
    0.5365075991072378,
    0.5845467105962376,
    0.6146242958869168,
    0.6544797534275694,
    0.6655330003188437,
    0.7135721118078435,
    0.7299394197045382,
    0.748432352003401,
    0.7665001594218301,
    0.7807418429163567,
    0.782123498777766,
    0.8048676798809651,
    0.8119885216282283,
    0.8214475502178765,
    0.8315442661281751,
    0.8366457646933787,
    0.850037198427038,
    0.8581145711552769,
    0.8537570411308322,
    0.8658731002231905,
    0.8738441917313211,
    0.8702306302476353,
    0.8836220639812945,
    0.8880858752258476,
    0.868848974386226,
    0.8942501859921352,
    0.8972260601551706,
    0.892124561589967,
    0.8997768094377724,
    0.9038154958018918,
    0.8889361249867148,
    0.9097672441279626,
    0.9105112126687215,
    0.9033903709214581,
    0.9085981507067701,
    0.9134870868317568,
    0.9059411202040599,
    0.9136996492719737,
    0.9160378361143586,
    0.9154001487937081,
    0.9178446168562016,
    0.9212456158996706,
    0.9174194919757679,
    0.9163566797746838,
    0.9231586778616219,
    0.9164629609947922,
    0.9222021468806462,
    0.9249654586034648,
    0.9191199914975023,
    0.9264533956849824,
    0.928153895206717,
    0.9242214900627059,
    0.9257094271442237,
    0.928685301307259,
    0.9209267722393453,
    0.9291104261876927,
    0.9290041449675842,
    0.9303858008289935,
    0.9282601764268253,
    0.9291104261876927,
    0.9308109257094271,
    0.9287915825273674,
    0.9325114252311617,
    0.9322988627909449,
    0.9257094271442237,
    0.9313423318099692,
    0.9321925815708364,
    0.9279413327665001,
    0.9311297693697523,
    0.9341056435327878,
    0.9222021468806462,
    0.9309172069295355,
    0.9347433308534382,
    0.9348496120735466,
    0.9321925815708364,
    0.9363375491550643,
    0.9307046444893188,
    0.9365501115952811,
    0.937825486236582,
    0.9376129237963652,
    0.9339993623126793,
    0.934955893293655,
    0.9382506111170156,
    0.9327239876713784,
    0.9363375491550643,
    0.936762674035498,
    0.9324051440110532,
    0.9375066425762568,
    0.9402699542990753,
    0.9364438303751728,
    0.9370815176958232,
    0.9393134233180996
  ]
}