{
  "epoch": [
    1,
    2000,
    4000,
    6000,
    8000,
    10000,
    12000,
    14000,
    16000,
    18000,
    20000,
    22000,
    24000,
    26000,
    28000,
    30000,
    32000,
    34000,
    36000,
    38000,
    40000,
    42000,
    44000,
    46000,
    48000,
    50000,
    52000,
    54000,
    56000,
    58000,
    60000,
    62000,
    64000,
    66000,
    68000,
    70000,
    72000,
    74000,
    76000,
    78000,
    80000,
    82000,
    84000,
    86000,
    88000,
    90000,
    92000,
    94000,
    96000,
    98000,
    100000,
    102000,
    104000,
    106000,
    108000,
    110000,
    112000,
    114000,
    116000,
    118000,
    120000,
    122000,
    124000,
    126000,
    128000,
    130000,
    132000,
    134000,
    136000,
    138000,
    140000,
    142000,
    144000,
    146000,
    148000,
    150000,
    152000,
    154000,
    156000,
    158000,
    160000,
    162000,
    164000,
    166000,
    168000,
    170000,
    172000,
    174000,
    176000,
    178000,
    180000,
    182000,
    184000,
    186000,
    188000,
    190000,
    192000,
    194000,
    196000,
    198000,
    200000
  ],
  "loss": [
    4.576117706298828,
    0.2266704481679307,
    0.023008183615328744,
    0.022420161515544167,
    0.02208038428425789,
    0.021931245550047607,
    0.021857015997869895,
    0.021825239296478685,
    0.021802114667603747,
    0.0217960397777264,
    0.02180441587448586,
    0.02180226356255589,
    0.021784779452194925,
    0.02176557591748424,
    0.021769915133039466,
    0.02177207999934908,
    0.021772871929348913,
    0.021777564505650663,
    0.02177542390496237,
    0.021761250814411322,
    0.02174449701504782,
    0.021744096573465505,
    0.02175216431664303,
    0.021748775466450026,
    0.021751940259558615,
    0.021752752813044937,
    0.0217656424093293,
    0.02177395849704044,
    0.02174278741774615,
    0.021748695289483293,
    0.021764107237255668,
    0.021750846773770174,
    0.02176258667487418,
    0.021762548922793938,
    0.02175510788039537,
    0.021748281084909105,
    0.021760534607968292,
    0.02175930461777607,
    0.021737059221602975,
    0.021744361535192002,
    0.021744858098658733,
    0.021755066952027845,
    0.02175177081102738,
    0.021737922887015156,
    0.02175172847865615,
    0.021756032302451787,
    0.02174457716598408,
    0.021754106509836856,
    0.02176055687739281,
    0.0217459526226623,
    0.021741607961268165,
    0.02175309306224808,
    0.021751138212834486,
    0.021752758766966872,
    0.021755221290374174,
    0.021756426399573682,
    0.021749733344186097,
    0.021745092731481418,
    0.02175751666233409,
    0.021753217655443587,
    0.021753730589337647,
    0.021753104837564752,
    0.021751429846906103,
    0.021729395272233522,
    0.02173376820954727,
    0.021734441763116046,
    0.021749074229283724,
    0.02173790712018963,
    0.02173959836945869,
    0.021744532998627983,
    0.021742839635664132,
    0.021746048460365274,
    0.021750442683859728,
    0.02174806014359929,
    0.021748457710276125,
    0.021756900329189376,
    0.021750641534943133,
    0.021755653852433898,
    0.021745640564477073,
    0.021751567709457596,
    0.021768045452784282,
    0.02176095326303039,
    0.02176201181288925,
    0.021752047013677656,
    0.02175486298474716,
    0.021752322835533414,
    0.021759809023735577,
    0.021748123363719788,
    0.021760865691280922,
    0.021768725099554284,
    0.021760431365692057,
    0.021765869091963395,
    0.02176762643570546,
    0.021771468072927975,
    0.021755780057399535,
    0.021745380747993478,
    0.0217555845992174,
    0.02175221001240425,
    0.021749600271019152,
    0.02176093890662305,
    0.021749659132095985
  ],
  "train_acc": [
    0.0206,
    0.986,
    0.986,
    0.986,
    0.986,
    0.986,
    0.986,
    0.986,
    0.986,
    0.986,
    0.986,
    0.986,
    0.986,
    0.986,
    0.986,
    0.986,
    0.986,
    0.986,
    0.986,
    0.986,
    0.986,
    0.986,
    0.986,
    0.986,
    0.986,
    0.986,
    0.986,
    0.986,
    0.986,
    0.986,
    0.986,
    0.986,
    0.986,
    0.986,
    0.986,
    0.986,
    0.986,
    0.986,
    0.986,
    0.986,
    0.986,
    0.986,
    0.986,
    0.986,
    0.986,
    0.986,
    0.986,
    0.986,
    0.986,
    0.986,
    0.986,
    0.986,
    0.986,
    0.986,
    0.986,
    0.986,
    0.986,
    0.986,
    0.986,
    0.986,
    0.986,
    0.986,
    0.986,
    0.986,
    0.986,
    0.986,
    0.986,
    0.986,
    0.986,
    0.986,
    0.986,
    0.986,
    0.986,
    0.986,
    0.986,
    0.986,
    0.986,
    0.986,
    0.986,
    0.986,
    0.986,
    0.986,
    0.986,
    0.986,
    0.986,
    0.986,
    0.986,
    0.986,
    0.986,
    0.986,
    0.986,
    0.986,
    0.986,
    0.986,
    0.986,
    0.986,
    0.986,
    0.986,
    0.986,
    0.986,
    0.986
  ],
  "test_acc": [
    0.011690934211924752,
    0.39834201296630883,
    0.3979168880858752,
    0.3986608566266341,
    0.39855457540652567,
    0.39823573174620047,
    0.39812945052609205,
    0.3990859815070677,
    0.39823573174620047,
    0.39812945052609205,
    0.39802316930598364,
    0.3987671378467425,
    0.39834201296630883,
    0.39812945052609205,
    0.39844829418641725,
    0.3990859815070677,
    0.39855457540652567,
    0.39812945052609205,
    0.39812945052609205,
    0.39929854394728453,
    0.40004251248804334,
    0.39887341906685087,
    0.39961738760760973,
    0.4002550749282602,
    0.39972366882771815,
    0.4006801998086938,
    0.400467637368477,
    0.40142416834945266,
    0.4012116059092358,
    0.4019555744499947,
    0.4024869805505367,
    0.4022744181103199,
    0.4018492932298863,
    0.4019555744499947,
    0.40344351153151237,
    0.40269954299075356,
    0.4028058242108619,
    0.4035497927516208,
    0.4040811988521628,
    0.4048251673929217,
    0.40471888617281326,
    0.40769476033584867,
    0.4083324476564991,
    0.4083324476564991,
    0.40801360399617387,
    0.40801360399617387,
    0.4083324476564991,
    0.4089701349771495,
    0.40790732277606545,
    0.41003294717823363,
    0.41003294717823363,
    0.40918269741736635,
    0.4102455096184504,
    0.4083324476564991,
    0.41003294717823363,
    0.40907641619725793,
    0.40907641619725793,
    0.410139228398342,
    0.410139228398342,
    0.4118397279200765,
    0.410139228398342,
    0.40960782229779996,
    0.4115208842597513,
    0.4115208842597513,
    0.4118397279200765,
    0.4109894781592093,
    0.41237113402061853,
    0.41343394622170265,
    0.41577213306408756,
    0.41502816452332875,
    0.4173663513657137,
    0.41842916356679777,
    0.41747263258582207,
    0.419279413327665,
    0.41694122648528004,
    0.4163035391646296,
    0.41853544478690613,
    0.41949197576788183,
    0.42034222552874906,
    0.42193644383037515,
    0.42076735040918267,
    0.4234243809118929,
    0.42310553725156763,
    0.42129875650972476,
    0.42119247528961634,
    0.42161760017004996,
    0.4206610691890743,
    0.42076735040918267,
    0.4224678499309172,
    0.42278669359124244,
    0.42406206823254333,
    0.4256562865341694,
    0.4270379423955787,
    0.42810075459666275,
    0.4267190987352535,
    0.4283133170368796,
    0.4254437240939526,
    0.4272505048357955,
    0.42767562971622913,
    0.42980125411839726,
    0.4302263789988309
  ]
}