{
  "epoch": [
    1,
    2000,
    4000,
    6000,
    8000,
    10000,
    12000,
    14000,
    16000,
    18000,
    20000,
    22000,
    24000,
    26000,
    28000,
    30000,
    32000,
    34000,
    36000,
    38000,
    40000,
    42000,
    44000,
    46000,
    48000,
    50000,
    52000,
    54000,
    56000,
    58000,
    60000,
    62000,
    64000,
    66000,
    68000,
    70000,
    72000,
    74000,
    76000,
    78000,
    80000,
    82000,
    84000,
    86000,
    88000,
    90000,
    92000,
    94000,
    96000,
    98000,
    100000,
    102000,
    104000,
    106000,
    108000,
    110000,
    112000,
    114000,
    116000,
    118000,
    120000,
    122000,
    124000,
    126000,
    128000,
    130000,
    132000,
    134000,
    136000,
    138000,
    140000,
    142000,
    144000,
    146000,
    148000,
    150000,
    152000,
    154000,
    156000,
    158000,
    160000,
    162000,
    164000,
    166000,
    168000,
    170000,
    172000,
    174000,
    176000,
    178000,
    180000,
    182000,
    184000,
    186000,
    188000,
    190000,
    192000,
    194000,
    196000,
    198000,
    200000
  ],
  "loss": [
    4.575338125228882,
    0.21804296079014615,
    0.010844629647027369,
    0.010549810833829401,
    0.010419997989492117,
    0.0103978779266267,
    0.010373102557711528,
    0.01035248479375,
    0.010335441443667484,
    0.01032541958939799,
    0.010332222045034384,
    0.010327584829366012,
    0.01031872612096803,
    0.010323976538195022,
    0.01031703365556533,
    0.010314906341184087,
    0.010318368972779964,
    0.010314650834752352,
    0.010305701532261173,
    0.010307093525025353,
    0.010318591448640321,
    0.010314159428753019,
    0.010324582032092137,
    0.010321818224223678,
    0.010326422500258125,
    0.010332006441083078,
    0.01032682234861271,
    0.01033320324010333,
    0.010327116150219147,
    0.010331664279964015,
    0.010331230703869643,
    0.010326764653692044,
    0.010329518293784123,
    0.010348609284338754,
    0.010356228748716695,
    0.010348910802039644,
    0.010350199866979616,
    0.010340258433407284,
    0.010344440723949433,
    0.010349160761170683,
    0.010347112764904649,
    0.010352236436253005,
    0.010356203250299418,
    0.010364980649268442,
    0.010363861363560033,
    0.010353919291903439,
    0.010358559525522141,
    0.010357965311855937,
    0.010356903180129766,
    0.010353490420155258,
    0.010349327181081596,
    0.010356089809581626,
    0.010354585225530854,
    0.010356269678066136,
    0.01035139570977131,
    0.01034078066522005,
    0.010340964793095172,
    0.010345227685913404,
    0.010351261950024592,
    0.010354102150230577,
    0.010350232676280536,
    0.01035189635011023,
    0.010351672213013297,
    0.010358480334195544,
    0.010369720283467174,
    0.010358883769134155,
    0.010359076694671116,
    0.010350282658518704,
    0.010347127042466098,
    0.010343094024160473,
    0.010358545986069365,
    0.010362799150567108,
    0.010361606597017771,
    0.010364489105982118,
    0.010362039759360583,
    0.010354567431591974,
    0.010354698443429443,
    0.010360073821141546,
    0.010357417325794824,
    0.010355536998223025,
    0.010346533774074365,
    0.010354047952880403,
    0.010360697230315474,
    0.01034881964376607,
    0.01035590384164343,
    0.010345746321545855,
    0.01035595502634497,
    0.01037204156408722,
    0.01036464395464426,
    0.010360659407073612,
    0.010350840373655683,
    0.010347631181795445,
    0.010355223454951063,
    0.010354865963262818,
    0.010357236428361484,
    0.010369016689274998,
    0.010369857268978551,
    0.010360536629754993,
    0.01036235957327205,
    0.01035602408614733,
    0.010360694923459587
  ],
  "train_acc": [
    0.0168,
    0.9932,
    0.9932,
    0.9932,
    0.9932,
    0.9932,
    0.9932,
    0.9932,
    0.9932,
    0.9932,
    0.9932,
    0.9932,
    0.9932,
    0.9932,
    0.9932,
    0.9932,
    0.9932,
    0.9932,
    0.9932,
    0.9932,
    0.9932,
    0.9932,
    0.9932,
    0.9932,
    0.9932,
    0.9932,
    0.9932,
    0.9932,
    0.9932,
    0.9932,
    0.9932,
    0.9932,
    0.9932,
    0.9932,
    0.9932,
    0.9932,
    0.9932,
    0.9932,
    0.9932,
    0.9932,
    0.9932,
    0.9932,
    0.9932,
    0.9932,
    0.9932,
    0.9932,
    0.9932,
    0.9932,
    0.9932,
    0.9932,
    0.9932,
    0.9932,
    0.9932,
    0.9932,
    0.9932,
    0.9932,
    0.9932,
    0.9932,
    0.9932,
    0.9932,
    0.9932,
    0.9932,
    0.9932,
    0.9932,
    0.9932,
    0.9932,
    0.9932,
    0.9932,
    0.9932,
    0.9932,
    0.9932,
    0.9932,
    0.9932,
    0.9932,
    0.9932,
    0.9932,
    0.9932,
    0.9932,
    0.9932,
    0.9932,
    0.9932,
    0.9932,
    0.9932,
    0.9932,
    0.9932,
    0.9932,
    0.9932,
    0.9932,
    0.9932,
    0.9932,
    0.9932,
    0.9932,
    0.9932,
    0.9932,
    0.9932,
    0.9932,
    0.9932,
    0.9932,
    0.9932,
    0.9932,
    0.9932
  ],
  "test_acc": [
    0.011265809331491126,
    0.410139228398342,
    0.41173344669996814,
    0.41205229036029334,
    0.4110957593793177,
    0.41215857158040176,
    0.41215857158040176,
    0.41332766500159424,
    0.41375278988202785,
    0.4146030396428951,
    0.41704750770538845,
    0.4177914762461473,
    0.4193856945477734,
    0.4222552874907004,
    0.4254437240939526,
    0.42746306727601235,
    0.4302263789988309,
    0.43394622170262515,
    0.43532787756403446,
    0.4408545010096716,
    0.44266128175151453,
    0.4465936868955256,
    0.45265171644170477,
    0.46338611967265386,
    0.46816877457753214,
    0.475183335104687,
    0.4808162397704326,
    0.4865554256562865,
    0.48985014347964717,
    0.49463279838452545,
    0.5007971091508131,
    0.509405887979594,
    0.5140822616643639,
    0.5184397916888086,
    0.5231161653735785,
    0.5273674141779148,
    0.5300244446806249,
    0.5384206610691891,
    0.544159846955043,
    0.5476671272186204,
    0.5494739079604634,
    0.55170581358274,
    0.553300031884366,
    0.5563821872675099,
    0.5584015304495695,
    0.5560633436071846,
    0.5580826867892443,
    0.564778403656074,
    0.5658412158571581,
    0.5665851843979169,
    0.5652035285365076,
    0.5674354341587842,
    0.5721118078435541,
    0.5792326495908173,
    0.5781698373897333,
    0.5813582739929855,
    0.5822085237538527,
    0.5822085237538527,
    0.5828462110745032,
    0.5887979594005739,
    0.5913487086831757,
    0.596131363588054,
    0.6030396428951005,
    0.6003826123923902,
    0.6033584865554257,
    0.6030396428951005,
    0.6011265809331491,
    0.6051652672972686,
    0.6062280794983527,
    0.6079285790200871,
    0.6095227973217132,
    0.6138803273461579,
    0.6141991710064831,
    0.6153682644276757,
    0.6073971729195451,
    0.6054841109575938,
    0.6071846104793283,
    0.6078222977999788,
    0.6043150175364013,
    0.6066532043787862,
    0.60973535976193,
    0.615474545647784,
    0.6128175151450739,
    0.6151557019874588,
    0.6140928897863748,
    0.6111170156233393,
    0.6099479222021469,
    0.6118609841640982,
    0.6138803273461579,
    0.6146242958869168,
    0.6137740461260496,
    0.6141991710064831,
    0.6166436390689765,
    0.6088851100010628,
    0.6076097353597619,
    0.612604952704857,
    0.6070783292592199,
    0.6053778297374854,
    0.60240195557445,
    0.6055903921777022,
    0.6101604846423637
  ]
}