{
  "epoch": [
    1,
    2000,
    4000,
    6000,
    8000,
    10000,
    12000,
    14000,
    16000,
    18000,
    20000,
    22000,
    24000,
    26000,
    28000,
    30000,
    32000,
    34000,
    36000,
    38000,
    40000,
    42000,
    44000,
    46000,
    48000,
    50000,
    52000,
    54000,
    56000,
    58000,
    60000,
    62000,
    64000,
    66000,
    68000,
    70000,
    72000,
    74000,
    76000,
    78000,
    80000,
    82000,
    84000,
    86000,
    88000,
    90000,
    92000,
    94000,
    96000,
    98000,
    100000,
    102000,
    104000,
    106000,
    108000,
    110000,
    112000,
    114000,
    116000,
    118000,
    120000,
    122000,
    124000,
    126000,
    128000,
    130000,
    132000,
    134000,
    136000,
    138000,
    140000,
    142000,
    144000,
    146000,
    148000,
    150000,
    152000,
    154000,
    156000,
    158000,
    160000,
    162000,
    164000,
    166000,
    168000,
    170000,
    172000,
    174000,
    176000,
    178000,
    180000,
    182000,
    184000,
    186000,
    188000,
    190000,
    192000,
    194000,
    196000,
    198000,
    200000
  ],
  "loss": [
    4.575791311264038,
    0.20162774920957643,
    9.30062185000935e-07,
    2.2511707721477593e-07,
    2.1377097058277173e-07,
    2.1367518327792823e-07,
    2.1151656096805028e-07,
    2.171202415176765e-07,
    0.00018370722416773689,
    4.779221789479493e-06,
    0.0001796898810105951,
    3.950217859512861e-06,
    0.0002554931713527786,
    1.6246622246370635e-06,
    0.0001832931932090794,
    0.0001938695543478417,
    4.6939962249389565e-06,
    0.0002659308526847596,
    0.00017377259813909234,
    4.487511232922259e-06,
    0.00019669334161826697,
    0.00025202084191601416,
    4.851899824659967e-06,
    0.0003237886299177525,
    0.0002609344651944568,
    4.959187697427581e-06,
    0.0003654133073980198,
    0.00019933237770293673,
    4.213245876134409e-06,
    0.00018089660403969107,
    0.00017793079908347097,
    3.3981811760554593e-06,
    0.00031695173191311594,
    0.00025255187168138707,
    3.2951921016866945e-06,
    0.0002733652045143252,
    0.00024958162591356444,
    0.00020363275461172492,
    4.659471910419199e-06,
    0.0002598159507170195,
    0.00019658790899692989,
    4.2258625218146055e-06,
    0.00030414358479151105,
    0.00013391440539872122,
    3.046238102083265e-06,
    0.000192162858251789,
    0.0002700594216214654,
    0.00021771301393242267,
    4.7244315735113675e-06,
    0.0001496506768305771,
    0.00012434866931886716,
    3.166794058994782e-06,
    0.00034431864865270114,
    0.00023717336275164342,
    3.7891799234792243e-06,
    0.00023633589854793585,
    0.00018907127879390159,
    0.00025565146131034026,
    4.779232058294269e-06,
    0.00018991833463476623,
    0.00018193484617390324,
    3.6016601814971237e-06,
    0.00024235080439969609,
    0.0003458489866381768,
    0.0001709946018788287,
    4.581076370246251e-06,
    0.0002153728917202919,
    0.0005329577406133325,
    6.059931935449469e-06,
    0.00027778826466095407,
    0.00038443741953499497,
    5.373549843530867e-06,
    0.00029910563165721127,
    0.00011838324085546858,
    2.4671939840757773e-06,
    0.0003192079063118662,
    0.0003087808726147543,
    3.6019334980736063e-06,
    0.00040753209901565413,
    0.0003231753228087094,
    0.00023579654980696106,
    4.900316512411962e-06,
    0.0002204408381860297,
    0.00027266749110454357,
    4.910693711179448e-06,
    0.000304790629366461,
    0.0003691573152320451,
    4.99549253948004e-06,
    0.00027864793155996705,
    0.00031882388168661324,
    4.6807357483984905e-06,
    0.0003406262728079149,
    0.00043207016458327485,
    4.049862795488934e-06,
    0.0002484477438371755,
    0.0004564224952045386,
    0.0002851290980801153,
    4.97526891042952e-06,
    0.00027492599798363673,
    0.00021923178881122496,
    4.354804717383587e-06
  ],
  "train_acc": [
    0.016,
    1.0,
    1.0,
    1.0,
    1.0,
    1.0,
    1.0,
    1.0,
    1.0,
    1.0,
    1.0,
    1.0,
    1.0,
    1.0,
    1.0,
    1.0,
    1.0,
    1.0,
    1.0,
    1.0,
    1.0,
    1.0,
    1.0,
    1.0,
    1.0,
    1.0,
    1.0,
    1.0,
    1.0,
    1.0,
    1.0,
    1.0,
    1.0,
    1.0,
    1.0,
    1.0,
    1.0,
    1.0,
    1.0,
    1.0,
    1.0,
    1.0,
    1.0,
    1.0,
    1.0,
    1.0,
    1.0,
    1.0,
    1.0,
    1.0,
    1.0,
    1.0,
    1.0,
    1.0,
    1.0,
    1.0,
    1.0,
    1.0,
    1.0,
    1.0,
    1.0,
    1.0,
    1.0,
    1.0,
    1.0,
    1.0,
    1.0,
    1.0,
    1.0,
    1.0,
    1.0,
    1.0,
    1.0,
    1.0,
    1.0,
    1.0,
    1.0,
    1.0,
    1.0,
    1.0,
    1.0,
    1.0,
    1.0,
    1.0,
    1.0,
    1.0,
    1.0,
    1.0,
    1.0,
    1.0,
    1.0,
    1.0,
    1.0,
    1.0,
    1.0,
    1.0,
    1.0,
    1.0,
    1.0,
    1.0,
    1.0
  ],
  "test_acc": [
    0.011265809331491126,
    0.39982995004782657,
    0.40014879370815176,
    0.4021681368902115,
    0.40461260495270485,
    0.4118397279200765,
    0.42640025507492824,
    0.45456477840365606,
    0.478052928047614,
    0.5338505686045276,
    0.5659474970772664,
    0.6213200127537464,
    0.6498033797427994,
    0.683919651397598,
    0.7215432033159741,
    0.7349346370496334,
    0.7555531937506642,
    0.7772345626527792,
    0.7888192156445956,
    0.7999787437559783,
    0.8170900201934318,
    0.8199596131363588,
    0.8327133595493676,
    0.845360824742268,
    0.8310128600276331,
    0.8525879477096397,
    0.8588585396960358,
    0.8580082899351684,
    0.8592836645764693,
    0.869380380486768,
    0.8703369114677436,
    0.8695929429269847,
    0.8780954405356574,
    0.8808587522584759,
    0.87458816027208,
    0.8880858752258476,
    0.8868105005845467,
    0.8592836645764693,
    0.8884047188861728,
    0.8924434052502923,
    0.8893612498671485,
    0.8939313423318099,
    0.898926559676905,
    0.900733340418748,
    0.8935062174513764,
    0.9023275587203741,
    0.9039217770220002,
    0.8739504729514295,
    0.9057285577638431,
    0.906472526304602,
    0.9073227760654692,
    0.9026464023806994,
    0.9087044319268786,
    0.9130619619513232,
    0.9040280582421086,
    0.9113614624295887,
    0.9116803060899139,
    0.9037092145817834,
    0.9100860877882878,
    0.9131682431714316,
    0.9125305558507811,
    0.9085981507067701,
    0.9150813051333829,
    0.9174194919757679,
    0.8807524710383675,
    0.9162503985545754,
    0.9183760229567436,
    0.872781379530237,
    0.9182697417366351,
    0.9176320544159847,
    0.9107237751089382,
    0.920076522478478,
    0.9232649590817302,
    0.9228398342012967,
    0.9136996492719737,
    0.9186948666170688,
    0.9231586778616219,
    0.9165692422149007,
    0.9232649590817302,
    0.9233712403018387,
    0.9078541821660112,
    0.9201828036985864,
    0.922414709320863,
    0.9180571792964183,
    0.9212456158996706,
    0.9233712403018387,
    0.92528430226379,
    0.9188011478371771,
    0.924752896163248,
    0.9267722393453077,
    0.9208204910192369,
    0.9275162078860665,
    0.925815708364332,
    0.9197576788181528,
    0.9250717398235732,
    0.92528430226379,
    0.9028589648209161,
    0.925815708364332,
    0.9288978637474758,
    0.9240089276224891,
    0.9240089276224891
  ]
}