{
  "epoch": [
    1,
    2000,
    4000,
    6000,
    8000,
    10000,
    12000,
    14000,
    16000,
    18000,
    20000,
    22000,
    24000,
    26000,
    28000,
    30000,
    32000,
    34000,
    36000,
    38000,
    40000,
    42000,
    44000,
    46000,
    48000,
    50000,
    52000,
    54000,
    56000,
    58000,
    60000,
    62000,
    64000,
    66000,
    68000,
    70000,
    72000,
    74000,
    76000,
    78000,
    80000,
    82000,
    84000,
    86000,
    88000,
    90000,
    92000,
    94000,
    96000,
    98000,
    100000,
    102000,
    104000,
    106000,
    108000,
    110000,
    112000,
    114000,
    116000,
    118000,
    120000,
    122000,
    124000,
    126000,
    128000,
    130000,
    132000,
    134000,
    136000,
    138000,
    140000,
    142000,
    144000,
    146000,
    148000,
    150000,
    152000,
    154000,
    156000,
    158000,
    160000,
    162000,
    164000,
    166000,
    168000,
    170000,
    172000,
    174000,
    176000,
    178000,
    180000,
    182000,
    184000,
    186000,
    188000,
    190000,
    192000,
    194000,
    196000,
    198000,
    200000
  ],
  "loss": [
    4.575845241546631,
    0.22732336607963413,
    0.021622528099099873,
    0.02106697339542443,
    0.02067648143331753,
    0.020485881741903723,
    0.02037417481102748,
    0.020343155154096893,
    0.02034211290323874,
    0.020347785445791668,
    0.02035015541772591,
    0.02033460497013293,
    0.02033123718525749,
    0.020345147342048585,
    0.020324891828536057,
    0.02032508738092729,
    0.02032963279306423,
    0.020315924176794942,
    0.02033445357346209,
    0.020326887300598902,
    0.02031920459769899,
    0.02030512326802127,
    0.020314096131199038,
    0.020324783076661804,
    0.020319122626655736,
    0.020300742569589057,
    0.02030752007557312,
    0.020318229710229205,
    0.020320788776956034,
    0.020327819963067303,
    0.020321410021651536,
    0.020297839644900523,
    0.020312254042184213,
    0.020307698336825705,
    0.020297184652648865,
    0.020304727160022594,
    0.02031929205104243,
    0.02031279394684825,
    0.020305531014176086,
    0.020303026248211974,
    0.020295273370877838,
    0.020296616716776045,
    0.02029240535440622,
    0.020306880146497862,
    0.020308517039078287,
    0.020297855571913534,
    0.02031668693983229,
    0.020312987989746033,
    0.020327584951638708,
    0.020306588648393516,
    0.020317421543737873,
    0.020308794352179395,
    0.020293791534076445,
    0.02030761799970642,
    0.020298877462017115,
    0.020312039459648077,
    0.0203086220911704,
    0.02032520019595977,
    0.020327418494573795,
    0.02031725878835423,
    0.020306273755035364,
    0.020308814858889673,
    0.020307553550065496,
    0.020320443702978083,
    0.02030502895974787,
    0.020314031071588398,
    0.02031022291291738,
    0.020307191403396426,
    0.020308108274335972,
    0.02031863746345043,
    0.020322822685795838,
    0.020304182422021404,
    0.020309619562444276,
    0.020310262967133893,
    0.020314205408922863,
    0.020303089775133412,
    0.020306001749064308,
    0.020296997960528824,
    0.020289484350569546,
    0.020302097054629122,
    0.020308851301611867,
    0.020323173293599395,
    0.020316287425754125,
    0.02031193789159879,
    0.020318544865958393,
    0.020318937773699874,
    0.020308918618119787,
    0.020324324610712936,
    0.020318839117675087,
    0.020311894428345842,
    0.020318104778346606,
    0.020320461204985624,
    0.020312380341941026,
    0.020310879180417397,
    0.020323518897930624,
    0.020321445661364124,
    0.020305447968643166,
    0.020312159857398364,
    0.020315953453897966,
    0.020304659929010087,
    0.020307722051581368
  ],
  "train_acc": [
    0.0148,
    0.9866,
    0.9866,
    0.9866,
    0.9866,
    0.9866,
    0.9866,
    0.9866,
    0.9866,
    0.9866,
    0.9866,
    0.9866,
    0.9866,
    0.9866,
    0.9866,
    0.9866,
    0.9866,
    0.9866,
    0.9866,
    0.9866,
    0.9866,
    0.9866,
    0.9866,
    0.9866,
    0.9866,
    0.9866,
    0.9866,
    0.9866,
    0.9866,
    0.9866,
    0.9866,
    0.9866,
    0.9866,
    0.9866,
    0.9866,
    0.9866,
    0.9866,
    0.9866,
    0.9866,
    0.9866,
    0.9866,
    0.9866,
    0.9866,
    0.9866,
    0.9866,
    0.9866,
    0.9866,
    0.9866,
    0.9866,
    0.9866,
    0.9866,
    0.9866,
    0.9866,
    0.9866,
    0.9866,
    0.9866,
    0.9866,
    0.9866,
    0.9866,
    0.9866,
    0.9866,
    0.9866,
    0.9866,
    0.9866,
    0.9866,
    0.9866,
    0.9866,
    0.9866,
    0.9866,
    0.9866,
    0.9866,
    0.9866,
    0.9866,
    0.9866,
    0.9866,
    0.9866,
    0.9866,
    0.9866,
    0.9866,
    0.9866,
    0.9866,
    0.9866,
    0.9866,
    0.9866,
    0.9866,
    0.9866,
    0.9866,
    0.9866,
    0.9866,
    0.9866,
    0.9866,
    0.9866,
    0.9866,
    0.9866,
    0.9866,
    0.9866,
    0.9866,
    0.9866,
    0.9866,
    0.9866,
    0.9866
  ],
  "test_acc": [
    0.010521840790732278,
    0.39642895100435754,
    0.3962163885641407,
    0.3963226697842491,
    0.39642895100435754,
    0.3969603571048996,
    0.39685407588479116,
    0.39727920076522477,
    0.3977043256456584,
    0.3977043256456584,
    0.3977043256456584,
    0.39727920076522477,
    0.3979168880858752,
    0.39855457540652567,
    0.3987671378467425,
    0.3977043256456584,
    0.39812945052609205,
    0.3979168880858752,
    0.3990859815070677,
    0.39982995004782657,
    0.3990859815070677,
    0.39844829418641725,
    0.3987671378467425,
    0.4002550749282602,
    0.399936231267935,
    0.4012116059092358,
    0.40099904346901905,
    0.4021681368902115,
    0.4024869805505367,
    0.40131788712934424,
    0.4018492932298863,
    0.40312466787118717,
    0.40301838665107875,
    0.4028058242108619,
    0.40429376129237965,
    0.4053565734934637,
    0.4051440110532469,
    0.40599426081411416,
    0.4066319481347646,
    0.40769476033584867,
    0.407269635455415,
    0.4086512913168243,
    0.40950154107769154,
    0.4109894781592093,
    0.41258369646083537,
    0.4122648528005102,
    0.41407163354235305,
    0.41417791476246146,
    0.4147093208630035,
    0.41417791476246146,
    0.4132213837814858,
    0.4176851950260389,
    0.41662238282495484,
    0.4209799128493995,
    0.4214050377298331,
    0.4208736316292911,
    0.42129875650972476,
    0.42151131894994154,
    0.4238495057923265,
    0.42406206823254333,
    0.42735678605590394,
    0.4275693484961207,
    0.4271442236156871,
    0.4267190987352535,
    0.4267190987352535,
    0.42735678605590394,
    0.42767562971622913,
    0.4292698480178552,
    0.43107662875969815,
    0.42905728557763845,
    0.4300138165586141,
    0.431820597300457,
    0.43224572218089063,
    0.43267084706132425,
    0.4345839090232756,
    0.43841003294717823,
    0.4377723456265278,
    0.43766606440641936,
    0.44011053246891274,
    0.4392602827080455,
    0.43979168880858754,
    0.4387288766075035,
    0.4367095334254437,
    0.4383037517270698,
    0.4398979700286959,
    0.4387288766075035,
    0.4395791263683707,
    0.44308640663194815,
    0.44181103199064725,
    0.44170475077053883,
    0.4407482197895632,
    0.4437240939525986,
    0.4394728451482623,
    0.44266128175151453,
    0.44096078222978,
    0.4395791263683707,
    0.4411733446699968,
    0.44223615687108087,
    0.4437240939525986,
    0.4456371559145499,
    0.44510574981400786
  ]
}