{
  "epoch": [
    1,
    2000,
    4000,
    6000,
    8000,
    10000,
    12000,
    14000,
    16000,
    18000,
    20000,
    22000,
    24000,
    26000,
    28000,
    30000,
    32000,
    34000,
    36000,
    38000,
    40000,
    42000,
    44000,
    46000,
    48000,
    50000,
    52000,
    54000,
    56000,
    58000,
    60000,
    62000,
    64000,
    66000,
    68000,
    70000,
    72000,
    74000,
    76000,
    78000,
    80000,
    82000,
    84000,
    86000,
    88000,
    90000,
    92000,
    94000,
    96000,
    98000,
    100000,
    102000,
    104000,
    106000,
    108000,
    110000,
    112000,
    114000,
    116000,
    118000,
    120000,
    122000,
    124000,
    126000,
    128000,
    130000,
    132000,
    134000,
    136000,
    138000,
    140000,
    142000,
    144000,
    146000,
    148000
  ],
  "loss": [
    4.57604718208313,
    0.19901926503182074,
    8.576398804869712e-07,
    2.1602142555678938e-07,
    2.0720614608933374e-07,
    2.075941250438973e-07,
    2.0599386249315898e-07,
    2.0619749721504378e-07,
    0.00016326633830082287,
    0.00013151554502778922,
    4.727566571962427e-06,
    0.00032819522173224344,
    5.374820850039441e-06,
    0.00011537154327243897,
    0.00022666512339925476,
    4.830954842047675e-06,
    0.00021120892831310697,
    1.9318160263559035e-06,
    0.0004322283465696003,
    0.00013620023194972787,
    0.00026903249833009897,
    5.065014862391592e-06,
    0.0003222399414458323,
    0.0002068637240788739,
    4.46393113392034e-06,
    0.00023084469891372308,
    0.00027086275407157035,
    5.020736961365913e-06,
    0.00020559431207130459,
    0.00012293080414805787,
    3.2897471607284958e-06,
    0.0002900696127935767,
    0.0003590679002737623,
    5.039988175467158e-06,
    0.0003463319319481954,
    0.0004070092247075081,
    4.872596425514786e-06,
    0.0002952031258094365,
    0.000381545939465466,
    4.939016118716921e-06,
    0.0003162814621071412,
    0.0002622424152271883,
    4.153944389084074e-06,
    0.00037488261341535106,
    0.00023355188195338172,
    4.050790175295304e-06,
    0.00014361116348220548,
    0.0005118122775006476,
    4.1958209758355735e-06,
    0.00022937793053486572,
    0.00028140624953150277,
    3.559853061187823e-06,
    0.0003001676304060055,
    0.00026184544546820944,
    2.7174106760362803e-06,
    0.00033553494344580484,
    0.0003516347704616578,
    0.0003388636257723533,
    5.1252360402813225e-06,
    0.0003810949023589487,
    3.8947228310194506e-05,
    0.000395147773000204,
    0.00040302272346358803,
    2.516788607859155e-06,
    0.000411430964054766,
    0.00026042312466104106,
    0.00043934921643379494,
    5.323397748574621e-06,
    0.0004666911017914579,
    0.0003047583136187413,
    4.710402849913464e-06,
    0.0004185820180841617,
    0.00021788144622431743,
    4.2816013645200715e-06,
    0.00014095801525005526
  ],
  "train_acc": [
    0.022,
    1.0,
    1.0,
    1.0,
    1.0,
    1.0,
    1.0,
    1.0,
    1.0,
    1.0,
    1.0,
    1.0,
    1.0,
    1.0,
    1.0,
    1.0,
    1.0,
    1.0,
    1.0,
    1.0,
    1.0,
    1.0,
    1.0,
    1.0,
    1.0,
    1.0,
    1.0,
    1.0,
    1.0,
    1.0,
    1.0,
    1.0,
    1.0,
    1.0,
    1.0,
    1.0,
    1.0,
    1.0,
    1.0,
    1.0,
    1.0,
    1.0,
    1.0,
    1.0,
    1.0,
    1.0,
    1.0,
    1.0,
    1.0,
    1.0,
    1.0,
    1.0,
    1.0,
    1.0,
    1.0,
    1.0,
    1.0,
    1.0,
    1.0,
    1.0,
    0.7218,
    1.0,
    1.0,
    1.0,
    1.0,
    1.0,
    1.0,
    1.0,
    1.0,
    1.0,
    1.0,
    1.0,
    1.0,
    1.0,
    1.0
  ],
  "test_acc": [
    0.012753746413008821,
    0.4022744181103199,
    0.40386863641194604,
    0.4052502922733553,
    0.4119460091401849,
    0.42980125411839726,
    0.46072908916994365,
    0.510468700180678,
    0.564778403656074,
    0.6080348602401956,
    0.6820065894356467,
    0.7115527686257839,
    0.7598044425550006,
    0.7887129344244872,
    0.7893506217451376,
    0.8403656073971729,
    0.8499309172069295,
    0.852906791369965,
    0.8782017217557657,
    0.8872356254649804,
    0.8405781698373898,
    0.8999893718779891,
    0.9015835901796153,
    0.8872356254649804,
    0.9135933680518652,
    0.9160378361143586,
    0.8927622489106175,
    0.9223084281007546,
    0.9246466149431396,
    0.9250717398235732,
    0.9237963651822723,
    0.9284727388670422,
    0.926347114464874,
    0.9314486130300775,
    0.9342119247528962,
    0.9308109257094271,
    0.9363375491550643,
    0.9391008608778829,
    0.9382506111170156,
    0.9377192050164735,
    0.938356892337124,
    0.9415453289403762,
    0.9391008608778829,
    0.941226485280051,
    0.9432458284621107,
    0.9419704538208099,
    0.943564672122436,
    0.946434265065363,
    0.943564672122436,
    0.9461154214050377,
    0.9499415453289404,
    0.9461154214050377,
    0.9512169199702413,
    0.9525985758316505,
    0.946965671165905,
    0.9495164204485067,
    0.9513232011903496,
    0.9121054309703476,
    0.9512169199702413,
    0.9524922946115422,
    0.5539377192050164,
    0.9520671697311085,
    0.9539802316930598,
    0.9478159209267722,
    0.9519608885110001,
    0.953236263152301,
    0.9358061430545223,
    0.9530237007120842,
    0.9548304814539271,
    0.946965671165905,
    0.9519608885110001,
    0.9544053565734935,
    0.9545116377936018,
    0.9517483260707833,
    0.9539802316930598
  ]
}