{
  "epoch": [
    1,
    2000,
    4000,
    6000,
    8000,
    10000,
    12000,
    14000,
    16000,
    18000,
    20000,
    22000,
    24000,
    26000,
    28000,
    30000,
    32000,
    34000,
    36000,
    38000,
    40000,
    42000,
    44000,
    46000,
    48000,
    50000,
    52000,
    54000,
    56000,
    58000,
    60000,
    62000,
    64000,
    66000,
    68000,
    70000,
    72000,
    74000,
    76000,
    78000,
    80000,
    82000,
    84000,
    86000,
    88000,
    90000,
    92000,
    94000,
    96000,
    98000,
    100000,
    102000,
    104000,
    106000,
    108000,
    110000,
    112000,
    114000,
    116000,
    118000,
    120000,
    122000,
    124000,
    126000,
    128000,
    130000,
    132000,
    134000,
    136000,
    138000,
    140000,
    142000,
    144000,
    146000,
    148000,
    150000,
    152000,
    154000,
    156000,
    158000,
    160000,
    162000,
    164000,
    166000,
    168000,
    170000,
    172000,
    174000,
    176000,
    178000,
    180000,
    182000,
    184000,
    186000,
    188000,
    190000,
    192000,
    194000,
    196000,
    198000,
    200000
  ],
  "loss": [
    4.575655078887939,
    0.22945510670065175,
    0.022594858991249932,
    0.02207199869385222,
    0.021792490821459797,
    0.021630707458849065,
    0.021550322276278167,
    0.021521016368549317,
    0.021502296274271793,
    0.02150246849494288,
    0.021484191769594325,
    0.021480792774050496,
    0.02148094292576425,
    0.02146899010424968,
    0.021453149690735154,
    0.02146522187545197,
    0.02147781479205005,
    0.02146311749407323,
    0.021454791496368125,
    0.021461547484272158,
    0.02145722707938403,
    0.02144194712950848,
    0.021435792541713454,
    0.02144184815402841,
    0.021436664056987503,
    0.021443296097638086,
    0.021448661379225086,
    0.02145207430786686,
    0.021447289724939037,
    0.021435841072397308,
    0.02143181824772619,
    0.02144702017828822,
    0.021454499213024975,
    0.02146497701765038,
    0.021452040997031144,
    0.02145385484813014,
    0.021435928754182532,
    0.021446161740878596,
    0.021442405028862414,
    0.021441861718840664,
    0.02144624335875269,
    0.021435222175926902,
    0.021442874607013072,
    0.02144001617548056,
    0.021432286333106457,
    0.021435648270405363,
    0.021445553278108126,
    0.021448028303217143,
    0.021454095672571567,
    0.021442877811647484,
    0.021439401595760136,
    0.021454511280660518,
    0.021446746454632376,
    0.02145358058924321,
    0.02145755104634445,
    0.021447226880281233,
    0.02144866858769674,
    0.021447497475607088,
    0.021437662955757695,
    0.021445401301258243,
    0.021444297819398342,
    0.021457689189119264,
    0.021451594473456497,
    0.021460458806174573,
    0.021463486579572782,
    0.02145507536891382,
    0.021457861696952022,
    0.0214600291669718,
    0.02145292179841781,
    0.021455723619577476,
    0.021465090435976164,
    0.021467169728991577,
    0.02145977885897737,
    0.021458034836221485,
    0.02147404521299759,
    0.02146070696510142,
    0.021461088800430298,
    0.021466191043471916,
    0.021487199001014232,
    0.021483112525450997,
    0.021476644244324414,
    0.021459840787923894,
    0.021478342032944783,
    0.021466228903864976,
    0.021467183989775367,
    0.02147057696992997,
    0.021481534753052985,
    0.021491558934841306,
    0.021482775117084383,
    0.021468317884532736,
    0.021478600868885405,
    0.021476295643649064,
    0.021472087394061964,
    0.021464972248510458,
    0.021470793530135417,
    0.021478577726986258,
    0.0214722231652122,
    0.0214657218800392,
    0.02146702535438817,
    0.021459477888257243,
    0.02147056019649026
  ],
  "train_acc": [
    0.016,
    0.9858,
    0.9858,
    0.9858,
    0.9858,
    0.9858,
    0.9858,
    0.9858,
    0.9858,
    0.9858,
    0.9858,
    0.9858,
    0.9858,
    0.9858,
    0.9858,
    0.9858,
    0.9858,
    0.9858,
    0.9858,
    0.9858,
    0.9858,
    0.9858,
    0.9858,
    0.9858,
    0.9858,
    0.9858,
    0.9858,
    0.9858,
    0.9858,
    0.9858,
    0.9858,
    0.9858,
    0.9858,
    0.9858,
    0.9858,
    0.9858,
    0.9858,
    0.9858,
    0.9858,
    0.9858,
    0.9858,
    0.9858,
    0.9858,
    0.9858,
    0.9858,
    0.9858,
    0.9858,
    0.9858,
    0.9858,
    0.9858,
    0.9858,
    0.9858,
    0.9858,
    0.9858,
    0.9858,
    0.9858,
    0.9858,
    0.9858,
    0.9858,
    0.9858,
    0.9858,
    0.9858,
    0.9858,
    0.9858,
    0.9858,
    0.9858,
    0.9858,
    0.9858,
    0.9858,
    0.9858,
    0.9858,
    0.9858,
    0.9858,
    0.9858,
    0.9858,
    0.9858,
    0.9858,
    0.9858,
    0.9858,
    0.9858,
    0.9858,
    0.9858,
    0.9858,
    0.9858,
    0.9858,
    0.9858,
    0.9858,
    0.9858,
    0.9858,
    0.9858,
    0.9858,
    0.9858,
    0.9858,
    0.9858,
    0.9858,
    0.9858,
    0.9858,
    0.9858,
    0.9858,
    0.9858,
    0.9858
  ],
  "test_acc": [
    0.01115952811138272,
    0.39600382612392393,
    0.3963226697842491,
    0.39653523222446596,
    0.397066638325008,
    0.39685407588479116,
    0.3963226697842491,
    0.39727920076522477,
    0.397066638325008,
    0.39759804442555,
    0.397066638325008,
    0.39727920076522477,
    0.397066638325008,
    0.397066638325008,
    0.3962163885641407,
    0.3979168880858752,
    0.3990859815070677,
    0.3990859815070677,
    0.3979168880858752,
    0.399936231267935,
    0.3991922627271761,
    0.3994048251673929,
    0.39972366882771815,
    0.40099904346901905,
    0.4023806993304283,
    0.4022744181103199,
    0.4019555744499947,
    0.4018492932298863,
    0.4024869805505367,
    0.40440004251248807,
    0.40344351153151237,
    0.40291210543097034,
    0.40450632373259643,
    0.4040811988521628,
    0.40429376129237965,
    0.40429376129237965,
    0.4053565734934637,
    0.40503772983313846,
    0.4056754171537889,
    0.40748219789563184,
    0.40769476033584867,
    0.4086512913168243,
    0.4086512913168243,
    0.4099266659581252,
    0.4103517908385588,
    0.40960782229779996,
    0.4126899776809438,
    0.41173344669996814,
    0.41205229036029334,
    0.4109894781592093,
    0.41247741524072695,
    0.41332766500159424,
    0.41290254012116057,
    0.4146030396428951,
    0.41577213306408756,
    0.4177914762461473,
    0.41662238282495484,
    0.4191731321075566,
    0.41704750770538845,
    0.41832288234668935,
    0.41789775746625574,
    0.4193856945477734,
    0.4209799128493995,
    0.422149006270592,
    0.422149006270592,
    0.42331809969178447,
    0.422149006270592,
    0.42289297481135085,
    0.4251248804336274,
    0.4296949728982889,
    0.42916356679774686,
    0.43245828462110747,
    0.4303326602189393,
    0.4330959719417579,
    0.4349027526836008,
    0.4344776278031672,
    0.4354341587841428,
    0.43841003294717823,
    0.43713465830587733,
    0.43841003294717823,
    0.4396854075884791,
    0.4393665639281539,
    0.4403230949091296,
    0.4398979700286959,
    0.4411733446699968,
    0.4427675629716229,
    0.4441492188330322,
    0.4487193112976937,
    0.4444680624933574,
    0.4473376554362844,
    0.4469125305558508,
    0.4457434371346583,
    0.4453183122542247,
    0.4490381549580189,
    0.45095121691997025,
    0.4473376554362844,
    0.44329896907216493,
    0.44468062493357424,
    0.44648740567541717,
    0.4454245934743331,
    0.44999468593899455
  ]
}