{
  "epoch": [
    1,
    2000,
    4000,
    6000,
    8000,
    10000,
    12000,
    14000,
    16000,
    18000,
    20000,
    22000,
    24000,
    26000,
    28000,
    30000,
    32000,
    34000,
    36000,
    38000,
    40000,
    42000,
    44000,
    46000,
    48000,
    50000,
    52000,
    54000,
    56000,
    58000,
    60000,
    62000,
    64000,
    66000,
    68000,
    70000,
    72000,
    74000,
    76000,
    78000,
    80000,
    82000,
    84000,
    86000,
    88000,
    90000,
    92000,
    94000,
    96000,
    98000,
    100000,
    102000,
    104000,
    106000,
    108000,
    110000,
    112000,
    114000,
    116000,
    118000,
    120000,
    122000,
    124000,
    126000,
    128000,
    130000,
    132000,
    134000,
    136000,
    138000,
    140000,
    142000,
    144000,
    146000,
    148000,
    150000,
    152000,
    154000,
    156000,
    158000,
    160000,
    162000,
    164000,
    166000,
    168000,
    170000,
    172000,
    174000,
    176000,
    178000,
    180000,
    182000,
    184000,
    186000,
    188000,
    190000,
    192000,
    194000,
    196000,
    198000,
    200000
  ],
  "loss": [
    4.575196647644043,
    0.20658097881581075,
    9.848427090716428e-07,
    2.2620004770317336e-07,
    2.1355946775187818e-07,
    2.1674057409413195e-07,
    2.1927587297696504e-07,
    0.00015239490825978875,
    5.9250908985433175e-06,
    0.00019577536195132907,
    5.252328730313849e-06,
    0.00021031442990551951,
    1.098737239966141e-06,
    0.0003186393537143161,
    0.00037815351160075394,
    5.105022240805113e-06,
    0.00028265108938650273,
    0.00012729932093431346,
    3.6421207909789643e-06,
    0.0002540151162271826,
    0.00023990171718168157,
    5.050372265478131e-06,
    0.00021622187552105174,
    0.00018518159283045817,
    4.282855343294045e-06,
    0.0002193330152034271,
    0.000171086562008999,
    3.612377391772981e-06,
    0.00032433193495273044,
    0.00025974871504125404,
    0.00011185899211596748,
    4.050889154878234e-06,
    0.00016103436285103072,
    0.00027170899803770967,
    5.159283790426627e-06,
    0.00021795857708064475,
    0.00042483677471238793,
    5.892807480500295e-06,
    0.00015372108257774288,
    0.00028684412601992406,
    4.451867638721296e-06,
    0.00017579514766378424,
    0.0002516534133389058,
    3.155809439202528e-06,
    0.0004164050021796079,
    0.00047454366850889615,
    3.6714952203624305e-06,
    0.0003299181206928502,
    0.0001850502735835626,
    0.00033108909556369423,
    5.252176869547043e-06,
    0.0003531082836864456,
    0.00018602906343533833,
    4.390119501565693e-06,
    0.0002562725661622373,
    0.0003622225127591001,
    5.309256472526158e-06,
    0.0002979824429317773,
    0.0003820753439047323,
    5.24210720140772e-06,
    0.00021020286644572083,
    0.00013158336496922233,
    0.00027464339136128684,
    5.093969637164264e-06,
    0.0004340870987958219,
    0.00032655931779467125,
    5.410814071188952e-06,
    0.00017569699485440112,
    0.0002013065546698776,
    4.367214538304864e-06,
    0.00024970911704233674,
    0.00017051597571860456,
    0.00020745498142920197,
    4.9766695577076805e-06,
    0.00029824336013424573,
    0.00025934007139009126,
    4.916847687459125e-06,
    0.0002495924658770328,
    0.00042120447203013997,
    5.765612261002673e-06,
    0.00015834859860359244,
    0.00019746209682848246,
    0.00016139810203837614,
    4.490778054488942e-06,
    0.0001354048836538162,
    0.00030817502019093795,
    5.059799665604459e-06,
    0.00023448495148880468,
    0.00013832929383651303,
    0.000214641790914699,
    4.9706296376129445e-06,
    0.00021691660335135837,
    0.00020825597397945543,
    4.433429204966189e-06,
    0.0003865881184754464,
    0.00021257089956654127,
    4.4420915577518374e-06,
    0.0002832191949712097,
    0.00034449570775228224,
    4.473482016044272e-06,
    0.00024311149599589684
  ],
  "train_acc": [
    0.0174,
    1.0,
    1.0,
    1.0,
    1.0,
    1.0,
    1.0,
    1.0,
    1.0,
    1.0,
    1.0,
    1.0,
    1.0,
    1.0,
    1.0,
    1.0,
    1.0,
    1.0,
    1.0,
    1.0,
    1.0,
    1.0,
    1.0,
    1.0,
    1.0,
    1.0,
    1.0,
    1.0,
    1.0,
    1.0,
    1.0,
    1.0,
    1.0,
    1.0,
    1.0,
    1.0,
    1.0,
    1.0,
    1.0,
    1.0,
    1.0,
    1.0,
    1.0,
    1.0,
    1.0,
    1.0,
    1.0,
    1.0,
    1.0,
    1.0,
    1.0,
    1.0,
    1.0,
    1.0,
    1.0,
    1.0,
    1.0,
    1.0,
    1.0,
    1.0,
    1.0,
    1.0,
    1.0,
    1.0,
    1.0,
    1.0,
    1.0,
    1.0,
    1.0,
    1.0,
    1.0,
    1.0,
    1.0,
    1.0,
    1.0,
    1.0,
    1.0,
    1.0,
    1.0,
    1.0,
    1.0,
    1.0,
    1.0,
    1.0,
    1.0,
    1.0,
    1.0,
    1.0,
    1.0,
    1.0,
    1.0,
    1.0,
    1.0,
    1.0,
    1.0,
    1.0,
    1.0,
    1.0,
    1.0,
    1.0,
    1.0
  ],
  "test_acc": [
    0.011797215432033159,
    0.4051440110532469,
    0.4055691359336805,
    0.40588797959400574,
    0.40928897863747477,
    0.41949197576788183,
    0.444361781273249,
    0.48070995855032417,
    0.5372515676479966,
    0.57104899564247,
    0.6238707620363482,
    0.6586247210117973,
    0.6931661175470294,
    0.7312147943458391,
    0.7508768200658944,
    0.770113720905516,
    0.7924327771282814,
    0.8073121479434584,
    0.814007864810288,
    0.8321819534488256,
    0.8376022956743543,
    0.8481241364650867,
    0.859177383356361,
    0.8599213518971198,
    0.8635349133808056,
    0.87458816027208,
    0.8766075034541396,
    0.8712934424487193,
    0.8874481879051972,
    0.8869167818046552,
    0.8656605377829737,
    0.8938250611117016,
    0.896056966733978,
    0.8972260601551706,
    0.9024338399404825,
    0.9048783080029759,
    0.9011584652991816,
    0.9112551812094802,
    0.9089169943670954,
    0.9122117121904559,
    0.910404931448613,
    0.9164629609947922,
    0.9173132107556595,
    0.9151875863534913,
    0.9197576788181528,
    0.9226272717610798,
    0.917206929535551,
    0.922414709320863,
    0.9226272717610798,
    0.9048783080029759,
    0.9239026464023807,
    0.9259219895844404,
    0.9231586778616219,
    0.9256031459241152,
    0.9269848017855244,
    0.9259219895844404,
    0.9284727388670422,
    0.9293229886279094,
    0.9299606759485599,
    0.9265596769050909,
    0.9280476139866086,
    0.9304920820491019,
    0.9088107131469869,
    0.9302795196088851,
    0.9328302688914869,
    0.9097672441279626,
    0.9305983632692103,
    0.9326177064512701,
    0.9308109257094271,
    0.9312360505898608,
    0.9322988627909449,
    0.9350621745137634,
    0.8868105005845467,
    0.9331491125518121,
    0.9337867998724625,
    0.9214581783398873,
    0.9317674566904028,
    0.9322988627909449,
    0.9298543947284514,
    0.9342119247528962,
    0.9324051440110532,
    0.9331491125518121,
    0.9271973642257413,
    0.9296418322882347,
    0.9318737379105112,
    0.9246466149431396,
    0.9326177064512701,
    0.9330428313317037,
    0.934955893293655,
    0.8958444042937613,
    0.9313423318099692,
    0.932086300350728,
    0.9351684557338719,
    0.931023488149644,
    0.9331491125518121,
    0.934424487193113,
    0.9302795196088851,
    0.9329365501115953,
    0.9343182059730045,
    0.9312360505898608,
    0.934424487193113
  ]
}