{
  "epoch": [
    1,
    2000,
    4000,
    6000,
    8000,
    10000,
    12000,
    14000,
    16000,
    18000,
    20000,
    22000,
    24000,
    26000,
    28000,
    30000,
    32000,
    34000,
    36000,
    38000,
    40000,
    42000,
    44000,
    46000,
    48000,
    50000,
    52000,
    54000,
    56000,
    58000,
    60000,
    62000,
    64000,
    66000,
    68000,
    70000,
    72000,
    74000,
    76000,
    78000,
    80000,
    82000,
    84000,
    86000,
    88000,
    90000,
    92000,
    94000,
    96000,
    98000,
    100000,
    102000,
    104000,
    106000,
    108000,
    110000,
    112000,
    114000,
    116000,
    118000,
    120000,
    122000,
    124000,
    126000,
    128000,
    130000,
    132000,
    134000,
    136000,
    138000,
    140000,
    142000,
    144000,
    146000,
    148000,
    150000,
    152000,
    154000,
    156000,
    158000,
    160000,
    162000,
    164000,
    166000,
    168000,
    170000,
    172000,
    174000,
    176000,
    178000,
    180000,
    182000,
    184000,
    186000,
    188000,
    190000,
    192000,
    194000,
    196000,
    198000,
    200000
  ],
  "loss": [
    4.57594141960144,
    0.22517523128171732,
    0.01900102663647285,
    0.018517380807257722,
    0.018226119156286587,
    0.018129956911690535,
    0.018066151809704025,
    0.018021007772360462,
    0.01801602447901387,
    0.018026391943066846,
    0.018015116793772903,
    0.018019061071949546,
    0.01799511997938389,
    0.01799500097348937,
    0.018005672133056216,
    0.018002668975421694,
    0.017992325468256604,
    0.017987928258278406,
    0.01798934883828624,
    0.01799127970938571,
    0.0179866731174523,
    0.017990355442580697,
    0.01798973951532971,
    0.017981568118932388,
    0.0179824630402436,
    0.017989042218902615,
    0.0179912320409435,
    0.017982561115082354,
    0.01797675983372028,
    0.017972220950003247,
    0.01798207284217933,
    0.017969549828395246,
    0.017973887105437462,
    0.01798095110451104,
    0.0179836833604204,
    0.017978479803144,
    0.01799033293579123,
    0.017981213267787826,
    0.017990408227138686,
    0.017972219406504883,
    0.017986667442403268,
    0.017974988456850405,
    0.017973681070725434,
    0.017971299707971046,
    0.01797940745361848,
    0.017992333368002437,
    0.017990252992371097,
    0.017978572994668502,
    0.017991783729870803,
    0.018004421955634464,
    0.01800202210613643,
    0.017996463702397887,
    0.017991366644587833,
    0.017986322292714612,
    0.01797074889066862,
    0.017985869390808512,
    0.017986537558608687,
    0.017993741641112136,
    0.01798181622393313,
    0.017979700188874268,
    0.017980062669026665,
    0.017978374169761082,
    0.01799108192040585,
    0.01799743049326353,
    0.01798887450459879,
    0.017986809724988416,
    0.017994965365261305,
    0.01798817962175235,
    0.017984865801394335,
    0.017976652354036924,
    0.01797190017394023,
    0.017983410442818423,
    0.017992364707915112,
    0.017995802702655782,
    0.017995876591908745,
    0.017993279486929532,
    0.018003645374986808,
    0.01800204951511114,
    0.017983902299148032,
    0.018006127974850825,
    0.01800126512979041,
    0.018003711240855046,
    0.01799312956306385,
    0.017995959123107606,
    0.018001386759604793,
    0.017993695862416642,
    0.017992055326178435,
    0.018004938363860128,
    0.017997856871492694,
    0.017997095418570096,
    0.018002178730187005,
    0.017990173007769044,
    0.01798934661654057,
    0.017993692471820394,
    0.01799939859007718,
    0.01799363806670299,
    0.018000673404087793,
    0.018001692345831544,
    0.017995810005324894,
    0.018003781228978187,
    0.018001723730482627
  ],
  "train_acc": [
    0.0152,
    0.9882,
    0.9882,
    0.9882,
    0.9882,
    0.9882,
    0.9882,
    0.9882,
    0.9882,
    0.9882,
    0.9882,
    0.9882,
    0.9882,
    0.9882,
    0.9882,
    0.9882,
    0.9882,
    0.9882,
    0.9882,
    0.9882,
    0.9882,
    0.9882,
    0.9882,
    0.9882,
    0.9882,
    0.9882,
    0.9882,
    0.9882,
    0.9882,
    0.9882,
    0.9882,
    0.9882,
    0.9882,
    0.9882,
    0.9882,
    0.9882,
    0.9882,
    0.9882,
    0.9882,
    0.9882,
    0.9882,
    0.9882,
    0.9882,
    0.9882,
    0.9882,
    0.9882,
    0.9882,
    0.9882,
    0.9882,
    0.9882,
    0.9882,
    0.9882,
    0.9882,
    0.9882,
    0.9882,
    0.9882,
    0.9882,
    0.9882,
    0.9882,
    0.9882,
    0.9882,
    0.9882,
    0.9882,
    0.9882,
    0.9882,
    0.9882,
    0.9882,
    0.9882,
    0.9882,
    0.9882,
    0.9882,
    0.9882,
    0.9882,
    0.9882,
    0.9882,
    0.9882,
    0.9882,
    0.9882,
    0.9882,
    0.9882,
    0.9882,
    0.9882,
    0.9882,
    0.9882,
    0.9882,
    0.9882,
    0.9882,
    0.9882,
    0.9882,
    0.9882,
    0.9882,
    0.9882,
    0.9882,
    0.9882,
    0.9882,
    0.9882,
    0.9882,
    0.9882,
    0.9882,
    0.9882,
    0.9882
  ],
  "test_acc": [
    0.010521840790732278,
    0.39972366882771815,
    0.4003613561483686,
    0.39972366882771815,
    0.400467637368477,
    0.40014879370815176,
    0.399936231267935,
    0.4003613561483686,
    0.40014879370815176,
    0.399936231267935,
    0.4007864810288022,
    0.39961738760760973,
    0.40014879370815176,
    0.40099904346901905,
    0.39972366882771815,
    0.39982995004782657,
    0.4012116059092358,
    0.40174301200977786,
    0.4024869805505367,
    0.40333723031140395,
    0.40344351153151237,
    0.40450632373259643,
    0.4055691359336805,
    0.4056754171537889,
    0.4066319481347646,
    0.4073759166755234,
    0.4064193856945478,
    0.40907641619725793,
    0.40950154107769154,
    0.41003294717823363,
    0.4099266659581252,
    0.413008821341269,
    0.41375278988202785,
    0.4139653523222447,
    0.4156658518439792,
    0.41821660112658093,
    0.41789775746625574,
    0.42023594430864064,
    0.41949197576788183,
    0.42023594430864064,
    0.4206610691890743,
    0.4188542884472314,
    0.42151131894994154,
    0.42363694335210966,
    0.4237432245722181,
    0.4253374428738442,
    0.4234243809118929,
    0.4279944733765544,
    0.4285258794770964,
    0.4296949728982889,
    0.43150175364013177,
    0.4333085343819747,
    0.4351153151238176,
    0.43192687852056544,
    0.431289191199915,
    0.43267084706132425,
    0.43235200340099905,
    0.4333085343819747,
    0.4305452226591561,
    0.4332022531618663,
    0.4350090339037092,
    0.43702837708576897,
    0.43894143904772026,
    0.4391540014879371,
    0.43702837708576897,
    0.43702837708576897,
    0.43681581464555214,
    0.4392602827080455,
    0.44266128175151453,
    0.4424487193112977,
    0.4424487193112977,
    0.4445743437134658,
    0.44648740567541717,
    0.44882559251780213,
    0.4486130300775853,
    0.4498884047188862,
    0.45105749814007867,
    0.45212031034116273,
    0.4518014666808375,
    0.4532894037623552,
    0.4520140291210543,
    0.453501966202572,
    0.45297056010202996,
    0.45552130938463176,
    0.45541502816452334,
    0.4560527154851738,
    0.46189818259113613,
    0.46051652672972687,
    0.46030396428951004,
    0.4598788394090764,
    0.46338611967265386,
    0.4639175257731959,
    0.4625358699117866,
    0.4647677755340631,
    0.466043150175364,
    0.46572430651503877,
    0.4667871187161229,
    0.4672122435965565,
    0.46668083749601447,
    0.46668083749601447,
    0.4644489318737379
  ]
}