{
  "epoch": [
    1,
    2000,
    4000,
    6000,
    8000,
    10000,
    12000,
    14000,
    16000,
    18000,
    20000,
    22000,
    24000,
    26000,
    28000,
    30000,
    32000,
    34000,
    36000,
    38000,
    40000,
    42000,
    44000,
    46000,
    48000,
    50000,
    52000,
    54000,
    56000,
    58000,
    60000,
    62000,
    64000,
    66000,
    68000,
    70000,
    72000,
    74000,
    76000,
    78000,
    80000,
    82000,
    84000,
    86000,
    88000,
    90000,
    92000,
    94000,
    96000,
    98000,
    100000,
    102000,
    104000,
    106000,
    108000,
    110000,
    112000,
    114000,
    116000,
    118000,
    120000,
    122000,
    124000,
    126000,
    128000,
    130000,
    132000,
    134000,
    136000,
    138000,
    140000,
    142000,
    144000,
    146000,
    148000,
    150000,
    152000,
    154000,
    156000,
    158000,
    160000,
    162000,
    164000,
    166000,
    168000,
    170000,
    172000,
    174000,
    176000,
    178000,
    180000,
    182000,
    184000,
    186000,
    188000,
    190000,
    192000,
    194000,
    196000,
    198000,
    200000
  ],
  "loss": [
    4.57612419128418,
    0.23183860086734356,
    0.02683898251350038,
    0.026234185034665278,
    0.02580073150577955,
    0.025527519064955415,
    0.025332536412635817,
    0.025258996049501003,
    0.02525226416022051,
    0.025271727131842635,
    0.02524921246424783,
    0.025292220303229987,
    0.02527579541639425,
    0.02528023274920415,
    0.025256356104882433,
    0.025252150566037745,
    0.025276776118250563,
    0.02529263218729757,
    0.025272658996772952,
    0.025260093614691868,
    0.02525125039247796,
    0.025277716917544605,
    0.025284775937953963,
    0.025262677144329063,
    0.025254805627884343,
    0.025263141593826005,
    0.025265772679704243,
    0.025294288223935292,
    0.025260877891792915,
    0.025251853428431788,
    0.025264555702847427,
    0.025260353182186373,
    0.025282785186567343,
    0.025256333362776787,
    0.0252459083159687,
    0.02524970363241155,
    0.025238502974784933,
    0.025230849520489575,
    0.02525514968978241,
    0.025254926307848653,
    0.02524443455808796,
    0.025232902045198718,
    0.025235197318391873,
    0.025238497535465285,
    0.025244302094518205,
    0.02525007693171501,
    0.02523936470404733,
    0.025252218589070254,
    0.02523658395088278,
    0.025247274195961653,
    0.025242155795102007,
    0.02524531393246725,
    0.02523213410670869,
    0.025239574459800497,
    0.025248574394010938,
    0.025264918399322777,
    0.02526671223312151,
    0.025243357488652692,
    0.02522533358207438,
    0.025241131949052215,
    0.025233080666791648,
    0.025246006819489412,
    0.025242659334931524,
    0.02523573661397677,
    0.025229637322900816,
    0.025238092109793796,
    0.025236301305377858,
    0.02524167027780786,
    0.02524536392008886,
    0.025244212164264174,
    0.025239127651182934,
    0.025224303742637857,
    0.025242079371551516,
    0.025239666287763977,
    0.02523719565209467,
    0.025249105450860225,
    0.02524508983483538,
    0.025221145584690383,
    0.025228301009116695,
    0.025221934038423932,
    0.025253110639797523,
    0.025238620296376756,
    0.025225656744698063,
    0.025210961397830398,
    0.025216632184525953,
    0.025212975635100155,
    0.025214120156876744,
    0.025224907456617804,
    0.025228093579458072,
    0.025241836881707422,
    0.0252290878291009,
    0.025217268751747905,
    0.025216987802740187,
    0.025232441849977475,
    0.02524317009623628,
    0.025239752337220124,
    0.02522860822288785,
    0.02524284530513687,
    0.025239109217072838,
    0.025229648748622276,
    0.025226805335469542
  ],
  "train_acc": [
    0.0214,
    0.9836,
    0.9836,
    0.9836,
    0.9836,
    0.9834,
    0.9836,
    0.9836,
    0.9836,
    0.9836,
    0.9836,
    0.9836,
    0.9836,
    0.9836,
    0.9836,
    0.9836,
    0.9836,
    0.9836,
    0.9836,
    0.9836,
    0.9836,
    0.9836,
    0.9836,
    0.9836,
    0.9836,
    0.9836,
    0.9836,
    0.9836,
    0.9836,
    0.9836,
    0.9836,
    0.9836,
    0.9836,
    0.9836,
    0.9836,
    0.9836,
    0.9836,
    0.9836,
    0.9836,
    0.9836,
    0.9836,
    0.9836,
    0.9836,
    0.9836,
    0.9836,
    0.9836,
    0.9836,
    0.9836,
    0.9836,
    0.9836,
    0.9836,
    0.9836,
    0.9836,
    0.9836,
    0.9836,
    0.9836,
    0.9836,
    0.9836,
    0.9836,
    0.9836,
    0.9836,
    0.9836,
    0.9836,
    0.9836,
    0.9836,
    0.9836,
    0.9836,
    0.9836,
    0.9836,
    0.9836,
    0.9836,
    0.9836,
    0.9836,
    0.9836,
    0.9836,
    0.9836,
    0.9836,
    0.9836,
    0.9836,
    0.9836,
    0.9836,
    0.9836,
    0.9836,
    0.9836,
    0.9836,
    0.9836,
    0.9836,
    0.9836,
    0.9836,
    0.9836,
    0.9836,
    0.9836,
    0.9836,
    0.9836,
    0.9836,
    0.9836,
    0.9836,
    0.9836,
    0.9836,
    0.9836,
    0.9836
  ],
  "test_acc": [
    0.011903496652141566,
    0.3961101073440323,
    0.3956849824635987,
    0.3956849824635987,
    0.3969603571048996,
    0.3957912636837071,
    0.3958975449038155,
    0.39557870124349026,
    0.3957912636837071,
    0.3957912636837071,
    0.3962163885641407,
    0.39557870124349026,
    0.3961101073440323,
    0.39674779466468274,
    0.3973854819853332,
    0.39727920076522477,
    0.3966415134445743,
    0.3962163885641407,
    0.3969603571048996,
    0.39823573174620047,
    0.39844829418641725,
    0.39844829418641725,
    0.397066638325008,
    0.3977043256456584,
    0.3990859815070677,
    0.3994048251673929,
    0.39844829418641725,
    0.39929854394728453,
    0.39961738760760973,
    0.3995111063875013,
    0.40004251248804334,
    0.39972366882771815,
    0.40014879370815176,
    0.39961738760760973,
    0.4003613561483686,
    0.40089276224891063,
    0.39972366882771815,
    0.4007864810288022,
    0.4019555744499947,
    0.4015304495695611,
    0.4023806993304283,
    0.4023806993304283,
    0.40333723031140395,
    0.40312466787118717,
    0.4040811988521628,
    0.4035497927516208,
    0.4037623551918376,
    0.40588797959400574,
    0.4053565734934637,
    0.40588797959400574,
    0.4066319481347646,
    0.4068445105749814,
    0.4066319481347646,
    0.4056754171537889,
    0.40631310447443936,
    0.40790732277606545,
    0.4084387288766075,
    0.41173344669996814,
    0.410670634498884,
    0.40886385375704115,
    0.4110957593793177,
    0.41077691571899244,
    0.41056435327877566,
    0.41258369646083537,
    0.41247741524072695,
    0.4122648528005102,
    0.4131151025613774,
    0.41237113402061853,
    0.41332766500159424,
    0.413008821341269,
    0.4139653523222447,
    0.41534700818365394,
    0.4142841959825699,
    0.415878414284196,
    0.41694122648528004,
    0.41492188330322033,
    0.4147093208630035,
    0.415878414284196,
    0.41842916356679777,
    0.4191731321075566,
    0.41747263258582207,
    0.41864172600701455,
    0.4189605696673398,
    0.4181103199064725,
    0.41853544478690613,
    0.41672866404506326,
    0.41832288234668935,
    0.419810819428207,
    0.42002338186842386,
    0.4214050377298331,
    0.42278669359124244,
    0.4223615687108088,
    0.42204272505048357,
    0.4234243809118929,
    0.4239557870124349,
    0.42480603677330214,
    0.4241683494526517,
    0.42438091189286853,
    0.4224678499309172,
    0.4206610691890743,
    0.4217238813901584
  ]
}