{
  "epoch": [
    1,
    2000,
    4000,
    6000,
    8000,
    10000,
    12000,
    14000,
    16000,
    18000,
    20000,
    22000,
    24000,
    26000,
    28000,
    30000,
    32000,
    34000,
    36000,
    38000,
    40000,
    42000,
    44000,
    46000,
    48000,
    50000,
    52000,
    54000,
    56000,
    58000,
    60000,
    62000,
    64000,
    66000,
    68000,
    70000,
    72000,
    74000,
    76000,
    78000,
    80000,
    82000,
    84000,
    86000,
    88000,
    90000,
    92000,
    94000,
    96000,
    98000,
    100000,
    102000,
    104000,
    106000,
    108000,
    110000,
    112000,
    114000,
    116000,
    118000,
    120000,
    122000,
    124000,
    126000,
    128000,
    130000,
    132000,
    134000,
    136000,
    138000,
    140000,
    142000,
    144000,
    146000,
    148000,
    150000,
    152000,
    154000,
    156000,
    158000,
    160000,
    162000,
    164000,
    166000,
    168000,
    170000,
    172000,
    174000,
    176000,
    178000,
    180000,
    182000,
    184000,
    186000,
    188000,
    190000,
    192000,
    194000,
    196000,
    198000,
    200000
  ],
  "loss": [
    4.575816249847412,
    0.22027224136552326,
    0.01507814013833995,
    0.01469497567589774,
    0.014484407095710049,
    0.01442473368193605,
    0.014397518876852701,
    0.01437266989084892,
    0.014372106784852803,
    0.0143470679013,
    0.014329601352999452,
    0.014343504165887134,
    0.01433994941095768,
    0.014349760803054255,
    0.01433872479897691,
    0.014337131126062013,
    0.0143411161744726,
    0.01432929244536369,
    0.01433125588436992,
    0.014337741152402828,
    0.01434246664007074,
    0.014337745267138234,
    0.014325356869143433,
    0.014326470589922974,
    0.014330016996857011,
    0.014341288599267137,
    0.014332107292639557,
    0.014334593927002646,
    0.014332315615343396,
    0.014319701702246675,
    0.014316240168314209,
    0.014329539127238429,
    0.014334552507725312,
    0.014338376300567933,
    0.014331293885660125,
    0.014337309170511531,
    0.01433648008620958,
    0.014330905132577754,
    0.014336472416907782,
    0.014337595492439107,
    0.014337077766808216,
    0.014333573370741214,
    0.014330155012354953,
    0.014351387222745688,
    0.014349546099733561,
    0.014335416815622011,
    0.014342228220753725,
    0.014351346420586998,
    0.01434612361502368,
    0.01435324601859902,
    0.014350193770957411,
    0.014349234296538635,
    0.01434224606336042,
    0.01434012738023963,
    0.014347139366413467,
    0.014347688610828482,
    0.014344953994231316,
    0.01434403179861256,
    0.014354019912701915,
    0.014355756224610378,
    0.01434997732453337,
    0.014367654078967694,
    0.01436284636611089,
    0.01436531891767829,
    0.014358985066507159,
    0.014362228969490388,
    0.01437286895685244,
    0.014355134219530738,
    0.014359059501258889,
    0.014357974782190027,
    0.014351935242282815,
    0.014357262768718647,
    0.014366739448424778,
    0.014373503741584406,
    0.014365782433588175,
    0.01436260331610097,
    0.01436211243959424,
    0.014351356034594937,
    0.014343664056991208,
    0.014356088856491261,
    0.014351924058813782,
    0.01435583967769053,
    0.014355193070362995,
    0.01436205296246917,
    0.014368228436660404,
    0.014363892472124985,
    0.014367103566112892,
    0.01436035442037387,
    0.014359418961362098,
    0.014360659334528222,
    0.014368229534843673,
    0.014367279309457474,
    0.014367984199692702,
    0.014369974472984904,
    0.014381402779428754,
    0.014380545446422184,
    0.014378215167572489,
    0.014370948636735556,
    0.014377432148827939,
    0.014373891476095912,
    0.014372559057152784
  ],
  "train_acc": [
    0.0176,
    0.9904,
    0.9904,
    0.9904,
    0.9904,
    0.9904,
    0.9904,
    0.9904,
    0.9904,
    0.9904,
    0.9904,
    0.9904,
    0.9904,
    0.9904,
    0.9904,
    0.9904,
    0.9904,
    0.9904,
    0.9904,
    0.9904,
    0.9904,
    0.9904,
    0.9904,
    0.9904,
    0.9904,
    0.9904,
    0.9904,
    0.9904,
    0.9904,
    0.9904,
    0.9904,
    0.9904,
    0.9904,
    0.9904,
    0.9904,
    0.9904,
    0.9904,
    0.9904,
    0.9904,
    0.9904,
    0.9904,
    0.9904,
    0.9904,
    0.9904,
    0.9904,
    0.9904,
    0.9904,
    0.9904,
    0.9904,
    0.9904,
    0.9904,
    0.9904,
    0.9904,
    0.9904,
    0.9904,
    0.9904,
    0.9904,
    0.9904,
    0.9904,
    0.9904,
    0.9904,
    0.9904,
    0.9904,
    0.9904,
    0.9904,
    0.9904,
    0.9904,
    0.9904,
    0.9904,
    0.9904,
    0.9904,
    0.9904,
    0.9904,
    0.9904,
    0.9904,
    0.9904,
    0.9904,
    0.9904,
    0.9904,
    0.9904,
    0.9904,
    0.9904,
    0.9904,
    0.9904,
    0.9904,
    0.9904,
    0.9904,
    0.9904,
    0.9904,
    0.9904,
    0.9904,
    0.9904,
    0.9904,
    0.9904,
    0.9904,
    0.9904,
    0.9904,
    0.9904,
    0.9904,
    0.9904,
    0.9904
  ],
  "test_acc": [
    0.012222340312466787,
    0.4019555744499947,
    0.4021681368902115,
    0.4028058242108619,
    0.40259326177064514,
    0.4023806993304283,
    0.40269954299075356,
    0.4028058242108619,
    0.4023806993304283,
    0.40301838665107875,
    0.40301838665107875,
    0.4035497927516208,
    0.4039749176320544,
    0.40418748007227123,
    0.40471888617281326,
    0.40546285471357213,
    0.40673822935487297,
    0.4078010415559571,
    0.40769476033584867,
    0.4081198852162823,
    0.4099266659581252,
    0.4118397279200765,
    0.4116271654798597,
    0.41173344669996814,
    0.41417791476246146,
    0.41545328940376236,
    0.41747263258582207,
    0.41906685088744816,
    0.41949197576788183,
    0.42119247528961634,
    0.42034222552874906,
    0.4222552874907004,
    0.42448719311297695,
    0.4256562865341694,
    0.42810075459666275,
    0.4287384419173132,
    0.4300138165586141,
    0.4344776278031672,
    0.4377723456265278,
    0.43851631416728665,
    0.4391540014879371,
    0.4415984695504304,
    0.44478690615368266,
    0.44840046763736846,
    0.44829418641726004,
    0.45116377936018703,
    0.456371559145499,
    0.459772558188968,
    0.4610479328302689,
    0.4610479328302689,
    0.4638112445530875,
    0.4614730577107025,
    0.4650866191943884,
    0.4687001806780742,
    0.47146349240089275,
    0.475183335104687,
    0.47603358486555425,
    0.4824104580720587,
    0.4827293017323839,
    0.4859177383356361,
    0.48634286321606973,
    0.4885747688383463,
    0.48761823785737063,
    0.48761823785737063,
    0.4902752683600808,
    0.4889998937187799,
    0.4921883303220321,
    0.4920820491019237,
    0.49420767350409184,
    0.49176320544159846,
    0.4922946115421405,
    0.49176320544159846,
    0.4944202359443086,
    0.4931448613030078,
    0.4928260176426825,
    0.4980337974279945,
    0.5014347964714635,
    0.5047295142948242,
    0.5040918269741737,
    0.5063237325964502,
    0.510468700180678,
    0.5098310128600276,
    0.5110001062812201,
    0.5130194494632798,
    0.5148262302051227,
    0.5110001062812201,
    0.513338293123605,
    0.5153576363056648,
    0.5155701987458816,
    0.5184397916888086,
    0.521415665851844,
    0.5229036029333617,
    0.5238601339143374,
    0.5226910404931449,
    0.5235412902540121,
    0.5233287278137952,
    0.5269422892974811,
    0.5271548517376979,
    0.5292804761398661,
    0.5306621320012753,
    0.5268360080773727
  ]
}