{
  "epoch": [
    1,
    2000,
    4000,
    6000,
    8000,
    10000,
    12000,
    14000,
    16000,
    18000,
    20000,
    22000,
    24000,
    26000,
    28000,
    30000,
    32000,
    34000,
    36000,
    38000,
    40000,
    42000,
    44000,
    46000,
    48000,
    50000,
    52000,
    54000,
    56000,
    58000,
    60000,
    62000,
    64000,
    66000,
    68000,
    70000,
    72000,
    74000,
    76000,
    78000,
    80000,
    82000,
    84000,
    86000,
    88000,
    90000,
    92000,
    94000,
    96000,
    98000,
    100000,
    102000
  ],
  "loss": [
    4.575161361694336,
    0.205282859999351,
    9.469317908155972e-07,
    2.2356999540136258e-07,
    2.122297048479993e-07,
    2.127347914651523e-07,
    2.1547678212598953e-07,
    0.0001586291930641721,
    5.816412878034782e-06,
    0.00023038088326222806,
    5.958334184589375e-06,
    7.478038718137512e-05,
    0.00019739423529113224,
    4.857880103615031e-06,
    0.00023707018006835056,
    2.0220828355810737e-06,
    0.0005158700913331856,
    0.00031029020045005067,
    4.409906182986134e-06,
    0.00013995814059732296,
    0.00040841764708995785,
    4.765739874223129e-06,
    0.00021800528252791622,
    0.00017158783873556658,
    2.7523545872057297e-06,
    0.00025875286134687485,
    0.0002308229407649641,
    0.0002178492558871163,
    4.660331584631194e-06,
    0.00017088311791996986,
    0.00022505973334610444,
    4.482526520788355e-06,
    0.00037672342557416486,
    0.00018552977198982602,
    4.091108503883589e-06,
    0.0004442253511127149,
    0.0003217112480770609,
    4.7249630214814434e-06,
    0.00023287993635490238,
    0.0001807261581825351,
    3.07208547857627e-06,
    0.0004730780595373048,
    0.0001687439290312028,
    2.6723738638626317e-06,
    0.00024393071420689055,
    0.00019909834299008936,
    0.0003223354317302707,
    5.042089813039752e-06,
    0.0002682615944644141,
    0.0002060202138832821,
    3.990406132145807e-06,
    0.0001434701852003819
  ],
  "train_acc": [
    0.0174,
    1.0,
    1.0,
    1.0,
    1.0,
    1.0,
    1.0,
    1.0,
    1.0,
    1.0,
    1.0,
    1.0,
    1.0,
    1.0,
    1.0,
    1.0,
    1.0,
    1.0,
    1.0,
    1.0,
    1.0,
    1.0,
    1.0,
    1.0,
    1.0,
    1.0,
    1.0,
    1.0,
    1.0,
    1.0,
    1.0,
    1.0,
    1.0,
    1.0,
    1.0,
    1.0,
    1.0,
    1.0,
    1.0,
    1.0,
    1.0,
    1.0,
    1.0,
    1.0,
    1.0,
    1.0,
    1.0,
    1.0,
    1.0,
    1.0,
    1.0,
    1.0
  ],
  "test_acc": [
    0.01115952811138272,
    0.407269635455415,
    0.40758847911574025,
    0.4083324476564991,
    0.41173344669996814,
    0.42406206823254333,
    0.45382080986289725,
    0.4986714847486449,
    0.5633967477946646,
    0.6104793283026889,
    0.6883834626421511,
    0.7189924540333723,
    0.7522584759273037,
    0.7960463386119673,
    0.8112445530874695,
    0.8268678924434053,
    0.8524816664895313,
    0.8628972260601552,
    0.8706557551280689,
    0.8830906578807525,
    0.8847911574024869,
    0.8923371240301838,
    0.9025401211605909,
    0.904665745562759,
    0.9032840897013498,
    0.9162503985545754,
    0.9176320544159847,
    0.8987139972366883,
    0.9245403337230311,
    0.9275162078860665,
    0.9261345520246572,
    0.9324051440110532,
    0.9380380486767989,
    0.9408013603996174,
    0.936762674035498,
    0.9431395472420023,
    0.939632266978425,
    0.943033266021894,
    0.9452651716441705,
    0.9467531087256882,
    0.9418641726007014,
    0.947497077266447,
    0.949835264108832,
    0.946965671165905,
    0.9515357636305665,
    0.9515357636305665,
    0.9330428313317037,
    0.9553618875544692,
    0.9539802316930598,
    0.9547242002338187,
    0.9510043575300244,
    0.9529174194919757
  ]
}