{
  "epoch": [
    1,
    2000,
    4000,
    6000,
    8000,
    10000,
    12000,
    14000,
    16000,
    18000,
    20000,
    22000,
    24000,
    26000,
    28000,
    30000,
    32000,
    34000,
    36000,
    38000,
    40000,
    42000,
    44000,
    46000,
    48000,
    50000,
    52000,
    54000,
    56000,
    58000,
    60000,
    62000,
    64000,
    66000,
    68000,
    70000,
    72000,
    74000,
    76000,
    78000,
    80000,
    82000,
    84000,
    86000,
    88000,
    90000,
    92000,
    94000,
    96000,
    98000,
    100000,
    102000,
    104000,
    106000,
    108000,
    110000,
    112000,
    114000,
    116000,
    118000,
    120000,
    122000,
    124000,
    126000,
    128000,
    130000,
    132000,
    134000,
    136000,
    138000,
    140000,
    142000,
    144000,
    146000,
    148000,
    150000,
    152000,
    154000,
    156000,
    158000,
    160000,
    162000,
    164000,
    166000,
    168000,
    170000,
    172000,
    174000,
    176000,
    178000,
    180000,
    182000,
    184000,
    186000,
    188000,
    190000,
    192000,
    194000,
    196000,
    198000,
    200000
  ],
  "loss": [
    4.576136636734009,
    0.2254893751722132,
    0.02219505362568889,
    0.021715977935364936,
    0.021430948264338077,
    0.02132179570083972,
    0.021276138512650505,
    0.02126829350903863,
    0.021232662108982912,
    0.021213540566444863,
    0.021202738199918532,
    0.021207518681080548,
    0.02119554250309011,
    0.02118207942506997,
    0.021174063359422145,
    0.02117383186828811,
    0.021174925984139555,
    0.021174150976969393,
    0.021180473382235505,
    0.02118102551928023,
    0.021190774226922077,
    0.02117274591838941,
    0.021166657645464874,
    0.021171285236848053,
    0.021174295581155456,
    0.02117172019679565,
    0.02116871294657467,
    0.02116781060867943,
    0.021159113643015735,
    0.021162698358562194,
    0.021164879555325023,
    0.02116335522599984,
    0.0211668867420638,
    0.021169701420713682,
    0.021157668975670823,
    0.021161803450307343,
    0.021156713569082785,
    0.02115884748486569,
    0.021154754881723786,
    0.021161506040289532,
    0.021162822386843617,
    0.021155490451818332,
    0.02115876123049529,
    0.021160598694789222,
    0.02117559352393728,
    0.021165853519772643,
    0.021162802494771312,
    0.021162807350768708,
    0.02116116006236989,
    0.021165497131156737,
    0.02116102288502734,
    0.021160540171712636,
    0.02117692044917785,
    0.021178845625778195,
    0.021180202268681024,
    0.021177202268480324,
    0.021183375910052565,
    0.02117658204808831,
    0.021175213223428,
    0.02116285396750318,
    0.021158226357091917,
    0.021157014042837544,
    0.02116113991261227,
    0.021172926036221906,
    0.021188386635971255,
    0.02118465133951977,
    0.02117414690828882,
    0.021171632477780804,
    0.021180268095841108,
    0.021183254206803396,
    0.021201319395331666,
    0.021193597443471664,
    0.02118188766996027,
    0.02118311341581866,
    0.021190542202617506,
    0.02119288327821996,
    0.021190809390554205,
    0.021191704261500854,
    0.0211912954235333,
    0.021193234379892237,
    0.02119781250653323,
    0.021195330300333444,
    0.021192369099194183,
    0.021195962800411507,
    0.021201509169879135,
    0.021191100187890697,
    0.021197423605748916,
    0.02120368551176507,
    0.021212706556683406,
    0.021211227805039378,
    0.021228167209494858,
    0.021215941645670682,
    0.021220119985018392,
    0.021220171518600547,
    0.021208236882463097,
    0.021211751661763992,
    0.021221641293202993,
    0.021217860675312113,
    0.02122313961075852,
    0.02120879670151044,
    0.021228627192636487
  ],
  "train_acc": [
    0.0208,
    0.9862,
    0.9862,
    0.9862,
    0.9862,
    0.9862,
    0.9862,
    0.9862,
    0.9862,
    0.9862,
    0.9862,
    0.9862,
    0.9862,
    0.9862,
    0.9862,
    0.9862,
    0.9862,
    0.9862,
    0.9862,
    0.9862,
    0.9862,
    0.9862,
    0.9862,
    0.9862,
    0.9862,
    0.9862,
    0.9862,
    0.9862,
    0.9862,
    0.9862,
    0.9862,
    0.9862,
    0.9862,
    0.9862,
    0.9862,
    0.9862,
    0.9862,
    0.9862,
    0.9862,
    0.9862,
    0.9862,
    0.9862,
    0.9862,
    0.9862,
    0.9862,
    0.9862,
    0.9862,
    0.9862,
    0.9862,
    0.9862,
    0.9862,
    0.9862,
    0.9862,
    0.9862,
    0.9862,
    0.9862,
    0.9862,
    0.9862,
    0.9862,
    0.9862,
    0.9862,
    0.9862,
    0.9862,
    0.9862,
    0.9862,
    0.9862,
    0.9862,
    0.9862,
    0.9862,
    0.9862,
    0.9862,
    0.9862,
    0.9862,
    0.9862,
    0.9862,
    0.9862,
    0.9862,
    0.9862,
    0.9862,
    0.9862,
    0.9862,
    0.9862,
    0.9862,
    0.9862,
    0.9862,
    0.9862,
    0.9862,
    0.9862,
    0.9862,
    0.9862,
    0.9862,
    0.9862,
    0.9862,
    0.9862,
    0.9862,
    0.9862,
    0.9862,
    0.9862,
    0.9862,
    0.9862,
    0.9862
  ],
  "test_acc": [
    0.012541183972792008,
    0.3973854819853332,
    0.3987671378467425,
    0.39855457540652567,
    0.39802316930598364,
    0.39823573174620047,
    0.39844829418641725,
    0.3991922627271761,
    0.3986608566266341,
    0.39812945052609205,
    0.3979168880858752,
    0.39887341906685087,
    0.39844829418641725,
    0.39834201296630883,
    0.3991922627271761,
    0.39961738760760973,
    0.4003613561483686,
    0.4002550749282602,
    0.4005739185885854,
    0.4003613561483686,
    0.40089276224891063,
    0.4011053246891274,
    0.4007864810288022,
    0.40163673078966944,
    0.4019555744499947,
    0.4011053246891274,
    0.4012116059092358,
    0.4019555744499947,
    0.40163673078966944,
    0.40301838665107875,
    0.4037623551918376,
    0.4036560739717292,
    0.40418748007227123,
    0.40471888617281326,
    0.40503772983313846,
    0.40546285471357213,
    0.4056754171537889,
    0.40588797959400574,
    0.4055691359336805,
    0.40631310447443936,
    0.4055691359336805,
    0.4070570730151982,
    0.4082261664363907,
    0.407269635455415,
    0.407269635455415,
    0.4081198852162823,
    0.4093952598575832,
    0.4115208842597513,
    0.4103517908385588,
    0.41088319693910086,
    0.41088319693910086,
    0.4109894781592093,
    0.4115208842597513,
    0.41173344669996814,
    0.410670634498884,
    0.4132213837814858,
    0.41417791476246146,
    0.4144967584227867,
    0.4151344457434371,
    0.4172600701456053,
    0.4181103199064725,
    0.41853544478690613,
    0.42076735040918267,
    0.4206610691890743,
    0.4205547879689659,
    0.42034222552874906,
    0.41991710064831544,
    0.4210861940695079,
    0.422149006270592,
    0.42406206823254333,
    0.4283133170368796,
    0.4287384419173132,
    0.42788819215644597,
    0.42820703581677116,
    0.4270379423955787,
    0.42905728557763845,
    0.4301200977787225,
    0.4345839090232756,
    0.43224572218089063,
    0.43362737804229995,
    0.43596556488468485,
    0.4378786268466362,
    0.4393665639281539,
    0.43809118928685303,
    0.44181103199064725,
    0.4427675629716229,
    0.4458497183547667,
    0.4474439366563928,
    0.44669996811563395,
    0.4504198108194282,
    0.45105749814007867,
    0.44967584227866936,
    0.4469125305558508,
    0.44882559251780213,
    0.44935699861834416,
    0.44956956105856094,
    0.4470188117759592,
    0.4470188117759592,
    0.4491444361781273,
    0.4486130300775853,
    0.44925071739823574
  ]
}