{
  "epoch": [
    1,
    2000,
    4000,
    6000,
    8000,
    10000,
    12000,
    14000,
    16000,
    18000,
    20000,
    22000,
    24000,
    26000,
    28000,
    30000,
    32000,
    34000,
    36000,
    38000,
    40000,
    42000,
    44000,
    46000,
    48000,
    50000,
    52000,
    54000,
    56000,
    58000,
    60000,
    62000,
    64000,
    66000,
    68000,
    70000,
    72000,
    74000,
    76000,
    78000,
    80000,
    82000,
    84000,
    86000,
    88000,
    90000,
    92000,
    94000,
    96000,
    98000,
    100000,
    102000,
    104000,
    106000,
    108000,
    110000,
    112000,
    114000,
    116000,
    118000,
    120000,
    122000,
    124000,
    126000,
    128000,
    130000,
    132000,
    134000,
    136000,
    138000,
    140000,
    142000,
    144000,
    146000,
    148000,
    150000,
    152000,
    154000,
    156000,
    158000,
    160000,
    162000,
    164000,
    166000,
    168000,
    170000,
    172000,
    174000,
    176000,
    178000,
    180000,
    182000,
    184000,
    186000,
    188000,
    190000,
    192000,
    194000,
    196000,
    198000,
    200000
  ],
  "loss": [
    4.5753326416015625,
    0.237558530172936,
    0.026762874671677126,
    0.02616810934660025,
    0.025819012239295988,
    0.0255756939859828,
    0.02546617624766659,
    0.02540477892232593,
    0.025364899016590788,
    0.025351844313531182,
    0.025346362299029715,
    0.02536330603584647,
    0.025359317766176538,
    0.025343805867270565,
    0.025338181268563496,
    0.02536635954189114,
    0.025354626251000444,
    0.025336327482841443,
    0.02533915505455807,
    0.02533335467124125,
    0.02533981272059027,
    0.02531743202561047,
    0.02533719814242795,
    0.025333264274522663,
    0.025322348019306083,
    0.025328099406394175,
    0.02532083813245408,
    0.025325660605053417,
    0.025321451634098775,
    0.025329847326152958,
    0.025322897131694482,
    0.02532534643325489,
    0.025305386998201722,
    0.02531174800621811,
    0.025314403688837774,
    0.025327408691635356,
    0.02531541169283446,
    0.02532122254371643,
    0.02532302820472978,
    0.025308737341617232,
    0.025309201794792898,
    0.025316988148377278,
    0.025309163814154455,
    0.025309370211302303,
    0.025308255070261656,
    0.02530500645742286,
    0.0253166423344519,
    0.025308641244028696,
    0.025307344035361893,
    0.025301486172480507,
    0.02530253773625009,
    0.02530285276006907,
    0.02530592590846354,
    0.02531697984393686,
    0.025313762631290593,
    0.025313384466967546,
    0.025297446391626725,
    0.025302357778907752,
    0.025294836859893984,
    0.02530672739651054,
    0.025310090245085303,
    0.0253145618687151,
    0.02532057634261437,
    0.025312461487180554,
    0.02532943806654075,
    0.02532642477990594,
    0.025326106381765568,
    0.025311318865744396,
    0.025321405399072683,
    0.025317421434947755,
    0.025321384734474123,
    0.025321774760796688,
    0.025330706003634258,
    0.0253313101091655,
    0.025327277884678916,
    0.02534332015970722,
    0.025341286249505355,
    0.025336105575342664,
    0.025328757525468246,
    0.025337657465715892,
    0.025335711824987082,
    0.025323449525726027,
    0.025331428479170425,
    0.025336263392795808,
    0.025337969128554686,
    0.025357705802936108,
    0.025323963222303427,
    0.02532701219257433,
    0.02533602118070703,
    0.025337977862451226,
    0.025335640050005166,
    0.025327483866456897,
    0.025333866756665522,
    0.025334183103370014,
    0.025336872028082144,
    0.025338523545488715,
    0.02532833598437719,
    0.025359003424015827,
    0.025356255576037802,
    0.025340930733061394,
    0.025334655955038032
  ],
  "train_acc": [
    0.0172,
    0.9832,
    0.9832,
    0.9832,
    0.9832,
    0.9832,
    0.9832,
    0.9832,
    0.9832,
    0.9832,
    0.9832,
    0.9832,
    0.9832,
    0.9832,
    0.9832,
    0.9832,
    0.9832,
    0.9832,
    0.9832,
    0.9832,
    0.9832,
    0.9832,
    0.9832,
    0.9832,
    0.9832,
    0.9832,
    0.9832,
    0.9832,
    0.9832,
    0.9832,
    0.9832,
    0.9832,
    0.9832,
    0.9832,
    0.9832,
    0.9832,
    0.9832,
    0.9832,
    0.9832,
    0.9832,
    0.9832,
    0.9832,
    0.9832,
    0.9832,
    0.9832,
    0.9832,
    0.9832,
    0.9832,
    0.9832,
    0.9832,
    0.9832,
    0.9832,
    0.9832,
    0.9832,
    0.9832,
    0.9832,
    0.9832,
    0.9832,
    0.9832,
    0.9832,
    0.9832,
    0.9832,
    0.9832,
    0.9832,
    0.9832,
    0.9832,
    0.9832,
    0.9832,
    0.9832,
    0.9832,
    0.9832,
    0.9832,
    0.9832,
    0.9832,
    0.9832,
    0.9832,
    0.9832,
    0.9832,
    0.9832,
    0.9832,
    0.9832,
    0.9832,
    0.9832,
    0.9832,
    0.9832,
    0.9832,
    0.9832,
    0.9832,
    0.9832,
    0.9832,
    0.9832,
    0.9832,
    0.9832,
    0.9832,
    0.9832,
    0.9832,
    0.9832,
    0.9832,
    0.9832,
    0.9832,
    0.9832
  ],
  "test_acc": [
    0.011265809331491126,
    0.40004251248804334,
    0.400467637368477,
    0.4003613561483686,
    0.4005739185885854,
    0.40142416834945266,
    0.4006801998086938,
    0.4007864810288022,
    0.4006801998086938,
    0.40089276224891063,
    0.4002550749282602,
    0.40131788712934424,
    0.40014879370815176,
    0.40131788712934424,
    0.40131788712934424,
    0.4015304495695611,
    0.4015304495695611,
    0.4018492932298863,
    0.4018492932298863,
    0.4028058242108619,
    0.40301838665107875,
    0.4032309490912956,
    0.4028058242108619,
    0.40291210543097034,
    0.4032309490912956,
    0.4020618556701031,
    0.40344351153151237,
    0.4032309490912956,
    0.40301838665107875,
    0.40312466787118717,
    0.4032309490912956,
    0.40312466787118717,
    0.40344351153151237,
    0.40291210543097034,
    0.4040811988521628,
    0.4039749176320544,
    0.4035497927516208,
    0.4048251673929217,
    0.40450632373259643,
    0.4055691359336805,
    0.4053565734934637,
    0.40344351153151237,
    0.4053565734934637,
    0.40440004251248807,
    0.4053565734934637,
    0.40440004251248807,
    0.4048251673929217,
    0.4051440110532469,
    0.40758847911574025,
    0.40546285471357213,
    0.40546285471357213,
    0.4061005420342226,
    0.4081198852162823,
    0.4070570730151982,
    0.40769476033584867,
    0.4073759166755234,
    0.40716335423530664,
    0.4083324476564991,
    0.40758847911574025,
    0.40886385375704115,
    0.40918269741736635,
    0.4102455096184504,
    0.410670634498884,
    0.41045807205866724,
    0.41173344669996814,
    0.41205229036029334,
    0.4115208842597513,
    0.41120204059942606,
    0.4127962589010522,
    0.41237113402061853,
    0.41215857158040176,
    0.4114146030396429,
    0.41237113402061853,
    0.4139653523222447,
    0.4113083218195345,
    0.4126899776809438,
    0.41343394622170265,
    0.41577213306408756,
    0.41662238282495484,
    0.4188542884472314,
    0.4188542884472314,
    0.41821660112658093,
    0.419810819428207,
    0.4205547879689659,
    0.4224678499309172,
    0.4218301626102668,
    0.4234243809118929,
    0.42491231799341056,
    0.4256562865341694,
    0.42618769263471146,
    0.4286321606972048,
    0.42810075459666275,
    0.43065150387926454,
    0.4308640663194813,
    0.43075778509937296,
    0.4333085343819747,
    0.43426506536295034,
    0.43277712828143267,
    0.4332022531618663,
    0.4354341587841428,
    0.4358592836645765
  ]
}