{
  "epoch": [
    1,
    2000,
    4000,
    6000,
    8000,
    10000,
    12000,
    14000,
    16000,
    18000,
    20000,
    22000,
    24000,
    26000,
    28000,
    30000,
    32000,
    34000,
    36000,
    38000,
    40000,
    42000,
    44000,
    46000,
    48000,
    50000,
    52000,
    54000,
    56000,
    58000,
    60000,
    62000,
    64000,
    66000,
    68000,
    70000,
    72000,
    74000,
    76000,
    78000,
    80000,
    82000,
    84000,
    86000,
    88000,
    90000,
    92000,
    94000,
    96000,
    98000,
    100000,
    102000,
    104000,
    106000,
    108000,
    110000,
    112000,
    114000,
    116000,
    118000,
    120000,
    122000,
    124000,
    126000,
    128000,
    130000,
    132000,
    134000,
    136000,
    138000,
    140000,
    142000,
    144000,
    146000,
    148000,
    150000,
    152000,
    154000,
    156000,
    158000,
    160000,
    162000,
    164000,
    166000,
    168000,
    170000,
    172000,
    174000,
    176000,
    178000,
    180000,
    182000,
    184000,
    186000,
    188000,
    190000,
    192000,
    194000,
    196000,
    198000,
    200000
  ],
  "loss": [
    4.576111268997193,
    0.1995480242143623,
    8.743509784643777e-07,
    2.2209432733646396e-07,
    2.1146193966359307e-07,
    2.106324040049401e-07,
    2.0959085606406803e-07,
    2.1336689133519826e-07,
    0.0001270871258367258,
    4.009041002098001e-06,
    0.00010309488938354221,
    1.9987918101833203e-06,
    0.0002723417763573927,
    2.8069174298885e-06,
    0.0003009919850193022,
    6.452956070837956e-07,
    0.00021807355465872362,
    0.0002629564717002587,
    4.512002942503557e-06,
    0.00023628798103763983,
    0.0002775231658554347,
    5.1464262409808725e-06,
    0.00022252967262569568,
    0.00019208103909572216,
    4.137577514798352e-06,
    0.0001825658335061263,
    0.000216143013230878,
    4.62518344765499e-06,
    0.00021634609585123598,
    9.125696999821571e-05,
    2.575117273842409e-06,
    0.00029713550637731456,
    0.00012809638636664572,
    2.6524423947918763e-06,
    0.00040863464799436,
    0.00018780507951304912,
    3.42245280932616e-06,
    0.0002294231803096338,
    0.0002695472346388243,
    0.00013450870946502035,
    3.984098355826404e-06,
    0.00027632690980685054,
    0.00017721978757466773,
    4.202879389206516e-06,
    0.0002367254254474311,
    0.00021635946687769022,
    4.457685087925256e-06,
    0.0003139459358772761,
    0.0003791401548467178,
    5.082134837827823e-06,
    0.00035360749023114266,
    0.00018615470061318718,
    3.979385827958737e-06,
    0.00030205714912701607,
    0.00011184813630146308,
    2.453691639768607e-06,
    0.00020287446348108275,
    0.00013694949968814002,
    1.1706543128347846e-06,
    0.00037676140441685177,
    0.00018568032176433108,
    0.00022604711986910786,
    4.247864043712468e-06,
    0.00012158087686166326,
    0.00041598281456073496,
    5.116212756863092e-06,
    0.00021092443742204593,
    0.0002908029437691681,
    4.716687782281781e-06,
    0.00017559755407379712,
    0.00022405273784457122,
    3.330607438147837e-06,
    0.00026093057156198186,
    0.00045196714650439136,
    4.065772830794145e-06,
    0.0002520816874061282,
    0.0005474453704404297,
    5.069122172673701e-06,
    0.0003282957185990412,
    0.00017371596026827306,
    1.5682858592597881e-06,
    0.0004051790107180459,
    0.00019872381996326283,
    2.57289597406114e-06,
    0.00035492239401443726,
    0.0003029261766480616,
    3.19101909872046e-06,
    0.0002070439964825475,
    0.00035477539407850213,
    3.5870096252814676e-06,
    0.000229110499091243,
    0.00046018871879399513,
    3.7326662324900896e-06,
    0.0002675540880664073,
    0.00026910353659154255,
    3.303298309166536e-06,
    0.0002478873495572202,
    0.0002556029600698764,
    0.0002437430253201697,
    4.38136545041985e-06,
    0.00030507378438460506
  ],
  "train_acc": [
    0.0224,
    1.0,
    1.0,
    1.0,
    1.0,
    1.0,
    1.0,
    1.0,
    1.0,
    1.0,
    1.0,
    1.0,
    1.0,
    1.0,
    1.0,
    1.0,
    1.0,
    1.0,
    1.0,
    1.0,
    1.0,
    1.0,
    1.0,
    1.0,
    1.0,
    1.0,
    1.0,
    1.0,
    1.0,
    1.0,
    1.0,
    1.0,
    1.0,
    1.0,
    1.0,
    1.0,
    1.0,
    1.0,
    1.0,
    1.0,
    1.0,
    1.0,
    1.0,
    1.0,
    1.0,
    1.0,
    1.0,
    1.0,
    1.0,
    1.0,
    1.0,
    1.0,
    1.0,
    1.0,
    1.0,
    1.0,
    1.0,
    1.0,
    1.0,
    1.0,
    1.0,
    1.0,
    1.0,
    1.0,
    1.0,
    1.0,
    1.0,
    1.0,
    1.0,
    1.0,
    1.0,
    1.0,
    1.0,
    1.0,
    1.0,
    1.0,
    1.0,
    1.0,
    1.0,
    1.0,
    1.0,
    1.0,
    1.0,
    1.0,
    1.0,
    1.0,
    1.0,
    1.0,
    1.0,
    1.0,
    1.0,
    1.0,
    1.0,
    1.0,
    1.0,
    1.0,
    1.0,
    1.0,
    1.0,
    1.0,
    1.0
  ],
  "test_acc": [
    0.012647465192900414,
    0.3990859815070677,
    0.399936231267935,
    0.4015304495695611,
    0.4057816983738973,
    0.4131151025613774,
    0.43065150387926454,
    0.459241152088426,
    0.48804336273780424,
    0.5405462854713572,
    0.5810394303326603,
    0.6213200127537464,
    0.6503347858433415,
    0.6912530555850781,
    0.7211180784355404,
    0.7393984482941864,
    0.7737272823892019,
    0.781592092677224,
    0.8001913061961952,
    0.8185779572749495,
    0.8183653948347327,
    0.8420661069189074,
    0.8535444786906153,
    0.8616218514188543,
    0.8669359124242746,
    0.8807524710383675,
    0.875650972473164,
    0.8927622489106175,
    0.8998830906578807,
    0.9028589648209161,
    0.8999893718779891,
    0.9095546816877458,
    0.9129556807312148,
    0.909342119247529,
    0.9174194919757679,
    0.9202890849186949,
    0.9154001487937081,
    0.9227335529811882,
    0.9231586778616219,
    0.9011584652991816,
    0.9215644595599958,
    0.9248591773833563,
    0.9155064300138166,
    0.924752896163248,
    0.9282601764268253,
    0.9230523966415134,
    0.927622489106175,
    0.9307046444893188,
    0.9179508980763099,
    0.9316611754702944,
    0.9341056435327878,
    0.9354872993941971,
    0.9304920820491019,
    0.9341056435327878,
    0.9351684557338719,
    0.9297481135083431,
    0.9339993623126793,
    0.9351684557338719,
    0.9296418322882347,
    0.9333616749920289,
    0.934955893293655,
    0.9288978637474758,
    0.9337867998724625,
    0.934955893293655,
    0.9335742374322458,
    0.9371877989159315,
    0.9385694547773409,
    0.9394197045382081,
    0.9364438303751728,
    0.9380380486767989,
    0.9404825167392922,
    0.9342119247528962,
    0.9380380486767989,
    0.941226485280051,
    0.9376129237963652,
    0.9404825167392922,
    0.941226485280051,
    0.9391008608778829,
    0.9386757359974492,
    0.9388882984376661,
    0.9366563928153895,
    0.9408013603996174,
    0.9425018599213519,
    0.9382506111170156,
    0.9404825167392922,
    0.9427144223615687,
    0.9387820172175576,
    0.9399511106387501,
    0.9420767350409183,
    0.940163673078967,
    0.9420767350409183,
    0.9446274843235201,
    0.9416516101604846,
    0.9417578913805931,
    0.9438835157827612,
    0.940695079179509,
    0.9427144223615687,
    0.9454777340843873,
    0.927622489106175,
    0.941226485280051,
    0.9451588904240621
  ]
}