{
  "epoch": [
    1,
    2000,
    4000,
    6000,
    8000,
    10000,
    12000,
    14000,
    16000,
    18000,
    20000,
    22000,
    24000,
    26000,
    28000,
    30000,
    32000,
    34000,
    36000,
    38000,
    40000,
    42000,
    44000,
    46000,
    48000,
    50000,
    52000,
    54000,
    56000,
    58000,
    60000,
    62000,
    64000,
    66000,
    68000,
    70000,
    72000,
    74000,
    76000,
    78000,
    80000,
    82000,
    84000,
    86000,
    88000
  ],
  "loss": [
    4.5760680675506595,
    0.23104860301440738,
    0.026931894707283938,
    0.026380967766232787,
    0.026037264570686967,
    0.025848709840211086,
    0.025731382149015554,
    0.025664150547469036,
    0.02563439691043459,
    0.025628019074513578,
    0.025606769516994244,
    0.02560871583025437,
    0.025592942090542057,
    0.02558476826949045,
    0.025585004257108086,
    0.02558319696828257,
    0.025588626691582614,
    0.025593565480038525,
    0.025589352922025136,
    0.025580942522501572,
    0.025581392182642593,
    0.025573160072159953,
    0.025574364390526898,
    0.025581637041433715,
    0.025580884150974453,
    0.025566427137958817,
    0.0009836873398207807,
    1.9028279776165392e-07,
    1.9777070187672053e-07,
    1.9689223137717705e-07,
    1.948684470384876e-07,
    0.0001789357898951053,
    1.3497544048711062e-06,
    0.00021752552772105461,
    0.00012498525602205816,
    3.0308262406073537e-06,
    0.00023443173564403067,
    0.00018579732659400179,
    3.6211166193346854e-06,
    0.00024227225920543704,
    0.00023327964263287554,
    3.90151775193317e-06,
    0.00033296134388653443,
    0.0003279507912078149,
    3.9400949189676735e-06
  ],
  "train_acc": [
    0.022,
    0.9832,
    0.9832,
    0.9832,
    0.9832,
    0.9832,
    0.9832,
    0.9832,
    0.9832,
    0.9832,
    0.9832,
    0.9832,
    0.9832,
    0.9832,
    0.9832,
    0.9832,
    0.9832,
    0.9832,
    0.9832,
    0.9832,
    0.9832,
    0.9832,
    0.9832,
    0.9832,
    0.9832,
    0.9832,
    1.0,
    1.0,
    1.0,
    1.0,
    1.0,
    1.0,
    1.0,
    1.0,
    1.0,
    1.0,
    1.0,
    1.0,
    1.0,
    1.0,
    1.0,
    1.0,
    1.0,
    1.0,
    1.0
  ],
  "test_acc": [
    0.01317887129344245,
    0.3946221702625146,
    0.3949410139228398,
    0.39547242002338184,
    0.3956849824635987,
    0.3957912636837071,
    0.39547242002338184,
    0.3958975449038155,
    0.39504729514294823,
    0.3958975449038155,
    0.39472845148262303,
    0.3953661388032735,
    0.3957912636837071,
    0.3962163885641407,
    0.3957912636837071,
    0.39504729514294823,
    0.39717291954511635,
    0.3969603571048996,
    0.39653523222446596,
    0.3974917632054416,
    0.39759804442555,
    0.39685407588479116,
    0.3974917632054416,
    0.39727920076522477,
    0.39717291954511635,
    0.3978106068657668,
    0.41407163354235305,
    0.419810819428207,
    0.43894143904772026,
    0.4907003932405144,
    0.5754065256669146,
    0.6426825379955362,
    0.7401424168349453,
    0.804336273780423,
    0.840897013497715,
    0.8786268466361994,
    0.906472526304602,
    0.924752896163248,
    0.938356892337124,
    0.9491975767881815,
    0.9556807312147944,
    0.9600382612392391,
    0.9674779466468275,
    0.969709852269104,
    0.9739611010734404
  ],
  "phase": [
    1,
    1,
    1,
    1,
    1,
    1,
    1,
    1,
    1,
    1,
    1,
    1,
    1,
    1,
    1,
    1,
    1,
    1,
    1,
    1,
    1,
    1,
    1,
    1,
    1,
    1,
    2,
    2,
    2,
    2,
    2,
    2,
    2,
    2,
    2,
    2,
    2,
    2,
    2,
    2,
    2,
    2,
    2,
    2,
    2
  ]
}