{
  "epoch": [
    1,
    2000,
    4000,
    6000,
    8000,
    10000,
    12000,
    14000,
    16000,
    18000,
    20000,
    22000,
    24000,
    26000,
    28000,
    30000,
    32000,
    34000,
    36000,
    38000,
    40000,
    42000,
    44000,
    46000,
    48000,
    50000,
    52000,
    54000,
    56000,
    58000,
    60000,
    62000,
    64000,
    66000,
    68000,
    70000,
    72000,
    74000,
    76000,
    78000,
    80000,
    82000,
    84000,
    86000,
    88000,
    90000,
    92000,
    94000,
    96000,
    98000,
    100000,
    102000,
    104000
  ],
  "loss": [
    4.5760680675506595,
    0.23104860301440738,
    0.026931894707283938,
    0.026380967766232787,
    0.026037264570686967,
    0.025848709840211086,
    0.025731382149015554,
    0.025664150547469036,
    0.02563439691043459,
    0.025628019074513578,
    0.025606769516994244,
    0.02560871583025437,
    0.025592942090542057,
    0.02558476826949045,
    0.025585004257108086,
    0.02558319696828257,
    0.025588626691582614,
    0.025593565480038525,
    0.025589352922025136,
    0.025580942522501572,
    0.025581392182642593,
    0.025573160072159953,
    0.025574364390526898,
    0.025581637041433715,
    0.025580884150974453,
    0.025566427137958817,
    0.2125053163477305,
    9.956299603658182e-07,
    2.2645365884912393e-07,
    2.1752966925774332e-07,
    2.1668097575044953e-07,
    2.1556137420901678e-07,
    0.00010270482260498426,
    3.080738549832773e-06,
    7.974941819280445e-05,
    0.00016711060699382187,
    4.956229898738229e-06,
    0.00031406142766680814,
    4.108979542041169e-06,
    0.0003470127496485503,
    0.0002752924959327615,
    4.665940271963365e-06,
    0.00035116061489911203,
    0.00042000860277610104,
    5.216220151871909e-06,
    0.0007043819058840377,
    0.000240733874195616,
    4.479082435688753e-06,
    0.00026167455396244036,
    0.00023425818956286477,
    3.7837756639333973e-06,
    0.00021245927467463587,
    0.00041266249442325814
  ],
  "train_acc": [
    0.022,
    0.9832,
    0.9832,
    0.9832,
    0.9832,
    0.9832,
    0.9832,
    0.9832,
    0.9832,
    0.9832,
    0.9832,
    0.9832,
    0.9832,
    0.9832,
    0.9832,
    0.9832,
    0.9832,
    0.9832,
    0.9832,
    0.9832,
    0.9832,
    0.9832,
    0.9832,
    0.9832,
    0.9832,
    0.9832,
    1.0,
    1.0,
    1.0,
    1.0,
    1.0,
    1.0,
    1.0,
    1.0,
    1.0,
    1.0,
    1.0,
    1.0,
    1.0,
    1.0,
    1.0,
    1.0,
    1.0,
    1.0,
    1.0,
    1.0,
    1.0,
    1.0,
    1.0,
    1.0,
    1.0,
    1.0,
    1.0
  ],
  "test_acc": [
    0.01317887129344245,
    0.3946221702625146,
    0.3949410139228398,
    0.39547242002338184,
    0.3956849824635987,
    0.3957912636837071,
    0.39547242002338184,
    0.3958975449038155,
    0.39504729514294823,
    0.3958975449038155,
    0.39472845148262303,
    0.3953661388032735,
    0.3957912636837071,
    0.3962163885641407,
    0.3957912636837071,
    0.39504729514294823,
    0.39717291954511635,
    0.3969603571048996,
    0.39653523222446596,
    0.3974917632054416,
    0.39759804442555,
    0.39685407588479116,
    0.3974917632054416,
    0.39727920076522477,
    0.39717291954511635,
    0.3978106068657668,
    0.4102455096184504,
    0.41045807205866724,
    0.4115208842597513,
    0.4146030396428951,
    0.42363694335210966,
    0.44935699861834416,
    0.4844298012541184,
    0.5712615580826867,
    0.6388564140716335,
    0.6662769688596025,
    0.7689446274843236,
    0.7995536188755447,
    0.8403656073971729,
    0.868848974386226,
    0.8786268466361994,
    0.9019024338399405,
    0.9145498990328409,
    0.9213518971197789,
    0.9318737379105112,
    0.9365501115952811,
    0.9324051440110532,
    0.9466468275055797,
    0.9507917950898076,
    0.9514294824104581,
    0.9548304814539271,
    0.9597194175789138,
    0.9628015729620576
  ],
  "phase": [
    1,
    1,
    1,
    1,
    1,
    1,
    1,
    1,
    1,
    1,
    1,
    1,
    1,
    1,
    1,
    1,
    1,
    1,
    1,
    1,
    1,
    1,
    1,
    1,
    1,
    1,
    2,
    2,
    2,
    2,
    2,
    2,
    2,
    2,
    2,
    2,
    2,
    2,
    2,
    2,
    2,
    2,
    2,
    2,
    2,
    2,
    2,
    2,
    2,
    2,
    2,
    2,
    2
  ]
}